event_id,match_id,period,minute,team_id,player_id,position_name,outcome_name,is_complete,loc_x,loc_y
68949db8-154f-4829-918e-506a94934443,3857276,1,6,788,46258,Right Center Midfield,Complete,1,74.7,33.3
0d95d8ea-9e76-438a-988c-ad7d49ec979f,3857276,1,11,1833,24024,Left Midfield,Incomplete,0,74.9,1.2
d0c7ee36-acd9-49f0-bfa0-87a34aa1a417,3857276,1,13,788,3625,Left Wing,Incomplete,0,94.8,12.2
2daa3156-059b-4e9e-8eff-83473373f329,3857276,1,14,1833,16459,Center Forward,Complete,1,84.9,70.9
fe454eb5-714a-413d-bc65-b299122e0fea,3857276,1,15,788,5237,Right Wing,Complete,1,99.7,60.3
3e791e60-334e-4059-8bc0-110a7b60f6a1,3857276,1,18,1833,16459,Center Forward,Incomplete,0,112.6,60.8
c9355719-6477-4298-8ddf-ca74216e6054,3857276,1,26,1833,24024,Left Midfield,Incomplete,0,57.5,17.2
8b6203fa-1624-4836-a32e-181cc31bad03,3857276,1,26,1833,9922,Right Midfield,Complete,1,81.3,73.9
24392e8d-d4cf-418d-b176-5a1be57dbc48,3857276,1,27,1833,9922,Right Midfield,Complete,1,82.4,74.1
c7752593-e525-4d24-a9b4-0fb29d269f9a,3857276,1,27,1833,9922,Right Midfield,Incomplete,0,90.3,76.1
371bc758-bf00-4772-b74b-720c279c8ceb,3857276,1,37,1833,9922,Right Midfield,Complete,1,97.6,75.2
f64531f0-6456-47e3-893c-172c8d59e8ad,3857276,1,39,788,6301,Center Forward,Incomplete,0,109.9,12.2
471eb583-5478-44c5-b653-dd65ea79ae6b,3857276,1,39,1833,29758,Left Back,Complete,1,105.3,6.4
360c7671-ce76-4146-8803-e32a22cc9f75,3857276,1,42,1833,24024,Left Midfield,Incomplete,0,87.5,76.1
148ea54d-e975-4cf8-8c45-b19f403438f9,3857276,1,48,1833,12365,Center Attacking Midfield,Complete,1,52.2,38.3
88820284-739f-4dc0-95d5-9b83ca3ac86a,3857276,1,48,1833,12365,Center Attacking Midfield,Complete,1,57.4,25.0
0f40e6ff-3ed1-43b3-954e-0e6c0e5208f3,3857276,2,46,1833,24024,Left Midfield,Incomplete,0,80.9,7.0
bf879840-c52f-479a-a88a-e73233b7e66f,3857276,2,47,1833,12365,Center Attacking Midfield,Incomplete,0,74.1,78.0
c580637c-3256-4eb6-a6f4-890af56f5ec8,3857276,2,48,788,46258,Right Center Midfield,Complete,1,59.3,63.7
29146f03-1a48-4c7f-b0e7-372de20ce902,3857276,2,48,1833,23828,Left Center Back,Complete,1,13.5,27.8
2b19e014-80a1-40b1-9616-a4bd1452d87c,3857276,2,49,1833,12365,Center Attacking Midfield,Incomplete,0,102.3,11.1
1a001b6b-c1c0-4e6b-af1b-e2be1791b23c,3857276,2,52,1833,24024,Left Midfield,Incomplete,0,106.8,10.2
8a7339a4-a695-46c8-b31a-1957fe58615a,3857276,2,53,788,6301,Center Forward,Complete,1,48.8,72.4
2b2347a7-2bb2-47d1-a450-b2a48f3848d1,3857276,2,60,1833,24024,Left Back,Incomplete,0,23.4,4.9
47561afc-71de-4005-a68e-3957588c21e9,3857276,2,61,788,5237,Right Wing,Incomplete,0,109.8,75.7
d826455a-1057-41ad-98a0-bf1ff8fa6e80,3857276,2,62,788,5237,Right Wing,Incomplete,0,33.2,28.4
757c5442-43d7-49aa-bfc6-d1c11b4084d0,3857276,2,62,1833,23640,Center Forward,Incomplete,0,104.0,26.3
b83909d1-881a-46b5-ad2a-eb64a574baca,3857276,2,69,1833,24024,Left Back,Complete,1,84.3,22.4
48a0351a-9af6-4caf-b950-5cf5fd70c497,3857276,2,72,788,5237,Right Wing,Complete,1,53.1,54.3
263aec4f-d11f-4c3c-9b8d-652791488b59,3857276,2,73,1833,16120,Right Midfield,Incomplete,0,117.9,73.7
46045975-82fd-449a-a548-3b85a266d89f,3857276,2,77,1833,9036,Left Midfield,Complete,1,70.8,9.2
4b8c84a8-98ed-4680-80bf-968b6ad05778,3857276,2,79,788,15890,Left Wing Back,Incomplete,0,28.3,17.0
c467952c-cb45-4c85-8ea6-cb75d4b74867,3857276,2,80,1833,23640,Right Center Forward,Incomplete,0,80.3,77.8
c040c3d2-5380-4cf9-b16a-1d8c169bb7a4,3857276,2,88,788,23774,Left Wing,Incomplete,0,68.1,25.2
f80b3e72-7769-4529-8470-098b08edbfd4,3857276,2,89,1833,16120,Right Midfield,Complete,1,84.1,77.6
4f45d6fc-d3a7-4c18-aa43-652add2e4da6,3857276,2,89,788,6301,Right Wing,Incomplete,0,79.0,75.4
ffffbc6f-08cb-42c5-a034-e08b245c7d72,3857276,2,89,1833,23640,Right Center Forward,Complete,1,69.1,29.5
26a7bba3-3b80-46f7-a467-f83c59b5b720,3857276,2,90,1833,133229,Right Defensive Midfield,Complete,1,71.3,9.6
32c2db1c-4e9c-4b93-944d-81183e807a8b,3857276,2,93,788,6301,Right Wing,Complete,1,69.4,75.9
8617df51-e02c-441b-825f-c9081a4f733b,3857271,1,6,768,22084,Right Wing,Complete,1,73.0,51.7
2ee3580f-1f23-404e-a428-8d88156608bf,3857271,1,21,797,5239,Right Wing,Incomplete,0,113.9,7.3
acdc430e-85b5-496c-8dfb-e097eaec2451,3857271,1,25,797,5226,Center Forward,Incomplete,0,22.2,29.0
08b5b16f-79be-4bd4-83a8-342165cf0109,3857271,1,26,768,22084,Right Wing,Incomplete,0,89.8,60.3
e021d649-d021-4e8d-9a99-29a248b18e9b,3857271,1,30,797,5226,Center Forward,Incomplete,0,93.8,40.6
11f58773-76c9-4673-810e-657d48ba573a,3857271,1,30,768,3233,Left Wing,Complete,1,101.8,59.9
0acc944b-a489-4b34-aa25-ea716ffc36de,3857271,1,32,797,5720,Left Wing Back,Incomplete,0,101.9,9.8
de709862-2b9d-41b0-bc8b-7b5042714ed3,3857271,1,44,797,5720,Left Wing Back,Incomplete,0,39.6,10.5
c0ee9ec2-ff60-40f4-beeb-096beedf0952,3857271,1,47,768,30714,Right Defensive Midfield,Complete,1,91.4,40.2
10faa6f5-e42c-46fd-8c93-228344e0eccc,3857271,1,58,768,7843,Center Attacking Midfield,Complete,1,76.2,6.6
193cc918-a81c-4aa9-a9bb-1ee053ef6ce6,3857271,2,47,768,10955,Center Forward,Complete,1,87.6,19.1
943b5148-ff45-450e-9685-d4831c28261b,3857271,2,53,768,30714,Right Defensive Midfield,Complete,1,111.6,71.0
9283b783-c590-4cba-b5c5-b47957682025,3857271,2,54,797,5230,Left Attacking Midfield,Incomplete,0,46.7,8.0
d9bc6f64-0a39-4732-a932-f79fc9520540,3857271,2,55,768,3336,Left Center Back,Complete,1,20.9,37.8
960d7ec5-c677-475f-81e0-7699785c1fb2,3857271,2,55,768,3233,Left Wing,Incomplete,0,99.8,29.5
17799773-3553-4134-95e5-19a9c306b4a2,3857271,2,61,768,3233,Left Wing,Complete,1,78.6,38.7
033664ba-e245-448d-a968-13b6225781f8,3857271,2,63,797,124161,Left Attacking Midfield,Incomplete,0,96.3,3.7
87ca613d-4644-44a5-8eff-c9ad436c6003,3857271,2,68,797,23538,Right Wing Back,Complete,1,28.2,67.5
8fdf0101-988d-400b-b3f5-ac3474ca1637,3857271,2,78,768,3318,Right Wing,Incomplete,0,80.2,55.9
432eb601-6b79-49af-b886-9b02708b667b,3857271,2,83,768,3318,Right Wing,Complete,1,107.5,59.1
64698394-f3fe-4d2e-9f14-a93c58be80de,3857271,2,83,797,23538,Right Wing Back,Incomplete,0,10.6,48.3
c570d8d9-336c-45d5-9fb7-b8072a10e7c4,3857271,2,85,768,3318,Right Wing,Complete,1,102.1,51.4
99f9f6d3-fec4-4f1f-b549-5116c696ebf9,3857271,2,86,797,23874,Left Center Midfield,Incomplete,0,99.2,10.0
5f748eef-1935-4c2b-9106-4677cce32ec6,3857271,2,86,797,23874,Left Center Midfield,Incomplete,0,87.9,2.3
733b9bdb-6465-47ce-821d-22aa90d52276,3857271,2,91,768,3943,Left Defensive Midfield,Incomplete,0,58.1,73.9
d2556185-3eb2-4954-9e71-ad416d299c97,3857296,1,0,785,5474,Left Wing,Complete,1,101.4,20.4
0077ec37-be9e-4870-a4d1-fd055ac1ef12,3857296,1,1,785,5463,Right Center Midfield,Incomplete,0,106.2,74.1
fce36d27-d646-431a-b37a-0e2a050c680a,3857296,1,2,785,5474,Left Wing,Complete,1,79.1,43.0
73cffa96-d5a5-488a-814e-f9bdcaa317c5,3857296,1,3,785,5474,Left Wing,Complete,1,50.7,9.4
ff495677-71d3-4b07-b043-0080b06916e1,3857296,1,3,785,5474,Left Wing,Incomplete,0,58.8,10.6
d2457547-fb67-4259-8a24-6aa3abf0430b,3857296,1,5,782,3176,Right Back,Complete,1,23.3,77.2
9f2e2690-d91e-493d-84ed-6ebcf1235fb5,3857296,1,21,782,16559,Center Forward,Complete,1,29.3,41.7
5a15f36a-c84c-4a67-b5fa-bf7bb20b2c42,3857296,1,25,785,5474,Left Wing,Incomplete,0,110.2,8.9
f4e6f2d6-38b0-420d-8f85-a3c64258c41a,3857296,1,31,785,12625,Left Back,Incomplete,0,110.2,7.7
89f10299-4365-46a5-bfbf-c4fcb950fa2d,3857296,1,33,782,5633,Left Wing,Incomplete,0,93.1,2.6
f3a9d193-a542-4c2c-b42e-837d43153d87,3857296,1,36,782,6331,Right Defensive Midfield,Incomplete,0,64.8,23.7
8045a598-a7ec-489a-a605-2523a9dea5ba,3857296,1,47,782,3089,Right Wing,Complete,1,81.4,16.0
b8b0ac20-26c9-4806-9234-1ae9013fb426,3857296,1,48,785,5474,Left Wing,Incomplete,0,81.7,4.7
4f38f682-5182-4aad-af16-c6fd6fa9ba29,3857296,2,45,782,3089,Right Wing,Complete,1,71.3,67.6
8125177a-152e-455f-a2c8-9b6044e6cdd4,3857296,2,55,785,12625,Left Back,Incomplete,0,101.4,10.7
c8d68726-c55e-43ca-848c-b2294145988d,3857296,2,57,785,5474,Left Wing,Incomplete,0,101.9,8.8
b2340bee-1239-4460-842c-35e139d27ecc,3857296,2,59,782,5633,Left Wing,Complete,1,104.9,33.2
b77e9635-1920-4bae-b749-2dcb46eeee64,3857296,2,66,785,33018,Left Center Back,Complete,1,88.7,30.3
f6e0d8e3-f9a8-488e-b97c-23d43205efce,3857296,2,67,782,3289,Center Forward,Complete,1,57.3,47.2
f95b1274-9325-4263-bfe2-4a4d2b93f362,3857296,2,75,782,23650,Left Wing,Complete,1,44.9,13.1
8e6625e5-7e74-4522-b9f8-e28c40716374,3857296,2,75,785,5463,Right Center Midfield,Complete,1,3.1,65.6
997e42ac-810a-45e2-9828-7cd086aaca0a,3857296,2,89,785,5474,Left Wing,Incomplete,0,89.2,8.2
fb6d788c-06f3-4c41-8f35-c450bb3faeca,3857296,2,89,785,12625,Left Back,Complete,1,83.2,11.6
7bee4749-96df-4315-8604-c3c25d9aa540,3857296,2,89,785,12625,Left Back,Incomplete,0,97.6,20.0
b8bc54f9-95c0-4c6e-ae2c-4a22af201f2e,3857296,2,89,782,23650,Left Wing,Complete,1,108.4,25.9
49c98ff5-9692-48a3-a478-25ee6dd5083a,3857296,2,90,782,23650,Left Wing,Incomplete,0,63.3,15.0
31ea419e-7bf8-40f5-ad75-cd94fdfdb388,3857296,2,92,782,3621,Right Wing,Complete,1,43.6,26.1
7cd6c9af-311f-4393-8fa6-4d609566c0e1,3857274,1,0,3565,24085,Left Wing Back,Incomplete,0,91.2,21.4
dae6c9fb-3133-4885-857d-d022ac488980,3857274,1,0,941,21809,Right Center Back,Complete,1,54.1,74.6
203a2126-d2ba-4916-ad62-3a8d27a81e67,3857274,1,1,941,7891,Right Defensive Midfield,Complete,1,64.8,53.2
a5085d31-9bcc-4345-a3e4-f2c63ab0c9b6,3857274,1,2,3565,24085,Left Wing Back,Incomplete,0,47.8,2.9
d86feb4a-5a9f-4562-849b-693f792af991,3857274,1,7,3565,37726,Left Defensive Midfield,Complete,1,59.6,27.3
c3b68131-3db2-4f8b-bdc5-37b8e5478f3d,3857274,1,12,3565,31152,Right Attacking Midfield,Incomplete,0,85.5,76.5
e6584b84-4908-424f-9d76-73b43dd26248,3857274,1,14,3565,28559,Left Attacking Midfield,Complete,1,86.4,7.6
a796845f-1e3b-4aca-b30f-62ac0c86c8d2,3857274,1,14,3565,28559,Left Attacking Midfield,Incomplete,0,109.7,13.8
ea99a233-a2d9-460f-9070-620ef4d98077,3857274,1,18,941,20750,Right Center Forward,Incomplete,0,86.9,77.0
b013473b-9318-4e42-a3c7-6795f36f390b,3857274,1,28,3565,31152,Right Attacking Midfield,Incomplete,0,114.5,79.2
05840a38-1b88-4d27-865b-5766d2ee98e9,3857274,1,29,3565,23830,Right Defensive Midfield,Incomplete,0,27.0,58.1
265d6ee0-9309-41b7-a5cf-e591c4b3756f,3857274,1,35,3565,28559,Left Attacking Midfield,Incomplete,0,93.7,5.7
aab3b1a9-46ee-449e-b39d-4d7954ab21e1,3857274,1,37,941,8259,Left Center Forward,Complete,1,84.8,68.4
f36644d3-916f-43a4-811e-912adb2ad9d2,3857274,1,44,3565,31152,Right Attacking Midfield,Complete,1,91.3,18.5
e9eadbc9-3745-45d0-8b98-28ca35b43ba7,3857274,2,46,3565,24085,Left Wing Back,Incomplete,0,90.6,2.0
e5d75c5d-9e3c-4466-a135-8b0efcc45a95,3857274,2,47,3565,37737,Right Wing Back,Incomplete,0,33.9,69.9
809f8855-3ca1-4d20-af06-ff6ea6bbf591,3857274,2,59,941,8125,Right Wing Back,Incomplete,0,98.7,72.4
ee88bc0b-ea6e-4211-87cc-63ac010554e1,3857274,2,63,941,2988,Left Center Forward,Incomplete,0,91.4,16.7
c2aca0b6-ac70-48f4-a71a-859a8d298a2d,3857274,2,79,3565,24085,Left Wing Back,Incomplete,0,107.4,2.8
7c75603c-28d1-4952-b433-4cce2ce42d06,3857274,2,82,941,2988,Left Center Forward,Incomplete,0,79.7,23.3
655a25f6-7e59-4d65-8937-513f570810e4,3857274,2,83,3565,28559,Center Forward,Incomplete,0,73.0,74.8
6f42ed0e-f066-4d29-9213-a0573af260b7,3857274,2,84,3565,24085,Left Wing Back,Incomplete,0,76.0,11.0
c34ee944-d41c-46bf-96c2-a4af8c317d09,3857274,2,93,941,8118,Left Defensive Midfield,Incomplete,0,10.2,3.4
c8db94d7-225b-4035-b0b8-7f988d821819,3857255,1,1,772,133353,Right Center Midfield,Incomplete,0,75.5,51.4
80ea10da-1cc6-44a9-9eee-3e8f20da4b32,3857255,1,4,772,133353,Right Center Midfield,Incomplete,0,24.3,56.1
1c4462ae-40b3-4fee-94f8-848e488a81d5,3857255,1,10,772,68574,Right Wing,Incomplete,0,77.7,75.5
f1dc3646-6885-42e8-b713-91e4f14be68f,3857255,1,10,772,68574,Right Wing,Complete,1,72.9,77.7
3a3a67a4-5010-4fc5-9799-7e06904b8b81,3857255,1,10,772,16532,Left Wing,Incomplete,0,110.4,7.5
3ce55656-962b-432c-a817-3369cfed6226,3857255,1,12,778,29595,Right Center Back,Incomplete,0,89.6,67.3
5634a174-72bb-490d-84c9-dcf77f8ea0af,3857255,1,27,772,3957,Right Back,Complete,1,23.3,78.2
c684f6da-53b8-4398-8c3f-684747758981,3857255,1,28,778,23527,Right Wing Back,Incomplete,0,39.0,70.9
73c8ac2f-c2f8-4eac-8402-5e3623040c48,3857255,1,33,778,5690,Left Wing Back,Complete,1,55.1,10.7
fa5f875a-032d-408e-a28a-d47e3fb3de11,3857255,1,34,772,68574,Right Wing,Incomplete,0,63.5,74.7
05641d86-d4ef-4f65-bee0-15685b25dc8b,3857255,1,36,772,30486,Left Center Midfield,Incomplete,0,27.8,2.9
68be4ff7-c826-4977-af45-844a849ec085,3857255,1,41,772,16532,Left Wing,Complete,1,115.8,9.2
1559cdf5-8070-4453-8504-6ec033963d80,3857255,2,47,778,8361,Right Wing,Complete,1,98.0,60.5
371e9ab2-de63-454a-8c2f-e5e55c24135d,3857255,2,59,772,133353,Right Center Midfield,Complete,1,92.0,72.7
50fe5e28-ff7f-4c33-b700-b18f144b0556,3857255,2,60,778,37221,Left Defensive Midfield,Incomplete,0,54.7,42.8
be85860a-4216-4e5b-a82b-3f73c63f8f0c,3857255,2,61,772,6748,Right Wing,Incomplete,0,86.7,76.5
989de25c-c496-4811-b47d-99c553bb0e9b,3857255,2,63,772,16532,Left Wing,Complete,1,41.0,6.4
ffab5fd7-d95b-4163-a4b1-97ad9410e46b,3857255,2,63,772,16532,Left Wing,Incomplete,0,56.1,3.6
543b80a0-54b9-45fc-a062-a2ca0bbf38f8,3857255,2,66,772,16532,Left Wing,Incomplete,0,91.0,4.1
c3cc0c77-1dbb-44ce-819a-a8cf8b92aa73,3857255,2,67,778,23527,Right Wing Back,Incomplete,0,39.2,77.2
de90ac97-d4d8-4918-8512-0774dcffcee6,3857255,2,69,772,30756,Left Wing,Incomplete,0,87.2,12.9
2d11c341-ddb4-4d7f-86bd-2cfa014752e0,3857255,2,71,772,16532,Right Center Midfield,Complete,1,58.2,64.3
30dc93e9-a904-41ba-9465-a03db02debce,3857255,2,72,772,16532,Right Center Midfield,Incomplete,0,107.2,57.0
4da2c99f-b3f4-4d39-baaa-09a5e626057c,3857255,2,72,772,6748,Right Wing,Complete,1,110.0,72.5
03c8ecb1-a197-4fba-9160-d793313a8d93,3857272,1,9,768,3336,Left Center Back,Complete,1,113.6,17.0
b50b7fe1-ce3e-46c3-88b2-d9e4bc9c584a,3857272,1,10,768,3336,Left Center Back,Complete,1,116.7,21.0
cc389f61-9bea-49fd-9c63-82b7ca514f67,3857272,1,22,768,3308,Right Back,Complete,1,82.4,72.1
588ec627-7b07-432c-8546-77bd06989c52,3857272,1,24,1839,3377,Right Center Forward,Complete,1,97.7,60.7
152d7e8f-90d5-4b70-b64a-93ab9497851f,3857272,1,39,768,22084,Right Wing,Complete,1,76.0,49.0
48b14dc1-5883-4540-afa2-0e82362785ab,3857272,1,44,768,3382,Left Back,Complete,1,109.8,12.3
7427733c-6671-443e-a583-046f041676b8,3857272,2,45,768,30714,Right Defensive Midfield,Incomplete,0,67.7,67.8
7f4b5f88-897e-4809-a271-fcbcdf4a77e0,3857272,2,50,1839,8246,Left Midfield,Complete,1,34.3,5.7
4161b28e-4434-44f7-b9aa-7d4a5d2a99ab,3857272,2,51,768,10955,Center Forward,Incomplete,0,109.9,77.1
1af187c5-85d2-4acd-8c29-461156346da3,3857272,2,52,1839,3377,Right Center Forward,Complete,1,63.7,59.9
79492b05-0626-45f7-b8e0-00a9b5b456fb,3857272,2,57,1839,8246,Left Midfield,Complete,1,86.5,0.7
508bc5c5-453a-4fc0-8395-a719e002cc44,3857272,2,60,1839,8246,Left Midfield,Incomplete,0,111.1,22.6
1383b07a-c860-477c-a58c-db5a62559304,3857272,2,60,768,10955,Center Forward,Incomplete,0,32.8,77.1
12f0173e-5f32-4a17-b9dd-8f43d4ea0c32,3857272,2,65,1839,8526,Right Midfield,Complete,1,47.8,52.7
43b5229f-2702-4811-8ede-76548ea6f7fc,3857272,2,69,1839,3377,Right Center Forward,Complete,1,32.4,56.5
745b3246-fa5f-4292-91f7-a00bf0f7ad25,3857272,2,74,1839,8246,Left Midfield,Incomplete,0,93.8,42.1
99956ba3-1715-40d5-b6bd-24c729ca84a4,3857272,2,75,768,22084,Right Wing,Incomplete,0,111.0,63.2
fdc72b7d-515f-482f-8c77-22dc7a8aa7b2,3857272,2,79,768,7843,Center Attacking Midfield,Complete,1,87.9,13.1
9995c02e-52ad-4f80-bd51-913802828ebe,3857272,2,79,768,7843,Center Attacking Midfield,Incomplete,0,90.9,19.1
9717e002-7ffc-4258-b910-32599a88ba70,3857272,2,80,768,7843,Center Attacking Midfield,Complete,1,92.3,25.6
8e27de5f-2347-436e-8206-9391963973f0,3857272,2,81,1839,8246,Left Midfield,Complete,1,62.4,5.3
a2f6253b-65f7-4b6c-b3a2-b301c0732b2c,3857272,2,86,768,3318,Right Wing,Complete,1,96.8,33.4
5d73206f-89db-48a0-b0f2-7c1b9ee25047,3857272,2,89,1839,18242,Left Center Back,Complete,1,26.7,17.3
2c5c0526-2e4f-4421-93a5-1a566e766b1f,3857278,1,0,797,5235,Right Back,Complete,1,81.1,76.1
ffc978a9-e202-414c-80bc-9d1ff3e74a0a,3857278,1,1,1839,8246,Left Wing,Incomplete,0,92.7,38.9
ed15bdcb-d161-4d79-b710-d39972fb81e4,3857278,1,3,1839,38792,Right Center Midfield,Complete,1,112.1,72.5
d355639e-223b-4ab3-bf0e-22107cfaedca,3857278,1,11,1839,4614,Left Back,Complete,1,100.4,11.3
000809cd-2b3b-496b-849a-a21fe2e6c5c7,3857278,1,13,797,124167,Right Defensive Midfield,Complete,1,18.9,63.2
7919613e-d33b-4b64-aa16-1e207ad4f378,3857278,1,14,797,5720,Left Back,Complete,1,75.4,1.6
dc1046e9-e245-4ca9-b329-2808dd087e9a,3857278,1,16,1839,38792,Right Center Midfield,Incomplete,0,75.1,42.7
58752d4f-b37a-4269-9216-613cc9324072,3857278,1,17,1839,8526,Left Center Midfield,Incomplete,0,94.8,31.8
1953b4e9-086d-4865-8022-0dafeb066a40,3857278,1,21,797,23874,Right Midfield,Complete,1,31.5,75.7
5f8a63eb-292b-4a1f-9140-f2051b3a3997,3857278,1,21,1839,21881,Right Back,Incomplete,0,63.4,63.5
b27e89e7-de55-420a-8c9e-38f2b23cc210,3857278,1,24,1839,22168,Center Forward,Complete,1,94.2,35.7
e556bb04-fa05-4639-ae7b-b2443a088f00,3857278,1,27,1839,8246,Left Wing,Complete,1,75.8,20.9
d65ae046-2b20-4f79-809c-bfdbfcc29389,3857278,1,29,1839,4614,Left Back,Complete,1,111.9,15.8
af91339e-f3d2-44ae-901b-34ae279358c5,3857278,1,30,797,124167,Right Center Midfield,Incomplete,0,97.8,47.0
a213f677-1244-44ed-8207-7282fa453dde,3857278,1,33,797,23874,Right Midfield,Complete,1,39.2,68.4
ec141633-0863-4dc7-83cb-dab2bd1fa472,3857278,1,43,1839,38792,Right Center Midfield,Incomplete,0,70.8,61.1
6a925aae-3efa-4a3a-9e31-68d61653dbaa,3857278,1,44,1839,12751,Center Defensive Midfield,Complete,1,45.0,34.4
55db1b8b-0997-4f09-8aed-3792321b4db9,3857278,1,48,1839,21881,Right Back,Complete,1,82.6,78.2
76fb2e05-3921-47e1-b6d5-22d21b7101c0,3857278,1,49,1839,38792,Right Center Midfield,Incomplete,0,98.6,21.8
05dffc34-d8e2-4e6e-acee-5dc6d2fc991f,3857278,1,50,1839,4614,Left Back,Incomplete,0,76.8,5.3
6a38eaf5-e724-4109-9782-bfbb12aabb47,3857278,2,45,1839,24243,Left Wing,Incomplete,0,106.9,23.0
16d3026f-4dff-44c4-a27e-8d7eeb565b19,3857278,2,51,1839,38792,Right Center Midfield,Complete,1,43.5,52.0
2e6edae6-5886-4fef-935a-128322187877,3857278,2,53,797,5226,Center Forward,Complete,1,107.7,11.6
156bf2c5-c1d0-4664-ae22-e8733b9e4b36,3857278,2,55,1839,24243,Left Midfield,Complete,1,109.1,17.7
53e3d5e0-d27d-41c3-b822-73e49abbec7b,3857278,2,59,1839,3377,Right Center Forward,Complete,1,30.2,63.9
1866cdd6-6799-4fa7-a481-59fbdf460f81,3857278,2,64,1839,4614,Left Back,Incomplete,0,17.7,19.7
0ec49f36-6de0-4035-baec-58dd0f1e8b2c,3857278,2,65,1839,15971,Right Center Back,Complete,1,27.1,65.7
1b7ece54-e9db-4ef9-a1af-a5f7e95bd911,3857278,2,72,1839,21881,Right Back,Complete,1,75.5,65.2
8cce5e76-f0c4-44ea-9d4d-3c7faf94b36a,3857278,2,73,797,23874,Right Wing,Complete,1,93.3,74.5
fb7f10ca-3ff4-4e9d-8489-ee2d8bef5544,3857278,2,79,797,5235,Right Back,Complete,1,68.6,76.1
6c6cff75-30d8-4852-9d5f-bce92059d593,3857278,2,86,1839,24243,Left Wing,Complete,1,113.3,24.6
a2599541-eee4-4e84-a82e-ece22a5a3187,3857278,2,87,797,326758,Left Back,Complete,1,64.3,16.1
60c69e7b-0a83-4b95-a47e-c96a28d5e722,3857278,2,88,1839,24243,Left Wing,Incomplete,0,43.4,2.6
fed193af-4edd-413a-a4e5-d500afe37659,3857278,2,93,797,5226,Left Center Forward,Incomplete,0,56.6,3.4
52908870-4013-4c58-b842-4c45e6110e7e,3857278,2,95,797,326758,Left Back,Incomplete,0,78.2,9.4
40ad9086-e7ff-4a73-bc13-9b2176fd2ca4,3857277,1,2,785,29163,Right Back,Complete,1,68.9,78.9
f2c75022-2358-4494-ad35-4fbf081ef517,3857277,1,2,785,5460,Center Forward,Complete,1,94.2,78.9
bd84cf9d-e112-40d0-98e4-8c69f44b6288,3857277,1,2,785,5460,Center Forward,Incomplete,0,95.2,75.7
7beb64c0-29ef-4f53-8954-070b7183a53f,3857277,1,12,788,5237,Right Midfield,Complete,1,100.0,49.6
006b1e08-1ba9-429f-bcfa-8d572ce4f7ce,3857277,1,17,788,5245,Right Back,Incomplete,0,69.8,73.1
40e35166-ca7e-4fb6-b479-d31b17688123,3857277,1,18,788,5245,Right Back,Complete,1,95.7,42.9
6e4e9bd6-ebc7-4be1-a132-410f13c1a623,3857277,1,22,785,29163,Right Back,Incomplete,0,86.2,78.5
70689c04-2720-4299-aa44-092ea4386fba,3857277,1,23,788,5245,Right Back,Complete,1,116.6,70.9
262321d4-7d68-4219-9cc6-c06cb691c80f,3857277,1,31,788,5237,Right Midfield,Incomplete,0,62.9,73.3
cf9d0223-d7b8-487e-b20a-b6c673339876,3857277,1,36,785,5469,Center Defensive Midfield,Complete,1,59.9,36.5
da409098-d085-42b4-93e2-875a474d3097,3857277,1,36,788,23774,Left Center Midfield,Complete,1,34.1,6.4
f0fd5fc2-a2ae-4870-811b-d8ff7dfe4b63,3857277,1,39,785,5463,Right Center Midfield,Incomplete,0,22.1,7.7
1798bab4-e34e-41aa-92c0-c2f9d94c373c,3857277,1,44,788,3625,Left Midfield,Incomplete,0,54.2,2.5
23eade01-f9ca-4cf2-88d9-e9b3c8f5d69e,3857277,1,45,785,12625,Left Back,Incomplete,0,49.2,8.5
37dc3342-a458-49cf-88cf-56a1ae59f244,3857277,2,46,785,5456,Left Center Midfield,Complete,1,41.9,22.9
71d8e307-100a-49a1-b44c-c321d8185e57,3857277,2,48,788,3625,Left Midfield,Incomplete,0,72.7,4.9
9954d16c-21e3-463b-bd6e-4d2279bfa18f,3857277,2,49,785,5460,Center Forward,Incomplete,0,44.6,4.8
e8407a16-8235-4e05-94d4-4d328f1e6b13,3857277,2,56,785,5469,Center Defensive Midfield,Incomplete,0,54.5,44.1
e34cbfa7-cb81-4afb-a6ff-2b5a78d41978,3857277,2,56,785,5474,Left Wing,Incomplete,0,96.1,2.2
16dcff87-d2b9-4f2f-90c2-5c85a4b79651,3857277,2,62,788,3625,Left Midfield,Complete,1,73.3,27.1
a52a2532-e812-46bc-bc67-a45169baed8d,3857277,2,65,788,23774,Left Center Midfield,Incomplete,0,69.7,23.4
d95bbc11-2d42-4cdc-83d8-6bcc14a40f42,3857277,2,66,788,46258,Right Center Midfield,Complete,1,35.1,62.3
ddf6add7-c87f-44bd-8701-608b5b70db9d,3857277,2,81,785,12625,Left Back,Complete,1,91.8,9.6
4014f57d-cfe5-4cd9-8652-ae4e9dc2c025,3857277,2,84,788,5237,Right Midfield,Complete,1,74.6,65.9
e2082e3f-a62d-43ee-9e02-1e345c8ac7e8,3857277,2,84,788,149714,Left Midfield,Incomplete,0,110.8,16.4
23250fa1-a3cf-49ca-9054-4b5551b915a8,3857277,2,86,788,31295,Left Back,Complete,1,56.5,6.5
29408f5a-6ad1-41c3-8861-301400e29d6e,3857273,1,5,907,4934,Center Defensive Midfield,Complete,1,44.1,55.8
a9a94fab-13cd-4096-9d9f-8fee6468b226,3857273,1,8,797,23874,Right Midfield,Complete,1,91.4,78.7
597a46cc-2bb4-4b62-bcbc-1b032c498440,3857273,1,8,907,34794,Left Wing Back,Incomplete,0,74.7,2.1
002e32ae-3ed1-43df-9bf3-240e1f69b876,3857273,1,13,797,124167,Left Defensive Midfield,Incomplete,0,31.5,29.9
169665a8-d8b2-449d-9428-8eaf14f8f1c8,3857273,1,14,907,34794,Left Wing Back,Incomplete,0,82.2,2.3
38a602dd-c58a-4052-bfcb-b8a52281dc15,3857273,1,19,907,34794,Left Wing Back,Incomplete,0,17.0,2.5
0e8c7952-81ae-4fec-8be0-4f01c64c517c,3857273,1,23,907,34794,Left Wing Back,Incomplete,0,91.0,1.4
23ca3e4d-387a-4ae5-a7bb-d3678335ed6a,3857273,1,25,907,34794,Left Wing Back,Complete,1,17.2,1.0
2c0c82bc-e661-4099-a291-4402bc4f9ff8,3857273,1,28,797,5235,Right Back,Incomplete,0,46.7,76.1
3858e1a9-b788-4f8c-a1ff-4027762c7193,3857273,1,31,907,3517,Right Center Midfield,Incomplete,0,89.9,76.1
df34eec3-f47f-4b6f-8ee7-4bd2c8ca1836,3857273,1,35,797,124167,Left Defensive Midfield,Complete,1,67.8,57.7
01f264d6-a30d-4e8d-ad65-c2b641d17245,3857273,1,36,907,34794,Left Wing Back,Incomplete,0,116.8,18.3
52710898-30e0-4cda-81a1-46e41b489e92,3857273,1,38,907,4934,Center Defensive Midfield,Complete,1,61.4,35.0
aaf9c580-ee71-49a6-b8ab-ad99e8fb528b,3857273,2,50,907,3517,Right Center Midfield,Incomplete,0,92.9,29.9
1d676d19-6e2d-4b71-942d-808e1436033f,3857273,2,55,797,23874,Right Midfield,Incomplete,0,107.0,66.9
873066ed-cf85-4440-b9c5-d59ca6ac881c,3857273,2,61,907,11252,Left Midfield,Incomplete,0,105.3,9.2
6eea4b84-8a22-474f-8619-46e728775d9f,3857273,2,63,907,29377,Right Midfield,Complete,1,92.4,64.8
a131d32b-6755-40a2-b5c4-942400c396c1,3857273,2,63,797,5230,Left Midfield,Incomplete,0,21.5,15.5
7e3b5334-ced7-4c4a-9e34-f2d390b427fd,3857273,2,63,907,29377,Right Midfield,Incomplete,0,100.1,60.7
93eeb9e8-0f90-4f61-b9a5-064af4bf66d1,3857273,2,65,907,3517,Left Defensive Midfield,Incomplete,0,78.8,77.6
a02c1587-795c-4cbc-923c-b16f5da7b7b8,3857273,2,66,797,5228,Right Center Back,Incomplete,0,11.4,13.8
79f1a344-205b-441a-ad15-b93c251ae5f4,3857273,2,71,907,6399,Right Center Forward,Incomplete,0,32.1,78.7
0f62e780-7e99-4822-abd7-a6d5cf03110e,3857273,2,80,907,6399,Right Center Forward,Complete,1,69.8,26.5
b67949b7-7d87-42dd-b725-b1c67f98f0f0,3857273,2,89,907,3086,Left Back,Complete,1,59.1,20.9
b50c0c87-8b09-4725-89ab-83e0db5bfe92,3857273,2,90,797,124161,Left Midfield,Complete,1,115.1,57.7
cfca8353-9558-4b6d-8a9e-707be343ecdd,3857273,2,92,797,5239,Right Midfield,Complete,1,34.7,55.8
375211be-176e-49a4-8b55-69be554df03a,3857273,2,95,797,5226,Center Forward,Incomplete,0,105.7,75.7
404a554d-fbf6-4d29-a7aa-17b6887fde38,3857275,1,4,777,3196,Center Forward,Incomplete,0,87.0,15.4
3bc16bf9-94d5-41a0-b795-d9335abe1f40,3857275,1,15,777,44955,Left Defensive Midfield,Complete,1,67.5,75.4
5887f2b7-69f5-4ed2-b81c-2343e6a79d71,3857275,1,17,771,22097,Center Forward,Complete,1,87.4,10.5
3cb43ea1-7dae-4271-a932-9e1c967b94da,3857275,1,22,771,7345,Left Wing,Incomplete,0,97.2,4.7
c23d3943-4f7c-4d46-90e1-b698659e7907,3857275,1,32,777,102816,Left Attacking Midfield,Incomplete,0,76.1,5.7
d3789689-6ad3-49d3-a0e9-b4c8e79eac43,3857275,1,35,771,11990,Right Center Midfield,Incomplete,0,65.5,61.9
b577040f-c31e-40fb-bb8a-a6b34ee137fa,3857275,1,40,771,8217,Right Wing,Complete,1,73.3,57.1
88910694-d89c-4aec-983f-f60afd0926fe,3857275,1,43,771,7439,Right Back,Complete,1,71.5,74.2
6a17724a-7697-4724-838b-38827a784ecf,3857275,1,43,771,24778,Left Back,Complete,1,76.9,27.4
38b08f6f-4ce8-4a22-87b8-be6e2de88f97,3857275,2,46,771,22097,Center Forward,Complete,1,38.7,8.4
f08cab65-5604-4ea4-b716-79d0a700ce5e,3857275,2,49,771,24778,Left Back,Incomplete,0,44.8,7.0
ebf6b6eb-677a-450b-bf8f-bb7154c1e059,3857275,2,53,777,105944,Right Wing Back,Complete,1,61.9,65.7
85b6a169-9c7c-4d42-838c-a0987a9a2e17,3857275,2,66,771,3026,Left Center Midfield,Incomplete,0,97.9,3.5
96c8bed5-a436-462c-9d58-93a6ba073c93,3857275,2,67,777,44955,Left Defensive Midfield,Incomplete,0,112.2,22.8
465e0ce6-7419-4743-8abb-e39401eb8abd,3857275,2,71,771,22097,Center Forward,Incomplete,0,104.9,64.2
019adff3-2e68-45d3-ba38-e201b2e52109,3857275,2,71,777,3767,Right Defensive Midfield,Complete,1,54.6,25.9
1a0234ff-667f-4479-9b72-6f65f0b36853,3857275,2,85,771,5477,Right Wing,Incomplete,0,64.3,60.6
779994da-3e7b-43bf-a0ec-55044ce5d3ad,3857275,2,86,771,5477,Right Wing,Incomplete,0,112.5,72.4
845e593f-6fb3-4128-82cc-a48af89b0d91,3857275,2,88,771,3009,Left Wing,Complete,1,109.9,10.0
155c2f2a-7180-4412-bf78-e1277c75d856,3857275,2,88,771,3009,Left Wing,Complete,1,116.3,23.2
4790b13a-b39d-40bd-a514-fffd904a1ed7,3857275,2,92,771,17592,Right Center Back,Complete,1,66.9,52.1
0fe8de69-8b04-4f55-a795-e352cec4a323,3857275,2,102,777,30681,Left Wing Back,Incomplete,0,45.0,10.5
6b2dca7c-3743-46d0-8483-f5aee6f3e00e,3857261,1,5,768,3532,Right Center Midfield,Incomplete,0,67.5,34.8
93ada5b6-14b1-47b0-95c0-ab70b452bd73,3857261,1,7,768,10955,Center Forward,Incomplete,0,87.9,66.0
5bd9a9ea-85f4-4217-92f2-8358da146df9,3857261,1,25,768,3318,Left Wing,Incomplete,0,109.1,8.6
1e72fcc2-af2a-498f-867d-5ceb133dd7a6,3857261,1,30,768,30714,Left Center Midfield,Incomplete,0,89.7,21.9
dbd08473-deca-4995-8d07-0b1a01ffe6d6,3857261,1,37,768,30714,Left Center Midfield,Complete,1,106.5,55.9
35486d19-a170-48a2-a0e7-2f8287ee9ea7,3857261,1,38,907,6399,Right Wing,Incomplete,0,90.0,60.4
27027623-1b60-40c4-aff9-025a8eaf736a,3857261,1,38,768,3318,Left Wing,Complete,1,89.7,18.1
054d9bea-a050-4445-8b0d-fe57d4c767f7,3857261,1,39,768,4354,Right Wing,Complete,1,56.2,44.3
c34988d8-c0d8-4ba3-a803-6ea23d6de8d9,3857261,1,39,768,4354,Right Wing,Complete,1,75.2,43.0
a6fc2ba3-d570-4351-84bc-e9fc959243f3,3857261,1,44,768,30714,Left Center Midfield,Incomplete,0,116.2,24.4
afad221f-b021-43c6-8363-d3ca640f12f4,3857261,1,45,768,3318,Left Wing,Complete,1,56.2,17.8
3d563ca0-2e93-436f-8074-f9379d60b902,3857261,2,45,768,3318,Right Wing,Incomplete,0,33.9,56.4
34910653-6d16-4662-91cc-4f7bb18f4c26,3857261,2,50,907,3086,Left Back,Incomplete,0,22.8,6.0
8e5ea01a-e468-4704-9c5d-13bbbd40afe4,3857261,2,53,768,3318,Right Wing,Incomplete,0,57.6,70.0
ec4f45f3-391f-4587-903c-25ea6c19152a,3857261,2,53,768,3532,Right Center Midfield,Incomplete,0,62.5,71.7
87fcee3d-44a9-45f1-bab3-2c6dbfd51c4e,3857261,2,59,907,3517,Center Attacking Midfield,Incomplete,0,50.6,57.4
228785e4-ba0b-4d67-9464-0c8ab0978918,3857261,2,67,768,3318,Right Wing,Complete,1,112.9,55.4
317feecc-25a6-4da1-8899-2bacd4773a67,3857261,2,74,907,29377,Right Wing,Incomplete,0,81.7,72.5
4587751c-95f9-48e0-ad62-c44ae7b34a36,3857261,2,75,907,29377,Right Wing,Incomplete,0,104.6,75.2
64fc179b-eff2-4bcc-9421-185a880807eb,3857261,2,75,768,30714,Left Center Midfield,Complete,1,27.8,8.3
cabbd2dc-0135-432a-86f4-d6f2fc7c63c9,3857261,2,83,907,4774,Left Back,Complete,1,74.5,6.0
dbf16dca-536a-4a25-bef9-406efd714fb2,3857261,2,84,768,9638,Left Wing,Complete,1,57.3,3.6
e1398b09-4100-4873-be00-45ca4d8ad7b9,3857261,2,85,768,3616,Center Forward,Incomplete,0,69.5,50.4
652cbc16-d6b1-46d8-b369-bc45a4f4352c,3857261,2,93,768,9638,Left Wing,Complete,1,105.1,63.4
84b471b2-6438-4862-836a-1d365b7e90c1,3857290,1,2,773,5545,Center Forward,Incomplete,0,88.3,28.2
b16fd26a-a6c8-4809-813b-3bc1a5b5fd07,3857290,1,7,2722,7426,Right Center Back,Complete,1,15.4,77.3
d18191a8-74f2-41e2-b18e-8869cdd2f757,3857290,1,9,2722,30016,Left Center Midfield,Complete,1,27.7,5.4
6a1872ea-ba7a-4405-986f-01129d0c5b2b,3857290,1,23,2722,4935,Right Wing,Complete,1,102.9,51.7
18ce2e8b-d027-4002-a31e-2756f019c5f9,3857290,1,23,2722,4935,Right Wing,Complete,1,102.6,41.9
1ac8d3fa-10f1-430a-a124-b32ec34cd008,3857290,1,31,2722,4935,Right Wing,Incomplete,0,89.3,78.3
9fea5ca7-c362-4201-8f7e-270b701f0d24,3857290,2,56,2722,3499,Center Forward,Complete,1,116.9,56.7
ba3a6f35-40a6-4c2e-bf7b-4f568aba85d7,3857290,2,77,2722,7472,Left Center Back,Complete,1,57.6,57.5
69909f60-cb17-4f80-8a6b-cf1654ad0fa3,3857290,2,78,2722,3639,Left Wing,Complete,1,56.7,2.0
946e7aa1-0ee0-4e48-b383-63ee88218913,3857290,2,79,773,30401,Left Wing,Complete,1,46.2,4.7
d9febd08-287b-4c6f-a5ea-6e9ff922f629,3857290,2,82,2722,3141,Right Center Midfield,Complete,1,25.6,40.5
cae7a054-9f6c-4ce6-90fd-b07f40a78769,3857290,2,84,2722,3639,Left Wing,Incomplete,0,99.0,1.5
779013e4-1a78-4f66-980b-3981afd67b20,3857290,2,93,2722,11174,Center Forward,Complete,1,86.2,32.4
4fc6ebc7-5be0-46ef-bf24-c20ba795b008,3857298,1,5,780,12041,Left Wing,Complete,1,79.3,0.9
e43de18d-95d9-4bf1-b2ae-870058b0d795,3857298,1,5,780,12041,Left Wing,Complete,1,107.7,19.6
dd2f16d7-64de-42a6-a561-4ea8b10723cf,3857298,1,17,4885,17033,Left Center Midfield,Complete,1,23.1,34.7
379fdb97-deae-4aef-b6d4-162e0b70bbe8,3857298,1,20,4885,2989,Center Back,Complete,1,2.4,15.3
d6ff92cb-92da-4bb2-b347-20615371ee0f,3857298,1,30,4885,45047,Right Wing Back,Complete,1,28.8,75.1
fdc93c0b-ebd1-4179-b772-84070157b7a5,3857298,1,31,4885,17033,Left Center Midfield,Complete,1,50.6,32.6
7dfc3dfc-7a95-4eb5-bb74-0da8aef4e03c,3857298,1,34,4885,17033,Left Center Midfield,Complete,1,35.0,56.7
8722a6a4-8a8d-4636-b668-eda62c0ce33b,3857298,1,43,4885,17033,Left Center Midfield,Complete,1,39.4,50.5
41eb5413-3931-4e92-bde6-12dd846daa69,3857298,1,43,4885,17033,Left Center Midfield,Complete,1,40.4,54.9
aa2993db-67ad-49d6-b857-14dc6204ecd3,3857298,2,50,4885,17033,Left Center Midfield,Complete,1,84.9,20.5
3f070d6f-af4a-4c28-a245-9441d3baea28,3857298,2,50,4885,45047,Right Wing Back,Complete,1,98.7,74.2
8ce46b7c-51d6-447e-b824-1ef6fe76001e,3857298,2,51,780,7005,Right Back,Incomplete,0,99.0,62.1
899a96ac-1887-4dce-b01a-c8b32e67c45a,3857298,2,53,780,13621,Left Center Back,Complete,1,45.8,13.5
0b4b5452-df1f-46b7-bb83-9fcb0d0d88cd,3857298,2,54,4885,17033,Left Center Midfield,Complete,1,38.5,22.1
a44a29ee-8a27-49d0-a24b-8d2e2a3bd676,3857298,2,59,4885,12325,Left Wing Back,Incomplete,0,11.9,3.1
16223a86-ef88-45df-8c81-4aed724a8798,3857298,2,60,780,3193,Right Center Midfield,Incomplete,0,104.4,70.7
d231c2d4-c594-44aa-b40d-2784afe35d3a,3857298,2,66,780,3193,Right Center Midfield,Incomplete,0,44.2,65.4
253450ca-21e8-48a3-9f97-bf532ef051a5,3857298,2,67,780,5207,Center Forward,Incomplete,0,60.4,5.9
d97d1d75-5b7d-42b0-9f23-c7703b0bfdf3,3857298,2,76,4885,3450,Left Center Midfield,Incomplete,0,76.0,65.8
92327a53-995c-4365-b199-327e688b9c6c,3857298,2,81,4885,44225,Right Center Forward,Incomplete,0,88.2,19.9
a29b784b-8fa7-4ede-b97d-b612d088c0a1,3857298,2,82,780,5214,Right Defensive Midfield,Complete,1,40.1,63.7
e313d85b-952d-4690-bf66-56b9f68054d1,3857298,2,83,780,12041,Right Wing,Incomplete,0,92.2,61.5
cbd2de53-f831-4aa1-bd26-c60a276d17fb,3857298,2,95,780,5204,Left Center Midfield,Incomplete,0,93.8,6.2
7520f304-7d0d-4d24-ba5b-fdef4541e30d,3857298,2,96,780,12169,Right Center Midfield,Incomplete,0,108.7,18.9
e7d27088-17fc-484e-aa55-dde8f7d3869e,3857298,2,99,4885,28616,Left Center Midfield,Complete,1,46.4,18.9
2cb5e21f-9adc-4880-890b-4b8c9282d779,3857298,2,99,4885,6393,Center Forward,Complete,1,106.1,35.1
9048ad48-e96f-4172-a9c2-537cb4c86679,3857285,1,2,787,20758,Right Wing,Incomplete,0,108.5,17.3
adf1c871-481f-4510-bf6d-56a05a7534c8,3857285,1,3,941,8125,Right Wing Back,Incomplete,0,100.2,78.0
ccd06092-482a-454b-a6f9-e89bfbf7958e,3857285,1,11,941,3264,Right Center Forward,Complete,1,92.0,62.7
558f3f41-54fe-46a8-87df-f00399bfc881,3857285,1,18,941,8118,Left Defensive Midfield,Complete,1,108.6,29.7
95d5e8da-62e9-4649-89c4-5c049550fd76,3857285,1,18,941,8118,Left Defensive Midfield,Complete,1,106.8,32.0
4f15209c-57c7-47b3-bf27-813dd13d9630,3857285,1,18,941,8118,Left Defensive Midfield,Complete,1,108.7,29.1
5439aff7-09b9-4344-b430-8d32547c23e4,3857285,1,18,941,8118,Left Defensive Midfield,Incomplete,0,108.7,30.9
1d6f2d08-8f0f-4462-b027-b2bbb1ace374,3857285,1,20,941,7745,Right Defensive Midfield,Incomplete,0,53.9,76.0
f4da9d37-d9f0-4240-9d9d-bebf560846ef,3857285,1,23,941,7745,Right Defensive Midfield,Incomplete,0,101.2,74.2
2ab83105-945e-4f5b-a42b-fef0f53ee441,3857285,1,24,787,2941,Left Wing,Complete,1,104.5,18.1
493fc4a2-01a8-4b7a-8e7e-ee9661424d16,3857285,2,47,787,20611,Center Forward,Incomplete,0,97.3,48.4
9645c462-ab54-4c71-be76-abb15d0b901a,3857285,2,48,787,15970,Left Center Back,Complete,1,10.9,1.4
908f678d-df6a-49a3-9782-cb0ea7921732,3857285,2,68,787,3684,Right Center Midfield,Complete,1,54.3,39.3
845dd6c8-b48c-4f9a-a948-24fcaa2e0601,3857285,2,72,941,8125,Right Wing Back,Incomplete,0,96.6,60.6
877bdfb2-65c5-4cf1-819b-0d6fb436c0b0,3857285,2,78,941,2988,Left Center Forward,Incomplete,0,99.4,17.5
aed788eb-8534-405c-91b1-f3700d1e18f2,3857285,2,85,787,2941,Left Wing,Complete,1,95.5,10.0
4d764870-a7aa-4f98-be0a-292856f255c4,3857285,2,87,941,2988,Left Center Forward,Complete,1,77.5,57.4
c14de061-c98a-4efe-aeb9-3882a84f2cb0,3857285,2,87,941,8118,Left Defensive Midfield,Complete,1,78.1,5.7
e4c9e757-1444-46fe-8dfa-3faf368cab5f,3857282,1,18,907,3517,Right Center Midfield,Complete,1,20.6,13.9
4b1e5ac8-d242-49aa-ab7d-32a2af71989e,3857282,1,38,907,11252,Left Center Forward,Incomplete,0,67.4,4.7
13d20c15-8e68-42be-9bb3-7c76df1a74a2,3857282,1,40,1839,8246,Left Wing,Complete,1,108.3,20.5
e2a37d79-641e-42e0-acb7-c739f743e370,3857282,1,41,907,3086,Left Center Back,Complete,1,50.7,27.8
5ebacc29-45d7-4e1f-bb9d-cfa712c59d30,3857282,1,42,907,4934,Center Defensive Midfield,Complete,1,68.7,37.4
583fb46d-2e61-4ce1-a58f-deb3c407df4e,3857282,2,46,1839,12751,Center Defensive Midfield,Complete,1,51.8,44.7
c75eb677-1404-4444-8c82-e397ce6a6dab,3857282,2,46,907,4934,Center Defensive Midfield,Incomplete,0,102.1,74.5
c01b1b54-9c8d-49e1-ba1c-c847053e5839,3857282,2,48,907,3517,Right Center Midfield,Complete,1,111.1,73.6
4630bbb6-f027-4273-928e-7129b682196a,3857282,2,48,907,3517,Right Center Midfield,Complete,1,114.3,67.5
df2ee526-1901-4f61-9f88-7ead0577c295,3857282,2,48,907,3517,Right Center Midfield,Incomplete,0,114.6,67.9
a5507383-2d1e-4210-91d2-e9a5c3c40553,3857282,2,53,907,34794,Left Wing Back,Incomplete,0,98.6,13.2
ff502f8c-b574-499e-a912-26f2bd563fe4,3857282,2,71,1839,24243,Right Center Midfield,Complete,1,56.0,76.5
b24df02a-53b4-484f-9623-2430add2ac36,3857282,2,83,1839,24243,Right Center Midfield,Incomplete,0,87.5,77.0
8895ba1f-11e8-41b2-bff3-2231d63da9f3,3857282,2,84,907,29377,Right Midfield,Incomplete,0,97.5,66.4
5d127c31-ef43-42fc-9920-17fd2076f92d,3857282,2,85,907,3517,Right Defensive Midfield,Incomplete,0,32.6,66.0
bb46c5dd-d249-4edf-9eba-5799cc1214ae,3857282,2,90,1839,24243,Right Center Midfield,Incomplete,0,82.5,59.1
3df1620e-c3fb-4246-99ec-72e0ec4a87e8,3857282,2,96,907,50528,Left Midfield,Incomplete,0,71.9,7.8
ffcfe60d-71bc-48b8-909c-436c38c398ea,3857282,2,96,1839,8246,Left Wing,Incomplete,0,63.4,55.4
604a2105-8121-44b8-8691-1fe0eba8cf34,3857297,1,0,789,5668,Left Center Forward,Incomplete,0,84.5,40.7
99e50ff0-3dc2-4b05-a2f7-b9322023dc28,3857297,1,6,799,5187,Left Wing,Complete,1,54.8,35.9
4dddb4cb-4e9d-45d8-8531-fe74bdad6e1a,3857297,1,10,799,51099,Right Wing,Complete,1,39.5,79.0
73965ce0-a1e4-453e-8221-45c54a0b3564,3857297,1,12,799,5713,Right Defensive Midfield,Complete,1,75.1,51.8
6c63e541-ce11-40a8-b3fa-2c1409f56c10,3857297,1,18,789,5660,Right Midfield,Incomplete,0,107.3,0.5
d7c1eb35-edda-4114-abbd-494981fcd8b6,3857297,1,26,799,51710,Right Back,Complete,1,28.1,58.4
ab9b8550-2c31-4418-96e2-eba733ce4b66,3857297,1,27,799,5187,Left Wing,Incomplete,0,79.6,2.8
7883754f-63dd-47c8-91f8-e289210d81ca,3857297,1,38,789,5668,Center Forward,Complete,1,112.7,41.7
715dab06-fa85-4c2d-b3c1-3e447096fa35,3857297,1,49,799,5191,Left Back,Complete,1,92.2,22.3
18547105-c614-4010-b022-f16366b249d2,3857297,2,59,799,5187,Left Wing,Complete,1,81.4,3.6
f5fa11c6-e89a-499d-9be7-68eccb916250,3857297,2,60,799,51469,Center Forward,Incomplete,0,110.0,52.0
aa29807e-447a-488a-8650-51aa719d1024,3857297,2,62,799,5713,Right Defensive Midfield,Complete,1,20.4,53.2
8c82c96c-9c34-4815-bbc2-034f4ba97c38,3857297,2,65,789,31955,Right Midfield,Incomplete,0,62.3,76.1
38840cfa-1c35-463e-9828-31c3da0b27da,3857297,2,68,799,54144,Center Attacking Midfield,Complete,1,67.7,49.0
4d0065c0-cc8c-4bdc-99a6-e160904711b6,3857297,2,69,799,57620,Right Back,Complete,1,40.3,74.8
1262e4b9-5a78-4fc0-b60c-339274c63191,3857297,2,77,799,51710,Left Back,Complete,1,114.4,14.3
63d11c61-8623-45ee-9d0e-a01d1c6f06f8,3857297,2,81,799,51469,Center Forward,Complete,1,47.6,7.1
ec595a3f-3120-40ae-bd50-c6499ba4805a,3857297,2,81,789,5668,Right Center Forward,Complete,1,103.2,48.8
0a92efd1-bfd6-41ea-955b-e7176dc0f733,3857297,2,87,789,5668,Right Center Forward,Incomplete,0,85.1,78.5
79775cd4-6649-4e21-b10e-c1b5b1d30e32,3857297,2,87,799,51705,Right Wing,Incomplete,0,92.1,54.1
5512f10b-8d55-4c0c-9698-2c9a1f4b04fa,3857297,2,89,789,5668,Right Center Forward,Complete,1,98.1,57.8
470afdc5-d231-4a3f-a20f-2e1c6fabbdb6,3857297,2,93,799,54144,Center Attacking Midfield,Incomplete,0,81.0,31.3
ae574a40-f638-4db5-8385-a44892b71815,3857297,2,95,799,5713,Right Defensive Midfield,Complete,1,95.0,22.4
62725167-1ef9-48ae-aebb-b4568670fdeb,3857294,1,4,3566,124488,Right Center Midfield,Incomplete,0,29.5,70.8
7187757f-d0bc-4163-8359-1f37404bf7eb,3857294,1,6,3566,124488,Right Center Midfield,Complete,1,25.4,70.5
f47b32af-34fd-4624-aede-feb713ada1ce,3857294,1,7,3566,124494,Left Center Back,Incomplete,0,47.1,7.0
2f649ac7-f732-468a-9d4e-2355ed3cef1a,3857294,1,7,3566,124495,Right Center Forward,Incomplete,0,45.5,10.4
30925361-7a51-4c22-b1d2-fbb10d744310,3857294,1,10,941,21809,Right Center Back,Complete,1,79.4,50.2
057fa789-21c1-4379-8b89-e4471ec63e89,3857294,1,11,941,8118,Left Defensive Midfield,Incomplete,0,81.8,22.6
778eaa0d-6778-4676-a765-425555fdec7f,3857294,1,27,3566,124495,Right Center Forward,Complete,1,99.6,71.4
802f23b6-ce8d-4fff-849e-1a75836043e3,3857294,1,28,3566,124899,Right Wing Back,Complete,1,84.6,55.3
6757e274-f95e-47e8-8e8f-7f4c36c5a355,3857294,1,31,3566,124488,Left Center Midfield,Complete,1,32.7,47.0
e3020e95-d54c-4a3b-a030-2ed27b1bd81e,3857294,1,39,941,2988,Left Center Forward,Incomplete,0,90.9,42.1
a3447375-bff0-4aa1-9e84-e4481f185e3b,3857294,2,48,941,8118,Left Defensive Midfield,Complete,1,91.5,29.3
9d21c870-40bc-474f-9f50-bb01f76cca71,3857294,2,54,3566,124514,Right Center Midfield,Complete,1,46.5,64.9
68aeeb20-8d40-4cb4-beef-54d4be616401,3857294,2,56,3566,124488,Left Center Midfield,Incomplete,0,94.6,21.3
1d7f47ab-82aa-4637-a43e-1fd0b36a74e2,3857294,2,57,3566,124488,Left Center Midfield,Incomplete,0,87.7,6.6
ca45e221-698b-44c7-bb78-7258a73eb7eb,3857294,2,69,3566,124494,Left Center Back,Complete,1,11.7,8.9
1643722f-c411-4292-afd8-c6d8082087f3,3857294,2,74,3566,149463,Left Center Midfield,Complete,1,76.4,4.7
181bfb88-a4b1-46b6-9c50-d087a0737f48,3857294,2,83,3566,124900,Left Wing Back,Incomplete,0,49.9,0.8
4b72a15c-722f-45eb-8b1a-6511892a143f,3857294,2,95,941,7745,Center Attacking Midfield,Complete,1,78.3,58.0
55a0b8e0-06d4-429c-b91e-75bda02c9111,3857294,2,95,3566,124492,Center Defensive Midfield,Incomplete,0,21.4,49.5
d992d449-a915-4f25-bfea-b0aff8fca903,3857294,2,95,3566,124492,Center Defensive Midfield,Complete,1,36.0,43.4
564105dd-85ce-4b09-8dae-0de1e1c895a5,3857266,1,1,776,16190,Right Wing Back,Incomplete,0,100.7,75.6
d3348e90-eade-45e4-90a7-dddd1048e03c,3857266,1,3,776,3570,Right Defensive Midfield,Complete,1,37.4,44.4
b37911e3-e210-4246-a604-5c92e4d131c6,3857266,1,5,771,5477,Right Wing,Complete,1,21.0,72.6
4e01dccd-67cd-40dc-b471-5614f08622a8,3857266,1,5,771,5477,Right Wing,Complete,1,42.4,67.8
9c4cb1e4-ada1-4490-a41c-eb660dc8f07f,3857266,1,7,771,6704,Left Back,Complete,1,73.5,4.9
9f84488f-f74d-4cfd-b358-651e14e3874c,3857266,1,7,771,3009,Left Wing,Incomplete,0,90.2,4.8
29c40663-0594-456e-a86b-892536f1a908,3857266,1,14,771,5477,Right Wing,Incomplete,0,106.1,71.1
17927da7-7395-4222-94a9-b58778a81435,3857266,1,17,771,6704,Left Back,Incomplete,0,84.2,25.9
1cc3f06a-129c-4591-8e5f-ede1e192dc68,3857266,1,21,776,27569,Right Wing,Incomplete,0,57.7,76.4
e1fcf1b4-87c3-4561-966f-108d7d9cf622,3857266,1,28,776,27569,Right Wing,Incomplete,0,99.0,69.3
6e3528a5-3d41-4b91-be12-e7373d03439e,3857266,1,29,776,27569,Right Wing,Complete,1,103.1,69.9
2f63b3d5-b723-4dcd-a581-0ee0f4b1e35c,3857266,1,31,776,27569,Right Wing,Incomplete,0,108.1,75.7
69c2eb7d-5e77-4914-afb7-59c3d92b3747,3857266,1,37,776,16190,Right Wing Back,Complete,1,107.1,68.1
f153a2d2-db87-44b2-8bac-9ef5726d1808,3857266,1,47,771,5477,Right Wing,Incomplete,0,75.7,62.0
246a8cfc-08df-4a5b-ba8a-783f04840077,3857266,2,47,771,5477,Right Wing,Complete,1,93.9,70.5
6a6e3e5f-4754-4604-b2d2-2059585a2a9e,3857266,2,49,776,4447,Center Forward,Incomplete,0,114.3,55.1
d4be15b9-1ffd-4ffc-ab2b-617bd77f91a2,3857266,2,51,771,5477,Right Wing,Incomplete,0,74.4,75.5
ee49a2c5-bd0e-4d58-a60e-486bf4c78fdd,3857266,2,52,776,16554,Left Wing Back,Incomplete,0,92.3,6.3
5a76c65e-f700-4374-acd9-8543511f7a24,3857266,2,55,771,5487,Center Attacking Midfield,Complete,1,35.4,11.6
ee398ac9-b0aa-4aed-889f-edbf92554ac8,3857266,2,55,771,3009,Left Wing,Complete,1,61.1,17.2
3504555f-ff7a-4114-9dc8-dc3acb74cb99,3857266,2,58,771,5477,Right Wing,Complete,1,94.2,64.2
8fa9fecd-59dd-4369-bc34-3c6cbd04e271,3857266,2,58,771,3009,Left Wing,Incomplete,0,104.4,47.7
5266be82-1411-4842-b6c2-58859df4470e,3857266,2,59,771,4445,Right Back,Complete,1,14.5,58.3
27517f07-b99c-492d-bc36-a4ff1e3522e0,3857266,2,63,771,3009,Left Wing,Complete,1,57.2,20.7
0ca3af8c-ffb0-46e6-a523-e113c7b0fc14,3857266,2,65,776,27569,Right Wing,Complete,1,90.5,77.9
8aeefaa5-f4e7-40af-aa2e-fd15484d5eaa,3857266,2,66,776,4447,Center Forward,Complete,1,91.0,49.6
fb2653da-0be1-4fa0-a674-8eeb7040a63e,3857266,2,68,771,3009,Left Wing,Incomplete,0,68.1,5.2
972f56f1-843e-49bb-bd05-477b23d5bf51,3857266,2,69,771,5477,Right Wing,Incomplete,0,105.0,54.3
ae83ead7-7bdd-479b-98a3-c20a3f42fdf9,3857266,2,73,776,16190,Right Wing Back,Incomplete,0,94.9,76.0
b5af2c69-6069-4a81-b68c-b8a2e0c24cbb,3857266,2,75,771,3009,Left Wing,Incomplete,0,112.3,24.0
326acfa7-d0d9-4e05-886d-0f1a1b5507fa,3857266,2,78,771,8217,Right Wing,Complete,1,96.4,64.1
2d4f07fd-b08e-418b-9479-fcb83feb969b,3857266,2,85,771,8217,Right Wing,Complete,1,112.5,66.2
6c42dd84-44e2-41ef-95c0-a67115c6c2f2,3857266,2,88,771,3009,Left Wing,Complete,1,74.3,11.0
823fdfb8-8d25-40d6-a0e1-456188920cde,3857266,2,90,771,8217,Right Wing,Complete,1,54.5,52.3
a7d317f1-9ce2-4cac-9c89-de879f9f7a4a,3857266,2,91,776,6302,Left Center Forward,Complete,1,82.4,15.7
d9f994a8-83b4-4c10-ad71-03fef61c0661,3857266,2,91,776,6302,Left Center Forward,Incomplete,0,85.1,15.7
72020070-ea38-4996-b726-98edff2ef60d,3857266,2,91,771,8217,Right Wing,Complete,1,32.5,75.6
21ddf83c-2d04-4c97-a699-3b47882c5757,3857266,2,93,776,24547,Right Wing Back,Complete,1,100.2,72.7
1da934c4-11a1-48ab-8a97-5477b3cb5aa4,3857266,2,94,771,2972,Center Forward,Complete,1,113.7,21.2
eda64ba5-6b73-4c93-97f1-a0461660d5f3,3857266,2,94,771,8217,Right Wing,Complete,1,83.1,73.9
f9ffe541-de28-4e38-802b-2c6d752ccfa8,3857284,1,1,770,39565,Left Wing,Complete,1,57.0,1.9
58d18e55-c8f8-4e77-a4d9-6e8f8ed92544,3857284,1,1,770,8966,Center Forward,Incomplete,0,80.7,7.3
ada84a2e-7fac-4a8d-90dd-bb313329bb0d,3857284,1,1,770,39565,Left Wing,Incomplete,0,76.8,5.7
476314cf-218d-411f-a968-4965a6a79b55,3857284,1,8,770,39565,Left Wing,Incomplete,0,61.3,10.7
2ed05ea9-f6ae-4a20-945e-65e2e5856434,3857284,1,12,770,5579,Right Defensive Midfield,Incomplete,0,87.2,33.3
6831cadd-6c15-403a-a9cb-82c5bce21d2f,3857284,1,16,778,3300,Left Center Back,Complete,1,10.9,4.4
e7cb5004-b402-4402-8175-38623ac07a30,3857284,1,34,778,3530,Right Back,Incomplete,0,102.6,77.5
03e2c7c6-c66f-442c-8c9c-55c3eb604292,3857284,1,35,778,3530,Right Back,Complete,1,72.4,71.3
74dd57c6-ddc2-4dd4-a38b-ed217ea49fa6,3857284,1,42,778,9411,Center Attacking Midfield,Incomplete,0,28.8,3.7
d0ec651a-8f2c-4536-9c4b-d6a6add1d741,3857284,1,43,770,10287,Left Defensive Midfield,Complete,1,87.5,1.9
b6b6e1bd-d808-4db3-8177-3dbd06c739fb,3857284,2,50,778,3300,Center Back,Incomplete,0,27.0,24.1
b3a6ce30-45b0-4f77-aed4-36706490cac5,3857284,2,54,770,12034,Left Back,Incomplete,0,33.3,4.2
d1d499bb-b3fd-4a5b-ba54-e1e03596d67c,3857284,2,65,778,9411,Left Wing,Complete,1,56.4,21.2
d43e12f4-2819-4428-b5aa-4bc4bf925779,3857284,2,69,778,23527,Right Wing,Incomplete,0,81.1,76.1
0a03bce2-9120-4ae9-8f23-9d2e437fe93a,3857284,2,69,770,8804,Right Wing,Complete,1,108.5,55.8
0e9bcc6a-a795-4037-b283-a670b47b1ca9,3857284,2,71,778,23721,Right Defensive Midfield,Complete,1,32.8,73.9
112a8764-8b7f-4b34-97a8-0e4d001f0eeb,3857284,2,71,778,23721,Right Defensive Midfield,Incomplete,0,38.1,68.2
fd62d61f-d358-4f40-99f0-eb3ec693c0ec,3857284,2,71,770,24118,Left Center Back,Incomplete,0,75.1,18.8
686a6601-6095-4b5b-bc34-88f6e75024be,3857284,2,74,770,5579,Right Defensive Midfield,Incomplete,0,50.0,12.4
faefbb0f-cf95-4520-8225-14a752d89b6f,3857284,2,76,770,12034,Left Back,Complete,1,62.7,7.0
52a5200b-4a4c-4ae1-96c8-249e583555bf,3857284,2,78,778,8361,Right Wing,Incomplete,0,61.9,62.8
ea758680-ed0d-4c05-8a69-c5e908ca5eb5,3857284,2,81,770,8227,Center Attacking Midfield,Incomplete,0,99.9,5.3
7e498c2c-d230-4d09-98ae-1519900a5c69,3857284,2,85,770,8227,Center Attacking Midfield,Complete,1,105.3,37.2
7d5cf219-8764-41f1-8f98-4a5e2a04f8dc,3857284,2,98,770,24118,Left Center Back,Incomplete,0,98.2,72.5
5622cac8-76ad-467e-a9b3-398faab5140a,3857254,1,4,777,5655,Right Center Back,Incomplete,0,97.4,63.1
c5012411-08c9-4a31-bce9-fb65c4113dbd,3857254,1,15,776,3043,Left Center Midfield,Incomplete,0,74.2,6.2
7851654a-f353-4b46-b8b7-3416febd3f4c,3857254,1,15,776,3043,Left Center Midfield,Incomplete,0,81.4,3.7
66921bfe-75c2-48f2-88c3-3f6fc62d9030,3857254,1,16,777,44955,Left Defensive Midfield,Complete,1,74.5,10.5
2d053910-42a7-4d9c-bcc3-82d3a781f50b,3857254,1,17,777,9236,Right Wing Back,Incomplete,0,43.1,76.4
ac3f7d09-027e-4064-8b94-a071a1c7399b,3857254,1,20,776,3043,Left Center Midfield,Complete,1,107.0,72.1
2cb720f6-18b6-4486-866f-606152bb4889,3857254,1,20,777,16352,Center Forward,Incomplete,0,37.1,18.7
49d9d709-991b-4327-9b2a-0700178f32cd,3857254,1,31,777,23910,Left Wing,Complete,1,55.9,41.2
e7c20cb1-e146-4b0e-b1dd-43db2c7de188,3857254,1,31,777,9236,Right Wing Back,Incomplete,0,108.3,57.1
f8a8034f-bc62-4dc3-be65-325c1c7416be,3857254,1,35,776,16554,Left Wing Back,Incomplete,0,114.8,20.3
16063c34-1f70-4324-b790-2449424fc1c1,3857254,1,43,777,44955,Left Defensive Midfield,Incomplete,0,63.1,41.0
814fc6ee-f567-498c-9325-86aa8546ccd3,3857254,2,45,777,23910,Left Wing,Complete,1,63.7,38.1
08657c46-8b4c-4799-9b87-99632939a750,3857254,2,48,776,16554,Left Wing Back,Incomplete,0,106.7,6.7
7cb669a3-771e-4ca0-8072-9a1877989542,3857254,2,48,776,16190,Right Wing Back,Incomplete,0,99.5,66.6
ed1fd386-2b0d-4fa0-adfa-9ca5c2978953,3857254,2,48,776,6302,Left Center Forward,Incomplete,0,94.9,60.0
934a38a4-cef2-499e-b531-03a8c3a16552,3857254,2,48,776,3570,Right Center Midfield,Incomplete,0,69.8,57.2
0047fe78-8408-4c14-a406-d8598117e564,3857254,2,52,777,35592,Right Wing,Complete,1,94.8,3.4
4826ca17-182e-4d42-bcc3-3680fd97aed2,3857254,2,56,776,3043,Right Defensive Midfield,Incomplete,0,73.8,46.4
62f03415-dc18-42ba-9852-2fe735eef3e7,3857254,2,69,777,3767,Right Defensive Midfield,Complete,1,9.0,19.8
93ad3ae9-a306-4ce1-9707-e2130bab7948,3857254,2,69,777,23910,Left Wing,Complete,1,65.5,52.1
9a359e15-0147-4b17-9541-ce45840c5101,3857254,2,70,777,30681,Left Wing Back,Incomplete,0,107.0,21.4
f5485503-23ea-40bc-a576-454303723af9,3857254,2,70,776,8247,Right Center Back,Incomplete,0,4.6,57.2
d061b9be-481a-4ec0-8aa3-f8f56a4fc385,3857254,2,72,777,16352,Center Forward,Complete,1,75.6,65.0
2ebf3236-16d0-4e37-aa30-22c5deb166c0,3857254,2,86,777,3557,Left Wing,Complete,1,91.8,2.6
b2a1b8ba-bcaf-4f0b-8e4f-618d89c81597,3857254,2,86,777,30681,Left Wing Back,Complete,1,92.0,14.9
b9310c94-e316-4c52-a8ad-1b38ef00bde7,3857254,2,87,776,16554,Left Back,Incomplete,0,99.6,5.3
6256aedb-1907-404d-846c-74be64333ed8,3857254,2,88,776,27569,Right Wing,Incomplete,0,70.3,76.5
33e95441-f1d9-4ba5-9100-bd699b903444,3857254,2,88,777,3557,Left Wing,Complete,1,91.8,4.5
a428e99a-b546-4dbb-8393-e9e47b61810f,3857254,2,91,776,5732,Center Forward,Complete,1,93.9,37.5
815e9be1-0649-4f38-bf31-156b3d256b2e,3857254,2,95,776,3043,Center Attacking Midfield,Incomplete,0,66.8,50.0
15548797-1f02-497c-b09f-51c652f689f4,3857265,1,4,794,28825,Left Center Midfield,Complete,1,68.7,1.5
514ffd1d-4bc3-4094-8cf5-9f577a0419e0,3857265,1,13,789,4664,Left Center Midfield,Complete,1,53.6,36.8
abe3ea1e-f58d-433b-b9f0-34a6422273cd,3857265,1,24,794,26406,Right Back,Complete,1,80.4,77.2
1a8dbd0f-2a01-46b1-892a-f0994bf12e69,3857265,1,24,794,26406,Right Back,Incomplete,0,83.8,74.7
59add637-b800-424b-9f20-933e7c9d9bf1,3857265,1,31,789,4734,Right Back,Incomplete,0,76.8,65.2
efaf13b5-4b0a-4f61-9666-95fe9ddebc7a,3857265,1,40,794,26301,Left Wing,Complete,1,49.2,12.8
d31f7418-5279-4238-9ea0-839efed8a216,3857265,2,50,789,11737,Left Defensive Midfield,Incomplete,0,17.5,9.5
7308db17-3553-4c28-ad3c-ee5f1a7b7eca,3857265,2,51,794,5571,Right Wing,Complete,1,98.6,12.2
709a5859-07bd-468e-b2e7-0b622af3774f,3857265,2,52,789,5660,Center Attacking Midfield,Complete,1,67.3,29.7
d48f216e-c076-471f-98b9-9f52df09ddbe,3857265,2,57,789,11737,Left Defensive Midfield,Incomplete,0,107.7,44.8
55fefd1a-57dc-484a-bcc8-9d3bb3ed5192,3857265,2,60,789,5673,Left Back,Incomplete,0,68.9,24.5
8cf6c641-bf87-4394-8d03-4a9eccfe617d,3857265,2,64,789,5673,Left Back,Incomplete,0,112.5,2.2
90ca7018-2e1e-413b-b99f-b86689af6a29,3857265,2,66,789,31955,Right Midfield,Complete,1,74.3,67.5
0cb96a91-3947-4637-a049-85e5b1fb2095,3857265,2,76,789,5668,Center Forward,Incomplete,0,39.8,18.4
8647c522-4052-4e51-80d7-ba857c186455,3857265,2,76,789,7979,Left Midfield,Complete,1,50.4,27.0
396e2dd4-f9c5-4180-a36f-53a04e030a22,3857265,2,80,789,5668,Center Forward,Complete,1,81.2,5.1
8e67c397-454e-4467-80a3-ed508fb127a0,3857265,2,82,794,5567,Center Defensive Midfield,Complete,1,68.2,42.5
e31a4d4d-b6d9-4b41-a4b9-1e9b9f53b00a,3857265,2,85,794,28825,Left Center Midfield,Complete,1,94.2,70.6
94cfcaf5-9362-4a9e-9633-3adc2aa16180,3857265,2,86,789,11737,Left Defensive Midfield,Complete,1,31.2,29.0
dc93d5f4-fdaa-4c56-99ee-108f9f74fd0b,3857265,2,93,794,26297,Right Center Midfield,Complete,1,62.9,26.8
0aed2911-4f63-4309-bb6d-d95e6aabd326,3857265,2,94,794,5571,Left Wing,Complete,1,80.3,5.7
50c03e6b-edc6-4931-b04d-fbbe22e96b2c,3857265,2,95,789,5665,Right Center Forward,Complete,1,52.1,17.7
bd75ce4d-163a-429a-9113-a6617a235963,3857265,2,96,789,31955,Right Midfield,Complete,1,25.2,72.0
37e47338-070e-45ec-b36b-b7761c4812fa,3857301,1,3,787,2941,Right Wing,Complete,1,106.8,70.9
4ce59406-39cb-4dde-9d06-5d437f106a74,3857301,1,6,787,4506,Right Defensive Midfield,Complete,1,34.7,57.9
5b314f47-5b19-472e-ae15-4590e0a7a437,3857301,1,7,787,20758,Left Wing,Incomplete,0,80.9,6.1
04eb05e5-85e6-4609-a2d8-080556c5a08b,3857301,1,10,787,2941,Right Wing,Complete,1,86.0,64.3
d3fe6f00-14d7-4225-bb06-6b421f29610b,3857301,1,11,787,4506,Right Defensive Midfield,Complete,1,65.3,49.8
bb43a706-4d78-44d7-a604-6efda54706a9,3857301,1,29,787,2941,Right Wing,Incomplete,0,100.4,55.1
32db14ca-342a-4684-80ef-3fd7139f754b,3857301,1,34,787,20758,Left Wing,Complete,1,76.6,2.9
4b463b26-6066-483f-94e7-3b1b0314796b,3857301,1,34,787,2941,Right Wing,Incomplete,0,106.8,44.6
7f9918b4-1246-40d8-8859-9c013e55990e,3857301,1,36,787,3404,Right Back,Complete,1,47.3,58.1
7f9f8df4-1e98-44c6-a9dc-ddd4e704dfd9,3857301,1,45,3566,40784,Left Center Forward,Complete,1,74.3,28.8
79b7015e-161c-4cec-8596-1d17a6bcc19f,3857301,1,48,787,20758,Left Wing,Incomplete,0,21.5,9.8
90017f59-821f-4caf-8be3-aff724567a3a,3857301,1,50,3566,124493,Center Back,Incomplete,0,53.9,34.4
3609489e-a532-494c-90aa-fa73f789f5d2,3857301,1,51,3566,40784,Left Center Forward,Incomplete,0,90.7,10.2
e3579a59-92df-45ca-a997-5a003a68cd7b,3857301,1,51,787,2941,Right Wing,Complete,1,103.2,74.8
aaf1eb33-5c32-4c2c-bd94-27feb769cb55,3857301,2,47,787,2941,Right Wing,Incomplete,0,115.3,68.6
1d8f3f7e-c7ab-4ca3-b505-8b2080c00d7b,3857301,2,56,3566,124495,Right Center Forward,Complete,1,45.8,62.2
a8b2d586-21dd-45db-8e71-597de6a43465,3857301,2,57,787,20611,Center Attacking Midfield,Complete,1,81.1,4.0
f86e29ad-fea7-4788-a3a1-ea651ffb729e,3857301,2,59,787,4506,Right Defensive Midfield,Incomplete,0,48.6,34.6
01ceae2a-11fc-442d-a4ed-cf1e708f23f3,3857301,2,82,787,80484,Right Wing,Incomplete,0,82.6,77.4
0b7a805c-9153-4aa1-8cab-94da0505c8c5,3857301,2,82,787,80484,Right Wing,Complete,1,83.5,70.5
d1f2944b-a05a-45ce-9948-23d28b7518e1,3857301,2,83,787,80484,Right Wing,Complete,1,86.0,70.5
912c362f-a1f5-4fc2-a9d9-98f2b6a2d128,3857301,2,93,3566,124495,Right Center Forward,Complete,1,80.3,55.1
80edb2a2-1b8a-4606-906e-92899eeec308,3857268,1,3,1833,24024,Right Attacking Midfield,Incomplete,0,102.9,72.4
5fabaf11-b5f6-4f44-a897-9ada45d0626c,3857268,1,5,1833,16120,Right Wing Back,Incomplete,0,30.0,75.9
1e5723e3-a2f5-4356-8493-f5fc89c59c32,3857268,1,11,1833,24024,Right Attacking Midfield,Complete,1,92.7,76.7
6d8844df-4f78-42c1-b480-698eb0a6d7fa,3857268,1,16,782,3621,Left Attacking Midfield,Complete,1,38.2,21.4
b9a362c9-1cb2-400c-97b9-7cf4b8798aa8,3857268,1,21,782,2954,Right Defensive Midfield,Complete,1,43.2,67.2
9d68d9ba-b940-4471-96c1-dac701fb0f14,3857268,1,23,1833,12365,Left Wing Back,Incomplete,0,44.7,17.7
4c5a92a6-375e-4423-b498-759a3f1a6b1b,3857268,1,23,1833,9922,Left Attacking Midfield,Incomplete,0,56.5,14.9
aefffa86-69ee-4c84-8d8d-5c4422688166,3857268,1,29,1833,24024,Right Attacking Midfield,Complete,1,107.6,19.1
35d479f9-da3f-4e19-9696-1f034e98a2be,3857268,1,29,1833,24024,Right Attacking Midfield,Incomplete,0,110.6,21.0
f8a89e44-9c2c-4343-9426-c6d7b807c9fd,3857268,1,40,782,3621,Left Attacking Midfield,Complete,1,83.7,50.3
eaace319-dd2d-44d6-830a-b765394e1fdb,3857268,1,46,1833,11187,Left Defensive Midfield,Complete,1,58.4,44.9
2c6325d2-6951-4f23-b1e9-d5110dfc6ddd,3857268,1,48,1833,16120,Right Wing Back,Incomplete,0,101.5,75.6
7bcccf45-4141-4a35-8f41-7f39ddffbe06,3857268,1,49,1833,12365,Left Wing Back,Complete,1,111.5,65.2
26f16d88-16d7-4b37-ba98-757ccb169877,3857268,1,49,1833,12365,Left Wing Back,Incomplete,0,111.5,63.5
2d846b95-dfc7-46bc-bf08-6ebf3fe7c108,3857268,1,49,782,3089,Right Attacking Midfield,Incomplete,0,91.5,20.2
c88ee2ac-ba0a-4922-b7cf-6d9d3cd716de,3857268,2,47,1833,11187,Left Defensive Midfield,Complete,1,90.3,67.8
98e4bf33-7c53-43a0-927b-f1b5289c5639,3857268,2,55,782,3089,Right Attacking Midfield,Complete,1,5.8,68.1
001c684b-7281-40d4-ab74-63b855305828,3857268,2,55,1833,24024,Right Attacking Midfield,Complete,1,107.6,71.6
8e74392f-3043-401d-9bb8-f4ec02d50897,3857268,2,56,782,6989,Left Wing Back,Incomplete,0,103.1,5.6
1a801e66-8abd-4beb-b29c-ec1dcfcba30e,3857268,2,59,1833,23640,Left Attacking Midfield,Incomplete,0,101.8,25.7
4051ac6c-5324-4f65-a27d-1e65c6815091,3857268,2,60,782,3621,Left Attacking Midfield,Complete,1,51.3,8.5
cdb55bb6-514a-4ec7-a2fb-467d2eb7679c,3857268,2,62,1833,12365,Right Attacking Midfield,Incomplete,0,92.7,54.2
e4de57ea-c5ac-45df-97f3-ca0a08c53aee,3857268,2,64,782,48347,Right Defensive Midfield,Complete,1,100.4,58.1
bce399f1-d0a5-4d87-918e-96377a87b6ea,3857268,2,70,782,3089,Right Attacking Midfield,Complete,1,53.4,9.7
68d2dd6b-56bf-4682-8a23-68c4f3776a86,3857268,2,82,1833,12770,Left Defensive Midfield,Complete,1,92.7,34.8
a76b7e13-7c65-465f-9009-672e84baba21,3857268,2,93,782,16275,Center Forward,Complete,1,92.9,46.6
278d5852-5e7c-44a9-91ae-47b132298769,3857268,2,93,782,16559,Left Attacking Midfield,Incomplete,0,88.2,11.1
2b66040c-60c7-49b8-9176-01aa51ddee4b,3857269,1,10,773,30401,Left Wing,Incomplete,0,93.1,31.5
b7a4fe98-38f9-4a42-8cd4-6d3ecfa4588e,3857269,1,20,773,16026,Center Attacking Midfield,Incomplete,0,89.0,62.1
b917bb3b-060d-402e-aad9-7579238d2d32,3857269,1,21,781,6945,Left Back,Complete,1,80.5,4.1
a22dc771-cc63-4e57-bced-70590255e1af,3857269,1,25,773,6983,Right Defensive Midfield,Incomplete,0,112.1,57.3
68e675dc-ab04-46b8-af40-32d49023dfaf,3857269,1,27,773,5544,Left Back,Incomplete,0,35.7,4.0
39d1b771-81ab-4cf1-93c7-046ff8c468d5,3857269,1,28,781,3280,Center Forward,Incomplete,0,82.8,49.2
6fd87fa8-3841-4094-b1c0-9982be16a29a,3857269,1,35,773,6983,Right Defensive Midfield,Incomplete,0,70.0,63.7
df61133a-02cf-4217-bf05-ad798cc8453d,3857269,1,36,781,18395,Left Midfield,Incomplete,0,100.6,3.9
0b6c121b-1cec-447e-9827-9966cc5df93a,3857269,1,45,773,5545,Center Forward,Incomplete,0,112.1,14.0
d87225a5-1a2b-4183-afbe-673860740c3e,3857269,2,55,773,50436,Right Wing,Complete,1,54.3,49.6
74f1dd03-c382-4d39-8b31-0e434a8ac51e,3857269,2,57,781,25104,Center Attacking Midfield,Incomplete,0,92.7,34.1
065d5083-84ec-4ca7-a132-71c8e1aff08f,3857269,2,68,773,12326,Right Wing,Incomplete,0,79.7,51.8
5329d327-def1-428a-9c9b-510d3be460e2,3857269,2,72,781,25142,Right Defensive Midfield,Complete,1,114.2,65.8
39c7a4f4-0d1e-4b8a-ae57-e2e7cd4bef87,3857269,2,73,781,18395,Left Midfield,Incomplete,0,114.1,13.4
965925be-0946-4fa0-ba44-973f8ae7ded5,3857269,2,76,781,25142,Right Defensive Midfield,Complete,1,44.7,20.8
ae80c4da-35db-414d-be3e-8481db36f607,3857269,2,76,781,25363,Right Midfield,Complete,1,77.0,60.4
903fb249-5883-417c-b985-5df0bf6d1c7c,3857269,2,81,781,25104,Center Attacking Midfield,Incomplete,0,45.8,27.4
641c51b2-1cdf-4957-aaa9-58cfd4b6ba3f,3857269,2,85,781,25363,Right Midfield,Incomplete,0,112.2,60.4
2655aa2e-ca48-4f4d-b64f-75691863fc0e,3857269,2,88,781,25363,Right Midfield,Incomplete,0,90.4,59.1
e5008739-7c66-4f72-8e1a-a5714e77cfc1,3857269,2,94,781,18395,Left Midfield,Complete,1,79.4,5.2
8b619c88-424b-45f4-84fa-db8de4688580,3857269,2,94,781,18395,Left Midfield,Incomplete,0,95.6,8.9
337fef8e-ae2e-44fd-b921-c1a2aef4e1f3,3857269,2,95,773,3913,Right Back,Complete,1,6.6,72.4
f8fb915a-3bb9-4603-84c7-9217d7614134,3869321,1,12,941,20750,Center Attacking Midfield,Incomplete,0,39.8,23.1
f8c94d98-6af4-47c3-905a-4f6571c664be,3869321,1,12,941,8118,Left Defensive Midfield,Complete,1,56.5,25.0
437ad029-08a3-44f4-a813-d13066660261,3869321,1,17,779,29560,Left Center Forward,Incomplete,0,81.4,21.4
f50330f4-bd38-42b9-8c4a-a3feca8e0937,3869321,1,20,941,2988,Left Center Forward,Incomplete,0,115.6,20.6
4ff956a6-d3e6-4719-9de7-5e2e5516d997,3869321,1,21,779,5503,Right Center Forward,Complete,1,90.7,65.3
92b5b0ea-2eb4-43c6-944e-5c6081a925b5,3869321,1,22,941,21809,Right Center Back,Complete,1,21.1,62.2
30e1adfc-b8ea-45b3-a76b-67216b014300,3869321,1,27,779,7797,Right Center Midfield,Complete,1,35.3,67.4
3a849e63-b649-44ad-83f3-5d1f58454e6c,3869321,1,29,779,5503,Right Center Forward,Complete,1,55.1,44.3
1300453d-8b03-41c6-86c4-4ca22150e8ca,3869321,1,33,779,7797,Right Center Midfield,Incomplete,0,75.2,76.6
a419ac2e-fed3-4c1f-9c03-5a4534f54316,3869321,1,42,941,3669,Center Back,Complete,1,43.2,44.2
8f36ed49-a8ea-4fb8-86e8-d5cc7a045349,3869321,1,44,941,2988,Left Center Forward,Incomplete,0,94.2,11.3
3a853c39-661c-4563-bbf6-0e443eb57f24,3869321,1,46,779,29560,Left Center Forward,Incomplete,0,80.3,5.2
bc3d3f56-2865-4eea-95e5-4f0caf4702ea,3869321,1,49,941,2988,Left Center Forward,Incomplete,0,70.5,25.3
acd09b0d-cce1-44c3-a2eb-71db074b1f88,3869321,2,48,941,20750,Right Center Forward,Incomplete,0,99.0,67.7
08519e5c-49dc-4315-9a07-9e5fb4e62881,3869321,2,49,941,8125,Right Wing Back,Incomplete,0,88.4,77.8
631c9204-3df4-4243-845c-ebb4cafd9de3,3869321,2,51,941,2988,Left Center Forward,Incomplete,0,88.4,32.8
796c5dc0-1772-423f-bda5-3c4540f474fe,3869321,2,51,779,27886,Left Center Midfield,Complete,1,37.1,23.0
0dcf519c-540f-4473-af9d-b35ed6d7e34a,3869321,2,54,941,8125,Right Wing Back,Incomplete,0,93.2,79.0
be585386-8f31-4aed-bd46-24c66dedeaf5,3869321,2,56,779,19597,Left Wing Back,Complete,1,40.2,1.5
b58da0ce-092f-441e-8d14-371959c75a75,3869321,2,60,779,5503,Right Center Forward,Complete,1,34.7,54.2
069940e2-8fec-4419-9fec-1a3dd24b2e00,3869321,2,65,941,20750,Left Wing,Complete,1,38.6,4.7
2213d050-679d-4efa-a080-30b4c2568d77,3869321,2,65,941,20750,Left Wing,Incomplete,0,45.6,5.5
c4a50155-eee8-4e36-96d4-7246b68d3c04,3869321,2,80,941,20750,Left Midfield,Complete,1,84.8,9.5
fa17fc5e-83d0-4648-a906-a53fc4eb1b7b,3869321,2,86,941,7745,Right Midfield,Incomplete,0,74.7,78.4
5546917b-8e98-4c34-a0f4-88546bc4377a,3869321,2,86,941,20750,Left Midfield,Incomplete,0,87.0,3.9
4df0bc93-442a-42a2-a462-d06fe9aebb43,3869321,2,94,941,20750,Left Midfield,Incomplete,0,105.7,4.9
fc47f303-5cd7-427a-b538-44ccb208601c,3869321,2,102,779,5503,Right Center Forward,Complete,1,72.5,74.8
dc5b77af-fc56-4f8f-b35b-e633eaeb586f,3869321,3,95,779,38718,Right Center Midfield,Incomplete,0,57.4,67.3
9fe4d03c-3ecb-4a98-a299-e9455a252559,3869321,3,104,779,11456,Left Center Forward,Incomplete,0,84.0,70.1
4512c46a-3947-400d-bee3-e57b2e336315,3869321,3,104,941,8118,Left Defensive Midfield,Complete,1,33.5,24.6
5d3b6c2f-9597-46db-9f43-712ef2859f5b,3869321,4,105,779,5503,Right Center Forward,Complete,1,76.8,66.2
f1e9b960-7b38-4404-b69a-1836c7e38bb1,3869321,4,110,941,21809,Right Center Back,Complete,1,62.6,62.3
0aaddb48-5254-44cd-9ea3-688c788836d7,3869321,4,110,941,21809,Right Center Back,Incomplete,0,70.5,59.5
e9f826ed-dd0b-42a2-8c54-a6a45bf0b213,3869321,4,113,779,38718,Right Center Midfield,Complete,1,106.4,56.0
410d2968-565a-4319-ac28-f1d7fb3f40db,3869321,4,117,779,5503,Center Forward,Complete,1,75.4,56.0
219b633c-e941-4531-adfd-0918701ba46d,3869321,4,118,779,2995,Right Wing,Complete,1,88.9,23.3
df2ab15b-53b4-4cb2-83ac-7af13c41fc5d,3869321,4,118,779,5503,Center Forward,Incomplete,0,89.8,26.7
e3cdbaf6-37a9-4580-ad60-d4e55749177a,3869321,4,118,941,7745,Right Midfield,Complete,1,86.0,69.8
46311543-2a8e-47c3-aff0-a5884fa0f9e4,3869321,4,118,779,11456,Left Wing,Complete,1,93.0,36.5
8d36e8f7-4315-4fea-97b6-7fd4a90ee98d,3857292,1,1,795,5581,Right Wing,Incomplete,0,74.8,70.7
8a4a805e-32d9-4f30-b1c6-264a7b8a4e47,3857292,1,6,770,39565,Center Attacking Midfield,Complete,1,112.3,27.9
f99bb315-e1be-428a-a6c6-98c95a78607c,3857292,1,6,770,39565,Center Attacking Midfield,Complete,1,110.1,36.5
cf725612-1d14-42ec-88f2-54a9081da83a,3857292,1,15,795,108340,Left Wing,Complete,1,49.5,4.3
97f10bb8-9b09-4a49-be86-b1422c043460,3857292,1,15,795,5595,Center Forward,Incomplete,0,102.0,68.3
67590638-4376-489b-b207-312b8554395d,3857292,1,22,770,3053,Right Wing,Incomplete,0,96.8,62.2
27c0703e-d4a6-4855-accb-27f735eb6bda,3857292,1,26,795,108340,Left Wing,Complete,1,48.0,42.3
922cf48b-dc0e-46f8-b231-18c3e04e631c,3857292,1,27,770,39565,Center Attacking Midfield,Complete,1,104.9,21.8
f1aa3911-a43c-405d-81b8-eb4f554638ba,3857292,1,33,795,130185,Right Wing Back,Complete,1,41.8,75.0
3cff0290-a6dd-4a5e-a515-f10ad67c1b5f,3857292,1,34,795,5581,Right Wing,Complete,1,43.1,50.0
7c01daa5-3ed9-4168-8bde-cd01f3bafb9e,3857292,1,43,795,5581,Right Wing,Incomplete,0,110.6,1.0
6fff6e90-7874-4f8a-b32a-91d111ff0dfa,3857292,1,45,795,5581,Right Wing,Complete,1,83.3,53.0
2927ee8e-5544-48f3-b1b6-877ad540c8a2,3857292,2,48,770,39565,Center Attacking Midfield,Complete,1,97.1,25.3
f7586bfd-b73e-4170-b93f-9db76fcea382,3857292,2,48,770,39565,Center Attacking Midfield,Incomplete,0,106.5,23.4
5875dea8-c816-4355-991f-e7ca83c5103c,3857292,2,50,770,39565,Center Attacking Midfield,Incomplete,0,79.0,28.1
348dd359-fbaf-4a22-8ed1-71dfbea8bafa,3857292,2,54,770,39565,Right Defensive Midfield,Complete,1,112.0,15.8
4b80d7b0-9832-4803-bf58-30397d745b8b,3857292,2,54,770,39565,Right Defensive Midfield,Complete,1,109.9,20.3
86f139a3-8524-4b24-a829-02be30bf4a9e,3857292,2,55,795,5581,Center Forward,Incomplete,0,73.1,8.9
1b9b7e68-824c-47f3-9e2a-25626b0d43be,3857292,2,56,795,132756,Right Wing Back,Complete,1,26.2,55.7
ab4f0042-0538-49d8-836a-d16f7ca539f0,3857292,2,60,770,39565,Right Defensive Midfield,Complete,1,72.9,31.3
855c19ff-ff91-4241-8160-c81fa9d06e9b,3857292,2,65,770,39565,Right Defensive Midfield,Complete,1,94.4,16.3
0cfc2494-b70b-473d-a93b-e699a1666dfc,3857292,2,67,770,8400,Right Wing Back,Complete,1,99.1,65.2
ae0dbe59-3e21-46b2-9f3b-6e3b1b5d9021,3857292,2,73,770,39565,Left Center Midfield,Complete,1,97.5,3.3
b9534049-1fb2-448e-9d27-570fff643b24,3857292,2,76,770,39565,Left Center Midfield,Incomplete,0,86.0,52.5
22b41b22-02fa-4261-87d6-e24e80169e2f,3857292,2,76,795,132728,Right Wing,Incomplete,0,76.2,11.3
83593e2e-b512-42ec-b745-a6cb79b76da6,3857292,2,76,795,132728,Right Wing,Incomplete,0,81.3,22.4
8b8f956e-c451-4b42-9552-d8222e1dfa80,3857292,2,79,770,39565,Left Center Midfield,Incomplete,0,83.3,3.1
377fa8da-7e8d-4f24-b213-86a99e7c97b1,3857292,2,79,795,5581,Center Forward,Complete,1,51.2,64.0
0b52df83-dd47-4eda-9bf6-b100c6fcd733,3857292,2,80,770,39565,Left Center Midfield,Complete,1,95.8,27.3
d70e3b0d-a85a-4fdd-9518-ccc496cee3e8,3857292,2,80,770,8400,Right Wing Back,Incomplete,0,110.1,63.4
0ec4f20b-e9b0-46fd-ad6b-40915315a592,3857292,2,82,770,39565,Left Center Midfield,Incomplete,0,106.9,27.0
72dea101-d203-4acd-bf6d-ec9df93334ae,3857292,2,83,770,39565,Left Center Midfield,Complete,1,112.3,19.9
31fdc90b-76ee-4189-840e-a93437a58028,3857292,2,91,770,3053,Left Wing Back,Complete,1,66.2,6.4
ac576f94-1337-4f45-934d-acaa2603cfab,3857292,2,94,770,39565,Left Center Midfield,Complete,1,105.3,6.1
fe1eda49-aebb-448e-bccc-d8b88c09b802,3857292,2,98,770,8227,Right Center Midfield,Incomplete,0,98.7,47.3
6182a544-4beb-4a3f-96db-cd001dc3d070,3857292,2,98,770,8400,Right Wing Back,Incomplete,0,61.8,76.1
0f5714c8-76d1-4dc1-8d02-b51decec0d83,3857292,2,99,770,39565,Left Center Midfield,Complete,1,107.2,44.9
639a2500-8697-4b81-9937-0f8f8573c414,3857295,1,0,778,37122,Left Midfield,Complete,1,109.8,8.6
207c1096-3acd-4be5-9100-14c7aa9d9086,3857295,1,0,778,5690,Left Back,Complete,1,108.2,14.5
ff8c7e0e-d16c-4679-a6c4-fe9b82e031d8,3857295,1,1,778,9411,Left Center Forward,Incomplete,0,104.6,8.0
39ebb798-27d0-4682-bc06-bf7cfa60b3b5,3857295,1,4,795,132296,Center Forward,Complete,1,68.7,5.7
46ddcc8d-84eb-4ff0-8c64-079ae71415db,3857295,1,8,795,5600,Left Center Back,Complete,1,21.8,14.8
4dd1de69-b422-4e66-8703-5e4cd33f15e6,3857295,1,9,778,37122,Left Midfield,Incomplete,0,99.3,3.2
c569511d-9e7c-440c-b7ac-ba13bcc3b135,3857295,1,11,778,29595,Right Center Back,Incomplete,0,47.6,66.3
339853a8-2f28-41f2-8ba6-15d6b88a7f01,3857295,1,11,795,5581,Left Wing,Complete,1,82.0,12.1
4dbabe7a-4fa8-4a7e-8875-4d66400c78cf,3857295,1,17,778,8361,Right Midfield,Complete,1,85.5,32.5
266d3029-08bf-4e29-a3ef-2b1b322855de,3857295,1,18,778,5690,Left Back,Complete,1,69.3,9.9
fe383e6f-c462-451d-a850-e6dfa0cc76fa,3857295,1,20,795,5581,Left Wing,Incomplete,0,57.7,12.9
88464197-0704-4d16-9e17-0992a14226fc,3857295,1,20,795,5600,Left Center Back,Complete,1,25.3,8.6
1bb62e53-635b-40cc-9586-993460daf902,3857295,1,25,778,8361,Right Midfield,Incomplete,0,95.6,68.6
83eb7bce-b3d8-4418-8772-3f69b156ba05,3857295,1,26,795,5582,Right Defensive Midfield,Complete,1,63.5,43.9
013dab1a-8cac-46be-ba87-2e614891a4db,3857295,1,32,795,132497,Right Wing,Complete,1,69.0,25.2
b8b15fd2-8926-4a38-b19d-9806bb8c0f3b,3857295,1,36,778,23721,Right Defensive Midfield,Incomplete,0,92.8,52.4
84b972c7-f686-43b0-9458-00c77046e0d7,3857295,1,38,795,132497,Right Wing,Complete,1,54.3,43.5
1d8b68ba-4ba4-4d80-be8e-119a69b9ee30,3857295,1,42,795,5581,Left Wing,Complete,1,47.3,5.9
fa4e1be1-c7d2-4289-ad69-b6192f60e666,3857295,1,42,795,5581,Left Wing,Complete,1,50.3,11.1
025c7b45-b85f-4c5a-8941-d38639689277,3857295,2,46,795,5582,Right Defensive Midfield,Complete,1,64.1,57.0
1ed45e30-584d-4cc4-819d-44e9f450c0cd,3857295,2,48,778,37221,Left Defensive Midfield,Incomplete,0,98.5,77.9
12617614-ecef-4818-aa42-f2c8b4440c24,3857295,2,51,778,29595,Right Center Back,Incomplete,0,26.5,57.2
cd704c58-2dc1-4061-b711-7b6614c8795c,3857295,2,57,778,8361,Right Wing,Complete,1,93.5,54.6
afa33d66-53cd-488f-ae5e-16a995a817d8,3857295,2,57,778,8361,Right Wing,Complete,1,96.5,50.0
96c3299c-3871-4458-8c5a-bbdb0d4e7f27,3857295,2,57,778,37209,Right Wing Back,Complete,1,105.6,78.1
0894ecba-2c00-4a17-8769-71ad67bfb694,3857295,2,67,778,37221,Left Defensive Midfield,Incomplete,0,91.9,23.3
bc4354ff-ec95-438e-b5d0-7c81f14ada0a,3857295,2,67,795,108340,Right Wing,Incomplete,0,40.3,56.2
93a61a8e-b08b-4796-bc91-3a4a390478d7,3857295,2,69,778,23527,Right Wing,Complete,1,90.9,43.8
fee47aeb-852b-4277-8aea-5c02c5e7cc25,3857295,2,73,778,23527,Right Wing,Complete,1,27.0,77.0
e011921f-b701-4c4e-8205-1eff64a01cb8,3857295,2,76,795,5600,Left Center Back,Complete,1,25.4,21.4
1920a645-8c05-49c0-9aac-cb443f6c3dcc,3857295,2,79,795,5581,Center Forward,Complete,1,74.2,75.7
622a58cb-f677-4eb8-8881-7877a7ddf895,3857295,2,82,795,5581,Center Forward,Incomplete,0,58.5,3.1
778ff7b2-a8c6-43ef-967e-461002231c6b,3857295,2,87,778,37211,Left Wing Back,Complete,1,107.8,9.9
1ab5a98f-f957-453e-9ed7-6c02cfa2b2c4,3857295,2,92,795,5581,Center Forward,Incomplete,0,82.6,28.3
3f187bdd-8612-41ca-a138-38254460f99f,3857295,2,92,778,37211,Left Wing Back,Complete,1,100.1,8.2
13643507-1bd3-46bc-bba0-06beb5e7c5ae,3869685,1,4,779,2995,Left Wing,Incomplete,0,108.9,4.9
8be51cd6-17fe-43ba-b0e6-5126b1821fe4,3869685,1,5,771,6704,Left Back,Complete,1,54.2,15.1
fceb501a-d3f0-41c2-9f15-2fb249ecd102,3869685,1,7,779,27886,Left Center Midfield,Complete,1,73.4,30.1
eec76468-0cec-4dd6-b92f-cf5704f3e126,3869685,1,7,779,2995,Left Wing,Complete,1,110.2,18.1
bee3fdb0-edf5-41fa-8775-6f7d7fea7477,3869685,1,12,771,5477,Right Wing,Incomplete,0,73.4,67.1
3d0b2564-4011-4cb4-8a8c-aad46483de0e,3869685,1,13,779,2995,Left Wing,Complete,1,86.5,17.5
cbf8b3a9-d5b3-43f6-a575-910394502eb0,3869685,1,14,771,5487,Center Attacking Midfield,Incomplete,0,79.8,59.0
3b7bf4fe-3fdd-4ed0-959b-1d4199e6f85b,3869685,1,20,779,2995,Left Wing,Complete,1,115.1,11.7
b67e47c4-9c93-47ae-ac6d-38cc111df95c,3869685,1,24,779,2995,Left Wing,Complete,1,29.2,46.8
04eebbf1-42e5-4b22-abae-8fa1572ed5f5,3869685,1,25,779,2995,Left Wing,Complete,1,46.3,5.5
6d022cf3-41cd-484f-9445-2deb97d7e935,3869685,1,28,779,5503,Right Wing,Incomplete,0,111.9,65.8
a67969b3-bf5a-4fd2-b4be-4f4ca3758cac,3869685,1,30,779,7797,Right Center Midfield,Complete,1,36.9,53.4
44647469-476a-4044-9de2-da48e98b5d70,3869685,1,31,779,7797,Right Center Midfield,Incomplete,0,67.2,71.8
e33c1d27-f948-4f32-b69f-c8137650aa06,3869685,1,35,771,3009,Left Wing,Incomplete,0,113.0,10.4
943deb88-0987-4b8d-b329-2a59c7f8ee35,3869685,1,42,779,2995,Left Wing,Incomplete,0,109.4,16.2
34b78eda-de17-458f-b9f0-36ac0f8d9319,3869685,1,43,771,10481,Right Defensive Midfield,Complete,1,75.1,13.6
3f814ad6-1dfe-4e26-9bb4-cbbc6bab1eb1,3869685,1,43,771,2972,Left Wing,Incomplete,0,80.3,6.8
46aece9a-c4a8-4f41-bfb8-5432d3a19d2b,3869685,1,44,771,10481,Right Defensive Midfield,Complete,1,84.3,59.0
ea3fafed-ffb7-4ae9-a966-4e8d5c25afba,3869685,1,46,771,2972,Left Wing,Complete,1,99.9,7.7
2467566f-7d86-46dc-b5a7-921a06e3c027,3869685,1,48,779,2995,Left Wing,Incomplete,0,54.4,3.8
9ae5e5f1-054c-469f-b585-97f3fed08a7d,3869685,2,46,771,4445,Right Back,Complete,1,51.0,54.5
1a26f355-56eb-48c9-b8c3-672b29751c05,3869685,2,48,771,22097,Right Wing,Incomplete,0,39.6,71.6
03c2af02-3340-459f-8c92-4b4e57266559,3869685,2,48,771,6704,Left Back,Complete,1,31.7,5.9
2a8aab74-c7eb-45cb-951b-e19af371f0a1,3869685,2,49,771,3009,Center Forward,Complete,1,56.7,3.1
225e6541-e9ca-4096-a1e4-e69e17a0b7be,3869685,2,49,771,3009,Center Forward,Complete,1,79.4,11.9
aebf3121-de4e-4b87-a20a-a2d0b8553b75,3869685,2,50,771,3009,Center Forward,Incomplete,0,117.7,62.0
76c7b0cf-cff6-44cf-8f79-8307d312628d,3869685,2,51,779,7797,Right Center Midfield,Incomplete,0,110.2,67.3
1cbb25b0-d48a-4f0b-a294-612b7b822ef2,3869685,2,57,771,3009,Center Forward,Incomplete,0,62.1,10.4
431366cb-ef89-47ee-94d9-7ab1ef256d48,3869685,2,63,771,4445,Right Back,Incomplete,0,111.7,66.0
51a3c222-00ff-4e6a-9559-e5adba95efd2,3869685,2,68,771,2972,Center Forward,Incomplete,0,77.9,57.7
b9430439-5204-4b7b-90c8-4112c5162146,3869685,2,71,779,27886,Left Center Midfield,Complete,1,69.3,12.6
e1502ffe-2694-41e2-b44c-37db1f4f886c,3869685,2,71,771,24778,Left Back,Complete,1,58.0,5.7
5de17c10-c914-4922-96fe-eb7feb42148f,3869685,2,74,771,8217,Right Midfield,Complete,1,48.2,23.2
28cbe266-8383-4c33-a4c7-813447071001,3869685,2,77,779,5503,Right Wing,Incomplete,0,70.4,75.7
ea043c61-d44b-4376-8f03-3c40a930f9fc,3869685,2,83,779,7797,Right Center Midfield,Incomplete,0,79.8,54.5
83f67dd2-1432-493c-9219-dec620ee3e9e,3869685,2,93,771,8217,Right Midfield,Complete,1,115.1,8.9
c75490e9-865f-4160-b4cf-cbe3cd60e17e,3869685,2,93,771,8217,Right Midfield,Complete,1,114.9,15.3
3fc0174d-6640-47c3-a36c-b16e6ca28f6b,3869685,2,95,771,3009,Left Center Forward,Complete,1,113.9,21.5
e81d3118-ae2f-4451-b75c-9311fa5e3cec,3869685,2,98,771,8217,Right Midfield,Complete,1,90.8,75.2
1c5e3491-772c-4e16-b79b-6c27db3f5283,3869685,3,92,779,5503,Right Wing,Incomplete,0,99.1,60.5
6a92a890-840f-4161-9057-84622c4d2bf5,3869685,3,94,771,22097,Right Center Forward,Incomplete,0,81.8,28.8
495aad6f-6869-4722-8f8c-9fcec51bf349,3869685,3,98,771,22097,Right Center Forward,Complete,1,98.9,11.9
957d94b2-47ac-465f-90dd-9fcfea578d31,3869685,3,98,771,3009,Left Center Forward,Complete,1,90.7,23.3
b64396b3-5c97-4979-a47c-b141777518a1,3869685,3,98,771,3009,Left Center Forward,Incomplete,0,115.3,22.8
b7c60a8e-3d86-4cc3-b6ab-81fa43df9c86,3869685,3,101,771,22097,Right Center Forward,Incomplete,0,87.1,15.4
85799498-f683-4fe7-b95c-fb3bb9d0511c,3869685,4,105,779,19597,Left Wing,Incomplete,0,110.2,7.9
b12de2a3-acba-40a5-8268-6f8375970cf2,3869685,4,111,771,2972,Left Midfield,Complete,1,88.8,12.1
3d09dae7-af40-4b8d-92f8-7e9bec45d0aa,3869685,4,113,779,19597,Left Wing,Incomplete,0,116.0,7.0
77f90f1e-5b7f-4dfc-9e95-d0c4ca3f5676,3869685,4,118,779,38718,Right Center Midfield,Complete,1,57.6,57.5
d491913c-3e96-44f0-b4c2-1f196b7f44c0,3869685,4,118,771,24778,Left Back,Incomplete,0,40.5,5.9
b91c899e-1bd7-4b2f-8cc4-49a7428e5b91,3869685,4,119,779,28263,Right Wing Back,Incomplete,0,98.6,74.0
ed6f0241-1c26-4d7f-a90c-ccb9519bb58b,3869685,4,123,771,3009,Left Center Forward,Complete,1,113.9,14.1
422f382b-2e44-4e3b-8f8e-281f8768995d,3869685,4,123,771,3009,Left Center Forward,Complete,1,114.5,19.0
81e88fa1-4c5c-4ca9-b424-c1c03620a767,3869685,4,123,771,3009,Left Center Forward,Incomplete,0,111.1,25.2
e117140a-f788-4502-a7ed-94a9f67f5123,3869684,1,15,785,22041,Center Forward,Incomplete,0,107.0,22.6
225e8aaa-b285-444e-9fa4-e5aa19c34eb8,3869684,1,18,785,5456,Left Defensive Midfield,Complete,1,38.8,26.0
a515534a-37f2-407c-b5b0-52611844e0fa,3869684,1,29,788,5237,Right Wing,Incomplete,0,65.5,74.0
8a7ba328-a02c-4fc9-8efd-3bf5fdd63e7e,3869684,1,35,788,3625,Left Wing,Incomplete,0,116.4,72.0
6f92582e-e288-4e15-b810-2c8e2eecedec,3869684,1,39,788,5237,Right Wing,Complete,1,88.4,63.5
7cba3b90-07e2-43bd-bc71-3076de32d07a,3869684,1,40,785,5456,Left Defensive Midfield,Complete,1,50.1,17.5
a1425d6c-f0fd-42a4-bea8-12435c115f06,3869684,1,43,788,5237,Right Wing,Incomplete,0,52.2,78.5
b1b069ba-9d39-4113-8dad-9b576bb65945,3869684,1,43,785,5474,Left Back,Complete,1,83.5,4.9
d10c07e1-d84b-438b-90d1-6982dbf3419e,3869684,1,45,788,3634,Left Center Midfield,Incomplete,0,54.2,68.4
049fdb68-eebf-440e-a5e5-1fdd68e8c36f,3869684,1,45,785,5463,Right Defensive Midfield,Incomplete,0,63.6,5.3
7f852e26-15fa-4ca3-9fe4-697c6e2deda9,3869684,2,49,788,21214,Right Wing,Incomplete,0,74.2,1.9
8cc93f19-ba3b-4b5f-a00c-135c4b3696b2,3869684,2,58,788,3625,Left Wing,Complete,1,94.6,24.9
3e0116a0-c0ac-47c3-9d4e-3896df5fa2aa,3869684,2,61,785,3441,Right Wing,Complete,1,104.6,78.2
fc76f648-a7d5-4ca8-ac85-c58b64625cb9,3869684,2,62,788,5237,Right Wing,Complete,1,73.5,70.3
53d2e91a-fc0a-4987-b885-1680691a3801,3869684,2,67,788,46258,Center Defensive Midfield,Complete,1,67.7,67.3
9f5f2476-5765-4649-aa74-758b68427c75,3869684,2,69,788,131037,Left Wing,Incomplete,0,99.4,5.3
fc3494e1-4ea6-457c-837b-2325f174f61c,3869684,2,73,788,5237,Right Wing,Complete,1,107.2,64.9
e1a0f756-333e-4098-9a14-cad91c9e89a8,3869684,2,79,788,23774,Left Center Midfield,Complete,1,31.6,59.6
5bea5cf8-fdd7-4977-96c2-3f6bcb259ac5,3869684,2,82,785,16527,Left Wing,Incomplete,0,106.0,10.8
0e00d3b0-0234-409c-90ec-4127c8733855,3869684,2,82,785,5456,Left Defensive Midfield,Incomplete,0,91.1,24.1
7bb831b7-e7c9-416f-bb1b-b3f042c623e5,3869684,2,86,785,5456,Left Defensive Midfield,Complete,1,106.0,30.7
e5665f09-1585-4456-b3b1-7c30b2daa6e6,3869684,2,89,785,11603,Center Attacking Midfield,Incomplete,0,5.6,69.4
bc86fb4b-d349-4a19-955e-854cb56b5cee,3869684,2,93,788,5237,Right Wing,Complete,1,86.8,72.1
a49d73e4-a82d-42f1-86cd-1eca882984a6,3857256,1,9,786,3831,Center Attacking Midfield,Incomplete,0,109.9,5.5
90538b4c-e438-491f-b7b6-56650625c8d4,3857256,1,17,786,3831,Center Attacking Midfield,Complete,1,110.9,4.3
0ec17b11-1399-4bb5-a835-a222c0c04bb3,3857256,1,23,773,5545,Center Forward,Complete,1,91.1,57.0
ede0197f-2b25-449e-b956-1cb90afc0a5c,3857256,1,25,773,6983,Right Defensive Midfield,Complete,1,64.0,66.6
c48d62ea-6ff0-485a-a65f-f697708c3093,3857256,1,36,786,18015,Right Center Forward,Incomplete,0,73.3,68.9
0627b09c-c64b-4d7f-904e-f45900a2a4cc,3857256,1,36,786,6318,Right Wing Back,Incomplete,0,78.2,76.5
741fd29a-45db-42c1-b1fc-5110a28b40f7,3857256,1,39,786,3831,Center Attacking Midfield,Incomplete,0,113.1,5.9
f47ca14c-9581-4a78-8a1e-57f10bcfb4d8,3857256,2,54,786,3831,Center Attacking Midfield,Complete,1,116.6,25.4
fdeed39e-c15c-44fd-a6c7-457510e2a9a1,3857256,2,55,773,6983,Right Defensive Midfield,Incomplete,0,88.4,57.1
1189ef0b-7c6c-404d-a1bd-5eb2534c139b,3857256,2,83,773,16022,Left Wing,Complete,1,94.1,9.1
60f717e7-6498-4ce1-950c-c4bf63a26e17,3857256,2,84,773,5538,Right Defensive Midfield,Incomplete,0,48.0,64.2
62a2df29-7d8c-401a-be73-08cb230f2185,3857256,2,96,773,16022,Left Wing,Complete,1,65.6,50.3
6816674e-e19f-4a14-a3ee-7e6308730615,3869151,1,10,779,7006,Left Wing,Incomplete,0,37.4,19.6
61dbdbae-eab6-499d-9100-0f7c79bbbab4,3869151,1,18,779,29201,Right Back,Incomplete,0,33.3,75.3
b5f2aee4-c3e7-4845-b79d-92b32b0199fc,3869151,1,29,792,15957,Right Back,Complete,1,19.4,72.3
e1f31c77-f012-4a51-9718-2e1ce0b0dd1b,3869151,1,29,792,33492,Right Center Forward,Incomplete,0,52.1,27.9
8ef1cecd-ce19-4646-8eb1-f6dc9b27e2cc,3869151,1,30,779,7006,Right Midfield,Complete,1,89.0,67.8
86ad54fc-cd02-4eeb-9c90-77d97f549c3f,3869151,1,30,792,33477,Left Midfield,Complete,1,79.2,63.2
7d0ed879-807c-40c2-9e5d-10d6b23763a5,3869151,1,37,779,20572,Right Center Back,Complete,1,18.5,69.2
93d2d7eb-9483-409b-abf7-a3f21503930f,3869151,1,39,779,27886,Left Midfield,Complete,1,43.4,6.7
a5248447-7713-45fb-af88-80235ccb726b,3869151,1,43,792,15957,Right Back,Incomplete,0,86.4,76.7
0c07d651-c0a9-4a20-9dbe-579be9e422bd,3869151,2,47,779,7006,Right Midfield,Complete,1,85.0,62.1
a4c0fa40-4f2f-4d80-94f6-29821805c64e,3869151,2,50,792,5490,Center Attacking Midfield,Incomplete,0,97.2,6.7
0098d058-bbb6-4715-9b22-f9b44a3214c7,3869151,2,56,792,3240,Goalkeeper,Complete,1,8.0,32.3
8ba5dc3e-7cc4-401a-a1ac-ce066644069e,3869151,2,58,779,29560,Left Center Forward,Incomplete,0,89.2,9.4
1eaccce4-9c69-4eda-b329-f9872e64185e,3869151,2,58,779,19597,Left Wing Back,Incomplete,0,92.0,10.5
88c135ee-3695-4253-a700-efcaff9ca808,3869151,2,63,779,5503,Right Center Forward,Complete,1,62.3,56.1
fe8e6261-608c-4677-b777-3037983b15b3,3869151,2,63,792,5481,Right Center Forward,Incomplete,0,82.0,32.0
2876138a-e869-4dc5-9677-5e26a8c30280,3869151,2,64,779,5503,Right Center Forward,Incomplete,0,90.8,44.3
13b8e976-df9a-434b-8ddf-cec426b88920,3869151,2,64,779,5503,Right Center Forward,Complete,1,105.1,29.9
0c5656b2-8d65-445c-9efc-a48601ef28f2,3869151,2,64,779,5503,Right Center Forward,Incomplete,0,105.4,29.9
67f69e8a-33f2-42a7-bea0-1cca12eea241,3869151,2,70,792,5490,Right Defensive Midfield,Incomplete,0,69.9,76.0
dda3a9d9-5aaf-44cc-85f3-724b40f9365d,3869151,2,72,779,11456,Left Center Forward,Complete,1,82.8,54.1
2f345e1e-a0d7-4ba7-bf0f-bba0fda68f8e,3869151,2,72,779,11456,Left Center Forward,Incomplete,0,95.2,44.5
caff4580-58ee-45bf-9434-06cd7129cd18,3869151,2,74,779,11456,Left Center Forward,Incomplete,0,77.7,41.6
e921bf90-0c72-4d37-9253-632448911b9b,3869151,2,76,792,3281,Left Defensive Midfield,Incomplete,0,67.0,15.7
4059d588-e576-4990-8268-aff4f1d369ef,3869151,2,77,779,29201,Right Wing Back,Incomplete,0,76.9,73.9
d0116b6c-73e0-4270-b352-af8aa18d198f,3869151,2,78,779,5507,Left Wing Back,Complete,1,70.2,5.5
a80da8be-5743-45a9-a7ff-8f18d9baf42d,3869151,2,80,792,5479,Left Back,Complete,1,103.5,20.2
8a9f38d4-b7c6-4c84-85ef-1ad5585f43c9,3869151,2,80,792,5479,Left Back,Complete,1,109.0,26.8
a901f889-0fff-4be9-8402-24c67ca7d358,3869151,2,84,792,8859,Right Midfield,Complete,1,76.8,74.6
3f0a6695-6514-4e7a-9bbb-4e61bb41cca1,3869151,2,84,792,8859,Right Midfield,Incomplete,0,86.5,62.0
1334f971-7161-4302-a97c-4fdb1042c7b8,3869151,2,84,779,11456,Left Center Forward,Incomplete,0,107.1,22.8
5f5ba635-b467-44c8-9924-df9168da1da3,3869151,2,88,779,5503,Right Center Forward,Complete,1,102.1,45.4
5d62cfb4-2174-4b12-8037-8e7a486a16ac,3869151,2,90,779,11456,Left Center Forward,Incomplete,0,113.9,8.3
77218802-46fa-4ae9-9850-bfeacb28dad2,3869151,2,90,779,5503,Right Center Forward,Incomplete,0,90.6,75.1
d424f542-58ff-4e33-8d58-4dd82b67df59,3869151,2,92,779,5503,Right Center Forward,Complete,1,90.9,64.0
c09d6dd6-33d6-4410-83c3-663a2e2cac59,3869151,2,94,779,7797,Right Center Midfield,Incomplete,0,42.2,67.1
163141e9-28a7-4b4d-9f34-f7d15449d3e2,3857257,1,0,792,5481,Right Midfield,Incomplete,0,33.4,65.0
4468ae68-2740-4fbd-a292-a9e99da11fa6,3857257,1,5,776,18722,Right Center Midfield,Complete,1,69.7,50.3
12576508-72fe-4459-9ec1-eb5eac32c8ef,3857257,1,6,776,27569,Left Wing,Complete,1,76.8,16.2
24430796-5eb7-49ef-b2dd-f3c4b8534faa,3857257,1,10,792,5481,Right Midfield,Complete,1,41.9,50.9
be1f7223-8085-4d70-9beb-ea48e3d748f1,3857257,1,12,776,4447,Center Forward,Incomplete,0,103.8,77.2
966f557d-0fb2-4d30-ad20-ee7de823128b,3857257,1,14,776,27569,Left Wing,Incomplete,0,85.4,5.5
127251f5-683d-4fed-9791-6c8dcd56c84d,3857257,1,14,776,16554,Left Back,Incomplete,0,88.1,6.8
fe50bb14-39d3-41b6-9499-32e7e623ed9d,3857257,1,23,776,16554,Left Back,Incomplete,0,113.5,25.6
f57e831a-fc2e-4291-99bc-f0c9aaccf303,3857257,1,26,792,5481,Right Midfield,Incomplete,0,96.0,71.3
be9fe2e7-6532-4655-a4ae-008efd90903e,3857257,1,27,776,27569,Left Wing,Incomplete,0,107.1,8.2
fdb437e4-2207-4278-b057-7207298f430d,3857257,1,28,776,27569,Left Wing,Complete,1,107.4,22.5
9eb553ae-30db-4210-99e6-2e6ccf1b4bed,3857257,1,30,792,3281,Right Defensive Midfield,Incomplete,0,27.0,68.3
474a4273-1892-4d52-ac1d-34f810f74faa,3857257,1,34,792,5479,Left Back,Complete,1,80.0,6.8
94d63447-8072-471e-9666-50b73551c766,3857257,1,38,792,5481,Right Midfield,Incomplete,0,74.7,52.1
aa7cff20-2b0b-48d2-b4e1-0dc8d083116e,3857257,1,41,776,3043,Left Center Midfield,Complete,1,91.9,33.3
133e07ac-48bc-4c17-bf6d-d62bc3f43ccd,3857257,1,41,776,27569,Left Wing,Complete,1,99.6,25.0
4c356cee-a216-4deb-ad50-4167f410a41c,3857257,1,43,792,5481,Right Midfield,Incomplete,0,102.6,75.8
939f186d-6a4e-44c5-95be-1c289f57e59c,3857257,1,44,792,15957,Right Back,Incomplete,0,93.6,65.3
02c252d6-b82c-4a61-b769-631cd6925e3f,3857257,2,50,776,27569,Left Wing,Incomplete,0,95.1,4.1
8fb0f55c-9174-44bf-a63a-10c4ba0e081d,3857257,2,55,792,5481,Right Wing,Incomplete,0,74.5,53.4
89a54300-9eb3-4f78-9fec-159a11331387,3857257,2,56,776,27569,Left Wing,Complete,1,116.4,4.7
85d67ca3-c334-4970-ac64-cf556592d616,3857257,2,59,776,24547,Right Back,Complete,1,97.9,69.6
bc0718b4-bbfe-46b6-bc2b-45ce1cf40f2b,3857257,2,64,776,17042,Right Wing,Complete,1,97.9,53.7
daf016d4-6675-4f11-91e8-7aa9885e6e9e,3857257,2,66,792,5479,Left Back,Complete,1,111.9,14.6
27c27497-266b-44d9-a192-4ec2ec44705b,3857257,2,66,792,5479,Left Back,Complete,1,110.5,13.5
7baac93e-1297-41fc-8e05-90fec42f3f1e,3857257,2,71,776,16294,Left Back,Complete,1,109.0,4.0
6e3ca0d5-a981-484a-bae8-7004b083cba8,3857257,2,75,792,5479,Left Wing Back,Complete,1,86.9,5.6
63ef65f0-c3f1-4b74-b66d-83f92faf26f1,3857257,2,76,792,5481,Left Wing,Incomplete,0,87.7,6.0
13f2f462-09b7-48db-bbc9-c05cb374dd34,3857257,2,77,792,5479,Left Wing Back,Incomplete,0,103.1,21.5
71e3958c-76ee-4ca3-b580-f0e62acb5e25,3857257,2,78,776,16294,Left Back,Incomplete,0,81.0,6.7
2ec9247e-4724-4e16-9e71-0e8cd3d7bbd3,3857257,2,86,776,3959,Left Center Back,Complete,1,67.1,17.6
5a7de5f0-53c0-45b1-9434-d30bf303a43d,3857257,2,90,792,5479,Left Wing Back,Incomplete,0,76.3,7.2
421c095f-e33c-4882-bd6f-ce9791c9308b,3857257,2,90,776,6302,Left Center Forward,Complete,1,63.8,33.5
04c5c268-7205-40fd-b9eb-9f1af6b91055,3857257,2,96,792,33488,Right Wing,Incomplete,0,81.6,24.4
1ae76ffc-d192-43d8-b000-b7a95caa321c,3857258,1,1,786,27719,Left Center Back,Complete,1,26.9,5.5
55f8ac16-1639-41a4-9718-54d1f38dbca5,3857258,1,3,781,10595,Right Wing,Complete,1,72.6,63.7
3b4a7dde-7a32-4962-b378-223e74fa841b,3857258,1,7,786,5589,Left Attacking Midfield,Complete,1,102.1,30.5
0d37bcab-9e73-4fed-aeee-52dd807b97fe,3857258,1,9,781,4320,Center Attacking Midfield,Complete,1,105.7,30.3
6c262c5b-8234-4de7-a596-cd58c5165f07,3857258,1,11,786,7993,Left Wing Back,Incomplete,0,51.4,15.1
618da74f-5ddc-49ef-a872-b4a3a9e27389,3857258,1,12,781,18395,Left Wing,Complete,1,116.1,24.4
cfc91035-d116-4b32-8ae8-00521345dbff,3857258,1,14,786,7993,Left Wing Back,Complete,1,80.9,8.7
8a268f18-1d5b-47a3-baf7-d55f710f058f,3857258,1,18,781,4320,Center Attacking Midfield,Incomplete,0,68.5,2.5
2b60d7ed-169e-4733-8580-c9a1d7d2161d,3857258,1,21,781,18395,Left Wing,Incomplete,0,62.5,18.5
d4933cea-a4f8-4ef8-a3c0-17f4d2292e41,3857258,1,26,781,4320,Center Attacking Midfield,Incomplete,0,80.9,13.4
4f0cfd7e-5f7a-494c-8016-2150b85b875f,3857258,1,26,781,18395,Left Wing,Incomplete,0,110.0,29.5
bcb35b59-b25b-4dcf-b232-04b99f1ae6c8,3857258,1,32,781,4320,Center Attacking Midfield,Complete,1,75.6,11.7
b2d5c3f3-6eac-4c50-8851-fcdf5f907a1f,3857258,1,35,781,10595,Right Wing,Incomplete,0,34.3,54.7
b8c16cb7-dcbc-40fd-937b-b2e0c40653b7,3857258,2,47,786,3831,Right Attacking Midfield,Complete,1,33.6,33.7
c7f47dc0-0da2-42b2-9d8d-059ed46d5e29,3857258,2,48,786,6687,Right Defensive Midfield,Incomplete,0,70.5,68.1
b3c0413d-d728-45dd-ae0b-d9cc0c49ccf7,3857258,2,52,781,22600,Right Defensive Midfield,Incomplete,0,81.2,66.6
af0a5eab-421a-4618-8982-6a64fe558730,3857258,2,53,781,18395,Left Wing,Complete,1,87.1,5.4
7308ce69-93fd-498b-b087-0c29c2fa1db2,3857258,2,53,781,18395,Left Wing,Complete,1,115.3,16.9
8823c602-8e00-45cf-8569-14c4eefa4a9e,3857258,2,59,781,3063,Right Back,Complete,1,76.0,64.8
d7f1f741-7d5e-42ed-babc-83f2a843c210,3857258,2,61,781,10595,Right Wing,Complete,1,95.0,66.4
b5cb5f30-8336-4c96-b388-9a9d6f822578,3857258,2,61,781,4320,Center Attacking Midfield,Complete,1,93.7,49.2
88103242-ca86-49e2-b62a-edbd5be23a81,3857258,2,63,786,5833,Right Wing Back,Incomplete,0,98.2,66.3
7f88ed7f-cd79-4f2a-8a1d-e7d4d2e0ebf7,3857258,2,65,786,3831,Right Attacking Midfield,Incomplete,0,88.9,13.5
17c3a6df-e9bc-4273-b0dc-e4f630468adb,3857258,2,69,781,6945,Left Back,Incomplete,0,39.9,12.5
495fa53b-8399-4b0b-90c2-826c4a856230,3857258,2,71,781,10595,Right Wing,Incomplete,0,63.7,80.0
8202b366-1a9f-4868-bd07-c42c9fe38292,3857258,2,75,786,3831,Center Attacking Midfield,Incomplete,0,52.5,36.5
d3eb33af-a055-450c-84c8-79fca5d16d93,3857258,2,77,781,25104,Left Wing,Incomplete,0,105.8,12.0
ef7680ec-0b9c-4b77-b666-c910c994b482,3857258,2,79,781,25104,Center Attacking Midfield,Incomplete,0,107.6,50.2
331db977-8d5b-4943-a44d-816ca3762e3a,3857258,2,85,781,3202,Center Forward,Complete,1,115.8,61.0
b99a82ef-ca28-4c32-94c9-be18fc41318e,3857258,2,86,781,25363,Left Wing,Complete,1,103.0,13.8
9c9e68c8-f6be-4440-8a64-5c8291863031,3857258,2,89,781,25363,Right Wing,Incomplete,0,96.8,75.6
d9b023fe-de05-4b5e-b901-86ae93e7066c,3857258,2,90,786,5833,Left Wing Back,Incomplete,0,103.5,7.3
b8fc40bb-950f-40a4-a457-49f9cfcfdf3a,3857288,1,0,777,16352,Center Forward,Complete,1,77.5,35.7
b92ea24e-fa66-4494-b589-0c6e1474ce39,3857288,1,0,777,23910,Left Attacking Midfield,Incomplete,0,69.8,14.3
813caa11-3ecb-49e9-b48f-5a4930b2dc6f,3857288,1,3,777,9236,Right Wing Back,Complete,1,16.3,78.0
c18028dd-f0dc-4729-9301-22d0f541e184,3857288,1,6,792,28370,Right Back,Incomplete,0,87.1,70.3
8ec1ae74-033f-4f7a-a7a8-3d896ecc13c9,3857288,1,6,777,9236,Right Wing Back,Complete,1,7.7,66.0
7cb1ba79-5cac-4604-8fd1-28a3d3f8d989,3857288,1,8,792,5479,Left Back,Complete,1,111.3,2.9
d36fa5f9-5187-408e-8f38-bf4954f2f601,3857288,1,8,777,3557,Right Attacking Midfield,Incomplete,0,20.6,77.0
f4202025-f007-4ce3-85e3-28e5c23d053c,3857288,1,19,777,3767,Right Defensive Midfield,Incomplete,0,63.8,74.2
c107dc7c-791d-47b4-acb3-e0a3d4447c8e,3857288,1,36,792,33492,Right Center Forward,Complete,1,74.1,71.4
3739f5ea-4869-4160-9279-21308620b619,3857288,1,37,777,23910,Left Attacking Midfield,Complete,1,89.2,44.4
6bbb933c-f659-4b1c-ba76-c2e79281f93c,3857288,2,45,792,5481,Right Midfield,Incomplete,0,59.9,70.8
b5bb49db-540f-453e-a83d-98b0f679c8a3,3857288,2,47,777,5651,Right Center Back,Incomplete,0,76.2,68.4
08f8365c-0659-459a-837f-80831a5459aa,3857288,2,51,777,16352,Center Forward,Incomplete,0,98.7,75.4
9e9eb8a9-984c-4c1c-a374-59c9e7cff1f6,3857288,2,55,792,5481,Right Midfield,Incomplete,0,63.4,61.1
bef30ce1-148b-4429-99ee-15a4cf817964,3857288,2,55,777,3767,Center Defensive Midfield,Incomplete,0,57.2,34.2
7ae3346b-4362-4135-8dfa-0f248c8a7627,3857288,2,61,792,5479,Left Back,Complete,1,34.5,18.8
6441233a-1c8c-4781-a436-acb2920c08bb,3857288,2,62,777,3557,Right Wing,Incomplete,0,67.7,75.9
3f30fab1-2673-42b1-9f8f-0cdc5eeb611a,3857288,2,68,792,8859,Right Center Forward,Incomplete,0,91.8,78.0
edb9f5c9-2e2f-42cf-ab2f-bd09143e3d0a,3857288,2,84,792,5481,Right Midfield,Incomplete,0,104.4,77.2
b24b9df8-5a75-4745-b94d-8be4e2f71bfa,3857288,2,85,777,5650,Right Defensive Midfield,Incomplete,0,71.1,53.4
b1035bf3-3749-4131-bfc4-e90c8ffc98e0,3857288,2,86,777,3557,Right Wing,Complete,1,111.3,47.4
6ff66f17-0110-4d8b-b08f-5967a79c984c,3857288,2,87,777,3557,Right Wing,Complete,1,94.2,37.6
d3104698-3945-4d09-bf13-f427c22893c2,3857288,2,88,777,32450,Left Center Back,Complete,1,6.3,3.1
9a38cece-9fc8-49c9-8f1e-6fcfb6c46b54,3857288,2,88,777,5650,Right Defensive Midfield,Complete,1,62.1,49.6
c8245e42-05af-42ec-ae59-d6b880c0185d,3857288,2,89,792,24475,Left Midfield,Incomplete,0,41.5,8.9
f3b93742-3e9b-413a-9ad8-18ee65570d3f,3857288,2,89,792,8859,Right Center Forward,Incomplete,0,47.1,29.3
01c707fe-ee2b-4fa8-8cc3-74b0323190af,3857288,2,95,777,5651,Right Center Back,Complete,1,79.8,37.4
485cf5c6-2071-49a5-8ea7-e5b53bfdd8ac,3857267,1,0,3565,24085,Left Back,Complete,1,66.8,7.6
5de5d5be-af95-4cee-a046-a4899c120993,3857267,1,1,787,31751,Right Defensive Midfield,Incomplete,0,64.2,54.3
16ec4b21-6ea4-45f2-9c45-06b727be2647,3857267,1,4,3565,24085,Left Back,Complete,1,64.0,7.4
fc23ff30-a0ab-464c-b365-2bd574b98be8,3857267,1,4,787,20611,Center Forward,Incomplete,0,65.5,71.5
77f58871-2441-440e-b6f5-8d489aca41aa,3857267,1,6,787,80484,Right Wing,Complete,1,74.0,73.8
d7bdb78a-766b-42f6-bf3b-3b505d1a4519,3857267,1,7,787,2941,Left Wing,Incomplete,0,42.8,7.5
36fa06a7-0d18-433c-87fc-29b1b67c244d,3857267,1,10,787,2941,Left Wing,Complete,1,99.2,38.6
099f4c68-0f84-4c72-a09c-257fea7e8ed9,3857267,1,10,787,3436,Center Attacking Midfield,Complete,1,108.8,2.4
03b24498-4b2c-4d6f-8565-2a5ad71d3c38,3857267,1,11,787,80484,Right Wing,Complete,1,101.7,53.6
c508fee5-b859-4d9e-a218-f9c42823a68c,3857267,1,13,3565,31152,Right Wing,Complete,1,66.9,52.7
11a225ba-eceb-4c20-ad65-4974fe8641b0,3857267,1,13,787,80484,Right Wing,Complete,1,94.1,61.2
29524079-ec52-4e6b-a46b-b8b59a9b390c,3857267,1,13,787,80484,Right Wing,Complete,1,90.3,62.5
3537108b-ea2d-4da5-9456-cfcaca976aad,3857267,1,22,787,20611,Center Forward,Complete,1,74.5,30.5
7dfbaf8b-6e8a-4ad6-8637-9018dfcdbb2b,3857267,1,26,787,21026,Left Defensive Midfield,Incomplete,0,65.8,41.2
f9b61fbd-c8ec-436d-855b-8536def7859f,3857267,1,28,787,80484,Right Wing,Incomplete,0,99.4,64.3
e8e2cd94-f5f8-439f-9daa-73d8097ddc3c,3857267,1,46,787,2941,Left Wing,Complete,1,75.1,3.7
ce041bed-1b74-4eb2-a269-f32c0c50aa75,3857267,1,49,787,31751,Right Defensive Midfield,Complete,1,73.5,32.9
320779ac-335f-4799-bc4f-918134a67166,3857267,2,54,787,3404,Right Back,Incomplete,0,68.3,75.1
32574176-11a4-457c-ad45-75521deac399,3857267,2,56,3565,40211,Left Midfield,Complete,1,99.6,4.1
6c2de5b5-5439-490e-9a4b-c8f34abddd28,3857267,2,57,787,3436,Center Attacking Midfield,Incomplete,0,51.4,58.5
b71b5c1d-bfda-49b0-bdfd-30df1c37b38f,3857267,2,60,787,80484,Right Wing,Complete,1,73.3,71.0
d8f167aa-4d6e-41f2-bc32-95848534978a,3857267,2,64,787,2941,Left Wing,Complete,1,102.7,13.6
af2731ba-5b1e-4121-b3f2-930815db1548,3857267,2,75,3565,40211,Left Midfield,Complete,1,91.3,20.0
7ba3845d-c891-4052-81a8-be6276e93777,3857267,2,78,3565,31152,Right Midfield,Incomplete,0,69.5,51.3
84bd8c2c-b52e-4c79-ae83-8350c7bc1598,3857267,2,78,787,3404,Right Back,Complete,1,44.3,57.0
5f883fcf-0ce5-4280-aee2-529a75e66665,3857267,2,81,787,20611,Right Wing,Complete,1,93.4,59.1
1ee1d4c0-8448-472a-8e87-17fedaffb6ee,3857267,2,91,3565,36148,Right Defensive Midfield,Incomplete,0,114.0,76.1
7a2b85ad-ea3b-4ff6-a495-b10c10cd4695,3857287,1,6,791,41711,Right Wing,Incomplete,0,117.0,66.2
36986335-7367-4821-871b-aa95f4782707,3857287,1,11,791,3083,Left Wing,Incomplete,0,106.5,12.4
e57476c7-7893-48e1-beb3-9700b2759a6b,3857287,1,13,791,29966,Center Forward,Complete,1,100.9,5.6
e5436170-d457-4498-b962-7294d26dc6cc,3857287,1,14,783,5260,Center Defensive Midfield,Incomplete,0,75.7,24.0
c5247e9e-62f3-4684-8687-7dee150380a2,3857287,1,17,791,41711,Right Wing,Incomplete,0,69.6,56.1
68eb7d7c-ed15-4202-9492-5784393488d6,3857287,1,25,783,32478,Left Wing,Complete,1,87.1,33.2
43b2122f-d888-41fc-87cc-8e619a38d5d2,3857287,1,25,791,3083,Left Wing,Complete,1,95.0,7.5
f51789ce-4ef8-4d96-a2b9-bf2c0a4da171,3857287,1,26,783,7104,Left Back,Incomplete,0,32.3,36.3
d1736bd5-f39a-4e8a-b545-a523b9f6b291,3857287,1,27,783,36288,Right Wing,Incomplete,0,110.7,75.9
7afd79f2-c514-4782-bd65-6e9dd2be2aee,3857287,1,29,783,5255,Left Center Midfield,Incomplete,0,34.8,16.8
69ff75cc-9e09-4221-87df-5f21ba2eb3f0,3857287,2,47,791,41711,Right Wing,Incomplete,0,94.2,56.9
140c5869-f6c2-4f9b-a6b5-ecd1d8ff1be1,3857287,2,50,791,3083,Left Wing,Incomplete,0,105.2,54.4
8b509663-0490-4680-aa87-b01702f42429,3857287,2,52,791,41711,Right Wing,Incomplete,0,113.0,3.9
58ab15bc-f9b1-489b-a2ce-3b13468cb3bb,3857287,2,52,783,5260,Center Defensive Midfield,Complete,1,20.6,60.8
5e8cef55-420a-49b1-8ffa-6d9b4192cfc8,3857287,2,53,783,5248,Right Back,Complete,1,49.2,70.2
81f8ef66-2440-4e97-a397-db553c2abcc3,3857287,2,61,783,5255,Left Center Midfield,Incomplete,0,53.8,50.4
271bffc8-c668-4971-ab2d-2ea3c29997bc,3857287,2,62,783,6773,Right Center Midfield,Incomplete,0,34.4,29.8
969881fa-af27-49ba-b281-ef10e83cf1e0,3857287,2,62,783,32478,Left Wing,Complete,1,86.9,2.5
f7beeb49-08e5-4d34-9eb7-b29354b7ea23,3857287,2,67,791,23763,Right Defensive Midfield,Incomplete,0,45.1,34.5
e9a2785d-e27e-4332-9f0b-68e9dc99bf14,3857287,2,68,783,36288,Right Midfield,Incomplete,0,97.6,77.5
c894868d-32bc-41fd-95b4-a2eb994e9372,3857287,2,68,783,36288,Right Midfield,Incomplete,0,101.7,76.9
9f387e8d-3101-4ffa-971f-f4a6918d7ee0,3857287,2,69,783,36288,Right Midfield,Incomplete,0,92.3,72.8
cd1486d4-6e89-4907-94b2-c9e43b8e8e2f,3857287,2,72,791,41711,Right Wing,Incomplete,0,73.9,76.4
97823844-c908-45dc-8c7c-b3339de0a173,3857287,2,74,791,23763,Right Defensive Midfield,Incomplete,0,111.6,11.9
9ffda7eb-3529-470f-a807-333cd2db05e6,3857287,2,88,783,6773,Right Defensive Midfield,Complete,1,81.5,17.7
71956ba3-f1eb-4bc8-8506-ce679a156031,3857287,2,91,791,22740,Right Wing,Complete,1,39.9,54.6
f3da9601-c940-4eb7-a19d-ffd048574ccd,3857287,2,96,791,23763,Center Attacking Midfield,Incomplete,0,91.3,76.2
acaf2ad2-26ee-4780-afdd-fa557acccace,3869486,1,1,780,12041,Left Wing,Complete,1,83.1,6.9
86da4063-caab-4ae8-b693-75f10924571a,3869486,1,1,780,38803,Center Forward,Incomplete,0,91.5,12.1
8f97baa9-a943-48b0-9124-37f4d60b0aae,3869486,1,1,788,23774,Left Center Midfield,Incomplete,0,43.0,45.2
a730f3c1-4f74-4d96-8d3a-42a86e01612e,3869486,1,8,780,12041,Left Wing,Incomplete,0,113.8,7.9
44279916-4f16-4db6-9726-333629692482,3869486,1,13,788,23774,Left Center Midfield,Complete,1,56.1,6.4
2b82947f-63c9-496a-a650-67024aa31323,3869486,1,15,788,3625,Left Midfield,Incomplete,0,55.8,13.3
4ec4698f-d2b6-4a7b-bd37-12f0912252b4,3869486,1,16,788,46258,Right Center Midfield,Complete,1,44.8,69.1
4dde3154-1c0f-42de-967a-f21803f96dbc,3869486,1,16,788,5245,Right Back,Incomplete,0,72.0,58.9
96ec6095-fad6-43d7-94a8-22edfc8fc326,3869486,1,19,788,3625,Left Midfield,Complete,1,6.3,1.6
0c084e53-bb1a-4abb-8f7a-aba8c6ac7490,3869486,1,22,780,12041,Left Wing,Incomplete,0,112.4,11.2
4d4b320d-5d4c-4053-a32b-ebea3404be3d,3869486,1,24,788,5245,Right Back,Incomplete,0,45.7,76.0
83f30c05-576b-4327-a623-3fa73fef07d4,3869486,1,29,780,5204,Right Wing,Complete,1,53.1,44.2
a1ff5d85-2d01-4fe6-bac9-a126ea4ee131,3869486,1,46,780,3193,Right Center Midfield,Incomplete,0,118.1,70.6
0e3bee04-fafe-4df0-9e73-c69c657458ad,3869486,2,46,788,5237,Right Midfield,Incomplete,0,42.3,77.1
c21a4399-2e0a-47ed-9c5e-34d885c5e19f,3869486,2,47,788,5245,Right Back,Complete,1,79.1,75.3
c80c3493-939a-4377-b584-b87d80923da2,3869486,2,49,780,5204,Right Wing,Complete,1,79.8,33.9
b11d93db-455b-4d2c-9bdf-5052813a9c49,3869486,2,50,788,3625,Left Midfield,Complete,1,31.2,38.9
6924cf10-f35e-49bd-9bce-1058830d71a2,3869486,2,58,788,5237,Right Midfield,Incomplete,0,103.7,67.0
d197bc6f-84b4-4948-84f4-618ba6d2eea8,3869486,2,58,788,6301,Center Forward,Complete,1,39.1,17.0
e7df0fd7-b360-4fc4-b431-b2d14e76a7cb,3869486,2,59,788,5237,Right Midfield,Incomplete,0,37.1,59.9
8ab06e36-fc4c-4cb2-af40-e84e82d84b7e,3869486,2,66,780,7005,Left Back,Incomplete,0,97.1,3.4
26069e55-1e7d-4ad2-a6b9-42e101daa957,3869486,2,69,780,18360,Left Wing,Complete,1,94.0,3.4
781a71c3-0a57-4042-af73-2085cd67dfa3,3869486,2,70,780,18360,Left Wing,Incomplete,0,105.4,71.8
c863f08c-a53a-44f9-86a0-214b9d34ebaa,3869486,2,74,788,296254,Center Forward,Incomplete,0,106.5,39.3
a8cb17cc-0346-4f9f-a3b8-44758c2e85b1,3869486,2,76,780,18360,Left Wing,Complete,1,90.2,3.4
e9a89c49-abe1-4657-9065-b734d52b0f7e,3869486,2,76,788,5237,Right Wing,Incomplete,0,42.9,71.6
0f5c8b89-4e89-497e-8a0f-a76f0be7d0c6,3869486,2,79,780,18360,Left Wing,Complete,1,101.8,5.8
866707ec-a252-4e56-bf59-671d3d03a3aa,3869486,2,80,788,46258,Left Defensive Midfield,Complete,1,49.5,51.6
71867f47-6e8a-4933-a9e9-166186c4682a,3857260,1,11,799,51710,Left Defensive Midfield,Complete,1,95.0,23.9
c0909515-cfb6-4385-8cf0-ef3dd039a7b6,3857260,1,14,799,5713,Left Center Forward,Incomplete,0,63.8,39.3
75e54210-173a-4ddc-9f7e-fa362cfd9a53,3857260,1,23,799,5713,Left Center Forward,Complete,1,69.8,65.4
ee56b91d-8b1c-4356-b1d9-fc32f83f477d,3857260,1,24,794,26406,Right Back,Incomplete,0,103.8,45.9
99a38b96-3b69-4ee7-b62a-e7b7514347d6,3857260,1,39,794,5571,Right Wing,Complete,1,70.4,55.4
37770467-77b2-4757-a489-3ba9bb6899dd,3857260,1,40,794,5571,Right Wing,Complete,1,99.3,65.0
62103661-3d6e-4a37-a81c-ea65a5a4b671,3857260,1,40,794,26280,Center Attacking Midfield,Complete,1,104.2,48.9
ac98f5ae-35bc-47a6-9059-837ba9978585,3857260,1,43,799,51710,Left Back,Incomplete,0,65.1,3.4
1fa1bb1a-5bae-4d3d-beda-ec4c1ae97ebd,3857260,1,48,799,5713,Left Center Forward,Incomplete,0,74.9,67.1
f047449a-37f9-480c-9f9c-03237b8c5afd,3857260,1,49,799,51469,Right Center Forward,Incomplete,0,86.7,55.5
7c53ef3e-3b81-4181-883c-deb20923fdee,3857260,2,53,799,57620,Right Wing Back,Incomplete,0,59.0,71.5
91a141e5-cc29-491e-9c0a-6db70abef20b,3857260,2,53,799,51099,Right Wing,Incomplete,0,69.7,65.0
b1e8f144-94c1-4690-8b43-80e02f4ec33a,3857260,2,53,799,5187,Left Wing,Complete,1,90.1,50.5
411955a5-34be-424f-b73d-f8aef7a12120,3857260,2,55,794,5571,Left Wing,Complete,1,101.0,21.3
4aa65951-1ebb-4f08-b527-a7746b31cb06,3857260,2,63,794,5576,Left Back,Complete,1,50.1,8.5
33bb1e67-98eb-440f-ab88-37ddfc204382,3857260,2,64,799,51705,Right Wing,Incomplete,0,34.6,62.8
06b76b42-8ca8-4fe3-9528-50e2c69ad6de,3857260,2,74,799,51470,Right Defensive Midfield,Incomplete,0,36.6,41.7
50022ade-644f-4c6f-a6d0-e7a1026e7b5c,3857260,2,77,794,28825,Left Defensive Midfield,Complete,1,87.4,28.9
e679f29d-a977-4487-b9a2-141d69c77ad4,3857260,2,83,794,26297,Center Attacking Midfield,Complete,1,61.3,2.4
e1ed7e71-709d-4724-8362-dbbd976d526d,3857260,2,83,794,26406,Right Back,Complete,1,104.9,75.3
2e72309d-a81c-4eec-a8d8-c6740694ce53,3857260,2,85,794,26297,Center Attacking Midfield,Complete,1,62.5,6.3
53a15cc7-132e-4292-84cd-393f37c71329,3857260,2,92,794,5571,Left Midfield,Incomplete,0,110.7,9.1
a61ddd39-0f9a-4934-9c70-6128372bf623,3857260,2,94,794,5576,Left Back,Complete,1,51.6,3.6
2a286561-6431-45e9-b15c-168bd08c7f4e,3857264,1,1,779,2995,Right Wing,Incomplete,0,109.1,67.5
d198184c-f1f9-47cb-9ea3-e56adea3222d,3857264,1,3,789,5668,Right Center Forward,Incomplete,0,109.4,75.9
e0491b4b-dc86-4d65-a66c-19294a5ab753,3857264,1,4,779,7797,Right Center Midfield,Incomplete,0,55.9,70.6
463f4184-b903-4f29-afcf-64900be1f2c9,3857264,1,5,789,5660,Right Midfield,Complete,1,28.1,49.7
e3d1527d-7b14-483a-ab49-ea306f63f98e,3857264,1,7,779,2995,Right Wing,Incomplete,0,80.3,77.7
eb468e43-8c21-44aa-97c6-01bac2f1f739,3857264,1,8,779,2995,Right Wing,Complete,1,92.6,49.0
446aa03b-bedc-447c-bb87-a85634855ec8,3857264,1,10,779,2995,Right Wing,Complete,1,92.1,72.4
8f43681f-1e8c-4390-921b-aa74a98734ab,3857264,1,12,789,5668,Right Center Forward,Incomplete,0,106.7,65.7
6efca0e2-1423-40f0-a2c1-631a2748768f,3857264,1,18,779,5503,Center Forward,Complete,1,92.6,58.8
1ad2bdf5-8780-4af5-a983-3d91c28b161f,3857264,1,26,779,2995,Left Wing,Complete,1,95.5,14.0
cbf172bd-66c9-4759-87e6-17f969632538,3857264,1,26,779,2995,Left Wing,Complete,1,98.9,24.9
b1134bb8-d359-4127-8ea5-37029359f879,3857264,1,26,779,7797,Right Center Midfield,Incomplete,0,91.2,53.2
1754316e-cf2a-412e-8e91-996c850b2dfe,3857264,1,34,789,5669,Goalkeeper,Complete,1,9.9,31.9
a300b28d-a5fa-41b7-bfd5-0d39cd791e66,3857264,1,41,779,2995,Right Wing,Complete,1,69.2,49.3
9880964e-9364-4993-be8c-f6f3fd85ffb6,3857264,2,50,789,31955,Left Midfield,Incomplete,0,50.7,15.6
5e274e27-15d8-4a3c-84b6-fc2272c60977,3857264,2,51,789,11737,Right Defensive Midfield,Incomplete,0,40.9,25.0
53c7f8cf-2f06-43c2-a26a-005a95e962aa,3857264,2,53,779,2995,Right Wing,Complete,1,99.5,51.5
67361925-9ada-4582-ba55-27925d023a31,3857264,2,54,779,5503,Center Forward,Complete,1,91.6,41.4
ede8d8da-e076-4a1c-8fe2-01c6fc493458,3857264,2,56,779,2995,Right Wing,Complete,1,108.7,55.1
c8c7871e-333c-41e8-816a-227b1e752d23,3857264,2,58,779,2995,Right Wing,Incomplete,0,34.1,75.0
79c5f9eb-f3bf-428c-9533-61888995e4fa,3857264,2,61,789,5673,Left Back,Incomplete,0,63.4,5.9
1d508894-178a-44c3-bc36-7202e6db2029,3857264,2,63,779,5503,Right Wing,Complete,1,104.2,24.3
7b030cac-f7f5-4b18-b9c2-c6476fa419e2,3857264,2,66,779,5503,Right Wing,Complete,1,68.9,52.1
9c6b1b3e-ffa6-4f2b-a06a-cdf043de3a56,3857264,2,82,779,5503,Right Wing,Complete,1,74.5,53.8
25bcdc8f-9240-4f2c-a218-4c67d12e45a5,3857289,1,1,779,5503,Right Center Forward,Complete,1,64.3,47.3
1298dc9e-bc59-43f1-b842-d14a8f94b5ad,3857289,1,2,779,2995,Right Midfield,Complete,1,102.8,69.3
f9d68e1e-39bd-468d-a75b-31526d613396,3857289,1,6,779,7797,Right Defensive Midfield,Incomplete,0,26.0,71.2
ce7536b0-e49c-4376-ad41-7c446c863a64,3857289,1,13,779,28263,Right Back,Incomplete,0,73.0,73.1
b30dc22f-194c-4ddf-8462-aceb21f218c2,3857289,1,16,779,27886,Left Midfield,Complete,1,92.2,4.5
8a946d67-883d-4565-afd0-aff5458526fa,3857289,1,18,794,30500,Right Wing Back,Incomplete,0,93.5,77.3
f5184983-5ae9-4b69-9bc1-70aa833fc3c8,3857289,1,22,779,2995,Right Midfield,Complete,1,74.3,68.2
ca6b4ede-90cf-4682-828e-7d6316db5cc4,3857289,1,24,779,2995,Right Midfield,Incomplete,0,101.2,7.5
6c4c43b4-066c-428b-9ca8-d3b154b2e0fe,3857289,1,26,779,2995,Right Midfield,Incomplete,0,45.3,72.6
2cc7f623-ce75-4b63-a22c-1750c3a38e02,3857289,1,35,779,2995,Right Midfield,Complete,1,64.0,74.8
d693e455-ca20-461f-9979-7ece786285ef,3857289,1,35,779,2995,Right Midfield,Incomplete,0,87.9,62.5
59bdd967-eece-402a-bcb3-942ae2bda2e7,3857289,1,42,794,30500,Right Wing Back,Incomplete,0,93.5,76.4
79d67c49-977b-49bb-b1a9-a9b014cfd165,3857289,1,42,794,5575,Center Defensive Midfield,Incomplete,0,89.7,62.1
14163da0-29c3-4062-904c-4ab17f1d77b9,3857289,1,48,779,5503,Right Center Forward,Incomplete,0,72.2,47.1
3bf8b757-76cc-4074-9041-c26d2162e734,3857289,2,53,779,11456,Left Center Forward,Complete,1,54.0,1.9
af132914-79e6-4b85-8e04-812767a99291,3857289,2,54,779,2995,Right Midfield,Complete,1,99.5,72.7
dcc71d21-da69-469d-aaf0-ab85b6aa9c94,3857289,2,55,794,26301,Right Center Forward,Incomplete,0,40.8,14.4
ad46f65c-0f4d-4b46-bd3d-53621a92cb64,3857289,2,55,794,15872,Left Center Midfield,Complete,1,42.5,51.1
2938c453-c149-4b1e-aeee-6f27375c4ada,3857289,2,60,779,7797,Right Defensive Midfield,Incomplete,0,93.3,28.2
6de35d9f-10c3-496d-a24c-a28f8256d418,3857289,2,62,794,26301,Right Center Forward,Incomplete,0,37.5,77.0
010510f6-132e-4f91-8273-f6d79e9cd208,3857289,2,72,794,26375,Left Wing,Incomplete,0,88.4,2.0
5ebdf0b8-8167-4922-bf22-bf75e5ab8b52,3857289,2,86,779,19597,Left Wing Back,Incomplete,0,112.4,13.5
df76adbd-6e69-4872-8bd6-621fc0c0e201,3857289,2,86,779,38718,Center Defensive Midfield,Complete,1,105.3,23.9
8e27bbc1-b500-4e50-82fd-3ef5bc6a5422,3857289,2,88,794,15452,Right Wing,Complete,1,63.7,74.3
8094682b-0777-4f64-baba-bd55aba4d89e,3857289,2,90,794,5575,Right Defensive Midfield,Incomplete,0,69.5,21.0
5e125a8f-d396-400e-b775-75a97c4626df,3857289,2,90,779,29560,Left Center Forward,Incomplete,0,93.4,34.2
abea9cb9-fa6e-4c2f-8e5a-dfa8063d7307,3857289,2,90,794,26368,Right Center Back,Complete,1,39.5,31.8
73a1bbf6-9f5c-4387-8815-63e2adaf35a0,3857289,2,90,794,26368,Right Center Back,Complete,1,38.1,26.9
0f0fed8d-d406-4268-8a36-600a1d0cb6fb,3857289,2,95,779,5503,Right Center Forward,Complete,1,33.5,48.3
3689c6a4-c387-4801-9623-2e9a3c78a885,3869254,1,3,780,12041,Left Wing,Incomplete,0,47.4,4.6
109dd0b8-be61-44dc-af71-0c924e8189ae,3869254,1,7,773,3533,Left Center Forward,Incomplete,0,111.5,3.8
e3f3c1da-4376-4003-81de-f7806182a1d4,3869254,1,8,773,5549,Right Center Back,Complete,1,29.3,55.6
347156ee-9ed3-4e29-bbb7-977beb035760,3869254,1,10,773,3533,Left Center Forward,Incomplete,0,99.7,41.8
65c582dd-c45b-4f1c-b39a-ffb5a1e4aa13,3869254,1,15,780,16028,Right Back,Complete,1,41.8,74.8
2955b631-2923-4e6f-b984-31bc7aa5790d,3869254,1,21,780,12041,Left Wing,Complete,1,35.7,17.2
bedef6e0-2ff3-4961-9afa-55a3523a7f03,3869254,1,21,780,38803,Center Forward,Incomplete,0,94.4,26.9
62a07b93-e278-4acb-8df9-0b6e7f345b73,3869254,1,23,780,11184,Left Center Midfield,Incomplete,0,61.1,77.5
3db1a1e9-ca2c-450a-aee9-8437456a86b5,3869254,1,34,780,11184,Left Center Midfield,Incomplete,0,30.0,53.1
8e0cbb9b-2779-4690-87f5-f80fb5db34d5,3869254,1,44,780,12041,Left Wing,Complete,1,38.0,62.1
bc048093-f643-47c0-967b-f63fcc98ba80,3869254,2,69,773,5538,Right Defensive Midfield,Complete,1,43.7,62.3
dda4b53d-e687-4994-bf3e-9dcac71b56c1,3869254,2,72,773,3500,Left Defensive Midfield,Complete,1,75.8,26.6
cb971ea2-dd1a-4f97-91d8-a4c722bc3247,3869254,2,78,773,3913,Right Back,Complete,1,101.6,75.6
6c91da2f-dc26-4ed8-936b-c1b493c3478a,3869254,2,82,773,5545,Left Center Forward,Complete,1,66.2,54.7
96889254-f044-4500-ba7a-0e30675839ef,3869254,2,93,773,41655,Left Defensive Midfield,Incomplete,0,44.5,9.8
33d07053-5add-4697-a7df-5f681cb6f709,3869118,1,0,787,5675,Right Center Back,Complete,1,41.8,44.7
87ef83ab-f097-492c-a1c0-1ce13b45ad70,3869118,1,1,768,30714,Left Center Midfield,Incomplete,0,84.6,2.4
0572c9c9-b4e7-4085-8908-406a2dc6508a,3869118,1,3,787,20611,Center Forward,Complete,1,106.4,54.6
66abfc19-8287-473c-a796-51e644b5fc75,3869118,1,6,787,20758,Right Wing,Incomplete,0,41.8,56.5
3536e941-ca81-4bb4-ad51-66659087453a,3869118,1,11,768,30714,Left Center Midfield,Incomplete,0,97.6,25.3
88bc8f1e-171a-47d0-9fda-657842da44f2,3869118,1,13,768,10955,Center Forward,Complete,1,82.9,60.9
93c15509-0243-4fcc-bcfc-dd75fb848b5e,3869118,1,34,787,32915,Left Back,Complete,1,106.7,2.4
a829ac79-3140-4a54-9c07-a9d02360853b,3869118,1,35,787,2941,Left Wing,Complete,1,56.9,3.5
24f7ae6c-fe96-4704-bc0d-5129b29df981,3869118,2,47,768,30714,Left Center Midfield,Incomplete,0,116.2,18.9
4ed257d0-b95c-48c9-94b1-7b980271faa2,3869118,2,48,787,50498,Center Attacking Midfield,Incomplete,0,51.4,32.2
a82270fe-c51e-477a-afbf-d74588b0f70a,3869118,2,50,768,3205,Right Back,Incomplete,0,97.8,75.1
9eddf2bc-3134-40cb-87d2-0b270646b9af,3869118,2,53,787,3404,Right Back,Complete,1,37.7,67.1
a8dc077a-08b4-4a3e-a317-594db88b9be5,3869118,2,56,787,88123,Center Forward,Incomplete,0,75.1,27.4
c45e5c1b-cd77-4113-b5b3-8aad7c9d8d3d,3869118,2,56,768,10955,Center Forward,Incomplete,0,78.6,17.8
bedb5aed-b965-4979-9f2e-5982139460a2,3869118,2,56,768,4354,Left Wing,Complete,1,93.2,12.2
c4418c04-b72f-4152-83ca-decff7b228bb,3869118,2,60,768,10955,Center Forward,Complete,1,63.5,30.5
8cdf75f3-06e1-48e1-98d4-6226792dee50,3869118,2,87,768,3943,Left Defensive Midfield,Incomplete,0,53.1,77.7
9ed44bba-f6f7-47e9-87d8-e365d2235059,3869118,2,88,787,3675,Left Back,Complete,1,46.3,2.4
c9ca3c10-7ad6-4209-ba6b-d540139aca93,3869118,2,89,768,3205,Right Back,Complete,1,44.2,77.7
bd374ed7-b58d-4afb-bf82-5a244ffb49d3,3869118,2,92,787,21026,Center Attacking Midfield,Incomplete,0,109.1,70.6
f924cba8-e51d-4b66-9d57-99fd002c6455,3869519,1,1,779,38718,Left Defensive Midfield,Incomplete,0,70.0,5.1
21118378-0796-4b47-924f-5e8ce0a7a3b1,3869519,1,5,785,5474,Left Wing,Complete,1,45.3,20.5
f640bbaf-5907-4cb3-8954-036bf1cf885e,3869519,1,11,785,12625,Left Back,Complete,1,98.5,6.2
b25b9b80-8196-44dc-b433-043b65286161,3869519,1,17,779,5503,Right Center Forward,Complete,1,80.8,72.9
3ea1b9fd-21f5-4fd5-9849-5e73a0a5b619,3869519,1,19,785,5469,Center Defensive Midfield,Complete,1,66.5,21.3
88407fbe-db09-42b4-85ba-20de96ebb1a6,3869519,1,23,785,5463,Right Center Midfield,Complete,1,39.3,75.7
c679449d-ea87-4091-ab0a-85df2db152ef,3869519,1,25,785,5456,Left Center Midfield,Complete,1,48.7,30.3
5d9f9171-99fa-4f08-ba6a-66d881d13b59,3869519,1,27,779,5503,Right Center Forward,Complete,1,22.5,33.7
677b7df4-acda-4975-afbf-8eea6b935ef6,3869519,1,29,779,27886,Left Midfield,Incomplete,0,43.1,6.3
d89c7f48-d101-4af1-8f95-42ab00dfa217,3869519,1,30,785,5463,Right Center Midfield,Complete,1,38.9,75.2
0a03f60c-c0e7-426e-83da-b4c1f0ae79fc,3869519,1,40,779,38718,Left Defensive Midfield,Incomplete,0,54.4,2.7
f6cf5253-c013-4305-9a12-8be85aa606b2,3869519,1,46,785,11603,Right Wing,Incomplete,0,87.6,75.2
2d6be3c6-8a9a-42a2-ab10-3c75afbcf4f9,3869519,1,46,785,5456,Left Center Midfield,Incomplete,0,59.4,3.9
80a92dad-1e6b-44bc-a6a7-4db288930e20,3869519,1,46,779,5503,Right Center Forward,Complete,1,74.8,76.2
faca4451-c0ef-436b-bf0a-1db6bc0ca92b,3869519,1,47,785,5460,Center Forward,Complete,1,77.7,5.3
6883ddab-4993-488c-b61a-cd76f2c51e47,3869519,1,48,779,5503,Right Center Forward,Complete,1,80.0,55.3
a0c97bfd-25d5-4a7d-a69a-68374f900f5c,3869519,2,53,785,3441,Right Wing,Incomplete,0,75.5,23.4
cc55ec63-1bc6-4754-add5-f50229aa5aec,3869519,2,55,785,5456,Left Defensive Midfield,Complete,1,75.2,53.0
3a417fb2-9d44-4b2b-8d5a-6e7469f844d3,3869519,2,57,785,16527,Left Wing,Complete,1,99.8,14.5
038f5b40-7e1e-430a-ad16-f469241d7692,3869519,2,62,785,5456,Left Defensive Midfield,Incomplete,0,68.2,28.2
cf52ac87-e8d7-44f7-8591-33a1cf64eba3,3869519,2,63,785,29163,Right Back,Incomplete,0,82.2,67.5
bb8ae53f-5462-4fb2-b7db-f63a16097cca,3869519,2,64,779,5503,Right Center Forward,Complete,1,54.0,66.1
770344fa-a962-41c1-8b5c-7a598e1de0d7,3869519,2,65,785,5463,Right Defensive Midfield,Complete,1,25.9,46.5
f1262247-4183-455a-b78c-55fca71ff182,3869519,2,68,785,5460,Center Attacking Midfield,Incomplete,0,104.8,5.4
ad995cf5-334a-4164-bf3b-c4da4eecd27a,3869519,2,68,779,5503,Right Center Forward,Complete,1,68.5,77.6
4009a20a-7323-4d5b-8fa8-ba2d8d5d2b31,3869519,2,68,779,5503,Right Center Forward,Complete,1,116.1,59.6
af2251d8-f22d-4a33-a4e3-2a7e96fce82d,3869519,2,74,785,5456,Left Defensive Midfield,Complete,1,45.4,2.7
7dfbee4a-a7aa-4e61-9bf8-ade60eca8da5,3869519,2,79,785,22041,Center Attacking Midfield,Complete,1,80.8,14.8
22912921-2553-479f-a872-f45f92dd9aaf,3869519,2,83,779,5743,Left Center Forward,Incomplete,0,109.6,57.6
ce326ff1-e918-42ec-b725-2b9727e338a3,3869519,2,83,785,22041,Center Attacking Midfield,Incomplete,0,79.3,17.6
8c2865bf-e5a7-4d6e-ba31-42a6f78c0d8c,3869519,2,87,785,28914,Right Defensive Midfield,Incomplete,0,55.7,53.3
df5ca238-d195-4c1e-95d3-c885bbdfa8fa,3869519,2,88,785,7693,Center Forward,Complete,1,68.3,17.7
39c1286e-f4a4-49e9-be7a-c37b00d0a498,3869519,2,91,785,28914,Right Defensive Midfield,Incomplete,0,67.9,62.4
8aaf3d4b-891f-44a6-8373-c1f647a018f7,3869519,2,94,785,22041,Center Attacking Midfield,Incomplete,0,85.8,23.4
56ece25d-3126-4ea4-ac1f-8bde047810cb,3869519,2,94,779,21081,Right Wing Back,Complete,1,102.2,73.0
60a704c4-450a-40ca-be39-404fb66e5919,3869354,1,3,768,30714,Left Center Midfield,Incomplete,0,86.8,4.9
23598193-eabc-41be-8348-b2d5de7d0f68,3869354,1,9,768,4354,Left Wing,Incomplete,0,28.6,2.2
a31bb03b-209e-4ed0-a38e-b58d6414bdc0,3869354,1,11,771,5487,Center Attacking Midfield,Complete,1,27.7,72.4
4cc001d6-1d5f-47d9-801b-a51ab08d776a,3869354,1,16,771,3009,Left Wing,Complete,1,88.9,42.1
ceed41db-fae6-45da-96ae-45fdb823155f,3869354,1,21,768,3244,Right Center Back,Complete,1,56.9,44.7
33229716-5721-444c-bd61-1bc063f906d0,3869354,1,32,771,3009,Left Wing,Incomplete,0,96.4,14.6
716cc435-5542-4992-87fa-254beaf44a25,3869354,1,33,768,22084,Right Wing,Incomplete,0,101.0,55.3
571c837a-fee1-4611-84f1-559b5f20551e,3869354,1,34,771,5487,Center Attacking Midfield,Incomplete,0,116.6,71.0
cd96fa27-8cd5-42c9-8cc9-81656d42b839,3869354,1,42,768,3205,Right Back,Complete,1,42.0,75.8
bdc1389f-2fed-4ade-bebb-1ef6be7b6e1d,3869354,1,43,768,3943,Center Defensive Midfield,Incomplete,0,90.5,23.6
cfdbb7b9-afba-478d-bb86-9825405fad8a,3869354,1,43,771,5477,Right Wing,Incomplete,0,89.9,63.7
9ea9505c-d693-41ce-aeb6-4235b5ec5404,3869354,1,46,771,3009,Left Wing,Complete,1,75.1,7.2
40c48f98-3320-4a97-b970-3ddfc212159c,3869354,2,48,771,3026,Left Defensive Midfield,Complete,1,78.6,4.2
e15fd916-ff2b-4685-8ef5-09240b8bffed,3869354,2,51,771,3009,Left Wing,Complete,1,51.8,4.2
5bce3027-0663-4840-9a9c-9b3c46e7541c,3869354,2,55,771,3009,Left Wing,Complete,1,113.6,15.5
adf089d7-9adc-435a-8e24-cbb7685a7515,3869354,2,61,768,4354,Left Wing,Complete,1,33.8,7.0
51a460d7-2b94-4e26-a67a-977a829c7980,3869354,2,89,771,3009,Left Wing,Incomplete,0,107.4,35.6
ad9630e0-ca6c-4678-8e64-f2c488b2b75f,3869552,1,3,788,5237,Right Wing,Incomplete,0,60.9,76.3
90e0e852-1483-4196-ab93-05b47f48cf3e,3869552,1,6,771,3009,Left Wing,Incomplete,0,70.0,36.9
b0f7f79b-9cff-493d-a1ca-e3cb7936edd3,3869552,1,6,788,46258,Left Defensive Midfield,Complete,1,50.1,41.2
83e19487-3930-4143-a168-d6b47c87345b,3869552,1,7,788,46258,Left Defensive Midfield,Complete,1,68.6,14.1
c6df275c-df0a-4e76-b79a-fe8e93682ffc,3869552,1,8,771,3009,Left Wing,Incomplete,0,80.4,4.2
699716c8-13c8-442f-a7db-ca04c18c389f,3869552,1,10,788,5237,Right Wing,Incomplete,0,105.8,73.1
5f2187ea-30c9-4dd0-9fcc-0d63269f3524,3869552,1,10,771,5477,Right Wing,Complete,1,65.4,71.4
d57cccad-15b2-413d-96a9-457f59ad3542,3869552,1,21,771,5477,Right Wing,Incomplete,0,56.4,71.0
9ae3abed-c79d-491a-8c40-a0d734e4e88e,3869552,1,23,771,3009,Left Wing,Incomplete,0,92.3,24.9
758d2da1-4fec-4e49-ae86-e29f7158f4bc,3869552,1,29,788,23774,Right Center Midfield,Complete,1,50.0,75.1
ee5a3bc6-0a5f-4bb9-a0fc-52d20939699b,3869552,1,36,788,6301,Center Forward,Incomplete,0,72.5,4.8
f7625dcd-acc2-4fe9-8823-8679b2a3575c,3869552,1,42,788,5237,Right Wing,Incomplete,0,71.9,77.7
55f8d4a5-a9f2-4240-87d2-89b3db3e4fc2,3869552,1,42,788,15890,Left Back,Incomplete,0,45.6,19.0
8cd0fa3a-c67b-4cad-8bb2-144b2570bcc0,3869552,1,45,788,5237,Right Wing,Incomplete,0,115.9,71.3
a3f662c2-51fa-4063-807b-1c289458891d,3869552,2,50,771,3009,Left Wing,Complete,1,79.7,3.8
0148a948-279b-4ec9-a1ed-a781b567193f,3869552,2,61,771,5487,Center Attacking Midfield,Complete,1,93.7,65.4
1f33d169-5c3c-48dd-a2b9-16d09155fcfd,3869552,2,61,771,5487,Center Attacking Midfield,Incomplete,0,92.9,61.3
bdff2a72-fc1a-48e3-932d-c9c48d6fc705,3869552,2,61,788,23774,Left Center Midfield,Complete,1,52.6,10.5
bdf7933e-1dc6-47eb-85a6-bf36045fc31a,3869552,2,61,788,46258,Right Center Midfield,Incomplete,0,109.8,71.0
90c1dcd2-f1f1-4e87-a482-6f07d16d5126,3869552,2,65,771,2972,Left Wing,Complete,1,104.0,12.0
3b135fb2-e4e8-483e-9592-20605d043197,3869552,2,65,771,2972,Left Wing,Incomplete,0,104.0,12.4
3e513f17-ec80-495f-9743-ca063e992409,3869552,2,68,771,5477,Right Wing,Complete,1,63.3,76.2
0ec83684-a60f-4356-82bb-3d47d82d1300,3869552,2,73,771,11990,Left Center Midfield,Complete,1,53.1,15.6
9faf95aa-a83b-442d-aa4f-ab737c9a63ff,3869552,2,75,788,59493,Center Forward,Complete,1,106.4,32.2
b8757190-4d0d-4c29-ab9c-e7cb0b2f72b9,3869552,2,78,771,3009,Center Forward,Complete,1,93.1,33.5
ea86808e-0da1-440f-9f7e-cb47eb85182a,3869552,2,78,771,3009,Center Forward,Complete,1,103.1,27.5
52b19f7c-42bb-4091-9a05-3a2dbf6fdc96,3869552,2,80,788,21736,Left Center Forward,Incomplete,0,105.1,22.6
9f63c6c5-f396-4d0a-b0e1-7a92256b9a3b,3869552,2,90,788,46258,Left Defensive Midfield,Complete,1,80.7,14.5
92990f51-573f-4112-9015-7ba614a4dd8c,3869552,2,91,771,3009,Center Forward,Complete,1,74.9,22.8
d6b79bd5-34e3-4cb6-9b8e-88f56ba17396,3869552,2,93,788,149714,Left Midfield,Complete,1,114.1,16.8
eaafb09a-12ca-40de-828a-d610f29779d9,3869420,1,2,781,22600,Right Defensive Midfield,Incomplete,0,52.8,70.2
9e6c988b-e477-4599-9433-bc7aaef0de75,3869420,1,7,781,4320,Center Attacking Midfield,Incomplete,0,75.9,11.2
ad649a6f-623f-487c-a4e4-e4e7381856c9,3869420,1,7,781,18395,Left Midfield,Incomplete,0,88.0,6.4
3b445c25-3b2a-4c07-85c3-b7bc047db786,3869420,1,8,781,18395,Left Midfield,Complete,1,20.3,8.8
e84621da-424b-4597-8494-ab84fdb3ae4d,3869420,1,14,781,4320,Center Attacking Midfield,Incomplete,0,37.2,4.4
1b674651-9c3e-4eb3-955e-4d6be95f7cdf,3869420,1,16,785,5460,Center Forward,Incomplete,0,62.5,73.3
581a4ac9-4c32-49fe-8bba-26c8ad380e12,3869420,1,17,781,4320,Center Attacking Midfield,Complete,1,63.2,15.5
bdeb122d-349f-4ef4-a94c-05b1959daed8,3869420,1,21,781,4372,Right Center Back,Incomplete,0,78.3,62.0
4d3b32e7-27ea-4ffa-9bc2-e31074097b6a,3869420,1,26,785,11603,Right Wing,Incomplete,0,33.6,74.0
e41b9484-9fca-4d42-a88a-ca218b7f9e7c,3869420,1,27,781,4320,Center Attacking Midfield,Incomplete,0,86.0,42.7
246372e0-49eb-4f69-98be-82c9c189b858,3869420,1,30,781,4320,Center Attacking Midfield,Complete,1,75.5,23.2
ec490b1b-9674-4b5b-8930-d90bea80a8bf,3869420,1,31,785,33018,Left Center Back,Complete,1,26.1,10.4
a39817ff-8998-441e-8f10-3101a89bc33c,3869420,1,32,781,3280,Center Forward,Incomplete,0,46.3,69.9
06c08c62-2ec2-49cd-978f-ffcf74f5e607,3869420,1,33,785,5456,Left Center Midfield,Complete,1,63.4,7.1
0bbe1388-ba81-46e4-92fb-f0168bb64fce,3869420,1,36,785,5469,Center Defensive Midfield,Complete,1,82.4,18.8
c3aee71c-6460-47a9-93e1-e34b7ed39cde,3869420,2,45,781,10595,Right Midfield,Complete,1,80.3,58.5
4ea4b2e0-7bd0-4ac2-99f1-a504c8689c25,3869420,2,54,781,4320,Center Attacking Midfield,Complete,1,75.1,18.9
58664542-6721-4669-b2e1-ff9690720aa0,3869420,2,54,781,4320,Center Attacking Midfield,Incomplete,0,78.1,19.7
2a1946a6-4411-4d00-84d2-b0c2eab9fa67,3869420,2,54,781,18395,Left Midfield,Complete,1,102.8,17.2
78a970e7-7717-44a4-91f8-b3ce4851fe05,3869420,2,55,781,3295,Right Center Back,Incomplete,0,65.6,70.4
d143b60e-2de7-4929-922d-5ab641b69b8b,3869420,2,59,781,4320,Center Attacking Midfield,Complete,1,82.2,13.2
71268140-0169-490f-8c61-984b5a3e12fc,3869420,2,61,781,22600,Right Defensive Midfield,Complete,1,35.0,0.7
cc62d471-7d05-4fd4-9c64-513353d25f5a,3869420,2,67,785,11603,Right Wing,Complete,1,45.2,72.4
0eca509f-9f6d-46db-8533-b4b2fa96d038,3869420,2,70,785,29163,Right Back,Complete,1,69.4,75.1
f59a7d57-f710-4a92-b4f5-dedc64110751,3869420,2,72,781,25363,Right Midfield,Incomplete,0,101.2,61.5
0dbd7696-95fb-4422-bd5d-62806a1e968e,3869420,2,78,785,7693,Center Forward,Complete,1,68.3,62.1
39136a6e-7f1b-4df0-b7c4-dde19ceeab9e,3869420,2,81,785,5469,Center Defensive Midfield,Complete,1,68.0,76.4
29085c13-b5e7-4a0b-af66-b11cb313b6a3,3869420,2,89,781,25104,Left Midfield,Incomplete,0,90.9,21.3
aeb3be4b-85e8-4854-9e36-0a1f0743ea99,3869420,3,93,781,4320,Center Attacking Midfield,Incomplete,0,86.3,55.2
0aa51b5d-763c-4201-b87e-5bea61162d16,3869420,3,95,781,25363,Right Midfield,Complete,1,56.4,67.8
c87d72ea-0937-45d6-a754-b8c7a55ea068,3869420,3,99,785,3441,Right Wing,Complete,1,92.3,73.7
01aa5ffb-ed07-41b2-a8a1-041cfe2c2c00,3869420,3,101,781,5539,Left Defensive Midfield,Complete,1,19.8,52.8
0c696498-3444-4bfc-9a9a-16e5478eae5c,3869420,3,102,785,7693,Center Forward,Complete,1,99.8,11.6
23ecc3cf-d84f-4b3b-a294-1ccc3550202d,3869420,3,103,781,25363,Right Midfield,Incomplete,0,84.8,76.2
fd22414c-792e-465f-b576-ca99f2add207,3869420,3,104,781,25363,Right Midfield,Incomplete,0,92.1,70.6
c0c532c6-1a6b-4b7a-9b57-38b921367ccd,3869420,3,105,781,25363,Right Midfield,Incomplete,0,101.4,75.9
9d562f5b-d6dd-483c-9f1c-3378fd50b06e,3869420,3,105,781,4320,Center Attacking Midfield,Complete,1,115.2,43.7
4dc62d26-25e5-45d9-85f9-807385109af2,3869420,3,107,785,3441,Right Wing,Complete,1,92.1,75.2
88ee86a4-538b-4175-9a6e-de1e7cd3e36c,3869420,4,107,781,25305,Center Forward,Incomplete,0,62.4,2.6
05ddffde-4c65-47ca-adb5-062c197f9cc2,3869420,4,108,785,5463,Right Center Midfield,Complete,1,108.5,11.6
69a745a1-12f0-4656-bc11-3b3f68941417,3869420,4,113,781,25363,Right Midfield,Incomplete,0,106.6,72.9
8ec33dff-b0b3-4ce5-8b5f-f2cc1cfdc0c7,3869420,4,118,781,25104,Left Midfield,Incomplete,0,82.7,3.4
b7d555ac-34ef-44f7-b2a9-bbbf721688f8,3869420,4,118,781,4320,Center Attacking Midfield,Incomplete,0,64.0,40.8
6bf1dff9-24f9-46c2-a521-ffe5b902e794,3869420,4,120,781,25363,Right Midfield,Incomplete,0,100.4,73.7
d891b450-c578-4b2a-b4f1-67ab5b6041e0,3869220,1,3,772,16532,Left Wing,Complete,1,80.1,2.5
ac00016d-6d99-4399-814b-b30ded35bc12,3869220,1,6,788,3625,Left Wing,Complete,1,108.9,8.5
4fa1a599-43ae-4d0c-a67a-9783a694e9a6,3869220,1,6,788,3625,Left Wing,Incomplete,0,113.4,10.4
c81f566b-ce31-48b2-b0cc-94d604011c76,3869220,1,17,788,5219,Left Center Back,Incomplete,0,39.4,25.0
d46b945b-f822-4009-a6ab-cd6005b913d7,3869220,1,19,788,3625,Left Wing,Complete,1,45.8,4.7
bce63122-7935-4c64-9f62-1e94791fbf58,3869220,1,19,788,3625,Left Wing,Complete,1,52.4,8.9
8873bdfb-3d3f-44c7-948d-d32f0c551c67,3869220,1,19,788,5237,Right Wing,Complete,1,74.1,78.2
4eb7cb57-ddd4-46be-8695-08de60312558,3869220,1,21,788,3625,Left Wing,Complete,1,81.1,7.0
c5729210-5814-4565-bb38-c94fc33f5ad0,3869220,1,23,788,3625,Left Wing,Incomplete,0,70.6,42.9
4e35cc49-2eba-4091-9086-99cd384302ee,3869220,1,27,772,30486,Left Center Midfield,Incomplete,0,76.2,10.8
b15a6557-0d8a-4ceb-bf50-9630aa8a80b1,3869220,1,28,772,30486,Left Center Midfield,Incomplete,0,68.5,29.0
7acbedc5-0957-4b9b-9152-1ccdcd3cc632,3869220,1,29,772,5211,Left Back,Complete,1,62.7,1.6
c83bff9d-8aa2-4221-8a06-055a266aa013,3869220,1,30,772,30486,Left Center Midfield,Complete,1,94.6,15.3
48b7db42-61ba-47ba-9937-ef2345c9a91c,3869220,1,32,772,5211,Left Back,Complete,1,14.2,12.1
ab9b8f79-7c09-40d0-9406-f39960c5b754,3869220,1,32,772,6748,Right Wing,Incomplete,0,34.9,39.1
34df50c0-9b0a-4a26-8171-294ab9e05dad,3869220,1,34,772,6748,Right Wing,Complete,1,113.6,56.4
0b8f7e17-bd40-4b17-be0b-f0736c2d4901,3869220,1,41,788,3625,Left Wing,Complete,1,113.2,24.1
eab6953b-2c52-42f4-84ba-7dd68b9fe0f1,3869220,1,44,772,6748,Right Wing,Complete,1,86.0,74.8
b023caec-f6b5-4397-986d-0b842f81f38f,3869220,2,48,788,23774,Left Center Midfield,Incomplete,0,99.7,51.5
b8313fb2-650b-4251-9ad7-7730b3dd4a65,3869220,2,55,788,5245,Right Back,Incomplete,0,37.9,70.7
dd631c69-818d-4d6c-b552-6538d7562636,3869220,2,55,788,3625,Left Wing,Complete,1,58.2,9.3
0526c57e-2714-4461-af1c-e648df999792,3869220,2,57,788,6301,Center Forward,Complete,1,92.0,8.3
c13c525a-a5fa-44f1-9782-4ddde719d33a,3869220,2,58,772,16532,Left Wing,Incomplete,0,104.0,11.1
73acc8df-58c2-4f78-95a1-466fbd6f5ef2,3869220,2,71,788,23774,Left Center Midfield,Incomplete,0,72.1,20.5
a53a1420-8fc6-4744-a5f6-9ab958281c4f,3869220,2,73,788,46258,Right Center Midfield,Complete,1,69.4,76.3
b004f0cb-123d-4a4f-bd9f-c9aa57560778,3869220,2,74,772,6748,Right Wing,Incomplete,0,105.9,60.9
51834316-cce4-436d-af42-9e6aa460410d,3869220,2,75,772,5203,Center Defensive Midfield,Complete,1,90.3,54.3
cbfa5ead-97b3-4b78-93a0-b507c2526953,3869220,2,75,788,6301,Center Forward,Complete,1,20.6,30.3
fba3191c-9fbf-47c4-ae4f-5bdafe1601ad,3869220,2,93,772,68574,Right Wing,Incomplete,0,84.3,78.0
c1aef800-8f7e-40ee-a190-c31e797106ed,3869220,3,96,772,68574,Right Wing,Incomplete,0,110.4,62.2
6cd15261-c2ac-4572-aa23-57305be5dfbe,3869220,3,96,772,68574,Right Wing,Complete,1,104.9,76.3
0dc0cf1c-12e1-47ea-9eb3-5a61561c5fa0,3869220,3,98,772,68574,Right Wing,Incomplete,0,88.2,77.0
5588c855-e660-4a90-ac32-55fdb9a82359,3869220,3,103,772,30486,Left Center Midfield,Complete,1,3.0,23.3
8f5a8026-c190-42bc-8b80-a58d84acf124,3869220,3,103,772,30486,Left Center Midfield,Complete,1,42.8,7.2
2f019f97-874e-4d79-b6a8-cba11ba41e52,3869220,4,111,772,6583,Right Center Midfield,Complete,1,92.0,51.3
62059e0e-7600-46e6-974f-742f54710da3,3869220,4,117,772,68574,Right Wing,Complete,1,111.1,63.9
a55f8514-92a5-40c3-9f7a-996f3d4f2b11,3869220,4,119,772,30756,Left Wing,Incomplete,0,94.2,8.3
aaa7904b-6494-497e-b344-4ccac3369a59,3869219,1,5,778,8361,Right Wing,Incomplete,0,29.3,69.8
8a4bb3f6-07ee-46ba-a869-ad320ae20b12,3869219,1,6,785,5463,Right Center Midfield,Incomplete,0,88.5,64.8
8e39a908-c587-4525-ac98-5b63ee1f5128,3869219,1,11,778,9411,Left Wing,Complete,1,27.1,38.2
183aa873-6ba9-4d97-9c87-bc56ae993796,3869219,1,24,778,5690,Left Wing Back,Complete,1,35.3,9.7
42490eff-496d-4d9f-8465-2cdd03045501,3869219,1,31,785,5456,Left Center Midfield,Incomplete,0,81.3,41.7
a6bd81be-436a-42c5-a794-9ae7af0e4eff,3869219,1,33,778,9411,Left Wing,Complete,1,89.2,46.2
2bc36d8f-4fa1-4392-be67-a58ca5cd01be,3869219,1,34,778,8361,Right Wing,Complete,1,82.2,74.2
6adb3866-11d9-4d6b-ade4-287d681d17ff,3869219,1,36,778,9411,Left Wing,Complete,1,72.6,36.9
05fd47e0-1f43-49c8-97df-295f07136c2b,3869219,1,40,778,9411,Left Wing,Complete,1,113.5,25.8
5ccd7cf9-ce57-4482-a991-942a92f05c4d,3869219,2,45,778,3300,Center Back,Complete,1,39.7,67.8
481130e8-f228-4f0a-a7e1-56fda06a8e17,3869219,2,49,778,8361,Right Wing,Complete,1,67.2,41.9
56ebcf0b-e5ef-485a-9199-f4dfcd83177e,3869219,2,52,778,23527,Right Wing Back,Complete,1,86.7,77.5
91e90df8-bc00-4467-8b2f-fdce158d1773,3869219,2,56,778,8361,Right Wing,Incomplete,0,81.3,75.9
b42ef6fa-b948-4b13-95d9-01b44ad48026,3869219,2,58,785,5474,Left Wing,Complete,1,111.2,29.5
6b566958-f951-4a79-be28-068993d3a540,3869219,2,68,778,37211,Left Wing Back,Incomplete,0,31.6,6.5
dc19471e-3d98-421c-9734-81d18405cada,3869219,2,84,778,8949,Center Forward,Incomplete,0,117.0,71.2
b48b11f5-2314-441e-bafc-60eb461c19a5,3869219,2,89,778,37211,Left Wing Back,Incomplete,0,62.7,49.1
118e02f6-a759-4390-a884-99195bbfd4db,3869219,4,111,785,28914,Right Center Midfield,Complete,1,89.6,51.8
50366afc-5413-4424-974b-112055bbee9f,3869219,4,120,785,16527,Left Wing,Complete,1,107.8,13.5
49ff9dfd-e01b-433f-9fcd-13fb1378cd27,3869253,1,6,781,10595,Right Wing,Complete,1,88.4,74.1
c66fd321-0088-4d13-b9d8-01e0ec8f987b,3869253,1,6,781,10595,Right Wing,Complete,1,87.8,70.2
a83ac45d-9881-49ec-827a-3d9132ad8ba3,3869253,1,10,781,4320,Center Attacking Midfield,Complete,1,91.0,9.1
33c244c5-3a52-4dcb-8684-af73a18bb59c,3869253,1,17,781,4320,Center Attacking Midfield,Complete,1,70.9,1.8
a58982f0-90c4-4036-bea4-b7d4b7d087eb,3869253,1,18,781,4320,Center Attacking Midfield,Incomplete,0,88.8,7.8
a9602524-f11f-4642-8014-b8822231c2fd,3869253,1,19,791,5620,Left Midfield,Incomplete,0,64.8,27.5
5268c39e-0b6a-4d70-88f7-931e3d3346a5,3869253,1,19,791,23763,Left Defensive Midfield,Complete,1,40.7,43.3
b2d3e266-b110-48fc-8e71-4eba33c5f1c6,3869253,1,19,791,5620,Left Midfield,Incomplete,0,97.3,26.9
b91e018a-6949-473b-bd4f-423cd4bc5439,3869253,1,23,781,10595,Right Wing,Incomplete,0,116.3,65.0
91263eab-0caf-4749-ae5e-94bad0e0bcd2,3869253,1,29,791,40672,Right Back,Complete,1,97.3,72.7
72737c85-ed8f-4ce8-bf52-4888a209401d,3869253,1,31,791,5620,Left Midfield,Complete,1,117.1,23.7
aa624a5b-7a84-4668-99d1-d51d29959d25,3869253,1,34,791,5620,Left Midfield,Incomplete,0,98.7,9.9
450a072d-eaa0-4bf5-b1aa-ef7be004cd68,3869253,1,38,791,3083,Left Center Forward,Complete,1,89.7,48.6
30ab5d90-de7f-47f3-8a57-5fcd6c04c8c8,3869253,1,38,791,5620,Left Midfield,Incomplete,0,105.6,27.1
7b8d8469-9883-4765-b447-4cd81ba55885,3869253,1,39,781,18395,Left Wing,Complete,1,46.5,3.4
eb246d3c-438c-4601-ae68-f25c6e51ffcc,3869253,1,43,781,3280,Center Forward,Complete,1,34.4,43.3
50e9ab7a-f4a7-4c1c-9d77-965bee69ef67,3869253,1,47,791,5620,Left Midfield,Incomplete,0,40.9,15.3
6c0a9ac9-aee9-4b95-9d48-828a210132bf,3869253,1,49,791,3083,Left Center Forward,Incomplete,0,95.7,52.4
ddc758e3-c45d-4732-acdb-d71da01591ec,3869253,2,45,781,4320,Center Attacking Midfield,Incomplete,0,80.0,36.8
2b84fb8d-876e-4e21-93d9-bf8595720d13,3869253,2,49,791,40542,Center Forward,Incomplete,0,37.1,59.6
773d4932-530f-4e17-b68e-f74b7bd304a7,3869253,2,52,781,10595,Right Wing,Incomplete,0,64.0,77.5
e8c448a3-1b9c-49c5-8baf-5c128dd523ab,3869253,2,54,781,5539,Left Defensive Midfield,Complete,1,56.6,45.8
33d17c0c-0d64-4dd0-b573-21a1827ac969,3869253,2,55,781,18395,Left Wing,Complete,1,75.4,25.2
ec9ab862-5870-439c-b7a5-873fcebd9333,3869253,2,60,791,5620,Right Midfield,Complete,1,33.6,18.6
c201f7fc-8362-4806-82bc-466270177b0b,3869253,2,65,781,18395,Left Wing,Incomplete,0,62.9,6.4
3f59893d-ed24-4b43-8b47-622b3629f19a,3869253,2,67,781,4320,Center Attacking Midfield,Incomplete,0,57.2,23.5
4dee44eb-30c7-4a58-aac1-93a72d9e3771,3869253,2,67,791,40672,Right Back,Complete,1,57.0,75.8
b7f67c33-7ce2-4d60-975d-0f2af445aa1c,3869253,2,72,781,3280,Center Forward,Incomplete,0,40.6,68.8
91317f2e-97a7-4be4-a549-01e3c2f0734a,3869253,2,78,781,10595,Right Wing,Complete,1,81.9,74.3
941b49f8-2169-4da3-8f52-c402d0faecc2,3869253,2,88,781,29976,Left Midfield,Complete,1,107.5,25.0
f9d4df41-dd1f-4fbb-bb64-f34b26762331,3869253,2,90,781,29976,Left Midfield,Incomplete,0,33.1,7.1
e7b725ab-a818-4760-aeb7-bc592457ef7d,3869253,2,92,781,3280,Center Forward,Incomplete,0,99.6,9.2
0abe82e6-cd11-46ee-bd1f-867a3a9efbf7,3869253,2,92,781,3280,Center Forward,Complete,1,113.9,7.4
84d3eedb-679e-4ce3-922e-37de61ec603b,3869253,2,92,781,3280,Center Forward,Incomplete,0,115.1,10.2
3f7f2b63-587d-47d0-b623-c4d75833e63c,3869152,1,2,771,4445,Right Back,Complete,1,79.5,42.9
c7768393-098c-457d-bd8c-0404102353b0,3869152,1,8,789,4664,Left Center Midfield,Complete,1,28.8,58.4
066be963-89e8-4b3e-b140-1e7df5d0ce32,3869152,1,12,771,3009,Left Wing,Complete,1,116.6,7.5
a1155b30-c4ad-4702-9de9-1fe68b7f6851,3869152,1,13,771,10481,Right Defensive Midfield,Incomplete,0,93.5,27.0
89e6ba69-bcd1-4793-8f39-55747fe05ba2,3869152,1,13,789,31955,Right Midfield,Complete,1,40.6,77.2
6ce0f55b-223e-4678-866d-5ed53b3ef036,3869152,1,19,771,3009,Left Wing,Complete,1,95.4,5.3
83a18f39-b5e4-48eb-b7d2-68037cb3d0e1,3869152,1,23,789,5660,Right Center Midfield,Complete,1,60.0,37.1
a8b9f195-4a9c-4c45-b85d-2594aabada2c,3869152,1,24,789,5673,Left Back,Complete,1,75.0,8.0
f39b0f05-048b-459e-b45c-f07ab9aeb1fd,3869152,1,25,771,3009,Left Wing,Complete,1,71.9,5.0
585b4525-1ad0-4709-b367-2116693d8ac6,3869152,1,30,789,3637,Center Defensive Midfield,Complete,1,50.7,62.9
8f4c6587-c941-445d-b8e9-80b43676dea0,3869152,1,33,789,5673,Left Back,Complete,1,113.5,19.5
5bce32ad-ffaf-4629-9ff3-0edb93b836f6,3869152,1,34,771,3009,Left Wing,Complete,1,110.2,20.9
5a6335e3-1808-4ac7-9b8d-33ca2dd1a3c6,3869152,1,37,789,5673,Left Back,Complete,1,107.8,10.5
517980fc-aac5-48f2-a104-5abf11ed0522,3869152,1,37,789,5673,Left Back,Incomplete,0,116.8,17.0
e6df20ff-1c57-4d23-bc9c-05026113a07d,3869152,1,44,789,31955,Right Midfield,Complete,1,75.2,76.2
67a0c375-76f0-474c-b1a3-f785ce0774eb,3869152,2,49,771,5485,Right Center Back,Complete,1,13.9,62.2
31d93290-39ca-4155-9bb7-441d6dd1d720,3869152,2,50,771,6704,Left Back,Complete,1,18.0,13.4
097b8a3a-a0bc-4da2-8f5a-5f66ef70af26,3869152,2,50,771,3009,Left Wing,Incomplete,0,79.6,10.2
05d61382-21c2-400e-b013-5da169bc09c4,3869152,2,65,789,5668,Center Forward,Incomplete,0,82.0,76.3
c194a237-1f0b-4c20-8393-efae7d031318,3869152,2,71,771,3009,Left Wing,Complete,1,90.3,13.0
b28f723f-0bb3-4254-9aa3-afe8f8f44f2c,3869152,2,71,771,3009,Left Wing,Complete,1,86.5,24.3
be57f4e9-06c8-457c-83eb-882dc7c1d786,3869152,2,80,771,3009,Center Forward,Complete,1,102.9,22.8
ba37bcf5-c4ca-4c40-bed8-720f7ada1094,3869152,2,93,789,5667,Left Wing,Complete,1,113.9,7.2
af268a89-a967-4ab6-a8f4-477eed8f5a13,3869152,2,94,771,5487,Center Attacking Midfield,Incomplete,0,63.4,38.7
031a03da-0f44-49c3-a3b9-fbe49ebf9dfe,3869117,1,0,1839,21881,Right Back,Complete,1,84.7,72.1
39337149-d993-4a8c-b4bd-790498f9607c,3869117,1,3,1839,8246,Left Wing,Complete,1,90.1,10.4
30ce104c-53ef-41e9-8383-6ba881ef2329,3869117,1,8,941,2988,Left Center Forward,Complete,1,108.7,24.3
88918a52-d8ae-4a23-875c-d2bce1d0ec78,3869117,1,16,1839,4614,Left Back,Complete,1,69.3,23.1
4de02d97-56ad-462f-882c-bf22d7d6e9d5,3869117,1,18,941,8125,Right Wing Back,Incomplete,0,46.3,75.1
f278ce51-c5bc-4ebc-a493-ad5ff5396b36,3869117,1,19,941,20750,Right Center Forward,Incomplete,0,68.9,64.1
5da5d01e-b2a4-4629-ba31-c749a1235280,3869117,1,21,1839,8246,Left Wing,Incomplete,0,93.7,12.4
dac38a13-c67c-49cc-bcdb-bda6b423f6b0,3869117,1,27,941,2988,Left Center Forward,Incomplete,0,116.2,24.6
1f985593-791f-4cc1-995e-b6b2ae29e447,3869117,1,38,1839,4614,Left Back,Incomplete,0,100.0,6.5
d272c56f-7a20-43e3-b528-90081665844f,3869117,1,44,941,3311,Left Wing Back,Complete,1,33.8,15.6
2ef301e7-b5f9-4a14-97bf-48adb0b6e77c,3869117,2,47,941,8259,Right Center Forward,Incomplete,0,80.1,51.3
e920d97b-54ef-4d16-8d12-987bd95baea3,3869117,2,49,941,2988,Left Center Forward,Complete,1,62.8,22.1
fc68dcb1-9fbe-46e3-a62b-918d93528bc4,3869117,2,50,941,8118,Left Defensive Midfield,Incomplete,0,68.0,55.3
c282a9eb-18a0-412d-b3d7-70d4d4d51a26,3869117,2,54,941,20750,Center Attacking Midfield,Complete,1,52.4,72.9
88aa60d8-da67-4fa9-936c-b4448b96d239,3869117,2,54,941,20750,Center Attacking Midfield,Complete,1,53.3,70.9
7e09b33b-fe2b-4236-b796-32e4b58f9ea0,3869117,2,54,1839,4614,Left Back,Complete,1,15.5,20.4
b3457e20-fedf-40af-9601-41f196b940ea,3869117,2,63,1839,8246,Left Wing,Incomplete,0,90.8,27.4
0ecd0f25-d6c9-4cbe-b5d9-14b6b98a5420,3869117,2,66,1839,21881,Right Back,Incomplete,0,102.0,76.7
f354dbd0-da24-455b-b133-baf2b9668ca0,3869117,2,67,1839,21881,Right Back,Incomplete,0,107.7,74.7
f5525d95-e37e-4198-9958-e9e8da90c3d1,3869117,2,68,941,20750,Center Attacking Midfield,Incomplete,0,92.2,60.7
9b7c1f59-9229-482c-9480-40a67a59f348,3869117,2,70,1839,21881,Right Back,Complete,1,33.4,63.5
8ae1bd23-5b4d-418e-8b40-e0f1383e832c,3869117,2,72,1839,24243,Left Center Midfield,Incomplete,0,65.6,19.6
c06cc42a-89f5-4b0c-83b0-92d3341fb499,3869117,2,74,1839,21881,Right Back,Incomplete,0,90.4,73.0
5971bee6-90d0-4791-9746-f9f2d3bb82cc,3869117,2,77,941,20750,Center Attacking Midfield,Complete,1,86.7,56.7
cdc2e491-2c7f-4a3e-a8e3-1fae671b2db0,3869117,2,80,941,2988,Left Center Forward,Incomplete,0,87.1,19.8
081f56fe-9ece-4e40-b620-968fc476a5f5,3869117,2,86,1839,38792,Right Center Midfield,Incomplete,0,23.0,7.5
3317e621-21d2-46c2-ab8d-00310758e408,3869117,2,87,941,3311,Left Wing Back,Incomplete,0,82.4,7.1
77ca9436-980b-4260-aebd-a9e25632100c,3869117,2,89,1839,8246,Left Wing,Incomplete,0,98.5,25.4
2d8866f6-8ecf-4677-ba4a-922ca09bd0fc,3869117,2,89,941,8259,Right Center Forward,Complete,1,108.9,31.6
a3ab8fd9-5228-4933-989a-670765916276,3869117,2,89,941,8259,Right Center Forward,Incomplete,0,107.8,32.0
62502a6e-a822-4469-a009-a1b3d56349e0,3869117,2,92,1839,38792,Right Center Midfield,Complete,1,107.7,72.7
9fdd5ce2-825b-4c59-bc82-03cbb4fc802f,3869117,2,93,1839,24243,Left Center Midfield,Incomplete,0,105.1,70.0
6067d857-f416-4fe3-89ac-8cd43ea75fd8,3869117,2,94,1839,34339,Right Wing,Complete,1,116.0,68.3
15a24c52-24d7-44ad-b9a5-f278e517b399,3857270,1,20,780,41092,Left Back,Incomplete,0,48.8,6.9
1f31213f-cca8-46c0-924b-d96f3b2b2db2,3857270,1,23,780,3193,Right Center Midfield,Complete,1,108.5,57.2
ad0a5348-5e4c-40b8-ad9b-44148ee6cbc2,3857270,1,29,780,7005,Right Back,Incomplete,0,30.7,72.6
94f4870d-2e91-429c-af59-7a4b21668720,3857270,1,31,783,5260,Center Defensive Midfield,Complete,1,97.0,40.1
00114693-a301-410d-ad63-e64fb88ca27e,3857270,1,35,783,5260,Center Defensive Midfield,Complete,1,71.7,20.0
c1b6a8b6-3932-4fc4-813d-1628fb9994c6,3857270,1,36,780,41092,Left Back,Complete,1,74.5,5.3
1971346b-4156-4ce5-903a-35a903da03d5,3857270,1,42,783,5259,Right Center Back,Incomplete,0,83.4,56.4
fa848300-7e0f-4dcf-81da-c81bd3066994,3857270,2,59,780,7005,Right Back,Incomplete,0,51.3,77.3
a31cca10-2433-428f-9800-55219ca9467f,3857270,2,59,783,6773,Right Center Midfield,Complete,1,88.6,58.8
bc32cafc-292e-4172-83ec-9dd83659d06b,3857270,2,69,783,5258,Left Midfield,Incomplete,0,96.4,45.6
9225ff4b-3c12-4bb4-93ab-68db1e102e04,3857270,2,69,780,5207,Center Forward,Incomplete,0,105.0,64.8
938ceecc-430d-4bcb-b78b-4ad96e31ca61,3857270,2,73,780,5204,Right Center Midfield,Incomplete,0,47.1,41.6
d4639180-1b01-4a3d-8fc3-12c0ac5bfa74,3857270,2,82,780,12169,Center Defensive Midfield,Complete,1,28.9,5.0
9c0aae60-37c8-4d66-9eea-5a97d829c905,3857270,2,88,780,5204,Right Wing,Incomplete,0,103.8,48.2
fe6a359e-4896-4072-85fc-52cace12313e,3857270,2,94,780,3193,Center Attacking Midfield,Incomplete,0,86.1,73.8
a82b4ad0-5ad9-42f2-9ec3-25f81e9e8c2d,3857270,2,94,783,34476,Left Back,Complete,1,56.3,5.2
45a6d5a2-494f-4943-9307-137318721536,3857270,2,94,780,7005,Right Back,Complete,1,51.8,67.4
66669ba3-6941-42f9-b271-fc57392ec090,3857270,2,95,780,5209,Left Back,Incomplete,0,93.9,21.8
e76c1d60-3333-4c2a-b090-b0d6d52b9f60,3857270,2,95,780,18360,Left Wing,Complete,1,23.9,31.5
3bb03713-b87c-4f11-b550-633f3b9f7912,3857270,2,97,780,5204,Right Wing,Complete,1,60.1,13.0
5336122a-1f16-4df7-99a4-a67e9c049839,3857263,1,1,772,6748,Right Wing,Incomplete,0,38.1,12.4
c3912abb-1fb4-4dae-a996-0034a1e2ce93,3857263,1,1,770,10287,Center Attacking Midfield,Incomplete,0,83.0,59.8
386eb621-8698-41e2-8da2-e912abfbb169,3857263,1,4,770,8400,Right Wing,Complete,1,33.2,65.8
57d73945-0c58-453c-8be8-1f4435306d22,3857263,1,7,770,8400,Right Wing,Incomplete,0,32.4,45.7
2ba22b99-1872-44a0-aa5e-22806070419e,3857263,1,8,772,6748,Right Wing,Incomplete,0,101.6,64.0
ff6adefd-cb21-4da3-971a-5a060956b19b,3857263,1,12,772,16532,Left Wing,Incomplete,0,105.0,17.9
32bf9044-4766-4834-9783-3c9d73837267,3857263,1,12,770,39565,Left Wing,Complete,1,71.0,67.5
7878c4ab-24b3-4ab5-b92c-b165f077372b,3857263,1,12,770,39565,Left Wing,Incomplete,0,76.1,71.4
cdd956e2-5926-4ed1-baf8-352bed461ef7,3857263,1,16,770,39565,Left Wing,Complete,1,58.3,47.1
383904fb-3ba6-44ac-8b84-a9488e8aae05,3857263,1,18,772,6748,Right Wing,Incomplete,0,72.8,77.0
9988c435-5d5e-4d0b-bc7a-a5106e0b93e7,3857263,1,19,770,39565,Left Wing,Complete,1,59.8,10.9
56ff3c37-6361-43a2-92f6-7297d8095a38,3857263,1,21,772,30486,Left Center Midfield,Complete,1,50.4,55.1
0574ffe6-aaa3-4dc7-b73d-f61ed286fb31,3857263,1,24,770,10287,Center Attacking Midfield,Incomplete,0,104.8,42.1
a1bfb0a2-f6fe-497a-8d67-a4daf10d6f09,3857263,1,24,770,8400,Right Wing,Complete,1,104.2,59.0
4087c54a-45df-4d44-b314-6802589231d7,3857263,1,28,772,30486,Left Center Midfield,Complete,1,45.5,16.9
f6f22261-0c87-441a-99ef-20d3292196e1,3857263,1,30,772,133353,Right Center Midfield,Incomplete,0,40.5,47.4
4de9e56f-e9ab-4580-a1c0-15e6928ff214,3857263,1,31,770,6324,Left Defensive Midfield,Incomplete,0,77.6,53.2
29d1dc68-182a-4816-9ea0-301d0e180ae1,3857263,1,33,772,5203,Center Defensive Midfield,Complete,1,61.3,23.8
acf6a95b-12dc-4809-9128-dfff3e6a4c25,3857263,1,34,772,16532,Left Wing,Incomplete,0,108.1,21.5
2a3e8abb-e6a3-40f3-a08a-274b1f3a5735,3857263,1,37,772,16532,Left Wing,Incomplete,0,86.6,77.4
59c32aee-935f-4251-84c5-c086d1e38501,3857263,1,37,770,12034,Left Back,Complete,1,33.5,4.9
8e102d09-a020-4847-8696-feae599d5306,3857263,1,42,772,30486,Left Center Midfield,Incomplete,0,96.6,1.6
39003111-0cd3-48bc-a03a-528d06764f43,3857263,2,50,772,5721,Right Back,Incomplete,0,40.7,77.7
b36814a5-1a1d-47c6-accf-70d291a88689,3857263,2,51,770,39565,Left Wing,Incomplete,0,88.1,3.5
2bf40f85-61f6-4466-9506-69116b581ff3,3857263,2,54,772,3477,Center Forward,Incomplete,0,106.4,77.5
23b06529-52e5-45d1-b893-3821e6c30526,3857263,2,59,770,39565,Left Wing,Complete,1,85.6,23.7
9249a09e-5736-4f6e-a19c-d10db14b86d5,3857263,2,64,772,5211,Left Back,Complete,1,47.9,20.5
0061d360-72b9-4787-b4b0-2ae504c16222,3857263,2,67,770,39565,Left Wing,Incomplete,0,84.1,11.3
9248a527-66f2-4688-906d-03d56cd23e7d,3857263,2,68,770,10287,Center Attacking Midfield,Complete,1,69.1,65.3
f48567c9-165c-4b5e-93e8-b26fb2984f30,3857263,2,71,770,39565,Center Attacking Midfield,Complete,1,77.5,72.9
9904b263-fa26-44bc-9688-2849df3d88ae,3857263,2,71,770,39565,Center Attacking Midfield,Complete,1,98.8,73.9
fa5eea64-24d2-4d68-bea4-e869828bcf10,3857263,2,72,770,3053,Right Wing,Complete,1,83.6,67.2
b5c62a46-8043-441c-a249-7e96b101ff19,3857263,2,78,770,39565,Center Attacking Midfield,Complete,1,66.8,73.0
032a0e41-4e25-49f4-8602-d38a1900b01e,3857263,2,78,772,30486,Left Center Midfield,Incomplete,0,46.3,2.5
0d381f34-23fd-40da-a44e-2ca691845ec1,3857263,2,78,770,3053,Right Wing,Incomplete,0,105.6,44.3
eacc2e82-8290-4721-8616-79240ed46239,3857263,2,78,772,68574,Right Wing,Complete,1,27.8,57.5
986000ac-df59-4721-bbbf-3fa4ef72b9c3,3857263,2,79,770,8546,Center Forward,Complete,1,97.4,25.1
4c5b60de-3a00-4db1-995c-12567954b91c,3857263,2,82,772,68574,Right Wing,Complete,1,53.2,72.6
411facb5-7aea-41ca-afe1-f40f9802cb16,3857263,2,82,770,39565,Center Attacking Midfield,Complete,1,101.4,48.6
9f30ef0e-ec94-4b49-94bd-389d9d7c2eb0,3857263,2,91,770,5579,Right Defensive Midfield,Complete,1,65.0,30.5
04b9cd40-ca7b-4d2e-9db9-ed4d8ed78d2e,3857263,2,91,772,16532,Left Wing,Incomplete,0,99.4,25.1
1d159f28-070a-4c69-9f28-377d8bd2522f,3857263,2,94,770,39565,Center Attacking Midfield,Incomplete,0,115.5,75.7
2faa36af-7463-410c-b552-f5c573ba1bdb,3857259,1,5,2722,4935,Right Wing,Incomplete,0,92.7,59.4
ca480ebe-31b9-4a8a-bf33-b6f301e0da28,3857259,1,7,2722,30016,Center Defensive Midfield,Complete,1,64.0,37.2
0ab8d551-726e-40a4-877f-1bde420eb053,3857259,1,10,786,4269,Center Forward,Complete,1,116.6,54.9
19bac36b-c042-4964-bdf8-932d27a1adba,3857259,1,13,786,5589,Left Attacking Midfield,Complete,1,65.7,42.1
27e54b19-9ccd-44e4-ad8e-6f5d8a9478b0,3857259,1,19,786,5589,Left Attacking Midfield,Complete,1,13.7,26.5
4fdbcf64-8f08-495e-b9cc-6e31c10b2037,3857259,1,30,786,5591,Left Wing Back,Incomplete,0,62.3,16.6
29203273-991c-4fdb-b751-7f53a404bbba,3857259,1,30,786,27719,Left Center Back,Complete,1,85.8,9.6
92e84ff9-30f5-4011-bae7-ae5f605e7ad4,3857259,1,37,2722,4935,Right Wing,Incomplete,0,75.1,75.2
cc236b16-cc0e-43e8-94b5-78f8a30722f0,3857259,1,47,2722,13454,Left Back,Incomplete,0,6.9,5.1
9da5371c-79d9-4af2-b97e-3f1f0e57796a,3857259,2,56,786,3831,Right Attacking Midfield,Complete,1,99.4,35.9
1836c621-df9f-4672-9399-2c397fc5689c,3857259,2,57,2722,4935,Right Wing,Incomplete,0,98.2,71.6
3374fdc5-1751-450d-9048-52c6e8ebc40b,3857259,2,59,2722,11174,Center Attacking Midfield,Complete,1,102.7,59.4
7ecef585-0812-485e-8847-a6084577362d,3857259,2,59,2722,11174,Center Attacking Midfield,Complete,1,106.0,53.2
a0c79ef7-21ab-47ab-99de-507c59773a7c,3857259,2,61,2722,11174,Center Attacking Midfield,Incomplete,0,74.1,10.1
c1879f7e-e439-444e-a7ef-a7b45cfb6106,3857259,2,61,2722,3499,Center Forward,Complete,1,78.9,28.2
21f02a6b-b3d4-4264-977d-5d478d0c0dbd,3857259,2,62,2722,11174,Center Attacking Midfield,Complete,1,104.1,51.8
6b72fa05-2a65-4e9a-a52b-b92050966750,3857259,2,70,2722,3499,Center Forward,Complete,1,6.9,54.6
fa9e71a5-2b78-4b2a-a6a6-03160a659058,3857259,2,76,2722,3499,Center Forward,Complete,1,55.3,41.1
444556dc-fd7b-4747-9651-8273337f0647,3857259,2,76,2722,3499,Center Forward,Incomplete,0,103.2,43.2
bef76fc1-8821-44c0-968e-5e07092546fc,3857259,2,81,2722,13454,Left Back,Complete,1,85.3,22.2
c4500225-ae24-4607-9bd7-7f3a672304ac,3857259,2,81,2722,3639,Left Wing,Incomplete,0,76.3,15.8
eae5e045-091c-40ba-9ffa-5e2311428fdd,3857259,2,81,2722,46903,Right Wing,Complete,1,94.1,73.2
1cb46f7b-afc1-4b26-92c5-bb9195d8ea92,3857259,2,81,2722,46903,Right Wing,Incomplete,0,88.6,75.4
b97c171f-9394-4fff-803e-5ccff7cba330,3857259,2,84,2722,46903,Right Wing,Complete,1,98.9,57.0
46d653b5-dc76-4d45-af4e-36b840672438,3857259,2,84,2722,46903,Right Wing,Incomplete,0,110.6,59.6
75b84834-477a-4d0f-ada8-35c8739255fa,3857259,2,86,2722,11174,Center Attacking Midfield,Complete,1,89.1,7.5
c4c989f0-027a-43f1-b6b4-9d59d47c8f9d,3857259,2,91,786,3512,Right Center Midfield,Incomplete,0,73.9,4.5
6eaf902a-bbc4-43b8-993e-c2cdfdc10c38,3857283,1,0,788,5237,Right Wing,Complete,1,57.0,78.1
0aeb285b-541d-4eca-b59d-b11966a49cba,3857283,1,2,788,6301,Center Forward,Complete,1,54.6,53.4
6d1a843b-f796-4083-bda8-ae623016e709,3857283,1,2,782,3089,Right Wing,Complete,1,68.4,35.3
833fd6ba-5cf6-4747-a216-905bcff83fe1,3857283,1,6,788,5237,Right Wing,Complete,1,41.6,75.3
448e8bef-49fd-4baa-94cb-32c763f9a9a7,3857283,1,11,782,3621,Center Attacking Midfield,Incomplete,0,103.1,3.2
ba55127f-6f4d-4bfc-acd5-cf8ed65a2dc4,3857283,1,16,788,3625,Left Wing,Incomplete,0,65.3,13.7
9b75c3f1-73a4-4023-9517-d1ad30fc7ade,3857283,1,18,782,3176,Right Back,Complete,1,101.5,24.5
3994d07a-9060-4c77-9145-d0cee72ce286,3857283,1,19,788,5237,Right Wing,Incomplete,0,100.9,77.7
cf9b70a2-ef98-4e3c-a32f-ada628be6407,3857283,1,19,782,3457,Center Forward,Complete,1,59.1,76.3
1eaaf786-ca41-4abf-8c4e-a1c0a95a691a,3857283,1,22,782,3509,Goalkeeper,Complete,1,2.4,46.7
4a1fd779-6c42-47e2-a5f6-2e654bc4a8cc,3857283,1,30,788,5245,Right Back,Incomplete,0,91.8,69.3
3ac5757d-2d1f-4273-946a-021077b1c411,3857283,1,33,788,3625,Left Wing,Complete,1,58.2,30.0
153a8c97-6ec0-47aa-bd7f-89d835e6df97,3857283,1,35,782,5632,Left Wing,Incomplete,0,105.7,10.3
fadaa897-c685-4120-b6eb-821571c1871d,3857283,1,39,782,6989,Left Back,Incomplete,0,71.9,5.7
4f262728-8b87-46ab-b097-7bc25184e681,3857283,1,41,782,3621,Center Attacking Midfield,Incomplete,0,104.1,21.8
1c04f572-d193-4cc4-8caa-ad7c193194e5,3857283,1,43,788,5237,Right Wing,Incomplete,0,49.8,59.6
c77251a4-f78a-4457-87fe-a0c1e2b2abb9,3857283,1,44,782,3621,Center Attacking Midfield,Incomplete,0,87.8,52.7
f57f1127-4277-4390-83a2-ab2761156fcb,3857283,1,44,788,5237,Right Wing,Complete,1,109.8,63.2
4d741391-14bf-4ffa-a5ae-b35c23812bed,3857283,2,47,788,5237,Right Wing,Incomplete,0,89.7,74.6
13c9912c-62a0-4f79-ae3a-e1091dfa874f,3857283,2,51,782,3621,Center Attacking Midfield,Complete,1,98.9,60.7
d903f927-af0b-4be1-b74f-f65e7dfd547f,3857283,2,52,788,5237,Right Wing,Incomplete,0,105.1,73.1
efd817c1-fb7a-4c9f-a820-78cbbcd69687,3857283,2,63,788,3625,Left Wing,Complete,1,107.4,14.3
d0f2109e-08bd-4fd2-aab4-a01bca4f0cb9,3857283,2,64,788,46258,Left Center Midfield,Incomplete,0,79.0,42.3
1b4b7322-de5d-4269-a415-ca57d179013b,3857283,2,64,782,3089,Center Attacking Midfield,Incomplete,0,96.9,33.1
de6837be-e6d3-4488-9d43-32fe98bbc890,3857283,2,64,782,5630,Right Wing,Complete,1,94.2,44.4
6e4a21aa-b5a2-4c9d-b22e-543fe2679e7f,3857283,2,68,788,31295,Right Center Midfield,Complete,1,58.5,4.4
d003a7e1-20f1-4eb7-9ab7-ec1e63dfc908,3857283,2,75,782,16559,Left Wing,Incomplete,0,105.3,8.9
7f53d8eb-f4a7-4d47-9d59-45110a527737,3857283,2,78,782,16559,Left Wing,Incomplete,0,88.8,11.7
2dc6f76d-40f8-4434-9a4a-aa1a9b754d3f,3857283,2,82,788,5234,Right Defensive Midfield,Incomplete,0,56.3,65.8
fa70a659-cdcb-404a-b739-6d76f4ff12a6,3857283,2,85,788,21736,Left Wing,Incomplete,0,54.4,10.0
f9f6845f-2c71-4db8-8214-94e8781aa8a6,3857283,2,94,788,5237,Right Wing,Incomplete,0,62.7,55.5
5aae95a7-d41e-4ebd-840c-84c5c75b09bd,3857286,1,1,3566,40784,Left Center Forward,Incomplete,0,78.6,9.6
ea0915b5-bbf7-4213-a7cd-df25646ec816,3857286,1,6,3566,124506,Right Wing Back,Complete,1,59.1,70.1
1aa02ddf-b987-439d-a878-8782b534d0e4,3857286,1,24,3565,31152,Right Midfield,Complete,1,23.8,70.3
77664994-9211-409a-aebc-55f3c335fe19,3857286,1,25,3565,31152,Right Midfield,Incomplete,0,99.5,77.4
b1e06b1f-8f89-4eef-b9ad-baef3e25c28d,3857286,1,28,3565,12803,Left Midfield,Complete,1,92.7,48.5
7d8f8d3b-92a4-49e1-9c22-afad7c5cc238,3857286,1,34,3565,31152,Right Midfield,Incomplete,0,101.6,26.5
ede97c79-2bc3-411d-bf93-e7e2db011f1a,3857286,1,34,3566,124506,Right Wing Back,Complete,1,22.3,47.2
b41dd372-34ac-4e5d-a696-354a8fe6d178,3857286,1,35,3565,24085,Left Back,Complete,1,47.3,32.3
ae408707-ff86-469f-955f-5846dc8f69eb,3857286,1,38,3566,124506,Right Wing Back,Incomplete,0,97.0,73.9
04040132-ccea-4345-9cf4-a974256fee5f,3857286,1,40,3566,40784,Left Center Forward,Incomplete,0,99.3,18.1
06c7f423-002c-441a-83ad-366161e68b1d,3857286,1,40,3566,40784,Left Center Forward,Complete,1,89.3,4.9
6f40870f-6955-4d41-b4d6-97bcc02202c2,3857286,2,45,3565,30111,Right Center Back,Incomplete,0,30.6,71.8
a9511245-0f57-4c39-9f59-f21399577a75,3857286,2,46,3566,124488,Right Center Midfield,Incomplete,0,70.6,47.4
7efba997-8e97-49a8-b0ff-0d3420230819,3857286,2,50,3565,34396,Left Center Forward,Complete,1,69.4,7.8
69037fc9-aa31-4a54-9eae-e389af6eb4b6,3857286,2,52,3565,31152,Right Midfield,Complete,1,74.3,31.4
61dbbd6c-df63-4391-a787-e575e7918e49,3857286,2,52,3565,31152,Right Midfield,Complete,1,74.9,28.2
1483438d-6413-4593-a037-1b7e2e59ff8b,3857286,2,54,3565,28559,Right Center Forward,Complete,1,82.4,66.7
d1bdab1b-b5a4-419f-9b7f-8a63690f58d2,3857286,2,55,3565,28559,Right Center Forward,Incomplete,0,117.1,74.2
de893a67-32c7-430a-a9eb-8543dc9b8416,3857286,2,58,3565,28559,Right Center Forward,Complete,1,41.3,11.7
a4c5689f-97ed-455f-a7c1-ae4c59d61759,3857286,2,66,3565,34396,Left Center Forward,Complete,1,57.0,18.3
e39f25a1-0b0b-44e3-9dd4-88a125b73044,3857286,2,74,3566,124900,Left Wing Back,Incomplete,0,41.8,6.2
ef95ded7-b822-4371-a9f4-0573f69c29a7,3857286,2,74,3566,124900,Left Wing Back,Complete,1,45.6,10.0
a5e7cf1b-3948-48ca-8ec2-8ae8c4950094,3857286,2,76,3566,124494,Left Center Back,Complete,1,53.7,38.0
59b28f41-91f4-4d5a-b003-17605c2fe100,3857286,2,84,3566,40784,Left Center Forward,Complete,1,64.6,62.4
60c573b9-bd33-4e77-98dd-7449f48fe69e,3857286,2,89,3566,124900,Left Wing Back,Incomplete,0,46.7,6.2
10e24136-e787-42ac-a836-1c321a0dcd5f,3857286,2,90,3566,124900,Left Wing Back,Complete,1,64.0,5.5
f21ac158-beae-458f-9d51-33faa3364c32,3857286,2,90,3566,124900,Left Wing Back,Complete,1,74.1,5.9
919a855e-47c2-45d3-ad09-94887c799311,3857286,2,91,3566,40784,Left Center Forward,Incomplete,0,82.8,77.2
a1c54fb9-99a0-472b-9784-93bf6e83cb14,3857286,2,91,3565,40211,Left Wing,Complete,1,57.4,23.5
fb26221d-2eb2-4fd1-a5a5-c2ad1da664b2,3857300,1,2,779,5503,Right Center Forward,Incomplete,0,58.8,37.5
8eedd054-60d1-4121-9e7b-ce255db1677f,3857300,1,11,799,5178,Right Center Midfield,Incomplete,0,55.2,74.6
c057feb8-826f-41d4-872f-45a80575a1d7,3857300,1,14,799,51469,Center Forward,Incomplete,0,103.9,16.9
3d07025a-bbb2-4159-ac7c-8c025af551d0,3857300,1,15,799,5713,Left Center Midfield,Incomplete,0,97.9,74.7
fae16293-9fd0-4ac4-9827-691a75c99522,3857300,1,18,779,5507,Left Back,Incomplete,0,27.3,10.9
5f8cc89d-bcc5-4ba4-b4e8-0528bf86cddf,3857300,1,19,779,5503,Right Center Forward,Complete,1,101.4,53.4
bbb6e259-3561-481d-b306-0372c31cd1c6,3857300,1,22,799,5713,Left Center Midfield,Complete,1,50.5,62.1
ca8caaa8-5d29-4de5-b345-423a15b63cd8,3857300,1,31,799,5178,Right Center Midfield,Incomplete,0,93.5,77.8
cbd50bc0-c11d-43f1-a8b0-c6f1c489ef57,3857300,1,33,799,5187,Left Midfield,Complete,1,85.5,10.9
d11f7284-cd43-461e-bc2d-4c9074f70299,3857300,1,39,779,20572,Right Center Back,Complete,1,114.9,54.3
f2e5e962-4356-4227-9beb-35ce5f26884a,3857300,1,42,799,51469,Center Forward,Complete,1,81.5,57.4
435c31ce-8c48-4af4-8171-8e061fea7a90,3857300,1,43,799,5187,Left Midfield,Complete,1,110.3,32.4
b510cefb-d739-4b19-b453-6491ab98a2c6,3857300,1,45,779,2995,Right Midfield,Incomplete,0,99.5,62.7
c54b5eae-290b-40be-a3fd-cbb2da037946,3857300,2,47,799,54144,Center Attacking Midfield,Incomplete,0,70.4,16.6
6d15fcb6-0861-419b-8922-32f44fc97b7d,3857300,2,50,799,5183,Left Back,Incomplete,0,64.9,2.9
2ef7d747-11c5-48fb-998a-ff6fb2cd19f4,3857300,2,50,779,5507,Left Back,Incomplete,0,4.5,21.3
378eb842-df06-443b-a2e7-5b7cf823af57,3857300,2,56,799,51099,Right Midfield,Incomplete,0,26.4,65.4
e13bd2a3-bdfc-4096-8907-e082d94c2487,3857300,2,59,779,7797,Right Defensive Midfield,Complete,1,51.6,56.6
0652c138-02c5-4b1f-8759-fefe56df64bb,3857300,2,61,799,5187,Left Midfield,Incomplete,0,92.7,23.2
936c8fb8-6377-4a71-8d81-6f366c6f42f9,3857300,2,67,779,7797,Right Defensive Midfield,Incomplete,0,64.9,57.1
3743c8f6-ebd1-416b-a02c-9cbd471891ef,3857300,2,71,779,2995,Right Midfield,Incomplete,0,75.1,75.7
a38bfd90-b7ff-43cc-903d-dc3e3ca52233,3857300,2,87,799,51099,Center Forward,Complete,1,84.3,4.2
dc512ffa-21b8-45cf-8038-eec416b320b1,3857300,2,87,799,51099,Center Forward,Incomplete,0,92.9,1.9
a7da64ce-9417-41e4-88fc-8a229083f463,3857300,2,89,779,2995,Right Midfield,Complete,1,89.9,62.8
64fb1e2a-acff-47c6-a9ed-aa33da0a73a9,3857300,2,90,779,29201,Right Back,Complete,1,66.6,37.0
4476f76f-8b1d-4611-8113-75801a746ca5,3857300,2,93,779,5503,Right Center Forward,Incomplete,0,64.4,76.5
e8e4e9c0-b32e-45f9-9349-a50bf0896c4a,3857300,2,94,779,5503,Right Center Forward,Complete,1,99.7,50.4
e4c48a7d-007b-4cb3-a0b0-a7c557a61581,3857299,1,2,4885,3450,Left Wing,Incomplete,0,75.0,13.8
6d373b96-bd4d-4a38-b77e-fedd7501e308,3857299,1,5,4885,17033,Right Wing,Incomplete,0,86.9,39.4
5effbed4-e8f1-4ce3-8f42-7ce135dd09b8,3857299,1,10,791,3083,Left Wing,Incomplete,0,116.9,13.2
f98db302-7460-4cfb-a1ed-be1f18bff43b,3857299,1,11,791,3083,Left Wing,Complete,1,107.7,13.0
b9630b2a-427f-4d53-aead-68475376dd0c,3857299,1,19,4885,3450,Left Wing,Incomplete,0,64.4,17.5
e46c23c4-b3d9-4652-ac7d-4544e506636e,3857299,1,19,4885,33602,Right Back,Complete,1,105.2,77.2
07262a6b-c981-4398-9953-47d804146b98,3857299,1,29,791,40538,Left Back,Incomplete,0,103.5,5.3
e2d71521-dffa-41aa-850e-14c599d7099c,3857299,1,36,4885,31029,Left Defensive Midfield,Complete,1,81.5,22.3
f0b91fb2-5e37-4c12-b613-115b8f0ccd96,3857299,1,42,4885,3347,Center Attacking Midfield,Incomplete,0,95.8,53.0
bc5088dc-182b-42c9-9efd-65e1805d6ac4,3857299,1,43,791,22067,Center Attacking Midfield,Incomplete,0,105.7,3.7
b6965a16-f87a-4ddb-a28e-75ba13d8bd36,3857299,1,46,4885,3450,Left Wing,Incomplete,0,110.5,8.0
91b80ed0-c2a3-4ec1-8c3f-9bf8654db1b3,3857299,2,47,4885,17033,Right Wing,Incomplete,0,60.6,68.2
427691df-0836-41d7-a0ee-742959a5ffc2,3857299,2,48,4885,17033,Right Wing,Incomplete,0,61.2,73.9
bb02f30f-f8cd-4b49-aa4d-89dc6e9fd221,3857299,2,51,4885,3450,Left Wing,Complete,1,39.3,3.9
88dfd436-9869-48e7-bbf7-12657cc44f8a,3857299,2,52,4885,3709,Right Center Back,Complete,1,17.9,74.7
53ca4209-3a76-4455-bef5-c8e328ab6352,3857299,2,53,791,41711,Right Wing,Incomplete,0,68.7,78.5
aa0f1f0f-4f85-4001-8ae6-261daff060b9,3857299,2,57,4885,33602,Right Back,Incomplete,0,23.7,73.9
5fa4ff4b-f228-4478-a465-56b5ce7c6eca,3857299,2,58,791,43565,Right Center Back,Complete,1,51.0,49.8
065c2a3d-29b4-4559-9aee-5b8f8fa582f3,3857299,2,70,4885,3450,Left Wing,Complete,1,41.6,3.5
c406e982-c6c7-4b4a-b1b4-efd023c414c4,3857299,2,91,791,40542,Center Forward,Complete,1,37.2,75.6
3fb16ec6-e6cf-45c0-9a48-19cbe8d4ee24,3857299,2,92,4885,6383,Right Defensive Midfield,Complete,1,70.3,4.8
1bbf6ae6-12ea-4176-9242-a60bcc449857,3857293,1,1,783,5264,Right Back,Incomplete,0,76.5,78.8
acf38c1c-724b-47ce-b652-4a21ea900520,3857293,1,2,4885,45047,Right Back,Complete,1,20.5,76.7
11a629ec-5e18-4fe6-ba33-e1dce0836e79,3857293,1,3,783,7104,Left Back,Incomplete,0,37.8,2.2
e308969b-796d-42a3-9498-2c593921e18b,3857293,1,3,4885,3347,Center Attacking Midfield,Incomplete,0,91.2,62.1
b1d0af00-3286-4c4a-8c53-6c2619037bae,3857293,1,10,4885,12325,Left Back,Incomplete,0,74.3,0.2
50682820-0489-4aa7-9649-a84c4e443094,3857293,1,11,4885,17033,Center Forward,Complete,1,87.1,12.3
f7e5ffb2-fedd-4c97-a519-2a8668657ff2,3857293,1,12,4885,6393,Right Wing,Complete,1,68.9,77.2
d1845bd7-e98e-4394-b453-fd262e2e95a2,3857293,1,23,4885,45047,Right Back,Complete,1,28.2,48.0
0c42e937-255a-4bb7-aaf3-f56063181b3d,3857293,1,25,783,5246,Right Center Forward,Complete,1,110.1,30.0
e61921fa-2cbb-43b2-8753-822a31be7fd9,3857293,1,27,783,5260,Left Defensive Midfield,Complete,1,76.1,40.4
16ea4cfb-3ecd-450f-b6f0-48cad3fd607b,3857293,1,27,4885,3450,Left Wing,Incomplete,0,51.3,0.5
5d0c88cc-b2c1-4587-b9ed-d98742c5f4ae,3857293,1,35,4885,12325,Left Back,Incomplete,0,84.7,2.2
cfcf532f-ded7-4b5e-a57b-b3428f4c33ed,3857293,1,38,783,32478,Left Center Forward,Complete,1,114.7,59.9
73383234-dd29-4575-84f7-0a7834a9a490,3857293,1,39,4885,45047,Right Back,Complete,1,97.6,71.0
524d5565-ed04-4592-9a75-4956e4c708b9,3857293,1,41,4885,17033,Right Wing,Complete,1,97.0,74.2
bad6a724-4bc7-45fb-8ecc-ffd01a34d03c,3857293,1,41,4885,17033,Right Wing,Incomplete,0,106.8,74.4
0abda468-edd0-4284-864b-109f0c0f04fb,3857293,1,44,783,5246,Right Center Forward,Complete,1,116.8,4.7
7c0176f2-1577-43e0-bb41-880a1d083945,3857293,1,45,4885,6383,Right Defensive Midfield,Incomplete,0,27.2,29.4
f6498c2d-a0ec-445f-ab84-d5bdb1c991b8,3857293,1,50,783,36288,Right Midfield,Incomplete,0,94.4,55.7
40cb0dea-1efc-4912-9dc4-c15e13d96e28,3857293,1,51,783,32478,Left Center Forward,Incomplete,0,95.3,9.8
576d001b-9e8e-4286-84a2-b9d81fecfc30,3857293,2,47,4885,17033,Center Attacking Midfield,Complete,1,87.3,58.5
50af5aa5-19c1-4745-8fa6-3233dd776808,3857293,2,49,4885,31029,Left Defensive Midfield,Complete,1,89.2,31.5
f828bb2a-d2a5-478a-98ea-98094a917294,3857293,2,49,4885,6393,Center Forward,Complete,1,104.4,69.5
fc2defa4-d639-46b0-8479-9767fd137107,3857293,2,52,4885,31029,Left Defensive Midfield,Complete,1,82.8,40.6
9fc278c3-8e1f-4ee6-9b59-a2b7fe15dd78,3857293,2,55,4885,31029,Left Defensive Midfield,Complete,1,45.9,17.9
2adce926-ff7a-4b6b-98e2-8a00c8fb5ee9,3857293,2,59,783,36288,Right Midfield,Incomplete,0,61.7,55.5
cd75db71-2a93-4450-b3d1-8e6616a6fe60,3857293,2,63,783,5258,Left Midfield,Incomplete,0,108.9,1.9
5621e53b-8b4b-4f29-b3d2-5799e985a31c,3857293,2,66,4885,6393,Center Forward,Complete,1,67.4,18.7
9b1d496c-b75f-4741-a679-56427c311466,3857293,2,67,4885,35658,Left Wing,Incomplete,0,108.0,11.8
2872d4ac-8fc9-4e88-9d7d-9ba7ac72f31b,3857293,2,70,4885,31029,Left Defensive Midfield,Complete,1,74.7,47.7
e9b167c9-d97c-4e8e-b1bb-a6ece6602f15,3857293,2,70,4885,17033,Center Attacking Midfield,Complete,1,82.0,35.2
56f3c5bd-1828-418a-af43-c61d0d77c9ee,3857293,2,76,783,4319,Right Center Forward,Complete,1,54.8,12.8
aa9b4c1b-1e2e-4549-a570-2f88a743c927,3857293,2,80,783,28729,Right Defensive Midfield,Incomplete,0,28.5,33.3
5759bd06-c9b7-403e-aba8-c50a489c7595,3857293,2,80,4885,12325,Left Back,Complete,1,92.4,46.6
f8e68d3b-34f6-4343-a377-11b9b8ef8f54,3857293,2,82,4885,35658,Left Wing,Complete,1,92.0,34.6
4d427d76-4d52-441e-9e10-2e0281bddbc6,3857293,2,85,4885,35658,Left Wing,Complete,1,62.5,22.8
d69b916d-383d-44aa-8e5f-52087a28bf9c,3857293,2,86,4885,35658,Left Wing,Complete,1,68.9,19.8
6a58708a-aacf-4638-9e31-795ba903bd04,3857293,2,90,783,5259,Right Center Back,Complete,1,28.9,48.1
2b96d8f6-0b43-4c58-88f6-2f8938df0bd5,3857293,2,93,4885,6383,Right Defensive Midfield,Complete,1,58.2,37.8
c7c8bebe-3b3e-498c-9cd9-d3c14bd3ecb7,3857293,2,93,4885,28616,Left Defensive Midfield,Complete,1,86.9,3.8
6014c2a9-dd49-4762-8b4d-99c26619e396,3857293,2,93,4885,12325,Left Back,Incomplete,0,113.6,13.0
8cdb0df2-f4a2-4658-86b2-8e34ce2f91f7,3857293,2,93,783,5264,Right Back,Incomplete,0,3.5,75.9
5ac370ad-9d7d-4ed2-9223-0ffb875078be,3857293,2,94,4885,6383,Right Defensive Midfield,Complete,1,91.6,43.8
213e93f9-d8a8-4ab1-adf6-083cb5822777,3857293,2,94,4885,6383,Right Defensive Midfield,Complete,1,93.0,45.7
90525413-bf90-415a-9a29-19b6226c507f,3857293,2,98,4885,136306,Right Wing,Incomplete,0,66.8,75.0
d04a85c0-2c8f-486c-ae72-640bbfb3f428,3857293,2,98,4885,44225,Center Attacking Midfield,Incomplete,0,116.6,65.0
9022606e-b553-4219-a931-4d7121d63518,3857291,1,3,772,5719,Center Forward,Complete,1,87.4,18.5
3beb06ea-dae8-4afd-9676-fc9eb416b467,3857291,1,19,772,5719,Center Forward,Complete,1,39.5,50.1
ceab5ef8-8c17-4c97-98c3-7aeea75480f8,3857291,1,25,795,132728,Left Wing,Incomplete,0,65.2,21.1
58a32e2f-8cac-4033-b648-f222163bcfd7,3857291,1,26,772,16532,Left Wing,Incomplete,0,75.3,3.9
d24740b0-0079-4486-8a17-c60063037e39,3857291,1,26,772,133353,Right Center Midfield,Incomplete,0,98.2,55.2
cb1f0157-dfb7-4ccc-91dd-9ef7c0245ca5,3857291,1,27,772,5211,Left Back,Complete,1,116.6,8.2
523afa41-3f5b-4aa1-bc8d-fade75c97a5f,3857291,1,37,795,132728,Left Wing,Complete,1,94.6,6.6
8cb2a064-b979-49e8-94a1-90e86a9f2f78,3857291,2,45,772,16532,Left Wing,Incomplete,0,41.3,2.9
d9e3c2e9-8269-4402-92d6-1988f0820f38,3857291,2,48,772,16532,Left Wing,Incomplete,0,111.1,24.6
1218047b-04ae-4a7b-b766-7f479ba64ea4,3857291,2,52,772,16532,Left Wing,Incomplete,0,92.8,47.2
006645a3-f43e-44b8-8d33-efe5da06d99c,3857291,2,53,772,6748,Right Wing,Incomplete,0,107.5,48.7
13082cfb-a3d9-4077-83ec-55a3a2889e1b,3857291,2,61,772,5719,Right Wing,Incomplete,0,80.9,61.2
2110a07a-4899-4e66-bf97-77c4554eb56a,3857291,2,65,772,133353,Right Center Midfield,Complete,1,84.2,68.7
6d845290-a454-470f-9651-e49342848c94,3857291,2,67,772,133353,Right Center Midfield,Incomplete,0,98.2,49.7
e510f7bd-19c3-4cc5-8eeb-dbb112b268da,3857291,2,69,772,4353,Left Center Back,Complete,1,63.9,24.1
4e6ae738-5e7a-42ee-8a12-fc162f706648,3857291,2,69,772,6583,Left Center Midfield,Incomplete,0,56.7,12.1
2017f48b-e5fa-428f-b880-f1989f8f47e3,3857291,2,72,795,130185,Right Wing Back,Incomplete,0,84.5,73.1
714e440d-5d4c-42a8-8eb4-2cf0ae815e51,3857291,2,73,795,5592,Left Wing,Complete,1,56.9,10.3
2e6080ad-958b-459c-94a0-163b80f37cb9,3857291,2,73,772,3477,Center Forward,Incomplete,0,111.9,26.2
a1245de1-e25d-4aea-807c-901644537b14,3857291,2,79,772,68574,Right Wing,Complete,1,95.5,66.2
7e94f53d-508c-4859-8f85-28098b0163ba,3857291,2,81,772,3957,Right Back,Complete,1,90.3,74.7
0ae190fc-5342-4721-bcdb-ffd17cc5e51e,3857291,2,84,772,68574,Right Wing,Incomplete,0,82.0,63.9
bd15ac04-8873-4204-88e3-2ca8057bb0a1,3857291,2,88,772,68574,Right Wing,Complete,1,69.8,64.4
fa8cb9a4-fd2b-476f-8a4a-5286acf1bace,3857291,2,93,795,5600,Left Center Back,Complete,1,31.6,37.9
ddd362ca-e3ed-4792-849f-256a3b937efd,3857291,2,94,772,16532,Left Wing,Incomplete,0,89.7,14.6
4d9f4518-2b1e-41b5-8834-51e1cf58297a,3857281,1,6,1833,16120,Left Back,Complete,1,68.1,6.1
baf80ff5-a12c-4be6-a203-c6742995148e,3857281,1,7,1833,12365,Left Midfield,Complete,1,67.8,17.8
ad188ef4-3a02-45f9-b8fa-44378bcfeb2c,3857281,1,7,1833,24024,Right Midfield,Incomplete,0,98.2,76.1
193dff16-8a96-4448-9e84-8c4e7e2b1ffc,3857281,1,7,1833,24024,Right Midfield,Complete,1,45.8,64.7
00690ff6-5dca-4f14-9011-8cbbb2cb058c,3857281,1,12,1833,31684,Right Defensive Midfield,Complete,1,33.5,57.1
ee032efe-d462-4f4b-8cfe-d86f0bf2a517,3857281,1,15,785,5469,Center Defensive Midfield,Incomplete,0,53.2,74.4
4e20a623-a0ba-4325-a048-290f13632ca5,3857281,1,20,785,5469,Center Defensive Midfield,Complete,1,18.9,57.3
2647ebf8-572a-45c6-88c2-3d499d9b32a2,3857281,1,22,1833,12365,Left Midfield,Complete,1,70.2,25.0
2339165a-c01f-415e-83eb-315f3026edc2,3857281,1,22,1833,12365,Left Midfield,Complete,1,79.9,40.0
a2aa58fc-1a0a-4044-b8b8-01a96fbee3a0,3857281,1,24,1833,16120,Left Back,Incomplete,0,81.0,3.7
361d4507-ed7f-48bb-84f1-6497eef6a50a,3857281,1,27,1833,24024,Right Midfield,Complete,1,77.3,74.7
c5491d0e-fe38-42d4-9129-051741f50b08,3857281,1,27,1833,24024,Right Midfield,Incomplete,0,108.2,72.7
23bc7340-0966-4690-9691-4ef6957151ad,3857281,1,27,785,5474,Left Wing,Incomplete,0,105.0,10.0
5f96e681-ec69-4c84-a39c-f624979262ec,3857281,1,31,785,5474,Left Wing,Incomplete,0,97.6,22.3
e607954d-d357-4575-bb1b-573b9defd407,3857281,1,34,1833,16459,Right Center Forward,Incomplete,0,27.2,14.6
b83cc11d-19b3-4410-a0c6-85cb365541c0,3857281,1,38,1833,12365,Left Midfield,Incomplete,0,108.6,63.0
52704a06-b954-4fed-80ec-aafb2ab67fd2,3857281,1,38,785,5460,Right Wing,Complete,1,46.8,12.1
f4bd7e6e-f858-4c36-9f86-e733485ee6c5,3857281,1,39,785,5463,Right Center Midfield,Incomplete,0,69.3,75.5
697efaf1-2ee0-4d57-848e-56cb4c5f2a41,3857281,1,42,1833,24024,Right Midfield,Incomplete,0,100.9,76.7
2c5c0a7e-0f94-4236-9026-b669ac55d327,3857281,1,44,785,5474,Left Wing,Complete,1,82.2,25.8
94516e63-bb5f-4980-a91d-40c738366cb7,3857281,1,46,785,5474,Left Wing,Complete,1,78.9,3.0
6db1f913-6c52-4602-a96a-c112cac98b4f,3857281,2,47,1833,24024,Right Wing Back,Incomplete,0,35.5,75.6
9e8a4a8f-7529-462a-a8ea-08c1af1862b3,3857281,2,48,785,5469,Center Defensive Midfield,Incomplete,0,26.2,21.9
b9b80542-bef8-417c-a59c-8b42ed4c3fdc,3857281,2,48,1833,12770,Right Center Midfield,Complete,1,94.7,43.8
8058c05b-a9c8-41e1-8bf7-90238c96df8e,3857281,2,50,1833,12365,Left Center Forward,Complete,1,68.6,54.9
f261296e-6300-4da2-8ae4-23d3c38fccdd,3857281,2,52,1833,23828,Left Center Back,Complete,1,43.8,5.5
b7bd92f0-bee3-4770-84da-caa0df1cb6f8,3857281,2,53,785,5456,Left Center Midfield,Complete,1,50.4,24.5
f05444f5-0baa-4869-8f47-03e44e6fa855,3857281,2,58,1833,12365,Left Center Forward,Incomplete,0,79.6,45.9
53b20641-087d-462f-bb23-a85663eab2ce,3857281,2,58,785,5456,Left Center Midfield,Complete,1,45.8,21.0
4bedfb46-2bc2-4ac7-bdd2-c83b39b3c013,3857281,2,58,1833,24024,Right Wing Back,Incomplete,0,100.8,64.0
2dd29afe-c940-48e9-b019-3d97b25d837b,3857281,2,61,1833,12365,Left Center Forward,Complete,1,63.7,68.6
72a19cdb-ed67-4cfb-8999-9eeded14c67c,3857281,2,61,1833,12365,Left Center Forward,Incomplete,0,74.1,74.1
7faf642a-79c3-4c3a-a2be-3f50e5c18150,3857281,2,64,785,5474,Left Wing,Incomplete,0,102.4,2.9
16a46236-0bb5-432f-b2de-1b729384319e,3857281,2,66,1833,12365,Right Center Forward,Complete,1,80.9,66.8
0770fa66-b336-401a-a8d4-04570ad8117e,3857281,2,75,1833,24024,Right Wing Back,Complete,1,85.2,75.8
4ba5e2a2-c59f-4e84-aece-e3765c7eefa3,3857281,2,75,1833,24024,Right Wing Back,Complete,1,79.7,68.1
3b4a60dc-3852-47da-9c4b-16945e54cdf1,3857281,2,76,1833,12365,Right Center Forward,Complete,1,81.7,57.3
222f441d-528b-44ab-9883-31c4c24f8b5e,3857281,2,76,1833,12365,Right Center Forward,Incomplete,0,75.2,58.0
25f409fc-d728-4522-9c73-21d85ddc4230,3857281,2,76,1833,12365,Right Center Forward,Incomplete,0,87.8,60.1
2289c1c9-7f28-4afd-8f59-36161745673b,3857281,2,78,1833,24024,Right Wing Back,Complete,1,38.5,71.0
5c6d32c5-c8a1-4ff8-bd1d-059df8ecbc93,3857281,2,83,1833,12365,Right Center Forward,Complete,1,79.2,63.5
0169b6c9-c13e-42a7-bbc4-e38fcafa58d1,3857281,2,83,1833,9922,Center Attacking Midfield,Complete,1,87.0,36.6
d3cc1e4a-0660-4933-bdca-e5574519105c,3857281,2,87,1833,12770,Left Defensive Midfield,Incomplete,0,77.6,4.6
71a6917b-e7a4-48c3-9148-a10326261fc9,3857281,2,88,1833,24024,Right Wing Back,Complete,1,105.2,76.3
32404e42-0c77-43b8-ac1b-d415115ba38f,3857281,2,88,785,11603,Left Center Midfield,Complete,1,38.6,22.6
3fc406d5-36a3-428d-8e8f-f54bb911ebf4,3857281,2,93,1833,12365,Right Center Forward,Complete,1,86.0,57.7
7dcc0b46-00ef-4b79-a466-212ab6b4f7c7,3857280,1,0,2722,3141,Left Defensive Midfield,Complete,1,75.4,54.7
f5f7a308-9ad7-4920-b4ec-3bf8c91d585e,3857280,1,1,781,25363,Right Wing,Complete,1,70.2,79.0
d562d5cc-41d5-4012-bcba-611cbbbf81fd,3857280,1,2,781,9904,Right Defensive Midfield,Incomplete,0,91.6,78.3
23a018c6-1e40-4357-baad-293510d97614,3857280,1,12,781,25363,Right Wing,Incomplete,0,104.5,75.4
06eeb214-ec16-4084-a4df-648469dc0e1d,3857280,1,14,781,29976,Left Wing,Complete,1,52.2,5.6
f60323d9-f132-40cb-8ba7-a5eed206c5f4,3857280,1,23,2722,16015,Left Midfield,Complete,1,63.4,7.4
36bbb940-477a-4920-a396-4b32f4af4b41,3857280,1,24,781,29976,Left Wing,Complete,1,118.1,17.8
60bdeed2-071c-43dd-abf1-5ff465223410,3857280,1,27,781,25104,Center Attacking Midfield,Complete,1,65.1,61.6
3f84bf06-9632-4e0b-b069-a4ec9957aff3,3857280,1,35,2722,11174,Right Center Forward,Incomplete,0,67.9,40.5
e325d011-2a0d-4702-be6c-a44728940d5f,3857280,1,35,2722,3499,Left Center Forward,Incomplete,0,56.1,43.4
5749a5c7-52bf-4d06-9fe9-e67a46feddc6,3857280,1,45,781,29976,Left Wing,Complete,1,98.1,31.6
ca4045e4-199c-4d6b-bf3e-5e9103160b9f,3857280,1,47,2722,16015,Left Midfield,Complete,1,107.3,12.1
403486cb-0db5-4855-8cf4-2f3dc19c8139,3857280,2,46,781,29976,Left Wing,Incomplete,0,77.3,15.5
93c51222-e851-4e48-9af3-dbcc0f923dda,3857280,2,52,781,25104,Center Attacking Midfield,Complete,1,98.6,35.5
c206ceb3-b6e4-4c82-8659-1ba06acbc167,3857280,2,55,2722,3141,Left Defensive Midfield,Complete,1,94.4,63.8
bf2267d9-bbb2-4d98-b681-f46c9f320d61,3857280,2,55,2722,4935,Right Midfield,Incomplete,0,89.0,52.1
aef13b71-c64d-46d2-9e7c-533819c72846,3857280,2,60,781,25363,Right Wing,Complete,1,94.0,48.3
625466f5-90fe-4986-8352-c94026cb5291,3857280,2,70,781,4324,Right Back,Complete,1,88.6,73.6
655d4879-92b6-4abd-aeae-4c1b6c039700,3857280,2,70,2722,3551,Left Midfield,Incomplete,0,82.2,10.6
12673503-3966-4f03-9a6c-4e712325b64b,3857280,2,72,781,4372,Left Back,Incomplete,0,91.4,12.4
20fd31d9-f1bc-46b4-9290-52c53899dbc7,3857280,2,77,2722,3551,Left Midfield,Complete,1,92.3,9.1
991d0424-5bf5-4e72-a1ac-44c7f679804e,3857280,2,82,2722,10530,Right Defensive Midfield,Complete,1,77.5,59.9
5582517b-ab6e-433a-9ea2-662ffb2eb500,3857280,2,84,2722,16015,Right Midfield,Complete,1,28.4,67.4
e508b58b-784a-4309-a81a-2034336b2ad9,3857280,2,89,781,10595,Right Wing,Complete,1,90.1,76.9
b2eab166-557c-46d8-88f1-a31b1e61b701,3857280,2,89,2722,33813,Right Midfield,Incomplete,0,98.6,77.6
d930dbf7-af48-4f20-a7b2-3e8dfc953efb,3857279,1,4,771,3009,Left Wing,Incomplete,0,115.8,21.8
25a02fed-3f3b-4148-b247-7ffdfd87b949,3857279,1,5,792,3281,Center Defensive Midfield,Complete,1,63.6,67.4
a473127b-a3e2-4de8-98a0-d614c69d073b,3857279,1,8,792,5481,Right Midfield,Complete,1,104.8,71.1
24500d6d-8f1b-455f-a957-111f9c804384,3857279,1,17,771,6704,Left Back,Complete,1,104.7,4.6
ac5c7b6d-5abc-49f4-ad47-ac816df90643,3857279,1,18,771,5477,Right Wing,Complete,1,79.4,73.6
1d4de9d5-193e-4ce7-b0aa-4685a1d1dd0b,3857279,1,18,771,5477,Right Wing,Complete,1,85.9,48.0
415e5660-0baf-4d1b-99c3-8885bed5134b,3857279,1,23,771,3009,Left Wing,Complete,1,118.0,9.9
59019b2f-a867-461a-8e13-854082447712,3857279,1,23,771,3009,Left Wing,Incomplete,0,118.1,11.8
a88d8ab2-807a-4496-aaf0-448cd4d9605e,3857279,1,25,771,5477,Right Wing,Incomplete,0,100.9,70.8
5e4c1562-3cf3-475d-9432-81f42310258d,3857279,1,30,771,3009,Left Wing,Complete,1,78.0,31.3
c3cbc6c4-5af0-4f85-bd64-822ff8a364a0,3857279,1,33,771,3026,Left Defensive Midfield,Incomplete,0,38.6,13.4
46d944b5-a03d-4633-a519-5a1de4111635,3857279,1,49,792,5481,Right Midfield,Complete,1,80.7,56.2
b0164774-7760-4a0b-9f83-c4593a010738,3857279,2,46,771,3009,Left Wing,Incomplete,0,63.2,4.4
c3c574e2-0df9-45a9-9464-8c3ce741c209,3857279,2,46,792,33572,Right Back,Incomplete,0,117.1,72.9
eba25635-922b-4b6b-8db6-96cbbe3320fb,3857279,2,51,771,3009,Left Wing,Complete,1,99.6,15.3
956087f2-58e4-4069-9a89-177853491104,3857279,2,59,771,3009,Left Wing,Complete,1,88.7,16.3
e86f1156-41ca-428d-bab5-3125f4e5888c,3857279,2,61,771,5476,Right Back,Complete,1,82.0,50.6
0c157480-e20d-4f4c-a688-f6e985868201,3857279,2,62,771,5487,Center Attacking Midfield,Incomplete,0,118.5,26.0
3d00f366-c2a4-4bd3-9cd6-5586a0a09e50,3857279,2,63,792,3281,Center Defensive Midfield,Complete,1,62.1,12.4
a2306629-ab27-4e07-a99b-c2c3f660a4cb,3857279,2,63,792,3281,Center Defensive Midfield,Incomplete,0,60.7,11.6
5d4e6e82-aff9-4507-90ea-29a8e2b840df,3857279,2,74,771,3009,Left Wing,Incomplete,0,111.6,12.9
1cd9b1f7-7aee-4fa3-b8a7-d5cf464e4448,3857279,2,79,771,8519,Left Center Back,Incomplete,0,34.7,51.0
cc42df57-4ef6-4880-9c9f-23d12c3362d0,3857279,2,82,792,227697,Right Midfield,Incomplete,0,68.7,76.8
1244bd3a-0cdb-48af-8605-cd5377ad58e5,3857279,2,84,792,227697,Right Midfield,Complete,1,80.8,72.7
7331c33c-fdea-411f-86a1-c00c34c332cc,3857279,2,85,792,5481,Right Center Midfield,Incomplete,0,69.0,28.3
9c9be24b-8a52-44cd-9d07-c37ed2572903,3857279,2,86,771,8217,Right Wing,Incomplete,0,84.2,76.7
5e01edc7-bced-49b4-9eae-d4dfd1e44791,3857279,2,91,771,8217,Right Wing,Complete,1,82.1,65.3
c1fcee4f-0586-4470-a02e-4411ee11a79c,3857279,2,92,771,3009,Left Wing,Incomplete,0,113.0,59.8
3714eeab-5c68-407e-8f89-312efea135cb,3857262,1,2,780,7005,Left Back,Complete,1,69.4,7.4
f7487371-1641-46d0-adee-c269d69d2d6f,3857262,1,2,780,16028,Right Back,Incomplete,0,55.4,76.5
7816f7e9-0049-4cd2-9962-7bf5fc082e6c,3857262,1,4,780,16028,Right Back,Complete,1,106.4,72.8
987524df-84fa-47bd-9d5a-990b42195b16,3857262,1,8,791,5623,Right Wing,Complete,1,113.7,72.6
8657c6cf-5fb1-406a-854c-517a19e553e0,3857262,1,14,780,7005,Left Back,Complete,1,117.6,22.9
3e1faa2e-07a3-4073-95d2-be0ff76ad848,3857262,1,22,780,40874,Left Center Midfield,Complete,1,36.8,17.3
46f55c1d-f154-466d-bf09-39384552dfc8,3857262,1,31,780,4272,Left Wing,Incomplete,0,49.7,17.0
66a3bebd-f7bc-4a25-a9bd-09eab5c88b34,3857262,1,38,791,5623,Right Wing,Complete,1,35.1,71.7
e3bb762f-1753-4b72-bd4e-fbc1c8df88ee,3857262,1,38,791,40542,Center Forward,Incomplete,0,81.5,72.6
24e9e721-6385-4364-bcbf-9be5e304f426,3857262,1,39,791,3083,Left Wing,Complete,1,87.5,38.9
c6e35867-c00d-4480-b7d0-c0cd38cbffe6,3857262,1,41,791,40672,Right Back,Incomplete,0,41.3,74.1
1f0814bb-4cee-4741-96e5-5a9e56f7f215,3857262,1,43,780,34639,Left Center Midfield,Complete,1,97.9,56.0
a348bd29-16d2-4e4b-b480-4afd278d2489,3857262,1,46,780,5207,Center Forward,Incomplete,0,102.9,45.0
a6675bdd-26c8-4805-a8ae-1277eb0149ca,3857262,2,48,780,20016,Right Center Back,Complete,1,57.3,67.2
9bdc64e2-5846-4dc8-9a0c-35217b1adea4,3857262,2,52,780,7005,Left Back,Complete,1,23.5,60.7
03e3b29f-ccd9-46e7-8196-40c777c6f8d4,3857262,2,58,780,4272,Left Wing,Incomplete,0,117.0,13.9
ff4c23aa-59d9-42a8-8842-54bc34276835,3857262,2,59,791,40538,Left Back,Complete,1,33.6,4.1
a573d5bd-7d15-4c43-bbf1-ac27d2090a01,3857262,2,59,780,7005,Left Back,Incomplete,0,73.6,7.8
608c24b8-fe8d-4ed3-a443-6e9ac3e03744,3857262,2,60,791,3083,Right Wing,Incomplete,0,96.0,44.4
b51b4e5e-0473-4c32-a771-40c861a2efed,3857262,2,62,780,7005,Left Back,Incomplete,0,111.1,21.8
459b89aa-7c1d-4a23-97a1-05e494fc8820,3857262,2,69,791,5620,Left Wing,Complete,1,97.3,21.2
e13b1965-51fb-480f-9e9f-4a467d67f984,3857262,2,71,780,4272,Right Center Midfield,Incomplete,0,25.4,41.2
df58fe6f-3f5b-4de3-addf-d243a9070d70,3857262,2,74,791,5620,Left Wing,Incomplete,0,47.5,2.4
232e90f3-5ace-405b-a908-490ed84075b5,3857262,2,76,780,7005,Left Back,Complete,1,32.6,9.1
914e873d-21b5-42f2-8308-df40958dc3e3,3857262,2,77,780,5218,Center Forward,Incomplete,0,112.2,55.6
cc5cbbfa-0f4c-4ab8-a2b9-43709839a910,3857262,2,79,780,18360,Left Wing,Complete,1,83.2,8.8
ca8418e5-35a9-4f85-844d-defab7b02379,3857262,2,88,780,18360,Left Wing,Complete,1,113.2,20.0
6754a7fc-6080-497f-a1ba-e19c8699fd07,3857262,2,93,780,7005,Left Back,Complete,1,87.7,6.4
cc350b68-be71-4912-aec5-0f2604951974,3857262,2,95,780,12169,Center Defensive Midfield,Complete,1,45.0,25.2
d8fd3b42-1fd5-4f8b-8f69-307693dbd77d,3857262,2,95,780,16028,Right Back,Incomplete,0,75.7,77.7
