event_id,match_id,period,minute,team_id,player_id,position_name,duel_type,outcome_name,is_won,loc_x,loc_y
649387db-22e9-443e-94e4-68b51d877ed6,3857276,1,0,788,6301,Center Forward,Aerial Lost,,0,111.9,47.9
aefd53ff-205a-45d3-a6f1-6ed0950e0673,3857276,1,0,788,3625,Left Wing,Aerial Lost,,0,113.5,37.6
caed6247-8e17-419a-8004-16b21701a6fb,3857276,1,5,788,15890,Left Back,Aerial Lost,,0,50.3,24.0
9638d19e-4fcf-44f5-b664-24e553326baa,3857276,1,5,1833,12365,Right Midfield,Aerial Lost,,0,76.8,71.2
a0e57bb7-3e02-4c18-bbb1-291c0f5a5dc3,3857276,1,6,788,3625,Left Wing,Tackle,Lost Out,0,74.4,2.8
7444a4be-3e3a-4a89-ae86-91c7cecee3e9,3857276,1,11,788,5245,Right Back,Tackle,Lost Out,0,45.2,78.9
23d880d4-b835-432a-8338-6ce4e4dd7a63,3857276,1,13,1833,44703,Right Back,Tackle,Won,1,25.3,67.9
3c194c6b-73b5-4b36-92bd-640f3a63e6ac,3857276,1,16,788,5237,Right Wing,Tackle,Lost In Play,0,31.3,72.9
a57ae8ec-50e6-4136-b582-453c7ba3b7d5,3857276,1,16,788,5234,Center Defensive Midfield,Tackle,Success In Play,1,29.8,72.5
0f0e428c-4bcc-41d0-80f8-f939c95b354e,3857276,1,18,788,12149,Right Center Back,Tackle,Won,1,7.5,19.3
d6296071-b30f-45b7-9592-57c7c6338451,3857276,1,19,788,3625,Left Wing,Aerial Lost,,0,56.9,6.8
9506758e-faa9-4edd-9a22-2fac26bcbf8e,3857276,1,25,1833,16252,Left Defensive Midfield,Aerial Lost,,0,92.4,38.8
57a8a7a0-bc75-4246-9c43-f6f2c9608cea,3857276,1,25,788,3625,Left Wing,Tackle,Success In Play,1,26.2,19.5
34316dde-151e-4da6-8893-aa468ae90e70,3857276,1,26,1833,11846,Right Center Back,Aerial Lost,,0,50.1,54.6
7e6d92b1-48cd-4bef-8a1c-7a2f67585b71,3857276,1,26,788,5245,Right Back,Tackle,Lost Out,0,62.6,62.9
4fdfc73c-5199-42ed-9e90-956117237ad9,3857276,1,27,788,3625,Left Wing,Tackle,Won,1,29.8,4.0
c97ec5c1-78ba-4712-800d-9d99b8d36f27,3857276,1,27,1833,44703,Right Back,Tackle,Success In Play,1,77.6,70.0
02fd3462-fca6-4ddb-b72f-ddcb9165d585,3857276,1,32,788,5219,Left Center Back,Tackle,Success In Play,1,27.6,29.0
6414b619-775d-422c-a87c-dd1da3c1a05a,3857276,1,35,788,6301,Center Forward,Tackle,Lost In Play,0,64.3,21.7
3b96d8c1-a154-4e3e-8924-7a8a7169c43f,3857276,1,37,788,15890,Left Back,Tackle,Success In Play,1,7.1,13.7
26cb8fc9-7641-4f70-b5f6-0a6299c97483,3857276,1,39,1833,9922,Right Midfield,Tackle,Won,1,10.2,67.9
f32c7922-be2d-4f47-8db6-9ac74c33bcce,3857276,1,44,788,5245,Right Back,Aerial Lost,,0,52.9,73.9
c242ec4b-e3cf-43ee-8d3d-13c1cb619707,3857276,1,45,1833,16252,Left Defensive Midfield,Tackle,Lost Out,0,73.5,2.1
7964b69a-6a30-4994-abe2-905446df456e,3857276,1,47,788,5219,Left Center Back,Aerial Lost,,0,110.6,46.3
37b8f924-bb3c-471a-9559-707dfe0fcd9a,3857276,1,49,1833,44703,Right Back,Aerial Lost,,0,44.4,68.4
85fcec01-2024-490e-a41b-a0dec28de76e,3857276,2,47,788,5219,Left Center Back,Tackle,Won,1,46.0,2.1
5e4a34dc-f732-45a3-9fa7-8e16f294624a,3857276,2,49,788,5245,Right Back,Tackle,Success In Play,1,17.8,69.0
939bb328-ed20-4942-821c-0546dd51ee93,3857276,2,56,1833,12365,Center Attacking Midfield,Aerial Lost,,0,69.1,29.5
db488c95-4669-4d14-8a3c-f4007025d516,3857276,2,56,788,5237,Right Wing,Tackle,Won,1,74.5,61.3
2a28a794-bae5-4368-8596-884bcfc397aa,3857276,2,56,1833,16252,Left Defensive Midfield,Tackle,Success In Play,1,39.8,33.8
62a2c226-d138-436e-a690-854e07d13503,3857276,2,58,1833,24024,Left Midfield,Aerial Lost,,0,93.5,20.5
9d572570-76d8-4040-90cb-26ffe395b25e,3857276,2,58,1833,9922,Right Midfield,Tackle,Lost In Play,0,37.9,57.1
bb65b36a-1585-4828-b1ce-e7889b5e83a5,3857276,2,60,788,5237,Right Wing,Tackle,Won,1,96.7,75.2
2ba0f01d-c1d0-4a4b-bd88-51657d1d7b35,3857276,2,61,1833,31684,Left Defensive Midfield,Tackle,Success In Play,1,10.3,4.4
2eb20d12-3800-4ba1-a6bd-2b1a4742ff77,3857276,2,62,1833,9922,Right Midfield,Tackle,Success In Play,1,86.9,51.7
258f2fd8-6f1c-4f6c-b1ed-ba5d14946404,3857276,2,62,788,5245,Right Back,Tackle,Lost In Play,0,16.1,53.8
0ed7d1e2-88d7-4c8c-ade9-4065b0e9d34f,3857276,2,62,788,5245,Right Back,Tackle,Success In Play,1,7.1,57.9
02501c03-0173-4f0c-b33d-8de8cd21faa1,3857276,2,63,788,46258,Right Center Midfield,Tackle,Success In Play,1,21.0,68.6
b77b07ca-ceeb-4115-87bb-b9bbb100d4a5,3857276,2,63,788,15890,Left Back,Tackle,Lost Out,0,22.9,2.7
38385cf9-dc14-4bde-a017-afa4104cd051,3857276,2,66,788,6301,Center Forward,Aerial Lost,,0,81.6,74.2
b8f915cb-0c2c-4686-8028-f1ea92110da3,3857276,2,70,788,5219,Left Center Back,Aerial Lost,,0,7.9,42.4
ea3a8d22-7836-46be-b86e-7eef7906c294,3857276,2,70,788,23774,Left Center Midfield,Aerial Lost,,0,1.3,38.5
b773e335-15d8-431f-9e76-ea21eff86b2e,3857276,2,71,788,6301,Center Forward,Aerial Lost,,0,70.6,4.9
c5ed2755-18b3-4b13-a0e1-97c1e0fce6b5,3857276,2,72,1833,9922,Left Midfield,Tackle,Lost Out,0,95.7,4.0
6c866f2f-197f-4657-bbef-8c2ef6c42cb6,3857276,2,73,788,15890,Left Back,Tackle,Lost Out,0,2.2,6.4
9198fe2e-38b9-4c59-a7ed-27bbfdc62b93,3857276,2,73,788,46258,Right Center Midfield,Tackle,Lost In Play,0,40.3,12.6
755de337-a40c-4328-a913-9db874b760ca,3857276,2,74,1833,23828,Left Center Back,Aerial Lost,,0,116.2,48.2
05745704-435b-480f-b13c-3fc7cb4d15fa,3857276,2,74,788,5234,Center Defensive Midfield,Tackle,Won,1,30.6,56.0
506d0e32-ee0b-4394-a6b0-5edfd726d438,3857276,2,79,788,7459,Right Center Back,Tackle,Won,1,2.8,68.0
83a3359f-c4cd-4cfc-8952-48659eddf8ef,3857276,2,80,788,12149,Left Center Back,Tackle,Lost Out,0,39.8,2.3
dc660801-f0e4-42e6-bd14-5537d527a40c,3857276,2,82,788,23774,Left Defensive Midfield,Aerial Lost,,0,69.2,54.7
5fc596e3-c4de-4611-9051-41e46c33903c,3857276,2,86,788,59493,Center Forward,Aerial Lost,,0,86.0,24.3
943d34c8-dcac-49c8-8695-0c0a3749b8a8,3857276,2,87,1833,9036,Left Midfield,Aerial Lost,,0,61.4,44.9
d06dcdc6-26d4-411d-8933-bb18abb65692,3857276,2,87,788,5234,Right Defensive Midfield,Tackle,Success In Play,1,26.6,54.5
1f90c7ec-812e-4238-a7d7-94ec162ba661,3857276,2,88,1833,23828,Left Center Back,Aerial Lost,,0,27.4,39.5
9d2d05e7-8441-47ec-8c7b-f8130f26c464,3857276,2,88,1833,11846,Right Center Back,Tackle,Won,1,52.0,54.9
18cbc06d-bb40-41d7-8341-2c9ff0ae96d2,3857276,2,89,788,23774,Left Wing,Aerial Lost,,0,38.8,16.2
c432a85d-a7b9-431c-b1e8-4319225ff233,3857276,2,89,1833,23828,Left Center Back,Tackle,Success Out,1,41.1,4.7
a32a4e3f-780e-4f83-bb61-c7719650743d,3857276,2,90,788,102668,Left Defensive Midfield,Aerial Lost,,0,27.0,35.0
3c0332cc-68c0-4fd6-9a1e-eb436ed8e481,3857276,2,90,788,7459,Right Center Back,Tackle,Lost In Play,0,3.7,63.5
9254d80b-ba7f-459f-b049-587e5b630fcb,3857276,2,90,788,23774,Left Wing,Tackle,Success In Play,1,14.6,49.3
c487edb6-0d61-4734-81c4-a9ef81adbf54,3857276,2,92,788,23774,Left Wing,Aerial Lost,,0,83.9,8.1
d4f52e9e-c18b-42c6-8b95-079acf677ff6,3857276,2,93,1833,16120,Right Midfield,Tackle,Success In Play,1,37.0,68.8
2184a06f-6615-49be-8af4-6fbfb8ba6dc3,3857271,1,0,768,30714,Right Defensive Midfield,Aerial Lost,,0,42.4,62.2
9c49d4d8-950a-4804-8a9b-f81f43f4b7c8,3857271,1,1,768,3233,Left Wing,Aerial Lost,,0,109.3,32.2
6725c0cb-c73f-49d2-88d1-04b66b25d874,3857271,1,5,768,22084,Right Wing,Aerial Lost,,0,108.8,44.7
2df61114-9d88-42e0-bbce-b0b4742d9498,3857271,1,5,768,22084,Right Wing,Tackle,Lost In Play,0,97.9,73.3
e576ce7d-b56a-45e6-9e82-f8e9abdd5cd6,3857271,1,15,797,23538,Right Wing Back,Aerial Lost,,0,49.4,62.6
2212fecb-31fa-464b-8887-28749d849607,3857271,1,16,768,7843,Center Attacking Midfield,Aerial Lost,,0,82.7,5.5
aa81f2fc-f97e-4293-ae26-78988491a947,3857271,1,21,768,22084,Right Wing,Tackle,Success In Play,1,6.2,72.8
2d70fe21-ebd8-47f3-9dc7-cdb9942c3d2b,3857271,1,21,797,5220,Right Center Back,Tackle,Lost Out,0,101.5,6.6
6c4dbb95-c489-4ad6-bf10-5f90de0e3da2,3857271,1,25,768,22084,Right Wing,Tackle,Lost In Play,0,97.9,51.1
bb962d50-167a-4e86-9483-0e89b9d1e289,3857271,1,26,797,125818,Left Defensive Midfield,Tackle,Success In Play,1,30.3,19.8
b1a3804a-f12c-40b6-92d4-46a2ac4f5342,3857271,1,29,797,23538,Right Wing Back,Tackle,Success Out,1,52.1,70.9
d4df08e3-57f4-4f2c-959e-c15a5516fdae,3857271,1,30,768,30714,Right Defensive Midfield,Tackle,Won,1,26.3,39.5
ca278925-9f77-4958-a390-cb4e66c9e181,3857271,1,30,797,5228,Left Center Back,Aerial Lost,,0,10.2,32.2
c37c9190-18d6-410b-95b4-d15cbc3980ef,3857271,1,30,797,125818,Left Defensive Midfield,Tackle,Lost Out,0,12.2,23.2
ba7816b3-fd38-4756-a3bc-e9d9ffa33515,3857271,1,31,797,5222,Center Back,Aerial Lost,,0,9.6,39.4
abf45047-f768-481c-a1fe-cc88d9930412,3857271,1,32,768,3308,Right Back,Tackle,Success In Play,1,18.2,70.3
bf4c684d-0081-416a-92a7-9cb382b78864,3857271,1,33,768,3943,Left Defensive Midfield,Aerial Lost,,0,31.5,70.3
9d8768bc-5edc-4444-9524-d9b6752467dd,3857271,1,34,797,5228,Left Center Back,Aerial Lost,,0,8.1,42.1
5d8001f0-47af-4982-b63e-8603b8f00556,3857271,1,35,797,5239,Right Wing,Tackle,Success In Play,1,43.9,71.4
47ea1120-0d58-44aa-9f8d-1a44786c927e,3857271,1,35,768,7843,Center Attacking Midfield,Tackle,Success In Play,1,93.8,4.6
6803549d-6235-4757-bbf0-0d3c2ab1c24c,3857271,1,36,797,5226,Center Forward,Aerial Lost,,0,72.0,58.3
b8677f3e-fe4b-4eb8-8847-6638951a314f,3857271,1,36,768,7843,Center Attacking Midfield,Aerial Lost,,0,64.8,20.0
888702ab-f08b-407f-8817-7fae670693f4,3857271,1,37,797,5222,Center Back,Aerial Lost,,0,82.0,32.2
b814cc92-4127-4e95-8f87-ce430e566ed8,3857271,1,38,797,5239,Right Wing,Aerial Lost,,0,51.8,17.1
f038e085-87e2-487e-8469-ced289962231,3857271,1,42,797,5222,Center Back,Aerial Lost,,0,13.1,32.7
ac34e28c-9ea2-4705-8e9c-0aebd9f923fc,3857271,1,44,768,3308,Right Back,Tackle,Lost In Play,0,80.5,69.6
0bc8b3c4-eee2-4312-bba5-35bb6332967f,3857271,1,47,797,5228,Left Center Back,Tackle,Success In Play,1,22.9,39.9
b7d59000-b830-4431-bc8b-fbd08c85da62,3857271,1,49,797,5720,Left Wing Back,Tackle,Won,1,37.4,8.2
c2531129-5ff3-4983-802d-f135b770e845,3857271,1,49,768,30714,Right Defensive Midfield,Tackle,Won,1,63.0,59.2
bc383979-344b-4af0-9240-62938700ce19,3857271,1,52,797,5226,Center Forward,Aerial Lost,,0,67.9,37.4
850268cb-8cb4-4a64-913f-0171016dd358,3857271,1,56,768,3382,Left Back,Aerial Lost,,0,65.5,6.2
061be1ea-6ae1-4c87-bce6-72ced8c99779,3857271,2,46,797,5720,Left Wing Back,Aerial Lost,,0,64.0,17.9
f02e0b8f-ee92-4565-94bc-e33ceefcb065,3857271,2,52,768,3244,Right Center Back,Tackle,Success Out,1,2.5,72.1
8cea43c1-bcc7-4831-9bf1-d4f065cf01cd,3857271,2,52,768,10955,Center Forward,Aerial Lost,,0,64.4,36.9
fd3ea32f-34d3-43c3-a6e8-75ba502a7f0e,3857271,2,53,768,3943,Left Defensive Midfield,Tackle,Won,1,99.4,62.4
360c1ace-a655-4902-9354-80d9f6887457,3857271,2,54,768,3336,Left Center Back,Aerial Lost,,0,107.7,42.6
160a3de4-de13-4e83-83cd-956a01cf77a4,3857271,2,54,768,30714,Right Defensive Midfield,Tackle,Lost Out,0,73.4,72.1
c8d650e7-cf6b-4989-8ecc-d41a8c859831,3857271,2,55,797,5230,Left Attacking Midfield,Tackle,Lost In Play,0,98.1,24.2
a5e86ae9-cde9-4b94-9944-7c03e70ff225,3857271,2,55,797,5228,Left Center Back,Tackle,Lost Out,0,20.3,50.6
0bb0a4d9-d063-4690-9149-164959927564,3857271,2,56,768,3943,Left Defensive Midfield,Aerial Lost,,0,115.6,33.6
c861c72c-91bf-4aae-8755-76dc95a64bf5,3857271,2,57,768,7843,Center Attacking Midfield,Aerial Lost,,0,57.4,8.5
416dd658-2331-4ade-99fd-9b0b5840ff1f,3857271,2,58,797,23538,Right Wing Back,Aerial Lost,,0,10.8,51.7
3739740b-d3e6-4cfb-8bcf-cfc93edc3548,3857271,2,60,797,5720,Left Wing Back,Aerial Lost,,0,73.7,14.1
790665c9-8f31-42db-86bf-a5c33a59f63f,3857271,2,63,768,3308,Right Back,Tackle,Success In Play,1,23.8,76.4
0db9f543-762f-4455-8688-db3021887c70,3857271,2,68,768,3382,Left Back,Aerial Lost,,0,81.3,7.2
fc23bfb1-769d-40c2-9e06-65cbc4470eb8,3857271,2,68,768,3943,Left Defensive Midfield,Tackle,Success In Play,1,66.0,18.9
fa6f4ebd-8bde-4beb-b6dd-0d0cbf6278f6,3857271,2,70,768,10955,Center Forward,Aerial Lost,,0,78.4,52.1
2abb78c5-4ebb-4b3a-9821-ea7bb2689798,3857271,2,78,797,23538,Right Wing Back,Tackle,Lost Out,0,51.6,72.5
579657e0-d031-4db1-9d8b-f24864a6b49e,3857271,2,78,797,5230,Left Wing Back,Tackle,Lost In Play,0,39.9,24.2
03d43ab2-de05-492f-bead-8af023ec5cd5,3857271,2,84,797,5224,Left Center Forward,Aerial Lost,,0,71.0,56.0
abe72cf2-c8a8-45ae-b2f9-50c460b14d25,3857271,2,86,768,3308,Right Back,Tackle,Lost Out,0,20.9,70.1
d60b8269-272c-4e1c-ab05-9d0fd584725c,3857271,2,86,768,3308,Right Back,Tackle,Success In Play,1,32.2,77.8
1f7947c5-1321-4521-9c73-812a4d03efca,3857271,2,90,768,4354,Center Attacking Midfield,Aerial Lost,,0,75.5,46.6
2995d65f-1568-42e7-a9d6-8739056afd2e,3857271,2,90,768,9638,Left Wing,Tackle,Lost In Play,0,72.8,9.9
6b8641d7-1e12-4fe9-b1fd-46e0526d29eb,3857271,2,91,797,5228,Left Center Back,Tackle,Lost Out,0,62.0,6.2
32d0d211-1d35-4cbc-aad6-d72b33c2a1b4,3857296,1,1,782,6989,Left Back,Tackle,Success In Play,1,13.9,6.0
39c4c3a5-9876-4695-87a1-bee973f9f22a,3857296,1,3,782,3176,Right Back,Tackle,Lost Out,0,61.3,69.5
358304b0-87de-48a3-ac4f-c4966b9dc684,3857296,1,6,782,3089,Right Wing,Aerial Lost,,0,72.8,51.8
65e69948-340d-46dd-bf61-ccda8f070ce0,3857296,1,7,785,5463,Right Center Midfield,Tackle,Success In Play,1,77.1,58.4
ff2d33d6-ca0f-47dc-8b3d-fa40047d7b45,3857296,1,21,785,5469,Center Defensive Midfield,Aerial Lost,,0,99.1,44.1
1cdf5ea7-5fb1-4763-b095-22c31d63ac19,3857296,1,24,782,6989,Left Back,Aerial Lost,,0,92.3,27.2
0b04e56c-e7a4-4c78-b751-664abf682b93,3857296,1,25,782,6331,Right Defensive Midfield,Tackle,Lost In Play,0,15.0,55.4
dc1aa243-5b77-43ba-b9ec-b19617b9efec,3857296,1,25,782,3176,Right Back,Tackle,Lost Out,0,9.9,71.2
8d6acca1-ee7f-4e53-af43-3505150fa227,3857296,1,30,785,5469,Center Defensive Midfield,Tackle,Lost In Play,0,37.3,40.4
80c999c9-ffac-415b-a84a-8ed2d5815035,3857296,1,32,782,6989,Left Back,Aerial Lost,,0,7.9,37.6
bc701aa2-a8eb-49f9-bf87-009c54fbe803,3857296,1,33,785,29163,Right Back,Tackle,Lost Out,0,27.0,77.5
bab783e1-cd62-4d16-825a-ef47273c5406,3857296,1,34,785,5456,Left Center Midfield,Aerial Lost,,0,20.5,38.1
7de4199c-7d7a-4724-a37d-0bddb75dd7cc,3857296,1,34,785,5463,Right Center Midfield,Aerial Lost,,0,27.5,39.8
2e7459c2-f412-433e-ab85-3badfe9ef597,3857296,1,36,785,5463,Right Center Midfield,Tackle,Lost In Play,0,55.3,56.4
706fac88-e810-442a-b2f2-3a7194399d83,3857296,1,36,785,5469,Center Defensive Midfield,Aerial Lost,,0,97.9,7.7
4e9be26b-d73d-453c-bfc3-cfb79bdbbaec,3857296,1,37,785,33018,Left Center Back,Tackle,Won,1,39.3,7.4
749ed918-9477-4c73-8fee-e96e95354f12,3857296,1,38,782,5630,Center Attacking Midfield,Aerial Lost,,0,72.2,33.8
e355dc47-233b-4b67-9ee9-a85eceb551a0,3857296,1,38,782,3089,Right Wing,Aerial Lost,,0,78.2,27.8
421e1e31-9d8e-44d3-9a2d-d4f648c079b0,3857296,1,41,785,22041,Center Forward,Aerial Lost,,0,51.3,53.8
3373f9a1-d691-403c-8ea7-b651214bb5fa,3857296,1,46,782,16559,Center Forward,Aerial Lost,,0,48.0,27.3
021a72da-9696-4da5-b140-be4371caeab5,3857296,1,48,782,6331,Right Defensive Midfield,Tackle,Lost Out,0,38.4,75.4
19458aaa-9435-4477-a141-0d8a341817c1,3857296,2,45,785,12625,Left Back,Aerial Lost,,0,67.1,5.1
c5cccbb7-425a-4ec3-96d2-ba9dec9d048b,3857296,2,45,785,33018,Left Center Back,Tackle,Success In Play,1,24.3,26.6
a04ff09d-20d2-48d6-9bae-5f80260fd442,3857296,2,48,785,3471,Right Center Back,Aerial Lost,,0,2.6,45.9
8b68a714-54e0-4b1f-8ecf-75a10976571e,3857296,2,51,782,3176,Right Back,Tackle,Success In Play,1,60.8,66.0
ac630fca-8712-4904-960c-14398d66162e,3857296,2,57,782,3176,Right Back,Tackle,Lost Out,0,18.2,71.3
e6ab41d1-3d55-4753-89e0-b7788c958d6d,3857296,2,61,785,5469,Center Defensive Midfield,Tackle,Lost In Play,0,38.0,44.3
e45e3056-0693-4f60-9066-7d4322bd8d83,3857296,2,65,785,5456,Left Center Midfield,Tackle,Lost In Play,0,33.7,15.2
a74e9314-93c8-407a-b964-3c9bd18fe458,3857296,2,72,785,7693,Center Forward,Aerial Lost,,0,86.1,50.4
8cfd2114-9cf0-4a27-be75-d5a7dbe47c8c,3857296,2,72,782,5632,Left Wing,Aerial Lost,,0,54.6,41.7
793b8581-5367-4fd1-964c-fd8c06251526,3857296,2,73,782,20005,Right Center Back,Aerial Lost,,0,62.2,52.2
04fc7126-1b30-4e34-a1b5-efbf3313019a,3857296,2,75,785,33018,Left Center Back,Tackle,Lost In Play,0,22.2,39.9
9f63a643-c7b3-4526-b523-5e0d9ad21c1d,3857296,2,76,785,33018,Left Center Back,Aerial Lost,,0,26.3,24.3
f4dc3451-02df-49c8-94c5-8120425a1aa3,3857296,2,77,782,5632,Center Attacking Midfield,Aerial Lost,,0,117.2,45.9
5e88a5ca-268d-4df6-82b3-081934ad061a,3857296,2,77,785,11603,Right Wing,Aerial Lost,,0,7.5,43.6
8491c485-1c25-4bfc-8e61-d7c9f60abc00,3857296,2,78,782,3176,Right Back,Aerial Lost,,0,32.3,64.9
fff43672-d216-4e54-8441-8ff60bec1bd6,3857296,2,78,785,11603,Right Wing,Aerial Lost,,0,111.9,47.3
7b676431-8c96-4607-b62d-e7da2cb41409,3857296,2,79,782,20005,Right Center Back,Aerial Lost,,0,18.0,63.6
42837f9d-d962-4efb-bee2-754fd4ebd7c3,3857296,2,85,782,6989,Left Back,Aerial Lost,,0,111.7,38.1
77abdc93-b05a-48a4-bc8d-6bb0bf8c6dc2,3857296,2,89,782,20005,Right Center Back,Aerial Lost,,0,41.7,47.8
24007a82-f1f5-4403-8177-954c877ceefb,3857296,2,89,782,5632,Right Back,Tackle,Lost In Play,0,30.9,71.9
657f4a62-a833-4dab-a8e4-098d0259e06d,3857296,2,89,782,20005,Right Center Back,Tackle,Success In Play,1,22.5,60.1
918dc518-56ff-4892-b156-3f516cfac6ba,3857296,2,90,782,2954,Right Defensive Midfield,Tackle,Success In Play,1,44.9,53.8
36f192dd-dfe0-407f-b4a3-64685996f933,3857296,2,90,785,5463,Right Center Midfield,Tackle,Lost In Play,0,56.8,65.1
0728db97-4d52-44f4-9e30-d888fa22eff0,3857296,2,92,785,11603,Right Wing,Aerial Lost,,0,95.4,61.3
89ac3271-9484-4cc3-831a-ab321714ce0a,3857296,2,93,782,5642,Left Defensive Midfield,Aerial Lost,,0,91.9,28.8
0a2db5d5-06b5-4aae-9d6f-2f236d337d40,3857274,1,0,3565,28559,Left Attacking Midfield,Aerial Lost,,0,98.5,24.9
c1925f8f-9c0f-4327-9145-c34d0bdcda4e,3857274,1,0,941,8125,Right Wing Back,Tackle,Success In Play,1,28.9,58.7
a699ab08-4a4c-409e-821e-1174226d6e06,3857274,1,0,941,8259,Left Center Forward,Aerial Lost,,0,92.7,64.6
9437637c-05b5-44ca-af90-68a31f503384,3857274,1,0,941,3311,Left Wing Back,Aerial Lost,,0,85.1,32.3
678d0685-595a-4ea7-b8a2-b969d213e3e8,3857274,1,0,3565,34396,Center Forward,Aerial Lost,,0,53.2,43.3
9aa6dd06-8cfe-43dc-982c-af72a8858275,3857274,1,0,941,21809,Right Center Back,Tackle,Won,1,51.1,75.9
92e9fe1d-d6d7-4f69-b613-2f0fcf327ac1,3857274,1,2,941,7891,Right Defensive Midfield,Tackle,Lost Out,0,72.3,77.2
b3fb5612-a403-425b-b003-006aa23f53f4,3857274,1,4,3565,37726,Left Defensive Midfield,Tackle,Won,1,36.6,47.8
79d5d55a-6e87-4be5-8779-558bb144249c,3857274,1,7,941,8118,Left Defensive Midfield,Tackle,Lost In Play,0,25.4,33.3
8739be1d-0bb9-4507-ba2a-c82114552c09,3857274,1,7,941,3311,Left Wing Back,Tackle,Lost In Play,0,20.6,6.5
5b7505a9-6d8a-4289-a225-255d4a37fc67,3857274,1,11,3565,37726,Left Defensive Midfield,Tackle,Won,1,44.9,11.4
018cf655-d439-4217-bca2-1de389070b35,3857274,1,12,941,3306,Left Center Back,Tackle,Won,1,34.6,3.6
d33a65dc-6464-4e15-90a7-1a731090bae7,3857274,1,14,3565,31152,Right Attacking Midfield,Aerial Lost,,0,41.6,32.9
5d3b4e89-28f5-4fff-813e-ccb212761140,3857274,1,14,941,21809,Right Center Back,Tackle,Success Out,1,10.4,66.3
d154bb4e-9673-43a3-839e-1f44b2db214f,3857274,1,16,3565,38004,Left Center Back,Tackle,Lost In Play,0,69.4,26.6
5a5653ca-e107-453c-a0fd-8df6570402c6,3857274,1,18,3565,38004,Left Center Back,Tackle,Lost Out,0,33.2,3.1
4987b4f8-7f56-4d83-9caa-deb5f781773d,3857274,1,18,941,8259,Left Center Forward,Aerial Lost,,0,103.8,68.4
4be18da1-31cf-4585-9edd-e2d6c4625b65,3857274,1,19,3565,34396,Center Forward,Aerial Lost,,0,62.0,33.5
d1fa4af2-e719-478f-afed-5443379bab87,3857274,1,19,3565,37726,Left Defensive Midfield,Aerial Lost,,0,51.8,24.7
896c3009-b71e-4ecb-8946-2a8c20ad67a3,3857274,1,19,941,8125,Right Wing Back,Tackle,Won,1,64.7,69.1
9eb79151-48df-420a-a9e5-17ddd2d243b6,3857274,1,19,3565,24085,Left Wing Back,Tackle,Success In Play,1,40.2,24.9
9063b4e5-b4cc-4c2d-81ec-7467bc18f166,3857274,1,21,3565,31152,Right Attacking Midfield,Aerial Lost,,0,62.0,33.9
466da82f-b695-4978-acc1-b66bc71b1dd0,3857274,1,23,941,3669,Center Back,Tackle,Lost In Play,0,56.2,4.1
2f1eb003-6c2e-4ea6-b658-2c0d140c16b8,3857274,1,23,3565,28559,Left Attacking Midfield,Aerial Lost,,0,93.3,23.3
b910f9cf-9f12-4e6b-b1dd-2edf6adc9e4d,3857274,1,24,941,21809,Right Center Back,Tackle,Won,1,33.3,46.5
75b48aa3-8b0a-4f0c-ae86-85791223d55e,3857274,1,28,941,3311,Left Wing Back,Tackle,Lost Out,0,5.6,0.9
ff881b0f-ecdf-418c-82a8-1861ddd47e5d,3857274,1,29,3565,37726,Left Defensive Midfield,Tackle,Success In Play,1,33.1,58.8
9f0fa4c5-ad34-41c7-a9a1-6a228789fe2c,3857274,1,29,941,8118,Left Defensive Midfield,Tackle,Lost In Play,0,88.3,23.8
47bff2af-2ceb-4f68-aa4f-e6f30e8e279a,3857274,1,30,941,7891,Right Defensive Midfield,Aerial Lost,,0,112.1,38.2
a55bff2b-3afa-4215-90e0-c859360a0162,3857274,1,31,3565,37726,Left Defensive Midfield,Tackle,Lost In Play,0,50.2,57.2
d07f3503-56f1-4a30-9d71-675ec4709a92,3857274,1,32,3565,31152,Right Attacking Midfield,Aerial Lost,,0,110.6,41.6
248818e1-1179-4aed-87d0-52b5c9474280,3857274,1,34,3565,28559,Left Attacking Midfield,Tackle,Won,1,61.2,19.3
c855d3bc-8a83-4548-b0ca-bab6948b4f71,3857274,1,34,941,21809,Right Center Back,Tackle,Success In Play,1,49.5,55.2
de16459d-79e4-42d6-ba5b-659da26f578d,3857274,1,35,941,20750,Right Center Forward,Tackle,Won,1,26.4,74.4
8e9dce57-6ae4-43dd-a0e1-d6d9ac3169c5,3857274,1,38,941,8118,Left Defensive Midfield,Tackle,Success In Play,1,43.1,54.4
be4d087e-426f-47b0-aa1d-6cf46ebe5836,3857274,1,39,941,3306,Left Center Back,Tackle,Lost In Play,0,72.3,43.4
6ea8c459-0103-45cd-ac18-7606c95425ba,3857274,1,42,3565,31152,Right Attacking Midfield,Tackle,Success In Play,1,34.9,60.6
d5188e19-1aa5-4fd5-8f4e-d35726c2780c,3857274,1,46,3565,34396,Center Forward,Tackle,Won,1,84.1,10.5
b212aaeb-5148-4e0f-995e-c136b4c612a8,3857274,1,46,941,8125,Right Wing Back,Aerial Lost,,0,9.9,32.2
e3bb772e-1a5c-4eda-90b9-cf2fd6c3da22,3857274,2,45,941,20750,Right Center Forward,Aerial Lost,,0,58.8,62.1
4b25e068-7292-423c-aec1-7b52cf8d955e,3857274,2,46,941,8125,Right Wing Back,Tackle,Success In Play,1,29.5,78.1
2c069bc0-1d9b-4906-99b6-180cbb4d745d,3857274,2,47,941,3669,Center Back,Aerial Lost,,0,21.1,39.8
0bdb622b-de39-4a73-811a-334c2da27a88,3857274,2,47,941,4318,Center Attacking Midfield,Aerial Lost,,0,84.3,17.8
31e930b1-b56f-4bd2-b229-64df11fa1fd5,3857274,2,47,941,3311,Left Wing Back,Tackle,Lost Out,0,86.2,10.2
eb335e1b-00fc-4476-ba28-b363798c103a,3857274,2,48,3565,34396,Center Forward,Aerial Lost,,0,77.3,39.5
ec61b85e-e945-437b-9283-f9bfd2879ddd,3857274,2,48,3565,37726,Left Defensive Midfield,Tackle,Success In Play,1,76.0,38.9
1402f198-8863-46d9-b25d-b1dfba1f25d6,3857274,2,50,941,20750,Right Center Forward,Aerial Lost,,0,66.6,48.1
5fcd5e68-d513-46cc-98f7-63be157ab224,3857274,2,52,941,2988,Left Center Forward,Aerial Lost,,0,97.9,28.4
d63fa8cc-a64d-4fee-b91e-70eabf47af7c,3857274,2,52,941,3306,Left Center Back,Aerial Lost,,0,112.3,46.3
8f336da2-c288-4a68-a9d6-2d973b7fce33,3857274,2,54,3565,34396,Center Forward,Aerial Lost,,0,78.4,66.1
a7238ede-d006-42f6-8209-248975e49e1d,3857274,2,54,3565,28559,Left Attacking Midfield,Aerial Lost,,0,99.3,57.1
558a13ee-8f7f-47f6-93fe-4034c07a912b,3857274,2,56,3565,38004,Left Center Back,Tackle,Lost In Play,0,63.2,23.5
c785fc1b-d01e-41b2-a604-83f7418c60d0,3857274,2,57,3565,31152,Right Attacking Midfield,Aerial Lost,,0,33.3,42.2
554a195a-9208-4615-9976-80f5283f7227,3857274,2,58,3565,28559,Left Attacking Midfield,Aerial Lost,,0,97.9,55.5
badabcd0-6839-4eaa-80c0-a06923a9b294,3857274,2,59,3565,24085,Left Wing Back,Tackle,Lost In Play,0,21.4,7.7
b17f5fa6-ec73-4e8c-85df-5ca2922bb2d6,3857274,2,60,3565,38004,Left Center Back,Tackle,Lost In Play,0,13.5,7.5
6f38226e-2329-4aec-8309-15091183e49d,3857274,2,61,941,3669,Center Back,Aerial Lost,,0,27.1,69.7
d426c670-c467-4d1e-bc8f-62bfde961b58,3857274,2,62,941,3669,Center Back,Aerial Lost,,0,48.8,23.3
d38c7710-2ad6-4167-a767-e03c65feabf1,3857274,2,63,941,4318,Center Attacking Midfield,Aerial Lost,,0,87.3,11.3
7cb40f77-1d84-4155-ae28-e1ee0e092fda,3857274,2,63,3565,30111,Center Back,Tackle,Success In Play,1,28.7,63.4
c90132f2-a62c-448a-9725-ddd598b66a92,3857274,2,63,3565,28559,Left Attacking Midfield,Aerial Lost,,0,88.2,16.4
56019393-9fc7-4195-bd6d-c2cf1ab416ee,3857274,2,63,3565,51969,Right Center Back,Tackle,Won,1,36.6,51.4
38479db7-e171-4e83-ad52-591824eab3ca,3857274,2,67,3565,38004,Left Center Back,Tackle,Lost Out,0,46.1,1.2
65bb44aa-6e52-4a19-9786-fa3f42e03efa,3857274,2,67,3565,31152,Right Attacking Midfield,Aerial Lost,,0,38.0,29.7
3cc81860-eea8-44f1-a2ba-963823a230d1,3857274,2,69,941,21809,Right Center Back,Aerial Lost,,0,59.3,71.6
970f28ce-4f25-437e-b5c5-30786e468fda,3857274,2,69,941,8118,Left Defensive Midfield,Tackle,Lost In Play,0,63.4,54.7
b9cfa461-2469-4786-9b2f-1756e5a437ae,3857274,2,69,941,2988,Left Center Forward,Aerial Lost,,0,84.3,55.5
30a593e8-6379-4ee0-bcf6-a2f6700f0cd8,3857274,2,69,941,7745,Center Attacking Midfield,Aerial Lost,,0,74.0,49.3
45374273-2316-4ba7-a49c-7a8eb7d76ca5,3857274,2,69,941,21809,Right Center Back,Aerial Lost,,0,65.0,50.1
c0741b31-d82b-4967-9ad2-622a8e88932f,3857274,2,74,3565,28559,Center Forward,Aerial Lost,,0,86.5,71.8
730346ee-f0fe-4740-a10d-0376c4ddca02,3857274,2,75,3565,51969,Right Center Back,Tackle,Success In Play,1,32.8,64.2
c8a5a224-c826-4e38-97d0-e674f39e4e58,3857274,2,77,3565,28559,Center Forward,Aerial Lost,,0,105.0,53.9
1f31baf0-849d-4f11-b96e-282afcfeafe1,3857274,2,77,941,7891,Right Defensive Midfield,Aerial Lost,,0,46.9,38.7
098b7bd4-7229-425d-a582-e8a3f30a8e6d,3857274,2,77,941,7745,Center Attacking Midfield,Tackle,Lost Out,0,39.0,59.6
fd9c3529-3c0e-4eae-abff-a27d47a063e4,3857274,2,78,3565,24085,Left Wing Back,Tackle,Won,1,23.0,13.2
49928914-b664-432b-ad93-c622bbc45fca,3857274,2,79,941,8118,Left Defensive Midfield,Tackle,Success In Play,1,45.8,72.9
cee2f543-531e-474f-8f9b-848dc5ff2039,3857274,2,79,941,6994,Right Defensive Midfield,Tackle,Lost In Play,0,12.7,77.3
068762c7-4bff-46ad-ae7c-f705780bede0,3857274,2,83,3565,40211,Left Attacking Midfield,Aerial Lost,,0,75.1,70.7
8c0e3833-3d12-47ce-881b-72db20b53e65,3857274,2,83,941,7745,Center Attacking Midfield,Aerial Lost,,0,56.6,27.3
381847c6-c09e-4ce3-a979-7d0363f7ac55,3857274,2,83,3565,37737,Right Wing Back,Tackle,Won,1,58.9,65.5
3609ada6-79cd-4865-bd10-be823ff08909,3857274,2,83,941,3306,Left Center Back,Tackle,Lost Out,0,47.1,5.3
44a6b01c-32b1-49da-bb92-da5b8d1e91fa,3857274,2,84,941,7829,Right Center Forward,Aerial Lost,,0,63.4,48.8
ea6c1ff6-42d6-4348-a253-564f05b11034,3857274,2,84,941,8125,Right Wing Back,Tackle,Won,1,44.1,69.1
ad434c61-43ce-43ba-8fdb-e870e9cfb75a,3857274,2,90,3565,348757,Center Forward,Aerial Lost,,0,94.9,44.9
537a0227-5a87-40bb-ba32-d7907f982e41,3857274,2,90,3565,23830,Right Defensive Midfield,Aerial Lost,,0,73.8,45.7
4ac02944-ed79-40d7-ac8f-7087e6873570,3857274,2,91,3565,24085,Left Wing Back,Aerial Lost,,0,57.0,9.6
ab9f9b9d-160d-4867-bdbd-56418e220306,3857274,2,91,941,7829,Right Center Forward,Aerial Lost,,0,78.9,65.6
efb93195-dade-4a35-b8c1-d20c309bc033,3857274,2,91,941,6994,Right Defensive Midfield,Aerial Lost,,0,15.0,59.5
94ffbd86-05f4-4a1d-9f59-029754d65efb,3857274,2,92,3565,348757,Center Forward,Aerial Lost,,0,94.1,69.6
55112dcb-5477-4321-9144-f1963d8a827c,3857274,2,93,941,8118,Left Defensive Midfield,Tackle,Lost In Play,0,9.1,9.1
7f95ef3d-4c67-40ab-855c-bf5e832876f6,3857274,2,93,3565,37737,Right Wing Back,Tackle,Success Out,1,109.9,76.7
b02bd803-1e2e-44a9-a48c-3f70aa50853e,3857274,2,94,3565,30111,Center Back,Aerial Lost,,0,109.9,41.4
f2fe66e5-028c-486e-aae6-1ed1ced0e4c3,3857274,2,95,941,3306,Left Center Back,Aerial Lost,,0,20.3,25.4
a53a996d-4f01-46fe-987e-537ec133a30d,3857274,2,95,3565,40211,Left Attacking Midfield,Aerial Lost,,0,105.3,49.5
a41de040-12ad-4c42-a60e-5a88f163be8e,3857255,1,1,778,37215,Left Center Back,Tackle,Lost In Play,0,44.6,28.7
691ca4fa-456c-4874-bbc0-844b461901e6,3857255,1,2,772,133353,Right Center Midfield,Aerial Lost,,0,85.1,26.7
262646f9-63d7-4719-bfa8-3977a6225874,3857255,1,2,772,5203,Center Defensive Midfield,Aerial Lost,,0,80.2,29.0
b3af40dd-f22b-46e2-b6ef-a4cfcfddd22d,3857255,1,2,778,5690,Left Wing Back,Aerial Lost,,0,50.3,5.0
7c3ea524-dc06-4b02-af10-06c69936a15e,3857255,1,4,772,68574,Right Wing,Aerial Lost,,0,27.4,51.0
45896971-6b98-4baa-8b07-9fa5a44e4ad0,3857255,1,4,778,5690,Left Wing Back,Tackle,Lost In Play,0,95.8,24.0
00fd1787-34c6-4e4e-b460-36c16a82478c,3857255,1,7,772,6892,Left Center Back,Aerial Lost,,0,15.8,46.9
232ef728-e365-40fc-9fbb-c3ab01736e10,3857255,1,8,772,30486,Left Center Midfield,Tackle,Won,1,115.3,17.5
ea7fc227-a1fb-426d-bb0d-00008344e757,3857255,1,8,778,31090,Right Wing,Tackle,Lost Out,0,2.4,68.1
8139c18d-9709-4354-bf57-36191a17f73a,3857255,1,10,778,9411,Left Wing,Tackle,Lost In Play,0,42.4,4.6
a3bd362e-fed2-43ac-95fe-920dbfec9385,3857255,1,10,778,23527,Right Wing Back,Tackle,Lost In Play,0,9.7,72.6
731e0a77-36af-4f90-b8ba-0e5e93ddf473,3857255,1,11,778,29595,Right Center Back,Aerial Lost,,0,5.2,41.5
fb074402-4179-4943-9aa6-f9d1bcc729c6,3857255,1,12,772,3477,Center Forward,Tackle,Won,1,30.5,12.8
4247cc9b-3c91-40d4-b37f-379ce0e19df6,3857255,1,18,772,68574,Right Wing,Tackle,Lost In Play,0,76.0,66.3
7572fbdd-a77f-4593-9fd3-72d0e5645719,3857255,1,18,772,133353,Right Center Midfield,Tackle,Won,1,72.4,64.2
5d34fd98-c7ae-4023-a971-8fdcd93a8129,3857255,1,21,772,3957,Right Back,Tackle,Success In Play,1,28.4,75.5
d566cf54-4e3a-40ee-a61a-f85cadb6d778,3857255,1,25,772,133353,Right Center Midfield,Tackle,Success In Play,1,39.4,51.6
ef904059-5dfd-48ae-b955-574ea6d27e08,3857255,1,28,772,39161,Left Back,Tackle,Won,1,81.1,9.2
4a7bc28f-c955-429a-bf53-c6e34ec44289,3857255,1,34,778,5690,Left Wing Back,Tackle,Success In Play,1,56.6,5.4
815e0fd4-c5bd-45a2-9db1-d9a4d739b715,3857255,1,35,772,39161,Left Back,Tackle,Won,1,15.9,13.8
9a9a2c7d-2465-46af-a49c-ed6b3a463e5d,3857255,1,35,778,23527,Right Wing Back,Tackle,Success In Play,1,99.3,58.1
d8f683b6-d3e8-4432-a173-3d9f34cd107b,3857255,1,36,778,29595,Right Center Back,Tackle,Lost Out,0,92.3,77.2
438e3338-232f-4068-9db4-2d670894cfd8,3857255,1,39,772,39161,Left Back,Tackle,Lost Out,0,6.7,17.4
56e64596-d17c-4221-8877-37af4beaeaf8,3857255,1,40,772,5203,Center Defensive Midfield,Aerial Lost,,0,62.0,37.1
eaa8bd5b-4e6c-48aa-a357-98cdb2261b54,3857255,1,40,772,133353,Right Center Midfield,Aerial Lost,,0,63.9,62.0
48b60330-1738-4734-80e6-61de3d77b62c,3857255,1,40,778,3300,Center Back,Aerial Lost,,0,53.3,31.1
568a0131-af19-480d-af72-2a753efecbb6,3857255,1,46,772,6765,Right Center Back,Aerial Lost,,0,116.7,38.7
a5790ea1-adf9-4c3c-b380-33d41a61272f,3857255,2,47,772,39161,Left Back,Aerial Lost,,0,27.1,10.0
8090c90e-4a7e-428c-a336-88c5648ebf58,3857255,2,49,772,68574,Right Wing,Aerial Lost,,0,100.9,59.0
107dba13-dee5-446f-af74-2fe8e3b3d966,3857255,2,54,778,3300,Center Back,Tackle,Lost In Play,0,56.5,43.1
f10987da-f4db-468d-be6f-da1b74dc6f6c,3857255,2,56,778,30628,Center Forward,Aerial Lost,,0,80.3,34.9
d25325cd-7928-4681-8cd8-26836c733769,3857255,2,56,772,6748,Right Wing,Aerial Lost,,0,52.4,60.9
3b14d1fa-fc2f-4ea7-9854-12602a3b17b3,3857255,2,58,778,30628,Center Forward,Aerial Lost,,0,72.2,54.2
8af3b03f-b909-4a99-b367-e864d04717a6,3857255,2,59,772,6748,Right Wing,Aerial Lost,,0,90.1,76.1
c2f8499b-19cb-45ce-8f93-89bff13ff36a,3857255,2,60,772,30486,Left Center Midfield,Tackle,Success In Play,1,65.4,37.3
ed6719e5-f361-4130-b3de-afe0968c9540,3857255,2,61,778,37211,Left Wing Back,Tackle,Won,1,33.4,3.6
583565a3-b7cd-410a-bc10-8055b55698cb,3857255,2,62,778,9411,Left Wing,Tackle,Success In Play,1,50.7,4.5
1cf21829-9b1e-4c4d-b202-48ad4dd93c09,3857255,2,63,778,3300,Center Back,Tackle,Lost Out,0,64.0,76.5
bfb298b3-8068-4b2f-b90b-e376b64d970b,3857255,2,65,772,39161,Left Back,Tackle,Lost Out,0,33.0,7.6
b6a0e8fc-49ac-4e15-b0bc-635ce256a97c,3857255,2,66,778,23527,Right Wing Back,Tackle,Success In Play,1,29.1,76.0
bb8485f4-67d8-4201-8c65-f79fdd06d6b2,3857255,2,67,772,39161,Left Back,Tackle,Lost Out,0,80.9,2.9
fcefc7bc-e72b-4188-a6dd-fa9454781c86,3857255,2,69,778,29595,Right Center Back,Tackle,Won,1,32.9,67.2
6d077305-21d7-4884-a55b-48d9f65c2c0a,3857255,2,72,778,37208,Right Defensive Midfield,Tackle,Success In Play,1,12.9,23.1
309bc4e1-e61e-4e83-bded-0513cd3e01ea,3857255,2,74,772,30756,Left Wing,Aerial Lost,,0,106.3,36.4
d36444e3-8f75-48fd-b62a-b761ee6b7a44,3857255,2,75,778,23527,Left Wing,Aerial Lost,,0,71.5,24.2
b7e3ad65-c857-4688-8373-3db046a3b756,3857255,2,75,778,8949,Center Forward,Aerial Lost,,0,78.5,22.5
4766e049-b2b1-44d2-ad29-0433f6e8e45d,3857255,2,75,772,6748,Right Wing,Tackle,Won,1,39.0,74.4
2dcc9c63-daeb-4139-b777-b34b8b59592f,3857255,2,76,778,29595,Right Center Back,Aerial Lost,,0,14.0,46.8
b8d87d67-99e3-44ac-be7c-be1f555a9be6,3857255,2,79,778,8949,Center Forward,Aerial Lost,,0,41.7,29.7
9c11854f-5a19-44d6-90c7-c3150f890683,3857255,2,81,778,23527,Left Wing,Aerial Lost,,0,84.3,13.0
d384c7bc-61ce-4079-8f0d-6ea3b3383719,3857255,2,83,772,5721,Right Back,Tackle,Success In Play,1,25.5,33.6
43422f3a-2090-4272-b2d2-3eeb7945fd5a,3857255,2,86,772,5719,Right Wing,Aerial Lost,,0,96.6,61.2
4d317386-b9ca-41dd-8429-9a85f6363934,3857255,2,87,778,3300,Center Back,Aerial Lost,,0,20.5,38.7
96246405-8446-40cb-8e14-cb478b50112c,3857255,2,91,772,30756,Left Wing,Aerial Lost,,0,57.4,16.0
3303e050-a3dd-43ab-92f4-01034428c31c,3857255,2,91,778,8949,Center Forward,Aerial Lost,,0,74.8,62.2
0a31ffd1-d8dc-46e9-a8e7-365b0af4d13b,3857272,1,1,768,10955,Center Forward,Aerial Lost,,0,68.8,25.5
ba340aea-ffa6-49dc-826b-6d45f71253d4,3857272,1,2,1839,8526,Right Midfield,Tackle,Lost Out,0,99.7,79.7
b2e83056-896b-429c-a26b-418b88d56288,3857272,1,3,1839,12751,Right Defensive Midfield,Tackle,Success In Play,1,78.4,76.9
1a4c241b-6335-4d7f-856d-605a6ddc675f,3857272,1,3,768,3308,Right Back,Tackle,Success Out,1,20.4,73.9
425f426a-dc68-4b1e-9765-8d3cf0e01f20,3857272,1,3,768,10955,Center Forward,Aerial Lost,,0,37.3,63.2
9b8d72fa-2089-4967-875f-83336fee8b30,3857272,1,8,1839,22008,Left Center Forward,Tackle,Lost In Play,0,34.5,7.0
06e37d78-b8f2-4436-b048-5511d6475e41,3857272,1,9,1839,4614,Left Back,Aerial Lost,,0,10.9,41.5
10e9072f-d375-4ac9-96ff-82f6a0bc7b3c,3857272,1,10,1839,22008,Left Center Forward,Aerial Lost,,0,73.7,27.7
76a10c93-35eb-4118-89c6-75e147c39d43,3857272,1,13,768,10955,Center Forward,Aerial Lost,,0,111.7,36.7
a0988fbb-c38d-4b6d-b7d3-ee52e51a472a,3857272,1,16,768,3336,Left Center Back,Aerial Lost,,0,12.0,36.2
dbbb3dba-7706-4a8d-98de-cc9250f11082,3857272,1,16,1839,18242,Left Center Back,Aerial Lost,,0,39.4,27.9
4bee3f8a-bb92-4509-9e34-3ba56740857d,3857272,1,19,1839,38792,Left Defensive Midfield,Tackle,Success In Play,1,34.0,29.3
3577afa4-7d6b-493e-87bd-5736084d4f41,3857272,1,25,768,22084,Right Wing,Tackle,Success Out,1,94.4,78.3
69b3cf86-0c64-4d80-94c6-632b37acc1c2,3857272,1,26,1839,3377,Right Center Forward,Aerial Lost,,0,39.8,76.5
be8066ce-ca96-4859-9bc6-bcbd32249adf,3857272,1,28,1839,38792,Left Defensive Midfield,Tackle,Lost Out,0,75.3,1.3
6a73475d-a865-43d8-a62c-67f12079205f,3857272,1,28,1839,21881,Right Back,Tackle,Success In Play,1,13.3,57.3
cb2af590-7823-4cbd-a954-aa2d3dd46ce3,3857272,1,30,1839,22008,Left Center Forward,Aerial Lost,,0,79.3,72.7
b9630175-139f-4db0-9679-01a2fb9a48ba,3857272,1,31,768,3233,Left Wing,Aerial Lost,,0,81.6,2.7
22bc0ba2-6999-40c9-bfa5-c42a48c0dc1f,3857272,1,31,1839,12751,Right Defensive Midfield,Tackle,Success In Play,1,53.3,63.3
9515c636-0ff6-4302-9a4b-beb5ba286031,3857272,1,33,1839,22008,Left Center Forward,Aerial Lost,,0,11.6,56.6
f00ad7eb-633a-41a4-b4f5-918de1078dc0,3857272,1,35,1839,12524,Right Center Back,Aerial Lost,,0,8.8,48.1
8f0dc2b3-a25e-4f6f-8aca-48a87e28161c,3857272,1,35,1839,8246,Left Midfield,Aerial Lost,,0,87.3,17.2
46019468-f58a-4421-a370-dd2a1d3c1e49,3857272,1,37,768,7843,Center Attacking Midfield,Tackle,Lost Out,0,26.1,10.1
1be8fc82-d37a-4a74-83bd-7a85bb1d7c8b,3857272,1,38,1839,22008,Left Center Forward,Aerial Lost,,0,114.2,53.7
53d18f85-5c70-4eb7-80be-8eb1fb1838b9,3857272,1,38,768,3244,Right Center Back,Tackle,Lost Out,0,2.8,24.8
4fedc160-c851-4d40-bfef-8b7a6adefde9,3857272,1,40,1839,3377,Right Center Forward,Tackle,Success Out,1,58.6,80.0
524831c5-2f4b-4ebe-9237-b5d472f2ff41,3857272,1,42,768,3244,Right Center Back,Aerial Lost,,0,10.1,37.3
a74647be-6e81-4f41-9f90-de0a72f3febe,3857272,1,42,1839,18242,Left Center Back,Aerial Lost,,0,41.6,23.9
83ccd4af-83eb-433a-83cf-03e4b6d4fc02,3857272,1,42,1839,12751,Right Defensive Midfield,Aerial Lost,,0,41.2,40.5
ac610fa6-9e6e-4687-a60d-372df5191f1f,3857272,2,45,1839,12751,Right Defensive Midfield,Tackle,Success In Play,1,52.4,12.3
50323a01-a4a4-4ce0-9128-ee52b7bbd954,3857272,2,47,1839,22008,Left Center Forward,Aerial Lost,,0,52.4,42.4
a39890b1-969d-49c3-9056-5f4d05670b71,3857272,2,48,768,10955,Center Forward,Aerial Lost,,0,85.2,53.1
07fc78b8-926d-49d9-9ccd-4ba6f393a872,3857272,2,48,768,30714,Right Defensive Midfield,Aerial Lost,,0,65.2,59.8
845eaccf-70eb-4a35-aec1-93af2cd76541,3857272,2,50,768,30714,Right Defensive Midfield,Tackle,Lost Out,0,41.4,77.8
9c6992c6-c615-434b-963f-83aeda4e7623,3857272,2,51,1839,12751,Right Defensive Midfield,Tackle,Lost Out,0,16.2,21.3
3633f6ee-cf9a-43de-9bcb-e424fe94073d,3857272,2,51,1839,4614,Left Back,Tackle,Lost Out,0,10.2,3.0
cede44b4-8e7e-4628-93e8-063c3333d3f4,3857272,2,55,1839,22008,Left Center Forward,Aerial Lost,,0,40.3,22.3
b9968864-6f5e-4e73-8ef7-9aff69e0dd86,3857272,2,56,1839,18242,Left Center Back,Aerial Lost,,0,84.8,30.0
4dae143e-589a-42f2-9d74-aec4e7654862,3857272,2,59,768,3308,Right Back,Aerial Lost,,0,64.9,78.3
f4278a04-6296-44c6-9ff7-22c6141b21fe,3857272,2,59,1839,18242,Left Center Back,Aerial Lost,,0,111.3,42.3
251db7a9-8fce-4e1f-b6b4-c4ce91f80a97,3857272,2,60,1839,8526,Right Midfield,Aerial Lost,,0,107.2,35.7
d9833a41-af09-4413-aba2-45b56d20847e,3857272,2,60,1839,12524,Right Center Back,Aerial Lost,,0,114.9,40.2
2456fac6-2cd4-4f8d-8e5f-20bf40191820,3857272,2,60,768,30714,Right Defensive Midfield,Aerial Lost,,0,16.9,31.2
0a216d86-d67f-4000-ae0e-a52cf9fc24dc,3857272,2,60,768,10955,Center Forward,Tackle,Won,1,9.0,57.5
2c754467-2888-47db-8fb5-c66b479661af,3857272,2,65,768,3943,Left Defensive Midfield,Tackle,Lost Out,0,71.2,21.0
2bf35694-cb97-44b8-97ed-7898fce340f2,3857272,2,73,1839,8526,Right Midfield,Tackle,Success In Play,1,7.8,51.1
691b957b-ed23-4228-8d55-c8033f366e71,3857272,2,74,768,3336,Left Center Back,Tackle,Success In Play,1,26.3,38.0
fbac6221-e055-4063-b139-04b24649d192,3857272,2,75,1839,4614,Left Back,Tackle,Won,1,9.1,16.9
56028ff7-f4cf-40e0-95e9-270b2146769a,3857272,2,78,1839,12524,Right Center Back,Aerial Lost,,0,50.8,31.1
af35d5a3-20b3-4588-b549-f6d7639fd69e,3857272,2,79,1839,24243,Right Midfield,Tackle,Success In Play,1,29.2,61.0
d8ce3876-b648-442e-a0fb-9a16446762b8,3857272,2,80,768,10955,Center Forward,Tackle,Won,1,55.6,22.1
d43aa5ac-c609-4a5b-8ed6-0baffa720abc,3857272,2,85,1839,22168,Left Center Forward,Aerial Lost,,0,93.3,57.6
1f9335f5-331d-4135-a524-e32e0db459f0,3857272,2,90,1839,22168,Left Center Forward,Aerial Lost,,0,9.6,41.1
b28e199e-89c9-4a51-bf7e-faaf087a253b,3857272,2,92,1839,18242,Left Center Back,Aerial Lost,,0,8.9,39.3
3142fbbe-b3d4-484d-ade4-196e0d73b475,3857272,2,93,1839,22168,Left Center Forward,Aerial Lost,,0,74.9,9.1
ea7ae6ff-3e91-48c5-86c4-9cd4f070df8b,3857278,1,0,797,5228,Right Center Back,Aerial Lost,,0,103.6,43.4
8fc9fcf8-0575-4cdc-992c-2b6c27a525b6,3857278,1,1,1839,3377,Right Wing,Aerial Lost,,0,36.6,77.6
744406ea-dac9-43ec-9fd5-dd0ee53de7be,3857278,1,1,797,5226,Center Attacking Midfield,Aerial Lost,,0,89.7,7.0
0c57f828-e8f6-4ac4-bd51-5213f67cfa87,3857278,1,1,797,5228,Right Center Back,Tackle,Success In Play,1,27.4,41.2
c327bf0e-69e3-4be0-bccd-ee2f21d15425,3857278,1,1,1839,12751,Center Defensive Midfield,Tackle,Lost Out,0,61.0,2.9
67f89d6e-7b59-4064-8a80-ee98d4d47730,3857278,1,2,797,5720,Left Back,Tackle,Lost In Play,0,3.1,6.1
f18a7f9a-8ee3-4d6f-836f-01cbb4b53420,3857278,1,3,1839,8246,Left Wing,Aerial Lost,,0,82.2,3.2
cb82d9f2-930f-40ef-bbf8-a57812ab2dcf,3857278,1,4,1839,21881,Right Back,Tackle,Lost In Play,0,31.9,56.4
894934b2-c6f3-4d01-bdda-549c10f45324,3857278,1,5,1839,38792,Right Center Midfield,Aerial Lost,,0,11.8,55.4
446c5f1a-0693-43d4-8253-b26506ed2c10,3857278,1,5,1839,38792,Right Center Midfield,Aerial Lost,,0,20.4,56.2
0b8f972f-6fcd-424d-b8ee-9efa5a7b02af,3857278,1,7,797,5720,Left Back,Tackle,Success In Play,1,20.0,20.5
185188a0-c23a-4f3e-8010-04dc196d44bc,3857278,1,9,1839,15971,Right Center Back,Aerial Lost,,0,48.6,50.0
a59edacf-6746-4dbc-b688-2a7476e873fa,3857278,1,9,797,5220,Left Center Back,Aerial Lost,,0,51.0,23.5
45cfb93b-1470-468f-9ded-4bd34e344b82,3857278,1,10,797,5235,Right Back,Aerial Lost,,0,10.0,44.5
ec08a1af-48f3-468e-91f5-121bde215dab,3857278,1,11,797,5226,Center Attacking Midfield,Aerial Lost,,0,76.6,15.3
88d1c35f-3f02-4867-8a43-608e229ddf2e,3857278,1,11,1839,12751,Center Defensive Midfield,Aerial Lost,,0,56.9,65.6
898773e7-7008-4f1c-8b57-6dbb499fb16a,3857278,1,11,1839,22168,Center Forward,Aerial Lost,,0,64.0,57.5
3594c2f8-67f2-4413-926f-01bf13b66d88,3857278,1,11,797,5224,Center Forward,Aerial Lost,,0,51.4,48.1
ff3f467e-8d4e-4b25-9439-919a490dc047,3857278,1,16,797,5235,Right Back,Tackle,Won,1,27.7,68.0
c8db5dae-770e-4048-8389-b164bb0ee0dc,3857278,1,16,797,5226,Center Attacking Midfield,Tackle,Success In Play,1,45.0,37.4
458f77ac-14da-4005-8e0f-3ac11105dbe8,3857278,1,17,797,5226,Center Attacking Midfield,Tackle,Success In Play,1,25.3,48.3
0cd1ffc4-ab71-424b-b6b5-45dfbe2c7b93,3857278,1,21,797,5226,Center Attacking Midfield,Aerial Lost,,0,44.6,69.7
fab27699-e2c7-4649-b4e8-59e12fadfa3c,3857278,1,21,797,5230,Left Midfield,Tackle,Lost Out,0,56.7,16.6
83ae4e87-5639-4165-a3cf-2dfc4ca3b3d4,3857278,1,23,797,5226,Center Attacking Midfield,Aerial Lost,,0,71.7,4.0
52b14643-4dce-455f-952e-2a0d7f5aa2cc,3857278,1,25,797,5224,Center Forward,Aerial Lost,,0,69.8,15.1
d8476baa-f021-461b-a284-10337d2ba32e,3857278,1,32,797,5720,Left Back,Tackle,Lost Out,0,27.9,2.9
9b7d0d0c-c03c-4001-b2c9-cf9d44de2c75,3857278,1,33,1839,15971,Right Center Back,Aerial Lost,,0,51.6,58.8
4826d589-30c9-42ce-9eb4-78d9f4809353,3857278,1,34,1839,22168,Center Forward,Aerial Lost,,0,77.7,54.9
57f3cad5-eb92-4794-8c60-e3d2df33593d,3857278,1,41,797,5224,Center Forward,Aerial Lost,,0,105.3,42.1
d1a2c6f6-f6f0-4c47-9103-af59d2ba931d,3857278,1,43,797,5722,Center Defensive Midfield,Tackle,Won,1,49.3,19.0
ecffb18a-9377-4bd5-b123-62f2f1239bd6,3857278,1,44,1839,38792,Right Center Midfield,Tackle,Success In Play,1,27.8,34.4
88b20ea8-d968-4298-87bb-0e25cc9124e3,3857278,1,47,1839,8526,Left Center Midfield,Aerial Lost,,0,96.5,14.3
9c0d9eb9-36d3-4a64-8c86-d0336ff6b6d8,3857278,1,48,1839,15971,Right Center Back,Aerial Lost,,0,49.7,56.4
27ac4a64-855d-4223-87be-cf88fec54e36,3857278,1,49,797,5235,Right Back,Tackle,Won,1,21.5,58.3
45b00061-99bb-47a1-a583-ccbcf5e31fde,3857278,1,50,1839,38792,Right Center Midfield,Tackle,Success In Play,1,79.4,24.1
f7c02be5-3014-4fd5-9f22-dbf497cc05a6,3857278,1,50,797,23874,Right Midfield,Tackle,Lost In Play,0,43.3,74.8
c13d15e3-b8b3-4ece-bf17-26beb2d80c81,3857278,1,50,1839,21881,Right Back,Aerial Lost,,0,114.4,57.4
2107b7f4-aa4a-45c2-9a90-ed8e7833aa19,3857278,2,48,1839,15971,Right Center Back,Aerial Lost,,0,115.1,32.5
09c1ff36-7964-4328-9832-173400f2872b,3857278,2,51,1839,21881,Right Back,Aerial Lost,,0,6.6,41.4
9f1c06f4-4c6a-4107-b17a-90409ff9e00c,3857278,2,52,797,5226,Center Forward,Aerial Lost,,0,112.3,50.2
9d9571b3-7e8e-4d36-94bb-e6cd9cad6e14,3857278,2,58,797,5220,Left Center Back,Tackle,Won,1,47.5,30.4
9e2bd9e6-2cb9-4b30-84ec-91d48ad96251,3857278,2,59,797,5230,Left Back,Tackle,Lost In Play,0,101.8,13.8
dcbb874a-4844-4e3c-8f66-9fe86ca41d5e,3857278,2,61,797,125818,Right Center Midfield,Tackle,Lost Out,0,39.3,5.2
11e69eda-c75d-4dbc-847f-946730c2860b,3857278,2,62,797,5235,Right Back,Aerial Lost,,0,12.9,76.6
ee609654-ebc1-4c12-a759-3cdfc1656def,3857278,2,64,1839,24243,Left Midfield,Aerial Lost,,0,31.8,21.3
473fd744-15da-4334-9e7e-915bc9403790,3857278,2,64,797,23874,Right Wing,Tackle,Won,1,102.4,60.4
3609bd59-297d-42f7-9b11-088a8e4db2ac,3857278,2,65,797,5235,Right Back,Aerial Lost,,0,63.9,70.1
3503e5b8-e05d-40bf-8d85-78251151dfdd,3857278,2,69,1839,12751,Right Defensive Midfield,Tackle,Lost Out,0,18.4,75.3
bc46ee5a-d83b-4f6a-83c1-3ba222ed7f1d,3857278,2,69,797,5722,Center Defensive Midfield,Aerial Lost,,0,108.3,34.0
9972e143-d4f6-46ff-b132-a75bda28cba6,3857278,2,72,797,5240,Left Wing,Tackle,Success Out,1,9.6,5.3
2e049aed-bc96-48ff-9d9d-290efe975095,3857278,2,72,1839,38792,Right Midfield,Aerial Lost,,0,75.6,73.9
63f7cd9a-907a-4501-9e1d-d3c672aa85a1,3857278,2,73,797,124161,Right Center Midfield,Aerial Lost,,0,76.8,53.9
d27c28a0-433a-48cb-a64d-e7aadeaafbdb,3857278,2,76,1839,12751,Right Defensive Midfield,Tackle,Success In Play,1,23.5,33.3
a0522b01-98c0-40c3-86a1-16d7dcc65de9,3857278,2,78,1839,22008,Left Center Forward,Aerial Lost,,0,57.5,10.2
913e565d-a609-47b7-8219-5b0ea66d7ed7,3857278,2,79,1839,4614,Left Back,Aerial Lost,,0,67.5,13.1
445c30a9-079e-4fff-8e7d-bb3eb7f8f148,3857278,2,79,1839,15971,Right Center Back,Aerial Lost,,0,63.4,27.6
64d42ceb-7c6f-435f-95b8-8f9fce8ffcbb,3857278,2,81,797,5228,Right Center Back,Aerial Lost,,0,107.4,54.8
a36f8052-161c-4b18-b718-b185b40b268d,3857278,2,83,797,5240,Left Midfield,Aerial Lost,,0,99.9,23.2
eff3b0d8-ae10-4065-a742-f196816684de,3857278,2,83,1839,22008,Center Forward,Aerial Lost,,0,73.3,28.4
f3fc7815-c077-4913-9d9f-e01edc33687e,3857278,2,84,1839,13035,Left Defensive Midfield,Tackle,Success In Play,1,23.3,45.1
a0c9ef96-e3af-4de6-b329-fd5ae269a706,3857278,2,88,1839,6806,Right Wing Back,Tackle,Lost Out,0,4.1,70.5
97aa7ba8-f730-4c24-8a0f-77135f27ffb8,3857278,2,88,797,5235,Right Back,Tackle,Success In Play,1,76.7,77.5
10df124e-051b-45b4-9523-1dabfedf40cf,3857278,2,88,797,5228,Right Center Back,Tackle,Lost In Play,0,47.1,74.2
a99fc02a-1a35-4c6c-8dc9-8fa6bf885c9b,3857278,2,89,1839,12524,Center Back,Aerial Lost,,0,62.0,23.7
3ec27111-d1c3-4233-880f-74e63647d734,3857278,2,91,1839,38792,Right Wing,Aerial Lost,,0,27.8,64.3
ac318d00-7767-480b-a803-dae45e924aa4,3857278,2,92,1839,12751,Right Defensive Midfield,Aerial Lost,,0,9.1,44.5
188c7604-f4bf-45b8-afae-ea93c3ad0b6d,3857278,2,93,797,125818,Right Defensive Midfield,Aerial Lost,,0,44.7,57.2
76793cba-577c-4138-b60f-77d1bd6a98cf,3857278,2,93,1839,6806,Right Wing Back,Tackle,Lost Out,0,63.5,76.7
45d91187-2f73-4e3a-ae0f-372a0530108b,3857278,2,93,797,5228,Right Center Back,Aerial Lost,,0,47.5,73.1
61433c32-76b7-441f-a686-b8c2a2f6a9d6,3857278,2,94,1839,22008,Center Forward,Aerial Lost,,0,109.3,8.1
78b540c7-ae5c-43f6-bda6-9bad1246d869,3857278,2,95,797,5722,Left Defensive Midfield,Aerial Lost,,0,73.1,73.3
ca861ce3-b076-4614-aa36-bbed1c330a8c,3857278,2,95,1839,38792,Right Wing,Tackle,Won,1,41.9,70.7
3c42df61-b6bf-4e1d-8039-da9ac4d77d24,3857278,2,96,797,5220,Left Center Back,Aerial Lost,,0,94.2,41.5
559e45c1-59e4-4639-a6be-f0e148bc98fd,3857278,2,97,797,5220,Left Center Back,Aerial Lost,,0,97.8,48.3
426162af-668f-4705-a1cb-5112708075c9,3857278,2,97,1839,12524,Center Back,Aerial Lost,,0,21.0,33.6
1371189e-8f96-41d5-bde2-0bba976d1833,3857278,2,97,797,125818,Right Defensive Midfield,Aerial Lost,,0,71.3,38.5
4ecd3422-2825-42e4-af96-d25cf3bc9c44,3857278,2,97,1839,18242,Left Center Back,Aerial Lost,,0,18.9,27.2
eff841ec-03d1-49f2-b40f-08689186eaff,3857278,2,99,1839,15971,Right Center Back,Aerial Lost,,0,28.8,46.0
b059b186-1ba0-444b-a0f2-6d32e4b82b4e,3857277,1,0,785,5469,Center Defensive Midfield,Aerial Lost,,0,61.4,46.8
226bd8a2-65cc-4606-a96b-647dd41f0673,3857277,1,1,788,3625,Left Midfield,Aerial Lost,,0,72.8,17.3
c2c97505-5a0a-42f9-b6d9-c54dfef1fc59,3857277,1,2,788,23774,Left Center Midfield,Tackle,Lost In Play,0,27.2,3.6
3bcc69d2-3b67-46e3-a390-2a29dfdd9140,3857277,1,5,785,3471,Right Center Back,Aerial Lost,,0,115.3,38.5
86c6e66d-6a0b-413f-9c13-72497c7f10c3,3857277,1,5,785,3471,Right Center Back,Aerial Lost,,0,108.3,37.8
7f69436f-6cea-4e2b-bc1d-d93c57ad350c,3857277,1,6,788,5234,Center Defensive Midfield,Tackle,Won,1,49.9,75.0
9897f0c7-39dc-46a7-be90-d654b48db8f9,3857277,1,9,788,46258,Right Center Midfield,Aerial Lost,,0,70.7,31.0
313367d9-9cc6-428d-a377-7636ea56d8c7,3857277,1,10,788,5237,Right Midfield,Tackle,Success In Play,1,68.9,65.4
3afb7d77-b932-4deb-932b-f40b6831dec8,3857277,1,12,785,5474,Left Wing,Aerial Lost,,0,34.7,5.7
3796570a-34f5-415d-a0bc-c56b0b0440cb,3857277,1,12,785,5469,Center Defensive Midfield,Aerial Lost,,0,28.1,21.1
ba799a19-0b51-444b-b972-7cf2dafa437b,3857277,1,12,788,15890,Left Back,Tackle,Success In Play,1,58.7,42.9
8f5b1098-b5d1-4241-8de4-7f274fc75f7c,3857277,1,12,785,12625,Left Back,Aerial Lost,,0,8.6,26.0
185cf26c-fd3e-4a5b-b74e-12a0f00c4822,3857277,1,16,785,29163,Right Back,Aerial Lost,,0,46.2,75.0
ab5af4e9-8e98-4ac1-859c-cf3f8e2ac595,3857277,1,17,785,5456,Left Center Midfield,Tackle,Lost Out,0,50.3,7.0
deb14716-f133-48b4-bcf0-3850ad77245e,3857277,1,18,788,23774,Left Center Midfield,Tackle,Success In Play,1,97.4,29.5
6cd54476-3f6d-4700-8ff7-9af15f7eb063,3857277,1,20,788,46258,Right Center Midfield,Tackle,Success In Play,1,17.2,29.5
a78256b6-171c-453d-9d83-3746e9fc4556,3857277,1,22,788,3625,Left Midfield,Tackle,Won,1,33.9,1.6
9a721952-2f1f-43dd-bc2e-9a102a551d97,3857277,1,22,788,15890,Left Back,Tackle,Success In Play,1,38.8,22.0
49ece07b-3faa-4b8d-a4a6-5ed9899061a4,3857277,1,25,788,5245,Right Back,Aerial Lost,,0,25.9,68.4
c12cc45b-01d6-4cc0-b010-63cdca484da5,3857277,1,29,788,5245,Right Back,Tackle,Lost In Play,0,74.9,65.6
8d6d30e0-e436-46f0-b7d5-2c6554426b03,3857277,1,29,785,29163,Right Back,Tackle,Lost Out,0,39.4,76.5
df96a846-8034-49d6-8d04-c81c687511d0,3857277,1,31,785,12625,Left Back,Tackle,Success In Play,1,57.2,6.8
d765a209-d5d3-42c5-a9a5-25b6c7e56ce5,3857277,1,32,788,5245,Right Back,Tackle,Success In Play,1,29.6,65.2
681cc663-35b0-4899-8f7e-ec02c09dd7cd,3857277,1,32,785,5474,Left Wing,Tackle,Won,1,62.7,21.3
03928a48-05b2-4d08-8f23-3be39ecf444f,3857277,1,33,788,15890,Left Back,Tackle,Success In Play,1,28.5,12.1
cee07762-d90b-4537-8743-c9332f5154e6,3857277,1,35,785,5474,Left Wing,Aerial Lost,,0,36.8,5.5
1abbba8f-1a60-4dea-8b98-9cd3c915903d,3857277,1,37,785,5456,Left Center Midfield,Tackle,Lost In Play,0,51.6,14.1
3b0cb61a-b8ac-4c98-b45d-19aa9f8b9de5,3857277,1,37,785,3471,Right Center Back,Tackle,Success In Play,1,43.5,57.3
52006648-8b09-440b-af9d-dd965422480a,3857277,1,38,785,5456,Left Center Midfield,Tackle,Success In Play,1,21.2,18.1
4c4ab499-3173-4f70-9a45-8673bc32f153,3857277,1,38,788,15890,Left Back,Tackle,Lost Out,0,32.6,16.4
9db9bd0f-ae4e-461d-b767-b050886fd7be,3857277,1,39,785,29163,Right Back,Aerial Lost,,0,45.6,77.6
da6e3c05-dbc2-439f-b6b4-de9f32b91cb8,3857277,1,39,785,5469,Center Defensive Midfield,Tackle,Lost Out,0,36.0,72.0
a511300a-63e2-43d2-83f2-a44631675f7c,3857277,1,39,788,5245,Right Back,Tackle,Won,1,98.0,72.4
ceeacc97-a8a8-456e-933a-28ead3154967,3857277,1,43,788,5245,Right Back,Aerial Lost,,0,94.4,72.4
a1fc92e3-97cb-4380-abcd-df0bb6426ba4,3857277,1,43,788,5237,Right Midfield,Aerial Lost,,0,99.3,63.0
abff0bd3-576c-4fc3-bad0-9acb4bb12a91,3857277,1,44,788,6301,Center Forward,Aerial Lost,,0,62.7,29.2
50627de0-c294-4f13-9f32-1b706ad61870,3857277,1,44,785,29163,Right Back,Tackle,Won,1,65.9,77.6
f1e32a7e-1f08-4113-9f27-3a5765b316fa,3857277,1,45,788,5237,Right Midfield,Tackle,Lost In Play,0,70.9,71.6
4eb80aad-e945-42e8-81be-c3ccae4d9752,3857277,2,46,785,5460,Center Forward,Aerial Lost,,0,50.9,67.0
a0eeabb8-cb69-4ae5-9beb-10a07bd89190,3857277,2,47,785,5460,Center Forward,Aerial Lost,,0,81.7,2.4
8a8ee0e2-cd7b-4002-8461-5ee203257215,3857277,2,48,785,29163,Right Back,Tackle,Lost Out,0,47.4,75.2
1b89d831-5463-45f5-8e26-2615a05dbacd,3857277,2,49,788,5237,Right Midfield,Tackle,Lost In Play,0,75.5,75.3
124ad233-ca4c-41c1-b9b8-c184ba42a56c,3857277,2,50,788,5237,Right Midfield,Tackle,Lost Out,0,84.9,76.7
0a1e1867-7bc0-41e3-bd12-3a9cd4220179,3857277,2,54,785,33018,Left Center Back,Aerial Lost,,0,45.2,10.7
2e9b9d58-fd05-4f1d-9d41-d4e9cbfbbab1,3857277,2,56,785,5460,Center Forward,Aerial Lost,,0,79.3,14.1
f681cc65-7976-4c82-94b0-e40e00a9013d,3857277,2,56,788,23774,Left Center Midfield,Tackle,Lost In Play,0,65.6,36.0
88bb8b60-84fc-47bf-949b-62b61949086a,3857277,2,56,788,5245,Right Back,Tackle,Lost Out,0,24.0,77.9
574f6d22-0deb-4dad-a95d-8482950e4317,3857277,2,57,785,5469,Center Defensive Midfield,Tackle,Success In Play,1,88.2,33.9
e7e06fc6-0e87-49eb-9dc1-a05e352f8a62,3857277,2,57,788,46258,Right Center Midfield,Aerial Lost,,0,56.5,34.9
0743ab9c-f16c-4d4f-94ab-0b92efb5026a,3857277,2,60,785,11603,Right Wing,Aerial Lost,,0,63.2,76.4
61760fe6-a0fc-4488-994a-666ca30eecd8,3857277,2,64,788,5219,Left Center Back,Tackle,Success Out,1,93.2,79.0
bd845249-be54-4397-abe6-51519711c0f1,3857277,2,65,785,11603,Right Wing,Tackle,Success In Play,1,50.4,56.7
4f59058e-00e6-4b02-a2ed-e918af4d809d,3857277,2,67,788,5237,Right Midfield,Tackle,Lost In Play,0,49.5,63.1
71390dd1-2107-4a10-9365-565de0d7fea3,3857277,2,71,785,3471,Right Center Back,Aerial Lost,,0,116.5,34.8
35a0d05f-4efa-45b6-baee-21e45cb4ba5d,3857277,2,72,785,3471,Right Center Back,Tackle,Success In Play,1,19.8,51.4
b4ecd4bd-15cf-4c31-8553-01eed3abdb95,3857277,2,73,788,12149,Right Center Back,Tackle,Lost In Play,0,8.2,75.9
b8e7bce6-7cff-4454-b8a4-09e9e0b3d3c1,3857277,2,74,785,12625,Left Back,Aerial Lost,,0,82.9,3.6
545f1ca6-4e6b-40bd-841b-2d23e24fe911,3857277,2,74,788,6301,Center Forward,Aerial Lost,,0,69.3,65.2
b449b51d-f76a-40ab-a232-f4dfbfa1301e,3857277,2,74,788,46258,Right Center Midfield,Aerial Lost,,0,48.1,68.2
bc7f5e5c-fbbd-4455-bbe3-bdcefead7c61,3857277,2,74,788,5219,Left Center Back,Tackle,Success In Play,1,19.3,35.6
9a9f8345-383f-433f-8b08-72b1b4996c75,3857277,2,79,785,5474,Left Wing,Aerial Lost,,0,107.7,48.9
a05980bb-6c67-4549-8a27-035ecce2ff4a,3857277,2,81,785,5469,Right Defensive Midfield,Aerial Lost,,0,53.0,64.9
64142cf6-1a54-40d7-8dd4-90c6f9427571,3857277,2,81,788,31295,Left Back,Aerial Lost,,0,54.7,12.5
e5e8125e-55c3-46e8-a176-23f222b69dc8,3857277,2,81,788,5237,Right Midfield,Aerial Lost,,0,39.4,75.3
ec127b1a-1530-4885-a774-007ee3f89355,3857277,2,82,785,3471,Right Center Back,Tackle,Lost Out,0,37.4,66.5
9999d195-9444-4d86-a5f5-a9c4f52b7ab3,3857277,2,82,785,3471,Right Center Back,Aerial Lost,,0,21.7,67.5
30619765-78e7-4195-b1e1-f393c960b507,3857277,2,84,788,23774,Right Center Midfield,Tackle,Success In Play,1,74.6,45.3
7d9daad7-8269-49c5-b1bd-73b859f77a36,3857277,2,84,785,5474,Right Wing,Tackle,Success In Play,1,9.3,63.7
97093819-5c3c-49b5-ac68-cd9a5f6bb1f4,3857277,2,89,788,59493,Center Forward,Aerial Lost,,0,61.2,6.9
4910be62-c6f2-4fd9-a2a3-d5ca38726cfa,3857277,2,92,788,59493,Center Forward,Aerial Lost,,0,114.1,29.8
53688f8f-5011-4afc-9a4f-c14a53f51c33,3857277,2,94,785,22041,Center Forward,Tackle,Won,1,97.3,41.9
8c3799c4-9c41-4dc6-967e-9fdc976b6620,3857277,2,94,785,3471,Right Center Back,Tackle,Won,1,31.5,71.4
a42fd652-0bae-486c-954a-93604e14a5cb,3857277,2,95,785,11603,Right Wing,Aerial Lost,,0,107.2,32.8
9a0eadfc-f01a-4d83-a0be-35d04d23429b,3857273,1,0,797,5722,Right Defensive Midfield,Tackle,Lost In Play,0,50.9,53.4
631cb563-9831-45e4-8963-afebdb034e2c,3857273,1,1,797,5228,Right Center Back,Aerial Lost,,0,48.6,49.8
6ab48b41-4d56-498c-8fc1-e6a092a08006,3857273,1,2,907,3853,Left Center Forward,Tackle,Lost Out,0,112.4,76.3
731aefa1-7436-4d99-93db-d95195abb21d,3857273,1,3,907,4767,Right Center Back,Aerial Lost,,0,48.8,69.7
0ab0a824-f80a-4388-8df2-a2f615d5c291,3857273,1,7,907,3853,Left Center Forward,Aerial Lost,,0,104.9,17.7
1c033e46-c56b-4599-8975-02b980d0742d,3857273,1,8,797,5235,Right Back,Tackle,Lost Out,0,45.4,78.0
ad009939-1269-4e6c-a796-fb77f6cf468d,3857273,1,9,797,5224,Center Forward,Aerial Lost,,0,70.0,17.7
4d9c6e1d-0533-4675-a7f1-5c0c57d162a4,3857273,1,13,797,5226,Center Attacking Midfield,Aerial Lost,,0,49.9,9.6
881ad5c3-9c6d-498b-b249-e4327d8d8a83,3857273,1,13,907,6399,Right Center Forward,Aerial Lost,,0,90.3,64.7
b55794d4-a82c-4ac0-90ca-b3d603b3e7e1,3857273,1,13,797,5720,Left Back,Tackle,Lost Out,0,27.6,2.5
c7063555-1d48-4eb2-b5cb-6ce72626042b,3857273,1,13,907,3086,Left Center Back,Tackle,Lost In Play,0,88.6,50.2
126fa72e-1f5f-449e-a81b-41de92a04093,3857273,1,14,797,5235,Right Back,Tackle,Success In Play,1,37.9,77.8
96b4dd22-2e1d-452d-86f4-871c6beed30c,3857273,1,14,797,5720,Left Back,Aerial Lost,,0,71.7,5.3
c14fefee-5dc6-43b3-9ecf-7fce2ae9c3a1,3857273,1,16,797,5722,Right Defensive Midfield,Aerial Lost,,0,29.3,10.2
f3b8f312-85e1-4945-9911-b387a5d4c910,3857273,1,19,797,124167,Left Defensive Midfield,Tackle,Won,1,103.1,77.6
98a9598e-7c83-49d4-950f-7651a1b06c98,3857273,1,20,907,3086,Left Center Back,Tackle,Won,1,62.9,2.3
448ef324-1d82-4290-babc-cb2e94616ade,3857273,1,22,907,11250,Center Back,Aerial Lost,,0,10.5,45.4
e9ff6daa-7a4f-472b-ae90-c99b15f987a4,3857273,1,23,797,5235,Right Back,Tackle,Success In Play,1,29.1,78.7
c49849df-9c58-4816-809f-a14a2db4ebe2,3857273,1,23,797,5722,Right Defensive Midfield,Tackle,Lost In Play,0,110.4,18.8
7f5f9f9d-868d-4896-81a4-2ec2681618a6,3857273,1,25,907,11250,Center Back,Tackle,Success In Play,1,22.7,27.5
d5a60952-1996-4c84-a61e-f6cebd067a15,3857273,1,28,797,5235,Right Back,Tackle,Lost Out,0,72.1,76.7
823d7791-1d67-4557-a17e-33328a794ed6,3857273,1,28,797,5228,Right Center Back,Aerial Lost,,0,26.4,48.7
b973173a-d407-432d-aa01-81d9cbec548c,3857273,1,31,797,5720,Left Back,Tackle,Won,1,30.2,4.0
253e6a0f-3faf-40a1-bd56-f9b8d3f15487,3857273,1,33,797,5226,Center Attacking Midfield,Aerial Lost,,0,75.5,14.3
b03f92a4-f662-4f7e-a49a-1388ecb2926a,3857273,1,34,797,5226,Center Attacking Midfield,Aerial Lost,,0,72.6,24.8
be515efc-f750-476a-8a18-7733a0d72976,3857273,1,37,797,5224,Center Forward,Aerial Lost,,0,75.8,8.1
ac8b1fcd-e640-41c0-a351-cfb844114dc6,3857273,1,42,797,5235,Right Back,Aerial Lost,,0,82.2,75.9
0835a808-05d9-4311-9d5a-54b53a471f77,3857273,1,42,797,124167,Left Defensive Midfield,Tackle,Lost Out,0,62.7,77.6
a551b317-1a7f-422b-97cc-1460d93175dd,3857273,1,43,797,5224,Center Forward,Aerial Lost,,0,80.7,30.5
510e2b55-02d2-4497-b24a-ba9490fe12a5,3857273,1,44,797,5235,Right Back,Tackle,Success In Play,1,27.4,50.2
12022279-b100-4788-99d8-d774141b5129,3857273,1,47,797,5722,Right Defensive Midfield,Aerial Lost,,0,34.9,31.4
d5d08b1c-2843-4203-8401-994b1d1ca1dd,3857273,2,50,907,4934,Center Defensive Midfield,Aerial Lost,,0,56.5,46.6
63cec173-48b7-47a5-b4de-26c87c87a2b8,3857273,2,50,797,5235,Right Back,Aerial Lost,,0,48.0,57.3
4db7efbe-0641-4fc6-81d5-57f2edc78002,3857273,2,50,797,5230,Left Midfield,Tackle,Success In Play,1,27.2,50.2
6e504ae3-0cfc-41f0-9849-5666fefc0f0b,3857273,2,53,797,5224,Center Forward,Aerial Lost,,0,69.2,28.2
c4cd0e52-98a7-463b-90f4-7406e8ac38b4,3857273,2,55,907,34794,Left Wing Back,Tackle,Lost In Play,0,13.1,13.2
383f761d-cc1c-4ee8-9b5b-f04af666fd4a,3857273,2,55,907,11250,Center Back,Aerial Lost,,0,9.0,37.6
424e2f10-0629-4dfa-bfd0-a9ef80022c0c,3857273,2,57,797,5722,Right Defensive Midfield,Aerial Lost,,0,14.6,39.7
c4c79849-13ab-4699-a2a3-141fc6cbd9fc,3857273,2,60,797,5230,Left Midfield,Tackle,Success In Play,1,25.1,41.2
25c07e11-ed86-4d58-83ef-9ad5672fbc20,3857273,2,60,797,5720,Left Back,Tackle,Lost In Play,0,20.0,9.8
11e6b471-71ae-45e3-90bb-3eaf595ff2b6,3857273,2,61,907,6399,Right Center Forward,Aerial Lost,,0,86.7,47.7
20dbfc31-a15d-44f4-8336-11afed2d972d,3857273,2,61,797,23874,Right Midfield,Aerial Lost,,0,56.1,52.6
a12ecfdb-97f5-4e02-bfaf-513378faca91,3857273,2,61,797,23874,Right Midfield,Aerial Lost,,0,67.0,61.1
ee20501f-5360-4606-836d-da784da5950e,3857273,2,61,907,3517,Left Defensive Midfield,Aerial Lost,,0,74.5,26.0
62e6741e-7236-4aa3-b8eb-fd49efdd651f,3857273,2,61,797,5228,Right Center Back,Tackle,Won,1,14.8,70.9
ea8a0bf6-a455-41e4-a363-9ac232b5bbbc,3857273,2,62,797,124167,Left Defensive Midfield,Tackle,Success In Play,1,25.1,60.0
88ce7857-d622-453b-aced-ac87d907beab,3857273,2,63,907,29377,Right Midfield,Aerial Lost,,0,105.7,73.1
d8fbd2cd-13c9-427c-8618-5dabc66d270b,3857273,2,63,907,34794,Right Back,Tackle,Lost In Play,0,98.6,64.6
34947b7a-1e39-4fbe-992b-ed197684f959,3857273,2,63,797,5722,Right Defensive Midfield,Tackle,Lost In Play,0,20.0,19.4
e7f81e22-8e08-4f99-9f88-9af875515a00,3857273,2,65,797,5230,Left Midfield,Tackle,Lost Out,0,41.3,2.5
35988c6e-cbff-4f6e-b363-84c243fbef27,3857273,2,66,907,34794,Right Back,Tackle,Lost In Play,0,108.7,66.3
b643e819-ffdc-4284-9b4d-a0f81063aeb7,3857273,2,68,797,5226,Center Attacking Midfield,Aerial Lost,,0,50.3,67.3
4788add6-5fa6-459a-b249-76bf80071fdd,3857273,2,69,907,6399,Right Center Forward,Aerial Lost,,0,61.0,47.0
56c43878-b569-4f25-a8ee-f95df510fcee,3857273,2,70,907,34794,Right Back,Aerial Lost,,0,4.1,50.4
45bd2b75-ccb7-4d0d-89be-39833218ea72,3857273,2,71,797,124167,Left Defensive Midfield,Tackle,Lost In Play,0,88.0,1.4
12514e86-a86a-48d3-9764-f454a1dfb307,3857273,2,74,907,11252,Left Midfield,Tackle,Lost In Play,0,20.4,16.0
4a1612d5-dca8-49f0-af75-c8144d4d0052,3857273,2,77,797,5235,Right Back,Tackle,Won,1,3.7,66.7
a33b1b0b-3105-44cc-b504-ca249631ad2b,3857273,2,78,797,5239,Right Midfield,Aerial Lost,,0,89.5,61.5
fff8ac4a-ffdb-4288-93d8-289b65ed035e,3857273,2,78,797,5228,Right Center Back,Tackle,Won,1,15.2,70.3
9cd8380c-a0f4-4c71-b82f-36e34b8cba9d,3857273,2,80,797,5239,Right Midfield,Aerial Lost,,0,97.4,58.3
c3bd38d7-a271-4f16-b360-919530fa1138,3857273,2,82,797,5235,Right Back,Aerial Lost,,0,23.4,55.1
cbb88c3f-1324-417a-b473-8fe9b71c1ae6,3857273,2,83,907,11250,Left Center Back,Aerial Lost,,0,107.4,36.7
47f6eb9b-8777-47cb-ae19-606dbda98321,3857273,2,88,797,5231,Center Attacking Midfield,Aerial Lost,,0,55.2,57.3
4b3a9321-6f2a-4d42-abf9-185c7f1c42e9,3857273,2,88,907,3853,Left Center Forward,Aerial Lost,,0,79.6,29.9
e96c14eb-9202-4af4-80e2-15a04c8beb67,3857273,2,88,907,29377,Right Midfield,Aerial Lost,,0,90.7,46.8
44333b24-2d01-47ed-8f1c-fdaa66883050,3857273,2,89,797,5220,Left Center Back,Aerial Lost,,0,44.1,45.9
764b2e2e-7b4d-436a-b5e3-59063ff817d2,3857273,2,90,907,6399,Right Center Forward,Aerial Lost,,0,76.2,60.3
fb5bbf0a-1580-4a6b-96d2-9eefbcefd411,3857273,2,92,907,11252,Left Midfield,Tackle,Success In Play,1,74.7,16.9
f15cd4e2-9450-472d-b813-3e352d255361,3857273,2,94,907,11250,Left Center Back,Aerial Lost,,0,54.4,24.3
f2819e3d-fc62-46d5-932a-b8d502ba83bb,3857273,2,99,907,3853,Left Center Forward,Aerial Lost,,0,95.0,27.8
de3237ce-f1f5-41f0-bb49-fd4f2b07187a,3857275,1,3,771,22097,Center Forward,Aerial Lost,,0,91.8,60.7
f42e10fd-71bd-49d6-87dd-8de1dcee8287,3857275,1,3,771,11135,Left Center Back,Tackle,Lost Out,0,5.0,75.2
768414ee-6317-4eef-abe9-d01849f38aaa,3857275,1,4,771,22097,Center Forward,Tackle,Won,1,33.1,64.7
7072c7bc-0142-4ad9-b4f5-44da22479ef7,3857275,1,4,777,102816,Left Attacking Midfield,Tackle,Won,1,87.0,9.4
28d42537-ceee-48b8-96ed-280e381fa47e,3857275,1,5,771,22097,Center Forward,Aerial Lost,,0,77.3,36.6
f76c2a5c-2f21-45c9-85e3-c55398ade28b,3857275,1,5,771,7153,Left Center Midfield,Aerial Lost,,0,73.9,35.3
656b9331-95f9-4fcc-8a51-d2d3156456cc,3857275,1,9,771,7153,Left Center Midfield,Tackle,Lost In Play,0,51.4,72.5
649687cd-b678-4bbe-ba2e-15169d300ed3,3857275,1,10,777,102816,Left Attacking Midfield,Aerial Lost,,0,95.4,18.0
7d6a0c19-dc8c-4dcf-b8f5-14a3491d75d9,3857275,1,12,777,105944,Right Wing Back,Tackle,Success In Play,1,87.4,61.0
f24ef9de-a6b4-4f92-9da7-00009bf39de3,3857275,1,13,771,24778,Left Back,Aerial Lost,,0,44.2,20.9
f3173358-d3ef-4d7b-8c06-c8406c48384b,3857275,1,14,777,102816,Left Attacking Midfield,Tackle,Lost Out,0,23.5,4.9
0c3009e7-70d6-4217-8bd9-6d0d006583ff,3857275,1,14,777,5647,Left Wing Back,Aerial Lost,,0,7.8,24.0
092da5fc-35a6-4e13-8365-2c3a755c8c8d,3857275,1,15,771,10481,Center Defensive Midfield,Aerial Lost,,0,109.9,36.4
20fb40ae-9c48-433a-84dd-20e03fd68b51,3857275,1,16,771,7439,Right Back,Tackle,Success In Play,1,31.7,77.6
dfc16b64-dceb-47e6-babb-a0e80c0aced8,3857275,1,16,777,5651,Right Center Back,Tackle,Success In Play,1,81.7,63.4
a1a7428f-c583-44ee-a03f-ce895b20c204,3857275,1,17,777,105944,Right Wing Back,Tackle,Lost Out,0,12.4,70.4
eb8744b6-28bd-4638-bf9b-a7b9c7bd45da,3857275,1,18,777,35592,Right Attacking Midfield,Tackle,Lost Out,0,12.6,73.0
a5a915b5-4d1f-4e26-88ee-d24dacb420c9,3857275,1,19,771,24778,Left Back,Tackle,Won,1,58.5,4.3
34e294dc-694a-42de-90e3-49cbcfbbfb25,3857275,1,19,771,11135,Left Center Back,Tackle,Success Out,1,33.7,9.5
7a5a1eb2-ba17-4cfb-bcf7-3655cf4a617e,3857275,1,20,777,32450,Left Center Back,Tackle,Won,1,11.4,5.5
e25ce3c5-ad3e-482f-9a72-96ef5eb63230,3857275,1,21,771,11135,Left Center Back,Tackle,Success In Play,1,9.0,18.7
9107149c-5f91-4c82-9149-08800de2969c,3857275,1,21,777,3196,Center Forward,Tackle,Lost Out,0,107.8,75.0
0706aa64-e3c9-4ac0-ab5c-eb0fd1f37653,3857275,1,22,777,5651,Right Center Back,Tackle,Lost In Play,0,22.9,75.4
115cb303-4cf5-4ad0-9b13-adf673b5eb41,3857275,1,23,771,11135,Left Center Back,Tackle,Success Out,1,9.6,15.1
1a2d28ed-d4a6-47e3-98f0-aec88627fa3e,3857275,1,23,777,35592,Right Attacking Midfield,Aerial Lost,,0,80.1,66.4
ce89bd2f-414c-479f-a016-ccf632c072b7,3857275,1,24,771,24778,Left Back,Tackle,Success In Play,1,14.1,8.3
03a574c3-b20d-4e26-83f8-f2e581bf0855,3857275,1,30,777,44955,Left Defensive Midfield,Tackle,Won,1,36.1,47.1
bac66ccd-7ccd-4439-8514-7e94b96eb047,3857275,1,32,777,5647,Left Wing Back,Tackle,Lost In Play,0,64.7,5.3
5f68754c-9332-4a42-8cb3-2416ea81f279,3857275,1,32,777,102816,Left Attacking Midfield,Tackle,Won,1,69.3,5.9
718d61a1-1994-42e0-9673-72a278422f19,3857275,1,32,771,7153,Left Center Midfield,Tackle,Lost In Play,0,44.0,74.4
ad7bf39e-3942-4d02-8709-560a111ff99a,3857275,1,32,777,44955,Left Defensive Midfield,Tackle,Won,1,56.0,6.1
120a18a6-5b11-4932-bec7-751304dbe5f3,3857275,1,32,771,22097,Center Forward,Tackle,Lost Out,0,63.9,72.7
90e88b2c-87b0-4484-bcd1-f7e9a8890940,3857275,1,33,777,25582,Center Back,Aerial Lost,,0,112.3,46.5
d1e50ed5-1ee5-4a2e-961a-9b41a4849e20,3857275,1,33,771,8217,Right Wing,Aerial Lost,,0,25.5,26.8
7ee12000-6d01-4913-9413-2148ec493909,3857275,1,35,777,3767,Right Defensive Midfield,Tackle,Won,1,54.6,18.2
7d0adec5-e172-4bff-8422-1e628144b28f,3857275,1,36,771,8217,Right Wing,Aerial Lost,,0,54.0,76.2
c2a5036b-514c-4666-b38e-a823e302847c,3857275,1,38,771,11990,Right Center Midfield,Tackle,Won,1,84.8,76.2
b3508765-a917-4fc6-8212-d48d27e989a6,3857275,1,40,771,11135,Left Center Back,Tackle,Success In Play,1,50.4,5.3
c156c286-94dd-4e0c-b26b-fd7a8d203a11,3857275,1,41,771,24778,Left Back,Aerial Lost,,0,43.0,6.9
a72ce9e9-70db-453f-bded-6d34a023e792,3857275,1,41,777,5647,Left Wing Back,Tackle,Success In Play,1,49.4,23.8
82fb121e-c462-4a38-911e-8cbaec8a1473,3857275,1,42,771,24778,Left Back,Tackle,Lost In Play,0,67.3,6.9
d9e3935f-4be2-4b01-82fb-ee71f54b50b6,3857275,1,44,771,22097,Center Forward,Tackle,Lost In Play,0,85.6,21.3
c7300d72-2c3f-4463-8d1b-1694a4c85333,3857275,1,46,771,11135,Left Center Back,Tackle,Success In Play,1,7.4,23.5
648a167b-a7bd-40db-9ebc-f2ff4cabc866,3857275,1,46,771,11135,Left Center Back,Tackle,Success In Play,1,49.0,30.2
be9fabc0-06e2-4a25-a8ca-ce3e993ff2de,3857275,2,45,771,11135,Left Center Back,Tackle,Lost In Play,0,40.0,56.8
91ec86a7-429d-4716-9eb3-379fd966edbb,3857275,2,46,771,24778,Left Back,Tackle,Success In Play,1,39.5,10.3
f36e1d00-e87a-4c3d-afdb-90e477ffb505,3857275,2,48,777,102816,Left Attacking Midfield,Aerial Lost,,0,17.1,51.0
1549561b-cf65-4cbb-98b9-dcd890cf89ab,3857275,2,48,777,3767,Right Defensive Midfield,Tackle,Success In Play,1,34.3,64.0
e5ef1b41-a3f4-4d25-b8aa-4bcd99f33188,3857275,2,49,771,24778,Left Back,Tackle,Won,1,15.3,3.3
25a2dec9-fd33-47cc-9069-db63f8fb507e,3857275,2,49,777,3767,Right Defensive Midfield,Tackle,Success In Play,1,75.3,73.1
922396b6-39fe-4c9e-9293-04971d0d1286,3857275,2,53,771,22097,Center Forward,Aerial Lost,,0,76.2,38.0
8aafb1a2-6573-4fcb-9ed3-ba5808e6e8ad,3857275,2,53,771,24778,Left Back,Tackle,Lost Out,0,21.9,2.1
c8e4493a-574b-4308-9a49-6f09b556be1a,3857275,2,54,771,11990,Right Center Midfield,Tackle,Lost In Play,0,66.8,64.0
eaa13fa2-9720-4719-bfcd-0af0c2f1246c,3857275,2,54,771,8217,Right Wing,Aerial Lost,,0,75.2,61.7
ec4f711e-72c7-42ed-a9a7-4a9a3571dbdf,3857275,2,56,771,8217,Right Wing,Aerial Lost,,0,76.7,51.0
77f5f05c-775f-49c9-8301-92bb98e2f638,3857275,2,57,777,3767,Right Defensive Midfield,Tackle,Won,1,65.8,49.7
1f3a591f-d8fa-4d50-91f6-a305d87c8940,3857275,2,60,771,22097,Center Forward,Aerial Lost,,0,77.3,36.3
15929fda-a850-4562-b229-c24bda7c863d,3857275,2,60,777,35592,Right Attacking Midfield,Aerial Lost,,0,55.5,55.9
8ba16657-aa94-40b4-a806-1c8114d821a2,3857275,2,61,777,3767,Right Defensive Midfield,Tackle,Success In Play,1,60.6,23.0
6111c91e-812f-4f85-b405-744ff08d820a,3857275,2,63,777,25582,Center Back,Aerial Lost,,0,39.3,61.6
15357233-7990-4270-9486-4e9c1bfe361b,3857275,2,66,777,102816,Left Attacking Midfield,Aerial Lost,,0,74.4,17.1
220405ec-b128-46d3-b737-4598211dce90,3857275,2,66,777,32450,Left Center Back,Aerial Lost,,0,66.4,11.4
9b61b59b-c959-4ff7-a47d-ec5d7dcf188d,3857275,2,66,777,5651,Right Center Back,Tackle,Lost Out,0,22.2,76.6
a90f7b0e-395a-4f7f-8bc7-093e8faed94f,3857275,2,67,771,11135,Left Center Back,Tackle,Lost Out,0,7.9,57.3
c9134477-df69-4122-a380-55ff5d9bbfc1,3857275,2,71,777,25582,Center Back,Tackle,Won,1,15.2,15.9
1829b077-09a8-421d-b5d1-92a2083077fa,3857275,2,71,777,102816,Left Attacking Midfield,Aerial Lost,,0,40.4,22.0
ef00f9db-b8a1-4332-913c-3ef439aa350c,3857275,2,74,771,3026,Left Defensive Midfield,Tackle,Success In Play,1,17.5,8.8
64791d7b-c78c-4904-a5ed-f68682947ec9,3857275,2,74,777,35592,Right Attacking Midfield,Tackle,Lost In Play,0,96.8,73.3
3eb2f89a-0b4b-41c7-90ea-4e6f96c1c1e8,3857275,2,75,777,3767,Right Defensive Midfield,Tackle,Lost In Play,0,26.3,62.4
93c3d4f5-75ad-437e-aca1-7dac7071223d,3857275,2,76,777,35592,Right Attacking Midfield,Tackle,Lost In Play,0,65.1,24.9
a04f440c-75fa-4a0a-9c58-c920406a17b9,3857275,2,77,777,44955,Left Defensive Midfield,Tackle,Lost Out,0,30.5,14.9
05e171eb-2048-41c2-84d0-3f7130a00a6a,3857275,2,78,777,105944,Right Wing Back,Tackle,Lost Out,0,5.8,65.3
8cedd2e0-6d0c-4420-a2e5-d668d259c0c2,3857275,2,79,777,5651,Right Center Back,Aerial Lost,,0,8.8,38.6
06fb7ced-55e2-47a0-8785-af1cae8f0fe3,3857275,2,80,771,24778,Left Back,Tackle,Success In Play,1,84.1,37.3
50e4f1fe-18cc-483f-b5e9-32259ad80b11,3857275,2,83,777,32450,Left Center Back,Aerial Lost,,0,16.9,37.4
07a83787-89d2-417e-b732-084316afd19b,3857275,2,83,771,24778,Left Back,Tackle,Success In Play,1,72.7,17.4
f164d00d-50b3-4507-8dc6-1febea372078,3857275,2,85,777,16352,Center Forward,Aerial Lost,,0,66.5,9.1
e34aff22-18c5-4cae-8fcc-e6b53e4f892a,3857275,2,85,777,5647,Left Wing Back,Tackle,Lost Out,0,55.8,19.5
ae5e64d7-4c46-4cd3-88ec-6ded59a86838,3857275,2,87,777,16352,Center Forward,Aerial Lost,,0,71.5,7.9
98f2ecc2-aa81-443a-a00d-2c4ce00ad713,3857275,2,87,771,7439,Right Back,Tackle,Success In Play,1,50.2,68.0
b1bc91d4-34bb-4d5e-9ca0-2c2589aeb20e,3857275,2,89,777,105944,Right Wing Back,Aerial Lost,,0,15.0,54.9
c956b1e1-6552-4d36-a0c6-7c6605744fdd,3857275,2,90,777,16352,Center Forward,Aerial Lost,,0,67.9,11.1
ac0fa835-804f-4e85-b4d4-8d0d594eff47,3857275,2,92,771,5477,Right Wing,Tackle,Won,1,91.8,74.3
024ce83a-282d-433f-ba8d-e933a8afa1a8,3857275,2,94,771,7439,Right Back,Tackle,Success In Play,1,46.6,65.3
3da429dc-ae60-4409-a2cd-4e8e89fe0000,3857275,2,95,777,5651,Right Center Back,Tackle,Lost In Play,0,16.3,55.3
25cae468-9894-4914-b746-8fbe48bfbfaf,3857275,2,97,771,22097,Center Forward,Aerial Lost,,0,111.5,40.1
30ac4fb5-a16f-434f-9484-0ebab1b4c89d,3857261,1,0,768,4354,Right Wing,Aerial Lost,,0,71.8,77.6
10a739fe-594d-4b6a-98ee-17963f34eba6,3857261,1,0,768,10955,Center Forward,Aerial Lost,,0,84.9,73.3
062da946-2a0a-4aff-8612-8533baa47aa8,3857261,1,1,907,3853,Center Forward,Aerial Lost,,0,77.9,2.0
196f2353-bf7b-42fb-9c3f-3268a36fc5db,3857261,1,1,907,4934,Left Defensive Midfield,Aerial Lost,,0,75.0,11.5
a05a569c-a3a9-4e3c-b482-6daa9b87d753,3857261,1,3,768,30714,Left Center Midfield,Aerial Lost,,0,84.7,20.4
ace3e44e-4b83-4336-8286-e27728550177,3857261,1,7,907,4934,Left Defensive Midfield,Tackle,Success In Play,1,32.2,14.1
83dccfc1-0226-49e6-b3c8-a6016a0b811f,3857261,1,9,768,3943,Center Defensive Midfield,Aerial Lost,,0,70.4,35.1
e8e2cff2-48f5-48db-9243-2f2476167b49,3857261,1,16,907,11250,Left Center Back,Aerial Lost,,0,22.7,57.8
7da77d9b-e71d-4598-aac9-b158b9025666,3857261,1,17,907,4934,Left Defensive Midfield,Aerial Lost,,0,1.0,25.5
8f4b8f0f-3acd-4d34-938b-0550b8cd970e,3857261,1,18,768,3205,Right Back,Aerial Lost,,0,51.4,61.1
04fb0ac2-f164-41b3-8473-f231acf34964,3857261,1,20,907,3853,Center Forward,Aerial Lost,,0,63.2,37.4
4a5e35d7-5a61-4e53-b38b-d3a659ebfce5,3857261,1,25,907,4767,Right Center Back,Tackle,Success In Play,1,11.0,71.5
51fd87ae-757d-4972-82dc-9afa9230eb29,3857261,1,27,907,3853,Center Forward,Aerial Lost,,0,79.7,14.7
07a100b6-2f01-48ae-8016-89db5909d176,3857261,1,27,768,30714,Left Center Midfield,Tackle,Success In Play,1,34.6,52.0
33b007a7-732b-4ba0-95a9-74d080e93b2c,3857261,1,27,907,3517,Center Attacking Midfield,Tackle,Success In Play,1,53.7,50.1
66523b8f-de79-4c5a-9c97-ae5b6465a21e,3857261,1,30,907,4767,Right Center Back,Tackle,Success In Play,1,30.4,58.2
5161ef81-4e06-4958-a87b-f70467f14425,3857261,1,31,907,3517,Center Attacking Midfield,Aerial Lost,,0,42.0,30.2
d50bd0a3-d464-4796-b435-a557fa2346d7,3857261,1,36,768,3205,Right Back,Aerial Lost,,0,40.1,76.9
933080e2-1da3-4815-a315-4591ae48d38a,3857261,1,39,907,3853,Center Forward,Aerial Lost,,0,100.3,58.0
08efa95e-7c5e-4b61-b956-2251ae5810b4,3857261,1,39,907,10931,Right Defensive Midfield,Aerial Lost,,0,78.4,39.1
8c42b4cd-ee71-473c-bd62-7395c38fc9a0,3857261,1,40,768,3318,Left Wing,Aerial Lost,,0,118.7,52.3
d96cda0f-9d1e-4074-a810-f3122756e675,3857261,1,43,907,6399,Right Wing,Aerial Lost,,0,77.7,71.8
6a4bbfaa-07f8-42be-95ad-3a2ab2220f33,3857261,1,43,907,4774,Right Back,Aerial Lost,,0,70.3,70.2
8f955889-b1a0-4262-8559-19e22a897ec8,3857261,1,44,907,4774,Right Back,Tackle,Lost Out,0,3.9,55.7
7d80abe3-ebb6-425a-a56d-e5cb02bb7408,3857261,1,46,907,3086,Left Back,Aerial Lost,,0,39.9,7.7
5828f314-0910-4d5c-858a-dcf60e0bea0d,3857261,1,47,907,4934,Left Defensive Midfield,Aerial Lost,,0,5.5,26.4
f2e5de76-9926-4215-a632-6310f7bd8670,3857261,1,48,768,3336,Left Center Back,Aerial Lost,,0,35.8,51.4
b604b598-e10f-40ef-b092-f3f258d92f7d,3857261,2,45,907,3086,Left Back,Tackle,Lost In Play,0,86.2,23.7
ad70e456-abfd-4904-b325-4f0a5e551e88,3857261,2,46,907,4934,Left Defensive Midfield,Tackle,Lost In Play,0,41.1,51.3
4e0de3ab-c1f3-4ace-97f5-96a4c4681783,3857261,2,46,907,3517,Center Attacking Midfield,Tackle,Won,1,36.8,65.6
436f0123-0f38-4cf9-aac8-68583cbc2366,3857261,2,47,768,3318,Right Wing,Aerial Lost,,0,94.1,61.0
0e39d0bc-94ae-4489-83bb-0cc6c66f2139,3857261,2,50,768,3318,Right Wing,Tackle,Success In Play,1,97.3,74.1
1029a23b-421b-4feb-9856-7bd80ccf0aee,3857261,2,53,907,3086,Left Back,Tackle,Lost In Play,0,62.5,10.1
095c5236-2c75-403e-ae41-bca43ccd2be5,3857261,2,53,907,4934,Left Defensive Midfield,Tackle,Won,1,57.6,8.4
0b8612e9-e90d-4a25-a089-d16cb0d444ba,3857261,2,59,768,4354,Left Wing,Aerial Lost,,0,98.6,18.6
06a3aedf-2f89-42eb-806a-8cfc7f11cd68,3857261,2,59,907,10931,Right Defensive Midfield,Tackle,Success In Play,1,38.8,66.9
69ca973a-8323-494c-a288-d5eafa17af93,3857261,2,59,768,3532,Right Center Midfield,Tackle,Won,1,69.5,22.7
cd24fe42-a809-4bed-b284-e349c11b2aeb,3857261,2,60,768,3318,Right Wing,Tackle,Won,1,33.5,72.7
be475240-7785-49ed-85ab-d2bec4025ba7,3857261,2,63,768,3244,Right Center Back,Aerial Lost,,0,51.0,52.2
8dcdcc44-f362-4d08-9cae-5970adbd5a58,3857261,2,64,907,22074,Left Defensive Midfield,Aerial Lost,,0,55.8,29.1
56bac0d6-c30d-436b-895f-15c899166349,3857261,2,64,907,11252,Left Wing,Aerial Lost,,0,51.2,7.8
5f49edd3-b035-4419-9475-63c59bb0a085,3857261,2,65,907,3853,Center Forward,Aerial Lost,,0,88.7,4.2
e6ad5abe-0c7c-4052-981e-e986143df704,3857261,2,65,907,4774,Left Back,Aerial Lost,,0,86.0,24.2
8094b713-52d2-47db-a1c5-e08fd3eff4b3,3857261,2,65,907,11252,Left Wing,Aerial Lost,,0,73.3,19.0
37caa73d-c7d1-4c87-9b8d-78c702e84576,3857261,2,69,907,3853,Center Forward,Aerial Lost,,0,94.7,45.5
2bbe7753-0bbc-46cf-a95c-ba401fee18a7,3857261,2,74,768,3308,Left Back,Tackle,Won,1,38.4,7.6
6d8e15d1-a60d-4556-bc96-40a2b18df096,3857261,2,75,768,3616,Center Forward,Aerial Lost,,0,34.9,6.7
ebf60c69-b03a-40e6-b95e-2bb30a512fe2,3857261,2,75,768,30714,Left Center Midfield,Tackle,Won,1,15.5,4.9
b83539b5-a265-497a-801f-b9f1d2a2b711,3857261,2,75,907,22074,Left Defensive Midfield,Tackle,Success In Play,1,55.1,34.3
3e71e671-a470-4691-b0ee-0027eaf5b8b9,3857261,2,85,907,4767,Right Center Back,Tackle,Success In Play,1,50.6,29.7
80227209-e5d6-4cac-9100-29715e27be68,3857261,2,85,768,3532,Right Center Midfield,Aerial Lost,,0,75.3,61.0
8dff85ac-29cc-4640-a719-eb5a3b8ed429,3857261,2,90,907,22074,Left Defensive Midfield,Aerial Lost,,0,20.6,31.9
951b1e68-3d9b-47e6-aeeb-bd1cfa97c233,3857261,2,91,768,4706,Center Defensive Midfield,Aerial Lost,,0,45.3,60.2
0922aaa3-04c5-4628-bb46-d0e2ebd9e7f9,3857261,2,93,907,22074,Left Defensive Midfield,Tackle,Lost In Play,0,11.5,34.9
086c2e9f-db5b-4ed6-a6f4-e6ed9e52cc93,3857290,1,0,773,30401,Left Wing,Aerial Lost,,0,83.1,3.8
c36c5c24-6509-48c7-90b0-b3d3d4aeadbf,3857290,1,0,773,5544,Left Back,Aerial Lost,,0,71.8,3.5
45b1cb4a-aad0-4faf-b1a4-7ad864381a17,3857290,1,0,773,5545,Center Forward,Aerial Lost,,0,89.3,30.9
7fea6376-143d-4df3-b88a-0985a1b344d4,3857290,1,0,2722,3499,Center Forward,Aerial Lost,,0,66.4,47.3
2b983cd3-600c-4962-9199-31be4800e50e,3857290,1,0,773,6983,Right Defensive Midfield,Aerial Lost,,0,62.0,41.8
676b9b37-6515-4e3d-bda5-28623a1946b6,3857290,1,0,2722,13454,Left Back,Tackle,Lost Out,0,4.8,5.2
8b7476c0-ec7c-4b5b-a951-50dc83f71ab5,3857290,1,1,2722,4935,Right Wing,Aerial Lost,,0,57.3,53.7
b3e76907-5dd9-435d-aaaa-04b0199ab9a8,3857290,1,1,773,6983,Right Defensive Midfield,Tackle,Success In Play,1,54.1,30.3
3d75ac37-02a3-4dcb-8a9a-f679cda2c395,3857290,1,2,2722,4935,Right Wing,Aerial Lost,,0,57.2,62.9
3e33bdc5-4bce-42d4-be99-6622a2709a07,3857290,1,2,773,3500,Left Defensive Midfield,Tackle,Success In Play,1,65.6,13.4
6eb86544-00c2-4068-acfc-170d1f27e18e,3857290,1,5,773,5545,Center Forward,Aerial Lost,,0,45.2,70.9
ae2e26cb-1478-4429-b19b-1ac651b927db,3857290,1,5,773,6983,Right Defensive Midfield,Tackle,Lost In Play,0,33.1,67.2
014b23d0-4347-4abe-b337-e3dea713d4a5,3857290,1,6,2722,7472,Left Center Back,Aerial Lost,,0,103.7,38.9
429b4f02-d446-44a2-8122-54e9aa4859ec,3857290,1,7,2722,13454,Left Back,Tackle,Lost Out,0,18.3,11.2
2f94ef26-20d3-4d13-9c6a-b5220002dc1c,3857290,1,11,773,30401,Left Wing,Aerial Lost,,0,97.6,43.0
2819cfb2-a721-4154-bab2-08a25813da78,3857290,1,13,2722,4935,Right Wing,Aerial Lost,,0,81.6,53.5
ae53917e-8f69-464a-990e-c0a8be57cfdf,3857290,1,13,2722,13454,Left Back,Tackle,Success In Play,1,32.9,5.2
4be03370-ca70-499a-a6f4-ac4f7a0e05f6,3857290,1,15,2722,3551,Left Wing,Aerial Lost,,0,40.6,11.0
fe4484fc-ae61-44d5-8ca0-b339065d3ddf,3857290,1,22,773,8814,Left Center Back,Aerial Lost,,0,80.8,30.7
780a3dab-f21e-4e69-b992-62ef8d45cf5c,3857290,1,26,2722,3141,Right Center Midfield,Tackle,Lost In Play,0,7.5,6.2
acaec46d-83e3-4728-a16c-13692203d2e2,3857290,1,27,773,8814,Left Center Back,Aerial Lost,,0,52.4,32.4
b5f257f6-7ea4-4a4a-87a1-ed1dc02745c6,3857290,1,28,773,6983,Right Defensive Midfield,Tackle,Lost In Play,0,36.2,67.8
14966938-81f5-4d45-8510-8f1c2d6645cd,3857290,1,31,2722,8591,Center Defensive Midfield,Aerial Lost,,0,78.3,61.4
c0a13348-6800-4b9c-9467-06692d817030,3857290,1,35,2722,16346,Right Back,Tackle,Success In Play,1,24.1,41.2
db1a136c-46b8-41e2-914d-10a142b9e088,3857290,1,36,2722,16346,Right Back,Aerial Lost,,0,49.3,70.2
3587adce-2b92-4f60-9ba2-f41bfbfcd76b,3857290,1,37,773,16026,Center Attacking Midfield,Tackle,Lost In Play,0,68.5,48.2
63c889e0-3e23-4c83-8e2a-0a7fe0e43399,3857290,1,39,2722,7426,Right Center Back,Tackle,Lost Out,0,8.7,57.9
d72a64d6-fb4f-4b02-8a11-c0fd49bed06b,3857290,1,39,2722,8591,Center Defensive Midfield,Aerial Lost,,0,7.6,40.1
097885cc-9244-4a29-9b0e-3eba15df64c4,3857290,1,44,2722,4935,Right Wing,Aerial Lost,,0,62.5,48.7
1f244a5b-4002-4db8-883d-15a32b73f68c,3857290,1,44,2722,4935,Right Wing,Aerial Lost,,0,87.9,65.4
66064de7-18d7-4855-b4b8-bd1c0ca09fdd,3857290,1,44,773,3500,Left Defensive Midfield,Tackle,Won,1,57.8,6.8
14573a12-dfad-42b5-b14f-f9b0529d9b9f,3857290,1,46,773,3500,Left Defensive Midfield,Aerial Lost,,0,47.9,48.7
277375b0-b97f-42f6-b8c0-74b4dc45492f,3857290,2,45,773,8814,Left Center Back,Aerial Lost,,0,31.4,28.5
2a2104b7-9aaf-4b2c-b8c3-af4f6d60609a,3857290,2,46,773,3533,Right Wing,Aerial Lost,,0,56.6,58.7
6dd00aba-981f-42e6-a070-844f858aa32b,3857290,2,50,773,6983,Right Defensive Midfield,Tackle,Success In Play,1,20.9,65.6
c792fd11-bd7e-4807-8bf7-aa2b752aa078,3857290,2,55,2722,7426,Right Center Back,Tackle,Success In Play,1,43.8,42.4
faa2571d-f669-44d1-aa03-d10f238febcc,3857290,2,56,773,8814,Left Center Back,Tackle,Lost In Play,0,21.3,23.2
eda5cd88-ef07-404c-94af-c4443a25de69,3857290,2,59,2722,3551,Left Wing,Aerial Lost,,0,86.4,26.9
7284a6d2-6b09-47b2-aafd-5dee46c0d5d6,3857290,2,59,2722,8591,Center Defensive Midfield,Tackle,Success In Play,1,75.2,28.9
91ebec2f-a0f6-4c7b-95db-fece157367c2,3857290,2,60,2722,3551,Left Wing,Aerial Lost,,0,99.0,27.5
97fb73c8-635a-4f22-844d-bb9dfa0c50dc,3857290,2,60,2722,13454,Left Back,Aerial Lost,,0,104.8,34.8
3fc54f21-6327-464e-a11d-a429199d37d9,3857290,2,62,2722,4935,Right Wing,Aerial Lost,,0,19.8,75.0
04c3543b-565a-4489-8c1c-6dd7614bcf4a,3857290,2,63,2722,7472,Left Center Back,Aerial Lost,,0,23.2,74.4
2e5b0642-13d2-40fa-bb51-ee93224af982,3857290,2,63,2722,16346,Right Back,Aerial Lost,,0,28.3,77.8
8dc194a7-9fb5-43e0-8a03-35e9a2bac6ab,3857290,2,65,773,16026,Center Attacking Midfield,Aerial Lost,,0,12.6,35.8
9a12a706-afa6-4909-9a67-bffd55ee13df,3857290,2,68,2722,3141,Right Center Midfield,Aerial Lost,,0,68.8,67.9
361ca3f9-bbb9-451d-b02d-c105357d733a,3857290,2,69,2722,4935,Right Wing,Aerial Lost,,0,98.6,68.6
5188e12a-2f7f-42d7-aa43-5a44d0aa6198,3857290,2,69,773,3500,Left Defensive Midfield,Aerial Lost,,0,29.7,25.2
b4746603-9b9d-49a7-8911-61feea5fc50a,3857290,2,71,2722,3551,Left Wing,Aerial Lost,,0,69.1,9.2
2e231dfe-fca5-4a9e-8a09-0ea54620206a,3857290,2,74,2722,11174,Center Forward,Aerial Lost,,0,109.0,34.0
fdc505c2-6c5d-4185-bc89-cfc3927ef2a9,3857290,2,75,773,7796,Right Back,Tackle,Lost In Play,0,5.4,62.8
e865b200-fba6-4d59-a05b-e1e883089c74,3857290,2,77,2722,3639,Left Wing,Tackle,Success In Play,1,116.7,3.9
e4a3aafd-868d-4db6-8988-b476d12b50e4,3857290,2,82,773,8814,Left Center Back,Tackle,Lost In Play,0,103.4,31.2
f59cd515-396c-4f93-812e-cba23acefccd,3857290,2,82,773,5549,Right Center Back,Tackle,Lost In Play,0,98.5,35.3
9f7608a0-dd78-4078-a212-52f838bf6efe,3857290,2,84,773,7796,Right Back,Tackle,Success In Play,1,27.4,61.4
28c81279-5998-4aa6-97d1-26b820c49fab,3857290,2,84,773,7796,Right Back,Tackle,Success In Play,1,21.1,78.6
4c9231bc-b1aa-4117-9ca0-a0bd17161e34,3857290,2,86,773,5543,Center Forward,Aerial Lost,,0,64.1,14.1
0587335b-5a37-4408-9037-dde138a16ae7,3857290,2,87,2722,3141,Right Center Midfield,Tackle,Lost In Play,0,27.3,25.3
194fc6cc-ead0-46aa-b0e2-d8c73145a929,3857290,2,93,773,50436,Left Wing,Tackle,Won,1,27.0,71.5
4b01cbfa-7af7-420f-9910-e5f4eb96c792,3857290,2,94,2722,13454,Left Back,Aerial Lost,,0,44.4,8.8
84355c07-a98b-4a85-bf23-267cc6895855,3857290,2,94,773,5543,Center Forward,Aerial Lost,,0,79.8,68.9
b5674527-761f-4dbe-9f73-440277a9c79d,3857290,2,94,2722,3639,Left Wing,Aerial Lost,,0,43.6,15.4
cdb9d8d1-83e9-44ea-a9f5-18a4965c0008,3857298,1,2,4885,6393,Left Center Forward,Aerial Lost,,0,98.1,24.7
b58ca744-f506-4dad-adb1-09a1824d0755,3857298,1,4,780,11184,Left Center Midfield,Tackle,Lost Out,0,76.2,0.9
adafaec8-65f3-42df-b389-40afae00d198,3857298,1,5,4885,6383,Right Center Midfield,Tackle,Success In Play,1,14.2,60.2
71ba7805-d52c-46d2-bdbc-4ad6b2f22fbd,3857298,1,5,780,9927,Center Defensive Midfield,Tackle,Won,1,93.8,28.1
af38c4f3-2f2c-4f99-b2d9-a19d999e9404,3857298,1,8,4885,3347,Right Center Forward,Aerial Lost,,0,64.7,47.8
f013f41a-e75f-411a-b244-5105fb992bd0,3857298,1,10,4885,6393,Left Center Forward,Aerial Lost,,0,82.2,11.0
fb259297-2079-4616-99c2-99e245b3ec33,3857298,1,10,780,3193,Right Center Midfield,Tackle,Won,1,43.0,74.2
6d2d2e97-fc42-4d77-ba50-c6a6d00de7d5,3857298,1,10,4885,6383,Right Center Midfield,Aerial Lost,,0,75.4,28.5
6cf3d197-e988-4d26-a94d-0cdd51d53956,3857298,1,11,780,3193,Right Center Midfield,Tackle,Success In Play,1,67.6,20.5
aa36a91a-1eeb-407f-9e0a-19312394d9f3,3857298,1,11,4885,6383,Right Center Midfield,Tackle,Lost In Play,0,14.5,60.2
10917d05-bd98-4707-96b4-dbfd13ffa5fa,3857298,1,12,4885,30519,Left Center Back,Aerial Lost,,0,3.8,36.4
4257690a-b686-4be5-8237-d4f0ddef21e6,3857298,1,13,4885,17033,Left Center Midfield,Aerial Lost,,0,73.7,25.3
01af997a-b042-4ad9-99f9-5e13186c7216,3857298,1,13,780,13621,Left Center Back,Aerial Lost,,0,37.4,47.5
f7037dc4-fdc8-4b4e-adb8-f6aa8cee5cb2,3857298,1,14,4885,17033,Left Center Midfield,Tackle,Won,1,35.0,41.6
eb1428b6-689f-4258-bd01-5c17470dad6f,3857298,1,20,780,9927,Center Defensive Midfield,Aerial Lost,,0,70.4,58.7
28108a64-2206-4f48-99c3-a1694af779b4,3857298,1,20,4885,30519,Left Center Back,Tackle,Won,1,34.2,3.8
888ab7b1-6905-476c-b0ed-3aa78f259679,3857298,1,20,780,7005,Right Back,Tackle,Lost Out,0,81.7,77.6
4a31727e-6db8-49c2-8338-8c32ceba091c,3857298,1,22,4885,3347,Right Center Forward,Aerial Lost,,0,50.4,63.4
eeec2b5e-2595-4357-856a-5285e85bc9d8,3857298,1,25,4885,3347,Right Center Forward,Aerial Lost,,0,89.9,59.5
e8256948-3733-4764-b28d-432e9c66f0b6,3857298,1,28,4885,6393,Left Center Forward,Aerial Lost,,0,71.2,19.8
547acfec-4436-45d5-b713-7105fdb75a4a,3857298,1,28,4885,3347,Right Center Forward,Aerial Lost,,0,77.1,24.7
78fa932f-08bc-4ed5-978e-542f8c64176c,3857298,1,28,4885,6393,Left Center Forward,Aerial Lost,,0,74.7,22.8
27a703df-dbf4-4816-bc59-f962364e71d6,3857298,1,28,780,3193,Right Center Midfield,Aerial Lost,,0,44.3,62.0
1a3478cd-8618-4334-9960-f03b99152e3d,3857298,1,30,4885,45047,Right Wing Back,Aerial Lost,,0,28.7,76.4
678c79b2-652b-4035-aed0-168ce972d1f9,3857298,1,33,780,12041,Left Wing,Tackle,Success In Play,1,46.4,27.1
0d35d3f4-bfc0-44aa-8fc5-3b3194362bb8,3857298,1,34,4885,6383,Right Center Midfield,Tackle,Success In Play,1,29.7,54.9
423b5b62-d68f-4eca-9f45-71620e19db4a,3857298,1,36,4885,6383,Right Center Midfield,Aerial Lost,,0,113.3,44.0
8355438c-113f-45d1-b4ac-ee12088a3fbf,3857298,1,37,4885,3347,Right Center Forward,Aerial Lost,,0,113.8,38.8
ef9a7754-37b4-4e48-b9d7-139b75f569ab,3857298,1,38,780,7005,Right Back,Tackle,Success In Play,1,61.7,68.7
5ec4b736-52a1-40a8-a727-9072c7fbef1b,3857298,1,40,780,11184,Left Center Midfield,Tackle,Success In Play,1,34.7,54.9
f42402be-a465-40cd-aa8f-71c425849eaf,3857298,1,44,780,9927,Center Defensive Midfield,Aerial Lost,,0,46.4,46.5
14f80d55-c34d-4323-8433-b4c1f7976ee8,3857298,1,44,4885,6393,Left Center Forward,Aerial Lost,,0,104.1,23.5
7c5d7a50-7363-4b4b-bb50-99a6ca3394d6,3857298,1,46,780,13621,Left Center Back,Aerial Lost,,0,32.7,22.3
4570d594-494b-4f16-8fef-ea2e0a723908,3857298,2,46,780,5204,Right Wing,Tackle,Success Out,1,111.4,74.3
9a9ddcc9-ecd3-4e3d-ac68-0090fb83bcdd,3857298,2,47,4885,12325,Left Wing Back,Tackle,Won,1,10.3,7.5
397100b1-1fd1-4c64-a919-811c7305c5e6,3857298,2,48,780,5206,Right Center Back,Tackle,Won,1,34.1,61.5
295065c6-eaca-42d6-b04b-ed8a22468b5b,3857298,2,51,4885,3709,Right Center Back,Tackle,Lost In Play,0,22.8,56.0
09d87090-7666-412a-8609-be2f464360ba,3857298,2,51,4885,17033,Left Center Midfield,Tackle,Success In Play,1,21.1,18.0
5624f248-5705-4654-b85e-c7944d78fd59,3857298,2,52,4885,30519,Left Center Back,Aerial Lost,,0,111.8,41.1
666d83d8-0103-4821-ac2d-08b4283d2f63,3857298,2,52,4885,3709,Right Center Back,Aerial Lost,,0,104.4,43.3
50e31f8d-251b-4783-aaac-f8d67f4c470f,3857298,2,53,4885,17033,Left Center Midfield,Aerial Lost,,0,101.2,35.4
f4132325-b515-406b-81d5-356626b24723,3857298,2,53,4885,3347,Right Center Forward,Tackle,Won,1,67.8,65.0
9f8fdc8f-2abe-46f3-b2d2-24ec81dea50d,3857298,2,54,780,11184,Left Center Midfield,Tackle,Won,1,64.5,25.7
cdd112ac-39e3-4955-bc64-86124e379c4f,3857298,2,59,780,3193,Right Center Midfield,Tackle,Lost In Play,0,118.8,71.8
3d475754-1f63-4656-baa0-36ab94a99d9b,3857298,2,59,780,7005,Right Back,Tackle,Lost In Play,0,108.2,77.0
4bc4e60b-9541-4955-894c-2b18b869123d,3857298,2,60,4885,30519,Left Center Back,Tackle,Success In Play,1,15.7,9.4
f08fae56-0d88-4dbb-baec-d90597a3a960,3857298,2,65,4885,12325,Left Wing Back,Aerial Lost,,0,77.0,8.8
fd467400-18d5-4a34-b3c2-8b80bf5d6d32,3857298,2,66,4885,3347,Right Center Forward,Aerial Lost,,0,92.6,20.1
bbe06b55-36bd-4bc5-b6a2-0001f1510381,3857298,2,67,780,3193,Right Center Midfield,Tackle,Won,1,43.9,14.0
13753ca1-cffb-477f-a75e-af6c792255de,3857298,2,67,4885,31029,Center Defensive Midfield,Tackle,Won,1,59.7,74.2
747ae595-79b6-43dc-bcaa-a7917fede8b8,3857298,2,70,780,5209,Left Back,Aerial Lost,,0,63.4,11.3
73035ed7-864d-47cd-ae2e-7b3ce59c95cb,3857298,2,74,4885,2989,Center Back,Tackle,Success In Play,1,34.4,53.9
9e4a30bf-35bc-447e-ac7a-6ab5db3a2434,3857298,2,74,4885,3347,Right Center Forward,Aerial Lost,,0,55.3,25.4
8ad8b13e-831a-4215-8201-7c0faf410204,3857298,2,76,4885,6383,Right Center Midfield,Tackle,Success In Play,1,27.1,70.7
e3613bd0-f5c3-4bc2-aacb-74417beb1fd3,3857298,2,76,780,13621,Left Center Back,Tackle,Success In Play,1,44.1,14.3
7f69ad59-011a-4652-a157-5cbf341c47a3,3857298,2,79,780,12041,Right Wing,Tackle,Success In Play,1,45.2,52.6
c7214d8d-2875-4a70-a795-4b13865385ff,3857298,2,81,780,13621,Left Center Back,Tackle,Won,1,31.9,60.2
90afb838-4efb-4e93-990f-70f9b371791a,3857298,2,81,4885,3709,Right Center Back,Tackle,Success Out,1,62.1,40.6
597ab498-199f-4d09-a467-4d23762c3426,3857298,2,83,4885,30519,Left Center Back,Tackle,Won,1,27.9,18.6
19e316bd-eeda-4437-9968-a17f8364ff33,3857298,2,84,4885,6393,Left Center Forward,Tackle,Lost In Play,0,92.5,51.4
3e8a281a-f541-470e-a41b-03a2a36e4560,3857298,2,88,4885,6383,Right Center Midfield,Tackle,Success In Play,1,26.6,68.2
f3f79dec-77b8-4ab2-9ab4-913dd40570b9,3857298,2,88,780,5214,Center Defensive Midfield,Tackle,Lost Out,0,79.7,11.9
f41f10a4-7e36-4404-a899-cbd6262abb98,3857298,2,89,780,12169,Right Center Midfield,Aerial Lost,,0,66.7,19.5
d57e57b4-bb48-4bb1-94e3-760bb8d668a7,3857298,2,91,4885,3450,Left Center Midfield,Aerial Lost,,0,103.1,38.9
a3151138-e13b-4ce6-b230-cc9fa4f9e22b,3857298,2,91,4885,30519,Left Center Back,Aerial Lost,,0,94.4,28.1
adc3d9f8-6130-41e0-80c8-682fd07ddbb9,3857298,2,91,780,5206,Right Center Back,Aerial Lost,,0,13.2,49.5
99f46803-28d8-4322-a14b-38dda47e91a8,3857298,2,92,4885,6383,Right Defensive Midfield,Aerial Lost,,0,50.7,57.7
433aeed5-7a83-40bf-93b8-6bc8af4ab910,3857298,2,93,780,5214,Center Defensive Midfield,Tackle,Success In Play,1,62.3,37.1
4377806a-bfb4-4686-b4c4-82177aeb1443,3857298,2,94,780,12169,Right Center Midfield,Tackle,Success In Play,1,39.5,65.3
ad6a4d89-247e-4dae-864a-e2cce76df1ec,3857298,2,95,780,12169,Right Center Midfield,Tackle,Success In Play,1,77.0,31.4
7595b6a1-ed39-4ebb-8f32-b421ca8643d1,3857298,2,95,4885,28616,Left Center Midfield,Tackle,Lost Out,0,26.3,73.9
dd6e9e8a-97bd-4424-8e79-c7a0171101cf,3857298,2,96,4885,33602,Right Back,Tackle,Success In Play,1,11.4,61.2
43b827b8-f2d9-4ee2-8b4e-66901384119b,3857298,2,98,780,38803,Center Forward,Aerial Lost,,0,73.7,10.8
ab0e1d76-7500-435a-a690-d059c82a08c5,3857298,2,98,4885,28616,Left Center Midfield,Aerial Lost,,0,73.8,37.6
9ce7124e-51dc-4a4c-ac1e-f415421efce0,3857298,2,98,4885,3450,Left Midfield,Aerial Lost,,0,70.0,33.2
9a06a3aa-5aa2-4e88-9e07-0fd62d1d9e48,3857298,2,99,780,5206,Right Center Back,Tackle,Success In Play,1,15.1,44.1
7848ba71-a1d6-4a41-a196-103eba494fc5,3857298,2,99,4885,3709,Right Center Back,Tackle,Lost In Play,0,9.7,49.2
9cb35090-642d-4a9e-8b03-85e3870adbf2,3857298,2,100,4885,3709,Right Center Back,Aerial Lost,,0,20.1,51.7
956d4d3e-0e6e-4b62-8bb5-d777b0d15c50,3857285,1,0,787,2941,Left Wing,Tackle,Won,1,86.5,5.4
3c660fb5-1bc5-42f7-958c-958bb3f3095b,3857285,1,2,941,8125,Right Wing Back,Tackle,Lost In Play,0,11.6,62.8
69168a7a-9f6e-4a1b-951f-d47590a8cd41,3857285,1,3,787,8553,Left Back,Tackle,Lost Out,0,19.9,2.1
0a11d311-f3cf-4b7a-8e92-af9719aeb663,3857285,1,4,941,3311,Left Wing Back,Tackle,Won,1,58.9,23.4
5291977a-f77e-47ac-b8d9-65d8f103dee5,3857285,1,5,941,3669,Center Back,Aerial Lost,,0,46.0,27.5
205a7dad-2861-4b04-90b9-15fa57d8ffd7,3857285,1,8,787,20611,Center Forward,Aerial Lost,,0,69.1,25.0
f3c1aff1-1aa2-4bc2-9c69-31e513c62e68,3857285,1,8,787,20611,Center Forward,Aerial Lost,,0,102.0,62.5
40523c58-eaf3-4f02-b65d-4add4b248cb6,3857285,1,11,787,2941,Left Wing,Aerial Lost,,0,83.6,5.6
05a80490-522d-4c8c-b649-5de889446eae,3857285,1,12,941,8118,Left Defensive Midfield,Tackle,Success In Play,1,69.5,65.8
99f5e0b5-9c50-45f3-9e55-f4008b71b79d,3857285,1,12,787,3404,Right Back,Tackle,Lost Out,0,92.2,78.9
8d6da193-c79b-4b62-b9dc-9d18266ea4ef,3857285,1,15,941,3264,Right Center Forward,Tackle,Success In Play,1,71.6,70.9
13453ae9-83b9-417c-8199-ee1317f18938,3857285,1,16,787,3404,Right Back,Aerial Lost,,0,7.7,47.1
050fc506-e881-496a-8955-b8675f67ff72,3857285,1,18,787,15970,Left Center Back,Aerial Lost,,0,111.5,40.3
707e8d19-647c-41cb-8405-d55eb1978da3,3857285,1,19,787,2941,Left Wing,Aerial Lost,,0,99.0,26.3
47146f66-5e3a-4909-8993-138b75e8d350,3857285,1,20,787,2941,Left Wing,Tackle,Success In Play,1,66.2,4.1
6f1d2f56-90f6-4057-8b9a-381bd727ac1f,3857285,1,20,787,3436,Center Attacking Midfield,Aerial Lost,,0,101.4,20.1
8ebdfad9-842f-4098-a50d-0e92840048d7,3857285,1,22,941,3669,Center Back,Aerial Lost,,0,111.2,40.2
906cab81-c113-4290-9fdd-e4bfec57da21,3857285,1,23,787,2941,Left Wing,Tackle,Success In Play,1,36.6,3.7
69352716-c29d-40fe-9abf-aa6f033ef21a,3857285,1,23,787,8553,Left Back,Tackle,Won,1,18.9,5.9
ed3dcc53-ee61-42d5-89ab-0316b7276bc2,3857285,1,25,941,8259,Left Center Forward,Tackle,Success In Play,1,31.6,13.9
2ecaf832-1993-47e1-8048-afcaa80bba8f,3857285,1,25,941,8118,Left Defensive Midfield,Tackle,Success In Play,1,54.2,28.0
6b1e1dd2-815f-4be2-9d88-13b44dc188b6,3857285,1,26,787,3684,Right Defensive Midfield,Aerial Lost,,0,11.4,42.5
b9fbe83e-f53a-4759-a297-ed0fa0496313,3857285,1,34,787,8553,Left Back,Aerial Lost,,0,10.3,27.6
9458925a-0a7d-4a8d-aefa-b9358e904f83,3857285,1,34,941,3264,Right Center Forward,Aerial Lost,,0,111.1,40.9
9bc0bbe6-d6e3-481a-9c42-59b4e74bfe96,3857285,1,43,787,8553,Left Back,Tackle,Won,1,34.1,9.4
28073887-f26f-4e8b-b8ac-2b847ff63ba7,3857285,1,46,941,7745,Right Defensive Midfield,Aerial Lost,,0,93.8,48.1
667d2226-dd9c-4ea0-b4ce-1e4e90de5ec2,3857285,1,46,941,3264,Right Center Forward,Tackle,Won,1,84.2,62.7
dc93524d-4662-44d7-bdc6-d76499d73aa4,3857285,2,47,787,20611,Center Forward,Aerial Lost,,0,54.3,19.9
a88e4c92-9837-46a5-879f-3ab97b856447,3857285,2,47,941,3306,Left Center Back,Tackle,Won,1,22.8,31.7
3cdadc30-a81c-421e-9a9f-275e9c143a7e,3857285,2,48,941,3311,Left Wing Back,Aerial Lost,,0,55.2,24.3
742d9099-3378-466a-bfaa-914b0cb208f1,3857285,2,51,941,8125,Right Wing Back,Aerial Lost,,0,85.1,67.7
97fb649b-8e62-4c2f-ad0e-397890aa2f9b,3857285,2,52,787,3436,Center Attacking Midfield,Aerial Lost,,0,9.3,39.6
6b934fe1-d974-408c-a5ac-4ee953fa632a,3857285,2,55,787,4506,Left Defensive Midfield,Tackle,Lost Out,0,29.6,8.6
8a8006df-97e4-4bb0-9bc5-71e6cfa8889e,3857285,2,56,941,8069,Right Center Back,Aerial Lost,,0,43.3,65.2
3883bfde-8005-4889-9f8d-ddf52efa16e5,3857285,2,57,787,5675,Right Center Back,Tackle,Success In Play,1,57.5,26.1
02682609-fea9-4944-8e3e-fb2445991c99,3857285,2,60,941,3306,Left Center Back,Aerial Lost,,0,113.2,41.2
f4d91152-f34f-4a4b-9892-f487a33eed78,3857285,2,62,941,8125,Right Wing Back,Aerial Lost,,0,99.2,72.7
ab221f63-1e5a-4479-815d-d0d90c18cf90,3857285,2,63,787,3684,Right Defensive Midfield,Aerial Lost,,0,34.8,47.0
d604668f-55bf-44d0-847a-8024f1fafa0a,3857285,2,65,941,3669,Center Back,Aerial Lost,,0,13.5,44.4
12a5dd22-6815-414b-91cc-c625e4e66ae4,3857285,2,66,941,2988,Left Center Forward,Aerial Lost,,0,112.8,39.5
fd9477b9-38a4-40a9-b76a-eb2a9e94d173,3857285,2,68,787,2941,Left Wing,Aerial Lost,,0,70.5,26.9
da439912-9b30-4a77-9031-1011b4732438,3857285,2,72,787,4506,Center Defensive Midfield,Tackle,Success In Play,1,23.5,19.5
86f85100-a288-49c5-b0ec-599318e84178,3857285,2,74,941,3311,Left Wing Back,Aerial Lost,,0,50.7,10.2
85e016a9-83e5-4610-9881-938ad16afcd3,3857285,2,76,787,32915,Left Back,Aerial Lost,,0,11.7,41.0
af723b46-fd0e-4deb-9c07-4b92c351baf3,3857285,2,77,941,8125,Right Wing Back,Aerial Lost,,0,47.9,67.4
1f076c4c-bc22-40d7-a7e5-7c9e2e712bb1,3857285,2,78,787,3404,Right Back,Tackle,Won,1,20.7,62.6
6aaf6f03-1d29-40b2-989e-8579cf3cc4dc,3857285,2,79,941,7891,Right Defensive Midfield,Tackle,Won,1,49.9,9.6
aec4b6c5-cfba-42ef-b57c-61a1b2db760e,3857285,2,81,941,3306,Left Center Back,Aerial Lost,,0,8.8,39.5
7df10e6a-437c-4753-a826-216d0a3c2717,3857285,2,83,941,8069,Right Center Back,Aerial Lost,,0,49.2,77.7
26ad96ae-85df-427c-a721-c2af4a183f66,3857285,2,83,787,4506,Center Defensive Midfield,Aerial Lost,,0,73.1,18.8
51b695af-3334-42a9-be54-47a388937f55,3857285,2,85,941,8118,Left Defensive Midfield,Tackle,Success In Play,1,22.0,65.5
9c926d9a-0306-4c00-890a-d2e2795ec979,3857285,2,86,941,3306,Left Center Back,Aerial Lost,,0,3.5,55.1
c86d2a7d-e784-4768-b894-edbf6726fc98,3857285,2,87,787,4506,Center Defensive Midfield,Tackle,Success In Play,1,32.9,31.8
2373fd44-b397-417c-851c-c87e56f873e2,3857285,2,88,787,88123,Center Forward,Tackle,Success In Play,1,27.8,57.2
a451a4d9-7f6a-41db-abbc-03aeadb37352,3857285,2,89,787,50497,Right Wing,Aerial Lost,,0,81.2,69.9
e5c7fd93-81f4-43d3-b68c-cad27120c02d,3857285,2,89,787,32915,Left Back,Aerial Lost,,0,54.4,5.9
6542f08b-218d-44d1-98a7-6157e456683f,3857285,2,91,941,8125,Right Wing Back,Aerial Lost,,0,66.8,68.2
8507c3cc-47a1-4be0-ba92-77cd0e9c3cc3,3857285,2,93,941,7891,Right Attacking Midfield,Aerial Lost,,0,73.0,54.5
005fc956-7538-4fc5-9ffa-e3958b0d7c4d,3857285,2,93,787,3436,Left Center Midfield,Aerial Lost,,0,67.5,28.0
cd7eba4e-65ce-475a-9c6a-9479f57089a8,3857285,2,94,941,8125,Right Wing Back,Aerial Lost,,0,110.5,75.9
3e68a4dd-1a81-406c-bd37-88a7ec47ed39,3857285,2,95,787,88123,Center Forward,Aerial Lost,,0,72.2,17.4
bd6e3358-488b-4483-b508-f1e675cd75c7,3857285,2,97,787,32915,Left Back,Tackle,Won,1,12.2,4.4
5bac396d-4912-4162-bef5-fe06ec764fda,3857285,2,97,787,50497,Right Wing,Aerial Lost,,0,84.4,49.7
d88a7782-58b0-4407-814d-3218bb38b306,3857285,2,98,787,15970,Left Center Back,Aerial Lost,,0,54.0,20.6
bc02abb5-613d-4377-aa36-e8471cbe31f6,3857282,1,0,1839,8526,Right Center Midfield,Aerial Lost,,0,98.7,57.7
51b3a970-556d-4057-93b6-1a19a215be78,3857282,1,1,907,6399,Right Center Forward,Aerial Lost,,0,58.7,9.6
6f4dd5ee-72c4-4b2f-a078-39aac3544632,3857282,1,1,907,4934,Center Defensive Midfield,Aerial Lost,,0,46.2,15.8
0326f9ae-6087-4ed5-b22f-fc74fe6d73fd,3857282,1,3,907,4767,Right Center Back,Tackle,Lost In Play,0,39.4,61.8
16ae00b4-d708-4234-9e87-a9e357a6e739,3857282,1,3,907,4774,Right Wing Back,Tackle,Lost Out,0,5.2,70.1
a0be93b2-eb00-498c-b6bd-57c85efc80f3,3857282,1,4,1839,4614,Left Back,Aerial Lost,,0,89.3,18.8
b6ef7593-db84-4e06-b67a-d11ca07d5cfe,3857282,1,5,1839,21881,Right Back,Tackle,Lost Out,0,85.4,75.7
ec0151cd-f4fd-40e4-b624-32527b512979,3857282,1,8,907,4767,Right Center Back,Tackle,Lost Out,0,15.2,71.0
ffe9e78b-2da0-4156-ad01-67dbca3d4684,3857282,1,9,1839,38792,Left Center Midfield,Aerial Lost,,0,72.1,2.5
f11b086f-408b-4696-b4b1-fbecdbcd8116,3857282,1,11,907,34794,Left Wing Back,Aerial Lost,,0,81.2,11.1
5b5c0e48-163d-4c9c-a689-3eb03383ddfc,3857282,1,13,1839,4614,Left Back,Aerial Lost,,0,11.4,27.3
e805179b-a164-4934-9560-4f1840c45ecd,3857282,1,15,907,9540,Left Center Midfield,Tackle,Success In Play,1,39.8,41.5
2f6673b6-3ad9-4f45-b423-7911c1b0d053,3857282,1,16,1839,4614,Left Back,Tackle,Won,1,26.4,16.6
1430f7d0-e9f2-41d4-beb1-4fa795905eda,3857282,1,18,1839,38792,Left Center Midfield,Aerial Lost,,0,65.3,20.7
e593b4ee-e0bd-4428-8d52-e5a7385a653f,3857282,1,20,907,6399,Right Center Forward,Aerial Lost,,0,75.3,74.2
162bf591-c27b-40b0-a86f-a5d74702e78c,3857282,1,20,907,4934,Center Defensive Midfield,Tackle,Success In Play,1,43.7,61.3
e39121d1-dab8-4d78-8412-d7d6fd04fe0c,3857282,1,23,907,4774,Right Wing Back,Aerial Lost,,0,24.6,71.0
a88c87a9-d21e-4d90-8574-59474d29cccc,3857282,1,25,1839,38792,Left Center Midfield,Tackle,Lost Out,0,94.4,75.7
b7f26794-a54d-4334-9cae-ffc7a52d6cc0,3857282,1,27,1839,12751,Center Defensive Midfield,Tackle,Success In Play,1,77.9,29.2
9dab62a3-ff2c-4713-82b4-7dc6ad4e2d60,3857282,1,29,907,9540,Left Center Midfield,Tackle,Success In Play,1,20.4,24.6
b418ff37-2ced-4e83-babe-9319679aa9a5,3857282,1,31,1839,4614,Left Back,Aerial Lost,,0,34.1,1.6
7e3ed09d-a22b-4376-b1b3-e0817b89221b,3857282,1,34,1839,18242,Left Center Back,Aerial Lost,,0,42.6,17.3
e8a9f7a3-ed09-4508-ab06-12f6339f2fb0,3857282,1,35,907,4934,Center Defensive Midfield,Aerial Lost,,0,64.0,60.1
f180cc26-42a6-4a3b-b377-50043f81e677,3857282,1,37,1839,3377,Right Wing,Aerial Lost,,0,70.9,39.9
11f00273-0fde-4985-bc4f-ba7bdfd2d6c0,3857282,1,38,907,9540,Left Center Midfield,Tackle,Success In Play,1,40.3,31.0
f19c7eba-ce7b-418c-acd6-5d5a44487587,3857282,1,38,1839,21881,Right Back,Tackle,Lost Out,0,52.7,75.4
1755b05b-d0f6-4838-b458-d04a5ce03a2e,3857282,1,38,907,3517,Right Center Midfield,Aerial Lost,,0,98.9,41.2
9df1e932-8b3a-4f17-b609-97b6f7168f37,3857282,1,40,907,3517,Right Center Midfield,Tackle,Lost In Play,0,37.7,72.9
69f6ed26-42d5-4cfd-a5cc-ce791db51a39,3857282,1,40,1839,21881,Right Back,Aerial Lost,,0,51.4,68.2
4b3ebc45-ea0c-4e89-a9e9-ba6ad4e49871,3857282,1,41,1839,18242,Left Center Back,Tackle,Won,1,3.1,69.5
b4ed3025-5541-43a0-b981-af86b6a3b9d7,3857282,1,41,907,4767,Right Center Back,Tackle,Success In Play,1,69.3,66.0
b113f8d0-9c44-4211-8d11-99d33d3519c8,3857282,1,44,1839,12524,Right Center Back,Aerial Lost,,0,5.4,42.6
64677455-9c6b-4cd0-9340-c83ae8766b24,3857282,1,45,1839,22168,Center Forward,Aerial Lost,,0,77.5,53.0
612dbba9-e333-4bce-8f63-d55e485324ff,3857282,1,48,1839,3377,Right Wing,Aerial Lost,,0,59.3,37.4
de332aa9-997f-4808-8928-4d202464d691,3857282,2,46,1839,4614,Left Back,Tackle,Success In Play,1,18.0,5.6
3c7e4633-bb43-47d6-b0dd-cd5a88eecd26,3857282,2,48,1839,12751,Center Defensive Midfield,Tackle,Lost Out,0,5.5,12.2
824da744-b4d5-4cf7-9355-fcbad98e4dde,3857282,2,50,907,4767,Right Center Back,Tackle,Success In Play,1,14.5,59.9
68a4e340-2f13-4d3c-af9f-368c8879344a,3857282,2,50,907,3853,Left Center Forward,Tackle,Lost Out,0,48.5,55.9
988a1299-37da-4fcb-9641-049a0a81bd65,3857282,2,51,907,4934,Center Defensive Midfield,Tackle,Success In Play,1,24.0,56.9
08687ce1-04c1-4f64-b4fc-d665eaebda00,3857282,2,54,1839,18242,Left Center Back,Tackle,Success In Play,1,65.6,17.6
aa82dda2-57d4-4dd7-836d-0346ce61ea61,3857282,2,56,907,4774,Right Wing Back,Aerial Lost,,0,110.2,37.4
76160870-5123-42cd-beda-db4dd251abda,3857282,2,56,907,3086,Left Center Back,Aerial Lost,,0,96.8,36.6
a0da4cb4-cb23-4949-a556-6a004f480699,3857282,2,56,907,4767,Right Center Back,Tackle,Success In Play,1,80.2,38.1
3e053c68-7e1c-4ced-b79c-ed670b917f8e,3857282,2,58,907,11250,Center Back,Tackle,Success In Play,1,56.7,27.7
08dac201-1782-4626-b9ff-0f4a58417526,3857282,2,62,1839,22168,Center Forward,Aerial Lost,,0,37.3,4.8
df9b0445-037b-4c9e-b2d2-87e738bb4669,3857282,2,62,907,11250,Center Back,Tackle,Success In Play,1,68.3,59.9
76b9c63a-051f-4d7d-831c-cf9f6f70b04d,3857282,2,63,1839,12751,Center Defensive Midfield,Aerial Lost,,0,14.4,33.5
f572dfa5-aee2-420f-a8bd-b0a421bdf088,3857282,2,66,907,34794,Left Wing Back,Tackle,Success In Play,1,29.9,8.0
12397a93-d909-4e2a-a8aa-23182583ca29,3857282,2,66,907,6399,Right Center Forward,Tackle,Success In Play,1,36.1,20.1
6001c44e-9c17-4227-ad7d-ad758c345253,3857282,2,66,907,34794,Left Wing Back,Tackle,Lost Out,0,3.8,8.0
9f45c3ec-28e4-45d3-a93e-3dc66b41a8a6,3857282,2,69,1839,8246,Left Wing,Tackle,Won,1,116.3,68.6
2f0e2368-a539-4349-a1d6-95eb05b25ea5,3857282,2,69,907,4774,Right Wing Back,Tackle,Success In Play,1,44.0,59.7
021a9075-1e73-45d7-b8b1-54c6bac71d07,3857282,2,71,907,3086,Left Center Back,Aerial Lost,,0,45.2,13.6
5af3688e-69e4-4afb-b964-e963d506994d,3857282,2,71,1839,12751,Center Defensive Midfield,Tackle,Success In Play,1,35.5,74.7
e148ace3-76af-43a6-be58-ca5855c0756e,3857282,2,71,907,3517,Right Center Midfield,Tackle,Success In Play,1,54.7,3.6
3552316f-a821-462b-875b-8b62eb6c3d6e,3857282,2,74,907,11250,Center Back,Aerial Lost,,0,13.5,33.2
484c135b-25f2-4423-91ee-6481bb737f8c,3857282,2,76,907,3086,Left Center Back,Aerial Lost,,0,3.8,33.4
68c4cd2a-c573-44b0-b7b4-54a820b592a6,3857282,2,77,907,9540,Left Center Midfield,Aerial Lost,,0,107.2,41.8
bd6c0389-f4da-48f5-80a6-45482f91536e,3857282,2,83,907,3853,Right Center Forward,Aerial Lost,,0,90.5,18.9
292ad212-a5c3-4038-b9b1-037d9095cceb,3857282,2,83,1839,12524,Right Center Back,Aerial Lost,,0,46.0,57.8
d5e97b49-60d6-4f5e-9ae0-bb41be4fadb0,3857282,2,84,1839,13035,Left Center Midfield,Tackle,Lost Out,0,22.6,13.7
ca295db7-723b-4fa7-8ce0-dc1e718d3a9c,3857282,2,85,1839,22008,Center Forward,Aerial Lost,,0,76.0,28.7
fd03d6bc-df2e-47f9-a193-dd8f900618a2,3857282,2,87,1839,18242,Left Center Back,Aerial Lost,,0,26.4,13.8
a920f993-2ced-4dfa-86fc-6c4cbc4703b2,3857282,2,90,907,4934,Left Defensive Midfield,Tackle,Success In Play,1,37.6,21.0
198f59ae-715b-43e4-96fb-004c057bca62,3857282,2,90,1839,24243,Right Center Midfield,Tackle,Won,1,65.8,56.2
08a2a70a-a369-4935-b512-b1c2374cb872,3857282,2,93,907,6399,Left Center Forward,Aerial Lost,,0,108.4,44.1
d32217df-ec17-44e8-a454-7ca0a7fa158a,3857282,2,93,1839,22008,Center Forward,Aerial Lost,,0,31.1,17.2
f164f9d5-9588-47ad-a394-c728d7ac47be,3857282,2,95,907,50528,Left Midfield,Tackle,Success In Play,1,28.3,6.0
237d85ab-2c6f-4075-99a1-56501188e860,3857282,2,96,907,22074,Left Defensive Midfield,Aerial Lost,,0,69.0,32.7
cf1b1df5-242c-4a11-a14d-e44e1e8dbf4f,3857282,2,96,1839,3658,Right Back,Tackle,Lost In Play,0,48.2,72.3
0f2da0fc-4889-4b80-8ed8-11fa6b39835c,3857282,2,96,907,22074,Left Defensive Midfield,Tackle,Success In Play,1,56.7,24.7
6ccbcb10-4002-4a34-9ff0-d13368011c22,3857282,2,97,907,22074,Left Defensive Midfield,Tackle,Lost Out,0,72.3,22.7
3703ed67-9059-4e0b-8d83-fb134d856527,3857297,1,0,799,5713,Right Defensive Midfield,Tackle,Success In Play,1,35.6,39.4
5a3f4c97-b3e8-4009-a7c8-512e44a64150,3857297,1,0,789,7979,Left Midfield,Tackle,Lost Out,0,57.7,0.1
fd87cd2b-c0b9-4879-933f-c409b0034d20,3857297,1,1,789,5665,Right Center Forward,Aerial Lost,,0,76.7,52.4
578b64f9-46d8-45e6-96aa-d4d9aa0a8f86,3857297,1,6,789,11737,Right Defensive Midfield,Aerial Lost,,0,89.4,16.1
f280093c-4960-4cc6-8f53-8374338ba1af,3857297,1,7,789,44166,Left Center Back,Aerial Lost,,0,9.0,38.8
aad30088-87b6-4f85-be25-3d288d86bf12,3857297,1,9,789,5665,Right Center Forward,Aerial Lost,,0,40.0,77.8
7dd27f5c-8a78-49a6-8e5d-eee083124026,3857297,1,13,799,5191,Left Back,Aerial Lost,,0,32.8,16.2
ca25b4eb-9b94-439c-b092-f3ac110fa461,3857297,1,17,789,7979,Left Midfield,Aerial Lost,,0,68.3,18.4
e87ae66e-294f-4283-bd6f-e8e69252af74,3857297,1,18,799,51099,Right Wing,Tackle,Lost Out,0,12.8,79.6
97f5f9ac-5f5d-46ca-90e6-7f216d9eb192,3857297,1,18,799,56755,Left Defensive Midfield,Tackle,Lost Out,0,19.4,74.8
41ca6586-ce76-40be-885b-419f29cbb155,3857297,1,18,799,51094,Right Center Back,Tackle,Won,1,27.2,61.3
88116849-a1dc-4ca1-8627-a69f54459635,3857297,1,19,799,5191,Left Back,Aerial Lost,,0,93.5,9.5
2096f4d4-b881-4d56-8055-8e0136f84b54,3857297,1,19,799,5187,Left Wing,Tackle,Success In Play,1,57.0,18.0
65675709-f0c5-4431-a1e6-bdbf44a944b8,3857297,1,22,799,5191,Left Back,Tackle,Success Out,1,14.0,1.8
e5bc4485-0edb-4434-8a01-fc732069f884,3857297,1,22,799,51469,Center Forward,Aerial Lost,,0,112.4,42.1
e09ffb70-a100-4009-9f7f-f62b0e469a4a,3857297,1,24,789,5668,Left Center Forward,Tackle,Lost In Play,0,94.2,22.7
1d05e121-47f0-40ba-bb94-9cb491826351,3857297,1,25,799,5191,Left Back,Aerial Lost,,0,8.4,40.8
9def7956-38a0-4d90-9d41-a0668f3b1029,3857297,1,26,789,11737,Right Defensive Midfield,Aerial Lost,,0,101.7,37.6
2ded0b69-e0ea-42d3-9bb3-51db2319e84a,3857297,1,27,789,7979,Right Midfield,Tackle,Lost Out,0,40.5,77.3
91e63c63-313f-43ff-b124-96ba27a43cc1,3857297,1,29,789,5665,Left Midfield,Tackle,Won,1,100.2,48.8
5d7cb9ba-558b-417a-b91e-6341bcfefaf1,3857297,1,32,799,5191,Left Back,Aerial Lost,,0,77.1,15.1
9538394a-fa53-46cb-a3cb-90dd04c1fe81,3857297,1,32,799,5715,Left Center Back,Tackle,Success In Play,1,66.1,18.0
c7a99107-684a-4b9b-aead-3ff633bcdc9d,3857297,1,32,789,3637,Left Defensive Midfield,Tackle,Won,1,51.2,49.9
c70986b9-46a9-4cea-a6b6-dcd28cf706f0,3857297,1,32,799,51099,Right Wing,Tackle,Lost In Play,0,63.7,32.6
64510d89-a1d6-4f45-8e2f-9649e3ec1054,3857297,1,33,799,51094,Right Center Back,Tackle,Lost In Play,0,34.0,40.5
aa1cfd09-c7d3-455e-bad7-192c65f88f36,3857297,1,41,799,51094,Right Center Back,Aerial Lost,,0,41.0,78.1
0fe24c3c-d147-4fff-bbb7-f47558884eae,3857297,1,49,789,5673,Left Back,Tackle,Lost In Play,0,24.1,24.2
19dd6466-70c6-48ae-821b-1b0ee8216a1e,3857297,1,53,799,5191,Left Back,Aerial Lost,,0,46.0,21.8
1df1107b-ab99-4c65-978f-2cb934e30f3e,3857297,1,53,799,5715,Left Center Back,Aerial Lost,,0,53.8,29.0
2fb6bf67-2363-4cb5-869c-61f396c92495,3857297,1,54,799,51099,Right Wing,Aerial Lost,,0,112.1,45.6
d581764a-76cd-4de4-9295-b8e1c38b3c8e,3857297,2,45,789,5665,Left Midfield,Aerial Lost,,0,66.4,66.4
f312274e-0231-45f5-9752-1755ac294fa3,3857297,2,46,789,4734,Right Back,Tackle,Lost Out,0,12.7,68.9
3084bcbb-90de-4006-8ef5-051b014de30a,3857297,2,46,799,51094,Right Center Back,Aerial Lost,,0,118.2,49.6
9637c906-fdb0-43c1-ac29-13265abc11bc,3857297,2,48,799,51094,Right Center Back,Aerial Lost,,0,109.6,34.5
e29b1a3c-274e-4509-9b3d-cc08d603ac22,3857297,2,49,789,5668,Center Forward,Aerial Lost,,0,114.5,22.4
ee343397-80e5-4025-9b4f-740cd6e968cc,3857297,2,51,799,51710,Left Back,Aerial Lost,,0,69.2,2.3
b2ee267d-3ce7-4f37-a934-cf56c8f04148,3857297,2,53,799,5713,Right Defensive Midfield,Aerial Lost,,0,38.4,60.2
d2f2370d-2fab-4f77-b14a-0b1d275b3363,3857297,2,55,789,5668,Center Forward,Aerial Lost,,0,73.7,66.4
8c67b6e9-0f2c-4a52-9165-6fa912a825e4,3857297,2,55,789,11737,Right Defensive Midfield,Tackle,Lost Out,0,55.8,76.2
5670ecf3-d30d-49ec-8adc-fb0d22463d36,3857297,2,59,799,51469,Center Forward,Tackle,Won,1,111.3,63.1
d8965a01-0d74-405e-a1db-2bf6da119d38,3857297,2,60,789,5668,Center Forward,Aerial Lost,,0,77.5,15.7
d5c8e2fd-b239-442b-be4a-da7c7e865243,3857297,2,60,799,54144,Center Attacking Midfield,Aerial Lost,,0,50.9,52.8
8cfed3d8-ac0a-4a2c-93c6-f4d26766be51,3857297,2,62,789,5665,Left Midfield,Aerial Lost,,0,78.9,27.2
69d79b0c-4973-4866-8771-4009073363e1,3857297,2,63,799,51710,Left Back,Tackle,Success Out,1,56.8,2.7
342e423d-562b-4905-8e89-b8243e17c442,3857297,2,65,799,5713,Right Defensive Midfield,Tackle,Lost Out,0,57.8,4.0
748cf570-36c5-4703-84d0-948f6702127e,3857297,2,66,799,51469,Center Forward,Aerial Lost,,0,63.9,4.2
9cf7dd81-d269-4adc-8f0f-84bca0695b82,3857297,2,66,789,11737,Right Defensive Midfield,Tackle,Lost In Play,0,54.4,61.9
be80b8e8-8d3a-4ffb-88f1-a52748ff53fe,3857297,2,68,789,5668,Right Center Forward,Tackle,Won,1,33.7,6.0
97657c2f-1f94-42ac-9120-7a12c9d0712c,3857297,2,68,799,5715,Left Center Back,Aerial Lost,,0,80.4,26.4
bb200aa8-703e-4943-a737-e358d97c00b5,3857297,2,71,799,5187,Left Wing,Tackle,Lost Out,0,7.2,2.3
132735cf-a2f9-4010-a065-8716f8c888c7,3857297,2,72,789,12493,Left Center Forward,Aerial Lost,,0,111.2,60.0
4f702ebc-1271-4ef8-9714-f6b8d425105d,3857297,2,75,789,12493,Left Center Forward,Aerial Lost,,0,83.2,25.9
7cf64053-25c5-4e84-9efa-cfaeec1804c3,3857297,2,75,789,12493,Left Center Forward,Aerial Lost,,0,93.4,12.7
f511e520-8530-4b44-9d32-69270e0ccf19,3857297,2,77,799,51094,Right Center Back,Aerial Lost,,0,32.7,61.8
c0044da5-0d9d-48d9-8132-ac726c337658,3857297,2,80,789,12493,Left Center Forward,Aerial Lost,,0,69.2,71.7
4f724050-b333-4025-aa72-f8db9d9d76fe,3857297,2,80,799,56755,Left Defensive Midfield,Aerial Lost,,0,12.7,38.7
253283c3-6aea-48c9-938f-29d945b26f38,3857297,2,86,789,5673,Left Back,Aerial Lost,,0,2.1,31.9
714bde0e-1c79-4d68-a107-48548ecae0d6,3857297,2,87,799,5713,Right Defensive Midfield,Aerial Lost,,0,45.7,5.4
f2d3b9fe-3902-44e5-a7c8-cc6ed370d227,3857297,2,87,789,5673,Left Back,Tackle,Lost In Play,0,28.0,26.0
0f0372f7-2e18-447f-abea-caecdd22e95b,3857297,2,88,789,5668,Right Center Forward,Tackle,Success In Play,1,41.8,46.9
dbc0e62d-97be-4594-a9f9-5cafb39d4ef8,3857297,2,89,799,54144,Center Attacking Midfield,Aerial Lost,,0,44.5,23.0
672753c1-72e4-43db-93f9-a6b9cc9ce20b,3857297,2,90,789,5668,Right Center Forward,Aerial Lost,,0,114.0,41.9
be4f5128-e02d-407e-bdb1-a1e3fcaf7378,3857297,2,90,799,74623,Left Defensive Midfield,Tackle,Success In Play,1,20.6,55.8
ab487dfa-675d-4207-9c76-40844861d90a,3857297,2,90,789,12493,Left Center Forward,Aerial Lost,,0,103.6,22.8
125eef65-5b15-4296-b714-22519b660167,3857297,2,91,799,51705,Right Wing,Tackle,Lost Out,0,10.1,74.1
41977528-3904-439c-936c-95fdbc66a425,3857297,2,91,799,51705,Right Wing,Aerial Lost,,0,35.0,63.6
58a5bc27-1694-475c-a9a1-07090c9355b5,3857297,2,95,799,74623,Left Defensive Midfield,Tackle,Lost In Play,0,35.8,21.8
ca057ed3-6380-411f-8bb2-0121af91c342,3857297,2,95,799,5715,Left Center Back,Tackle,Success In Play,1,16.2,33.1
710a712f-f2fd-4b85-b681-64b660d75e7d,3857297,2,96,789,12493,Left Center Forward,Aerial Lost,,0,71.9,68.3
744df51f-a5c0-49c5-b9f1-76f32fc3de4f,3857294,1,3,941,6994,Right Defensive Midfield,Tackle,Success In Play,1,68.7,11.4
33e8fa81-931b-451f-a8e3-72528fe1c0ba,3857294,1,3,3566,124506,Right Center Back,Tackle,Lost In Play,0,11.9,51.9
77f73634-ddaf-41a9-953c-818413671b12,3857294,1,4,941,20750,Right Center Forward,Tackle,Lost In Play,0,90.6,9.3
1f16123a-2deb-44f4-9b33-604958b3b7c8,3857294,1,4,941,3306,Left Center Back,Aerial Lost,,0,77.4,2.7
1f7f73a6-304d-451f-ad0f-c598c4fe9708,3857294,1,6,3566,124495,Right Center Forward,Aerial Lost,,0,62.2,57.2
3cee8b4b-2e8e-44d5-9e40-b97b5f7f5c46,3857294,1,7,941,21809,Right Center Back,Tackle,Lost In Play,0,73.0,73.1
4a4ebf08-d141-467e-8c58-8f3de4b8d53d,3857294,1,7,941,21809,Right Center Back,Tackle,Won,1,74.6,69.7
39293c85-3979-4fd3-bd0f-48c6e4868f8a,3857294,1,9,941,8125,Right Wing Back,Aerial Lost,,0,4.9,54.7
aa46845f-65b0-419a-8ccf-d58e35388206,3857294,1,10,3566,124488,Right Center Midfield,Tackle,Success In Play,1,47.6,33.4
3e2d9fe5-12f6-4d3b-bf93-b67b608d1529,3857294,1,10,941,6994,Right Defensive Midfield,Tackle,Lost In Play,0,91.3,76.7
3acace1e-1e37-46b6-909e-ebc92ffd3d06,3857294,1,10,941,3311,Left Wing Back,Aerial Lost,,0,43.1,5.9
0f25d4b0-a82e-4a8d-91f6-21a6c0074e2e,3857294,1,11,3566,124495,Right Center Forward,Aerial Lost,,0,57.5,54.8
8839123d-d11c-436d-82cf-2bd172c1b18a,3857294,1,11,3566,124506,Right Center Back,Tackle,Lost In Play,0,38.3,57.5
24f5e248-214e-4f63-81ec-96b9ee6e4401,3857294,1,14,3566,124495,Right Center Forward,Aerial Lost,,0,42.4,71.0
8911b768-906a-441b-90d5-4e250049af36,3857294,1,14,941,6994,Right Defensive Midfield,Tackle,Success In Play,1,84.0,32.9
f6f7ec9d-7f3b-440e-97f2-322392187262,3857294,1,17,3566,124495,Right Center Forward,Aerial Lost,,0,58.8,64.8
d73287c1-9d99-4d43-8192-0e87ef5f6585,3857294,1,18,3566,124493,Center Back,Aerial Lost,,0,7.1,35.6
fbaf6063-b93c-4e79-b7e5-46fb2776e781,3857294,1,18,941,4318,Center Attacking Midfield,Aerial Lost,,0,67.5,37.9
70e1c8f0-ba53-4e22-9326-802a6736070e,3857294,1,19,3566,124495,Right Center Forward,Tackle,Success In Play,1,49.1,50.1
0d62f1e8-3f13-434a-ab32-9e9bada0efc7,3857294,1,24,3566,124506,Right Center Back,Tackle,Success In Play,1,35.2,61.4
e8668aa8-5033-4a33-b62e-89c244d28652,3857294,1,27,3566,124495,Right Center Forward,Aerial Lost,,0,67.9,67.9
90cd15b0-3e17-41ef-b1c8-908b11c435c4,3857294,1,35,3566,124488,Left Center Midfield,Aerial Lost,,0,102.0,74.6
7b8b6617-4753-4391-94df-0a4ddfbf3047,3857294,1,35,941,8118,Left Defensive Midfield,Tackle,Lost In Play,0,27.8,8.3
aa6f54d5-1c05-4664-83c5-4690ad618890,3857294,1,36,941,20750,Right Center Forward,Tackle,Lost In Play,0,28.5,29.9
8462e816-50b1-4869-804d-870fee9c2708,3857294,1,39,3566,124494,Left Center Back,Tackle,Won,1,37.6,14.4
5ad4bbae-c307-4798-b48e-6793151744fa,3857294,1,39,941,2988,Left Center Forward,Aerial Lost,,0,95.7,23.0
75782fc7-518a-473f-8439-f8746d7295fe,3857294,1,39,3566,124500,Center Defensive Midfield,Tackle,Lost In Play,0,29.2,38.0
f5e57d41-1c4c-4a8b-99b3-6d58ff107f95,3857294,1,40,3566,124495,Right Center Forward,Aerial Lost,,0,76.5,4.8
1989d6c0-b304-449b-b86d-e200034c10e6,3857294,1,42,3566,124900,Left Wing Back,Aerial Lost,,0,44.3,5.3
72abd04e-2729-4506-a401-38dd6416bc2a,3857294,1,43,941,6994,Right Defensive Midfield,Tackle,Success In Play,1,48.7,59.6
40817ae6-680c-4276-9429-e79fe4b38790,3857294,2,47,3566,124899,Right Wing Back,Tackle,Lost In Play,0,26.4,53.9
8439b551-0c76-479d-8df4-2470c912f746,3857294,2,54,941,20750,Right Center Forward,Tackle,Success In Play,1,70.2,23.7
de70887e-0c3f-4cba-8d37-f35c7592a089,3857294,2,56,941,8125,Right Wing Back,Aerial Lost,,0,38.8,62.7
dde06d66-6607-47d9-bc7d-5a6122817d43,3857294,2,56,3566,124488,Left Center Midfield,Aerial Lost,,0,98.7,21.3
b9c3ba86-5027-473d-83e7-f0f87b41a1f2,3857294,2,56,941,4318,Center Attacking Midfield,Tackle,Won,1,25.5,58.8
da9dbaad-9bd6-496f-bf4b-3908602cc9d8,3857294,2,57,941,8125,Right Wing Back,Tackle,Lost Out,0,32.4,73.5
810ad4b6-623a-44fb-9d2a-75abfedcdb36,3857294,2,62,3566,124500,Center Defensive Midfield,Tackle,Success In Play,1,52.3,40.3
1cc21777-efab-440a-ad78-66ed330aa349,3857294,2,64,3566,149463,Left Center Midfield,Tackle,Success In Play,1,19.7,22.4
bc51ddc7-e061-4f7e-8f34-4ffecab0e813,3857294,2,71,3566,124494,Left Center Back,Tackle,Success In Play,1,58.2,3.6
c46bc601-7de7-41b2-b171-b7a8ba33ff1d,3857294,2,74,941,6994,Right Defensive Midfield,Tackle,Success In Play,1,31.8,54.9
aabcc079-88c6-4543-98b3-934617f5cae8,3857294,2,75,3566,124506,Right Center Back,Aerial Lost,,0,24.7,46.7
f8ebb178-6247-470d-a250-69f493c81406,3857294,2,75,3566,124901,Right Center Forward,Aerial Lost,,0,62.0,23.2
4114faf5-a8e0-46e3-be80-c21cb4fd9ea9,3857294,2,75,941,21809,Right Center Back,Aerial Lost,,0,69.7,49.1
3e9a5fdd-8e56-4bce-be11-f17515a5170a,3857294,2,75,3566,124492,Center Defensive Midfield,Aerial Lost,,0,49.3,34.0
8926999f-9c9f-4b37-a33c-02b09214daa9,3857294,2,81,941,3306,Left Center Back,Tackle,Success In Play,1,26.6,28.2
62c5a033-4d05-47fe-b363-f7476ddd5be1,3857294,2,83,941,8118,Left Defensive Midfield,Tackle,Won,1,70.2,79.3
d3a719f9-0cc6-4ed5-a21d-464cd9a999fb,3857294,2,86,3566,124506,Right Center Back,Tackle,Success In Play,1,43.8,48.1
fba25fdf-82fb-4877-93a1-9374e23dc8c4,3857294,2,88,3566,124512,Right Wing Back,Tackle,Success In Play,1,32.7,58.3
1c8edd67-205a-4bc2-b90d-1ccb8f8a75d6,3857294,2,89,941,3311,Left Wing Back,Aerial Lost,,0,4.8,27.6
595bd09e-5622-49a7-967f-bdb6c50b7606,3857294,2,92,941,7829,Right Center Forward,Aerial Lost,,0,62.2,38.1
7f5188bd-bb05-4d31-9caa-7210b9d6e064,3857294,2,95,941,7745,Center Attacking Midfield,Tackle,Lost In Play,0,98.7,30.6
2b3ccfb7-6366-4d8b-8da3-c498d9ef078d,3857266,1,0,771,6704,Left Back,Tackle,Lost Out,0,44.3,3.0
51421b99-c039-47cd-aed5-b1a0f4129234,3857266,1,1,771,5487,Center Attacking Midfield,Aerial Lost,,0,32.0,57.2
7377d14b-3818-4a0f-a842-16d802bcf1b2,3857266,1,1,771,6704,Left Back,Tackle,Lost Out,0,19.4,4.5
397bc891-03b7-4714-af99-e99afe1a3c57,3857266,1,3,776,27569,Right Wing,Aerial Lost,,0,79.3,15.1
f98c2a4b-5172-42f3-9d5a-cd6816161f07,3857266,1,3,776,3570,Right Defensive Midfield,Tackle,Won,1,23.5,56.9
b3c96de1-0de9-476a-b7dc-f8cbc299057c,3857266,1,5,771,10481,Right Defensive Midfield,Tackle,Lost In Play,0,91.5,28.3
45f753ea-525a-4daa-802c-2dba468984de,3857266,1,7,776,16190,Right Wing Back,Tackle,Lost Out,0,29.9,75.3
eb23b9b3-9196-4fa2-896e-be1d4e15b5d1,3857266,1,9,776,17043,Left Center Back,Aerial Lost,,0,5.1,34.5
f7b6b32c-b74f-4b9d-a54f-3815e4a27216,3857266,1,9,771,5485,Right Center Back,Aerial Lost,,0,85.0,37.6
cfbad001-981f-4153-b4c3-e875d0345eb5,3857266,1,12,776,5732,Center Forward,Aerial Lost,,0,7.7,33.2
ed5e5363-9111-467d-b271-1cf8e2df6935,3857266,1,14,776,16554,Left Wing Back,Tackle,Lost In Play,0,14.0,9.0
aaffba3c-4e41-43f8-9d94-4bd22522629f,3857266,1,14,776,8247,Right Center Back,Aerial Lost,,0,8.5,40.8
2a3430ff-596f-4151-a0dd-8b91673cb77c,3857266,1,17,771,8519,Left Center Back,Tackle,Success In Play,1,47.3,29.7
f1c9d458-e3f6-4998-95e6-9ef00520323b,3857266,1,17,776,8247,Right Center Back,Tackle,Success In Play,1,35.9,54.2
eedd3d4d-471d-41ae-a62c-7074655a28cc,3857266,1,18,771,5477,Right Wing,Tackle,Lost Out,0,18.6,72.7
e0c7cb80-2679-4cff-acd9-d762171f6869,3857266,1,21,771,10481,Right Defensive Midfield,Tackle,Won,1,62.4,3.7
50cb6dde-1fc8-48a6-b4f2-f9dd89dbc2cf,3857266,1,27,776,16190,Right Wing Back,Aerial Lost,,0,106.0,62.7
590f7fdf-bc05-4667-9ed8-07ffe66fa776,3857266,1,28,771,3604,Center Forward,Aerial Lost,,0,71.0,72.9
d8da9d63-0408-4a4b-aa81-53ec3b27ee6e,3857266,1,28,771,3009,Left Wing,Aerial Lost,,0,95.6,37.2
9d79c4a3-519d-4dbe-9fdb-55da2fd7e05e,3857266,1,28,771,8519,Left Center Back,Tackle,Won,1,21.1,10.8
9dff9871-84a1-4b6e-9f7a-ef59b1ad2d5e,3857266,1,29,776,17043,Left Center Back,Aerial Lost,,0,56.8,17.2
d6c2a0e8-9a96-4298-a513-a5de55a42316,3857266,1,31,771,8519,Left Center Back,Tackle,Success Out,1,12.0,4.4
aaa9a284-ff3e-4b0b-874f-2f27a6bc40ca,3857266,1,32,776,16554,Left Wing Back,Tackle,Lost Out,0,41.6,6.5
51351094-8bb8-487d-a300-537b0fd1d416,3857266,1,33,776,24443,Left Wing,Tackle,Lost In Play,0,31.8,8.9
0e3eb2cf-3d43-44af-bf39-838e7be37736,3857266,1,35,776,3570,Right Defensive Midfield,Tackle,Won,1,32.3,57.3
f83a5a8c-9581-4d63-9544-d9a8757205a1,3857266,1,35,771,3604,Center Forward,Aerial Lost,,0,65.5,54.2
7a5abec7-ec15-4470-bebe-6e7ce83f79cf,3857266,1,36,776,3570,Right Defensive Midfield,Aerial Lost,,0,55.1,29.6
8711393b-9364-428a-8d69-29206b7d4258,3857266,1,36,776,17043,Left Center Back,Aerial Lost,,0,11.5,34.9
a7f2eb22-5a0d-43aa-834c-6e76fee618b5,3857266,1,37,771,5477,Right Wing,Tackle,Won,1,22.3,70.2
540aeb35-f214-42d1-9c21-094a60fdbd98,3857266,1,38,771,3604,Center Forward,Aerial Lost,,0,26.7,74.5
7bf3a75a-6a52-48d6-8435-172838ba9616,3857266,1,38,771,5477,Right Wing,Aerial Lost,,0,50.3,69.9
b0b79280-5b1c-49a5-9116-9d0328d99ae3,3857266,1,38,771,5485,Right Center Back,Aerial Lost,,0,30.0,62.4
0420857e-1097-4502-8c7a-44f210334f95,3857266,1,38,776,3043,Left Defensive Midfield,Tackle,Success In Play,1,30.2,59.5
2db12bd0-f6a3-4ef4-be33-aa2a494d6cff,3857266,1,39,776,5732,Center Forward,Aerial Lost,,0,58.1,12.3
aded3bc2-2558-4a97-afa4-2033e0755d9d,3857266,1,41,776,3570,Right Defensive Midfield,Aerial Lost,,0,53.8,32.6
3d748c41-a704-40c6-a017-05689d8da1d4,3857266,1,41,771,3026,Left Defensive Midfield,Aerial Lost,,0,52.4,30.2
bd225962-12a4-4623-8915-28874cde8eaf,3857266,1,45,771,3026,Left Defensive Midfield,Tackle,Success In Play,1,51.6,63.8
3cf9aca9-96b0-4e73-9480-c11cc05ff7ba,3857266,1,46,776,5732,Center Forward,Aerial Lost,,0,79.2,37.5
c53f084a-8eb0-410e-b158-e1f8c5a98de1,3857266,1,47,771,3026,Left Defensive Midfield,Tackle,Success In Play,1,76.1,56.4
7b9a7a2c-f127-4d88-b5e0-72b48686c2c8,3857266,1,47,776,24443,Left Wing,Tackle,Lost In Play,0,44.4,18.1
8cb4140b-092a-494c-a705-7bced53f6770,3857266,2,47,776,3570,Right Defensive Midfield,Tackle,Won,1,40.6,38.1
3b8504e4-6eda-4d32-a6ed-126b3d3dae21,3857266,2,48,771,5487,Center Attacking Midfield,Tackle,Success In Play,1,67.3,76.9
1ba454c0-57fe-4ada-a02f-c01cfa088ce5,3857266,2,49,771,8519,Left Center Back,Tackle,Success In Play,1,20.6,52.0
7e43e413-1e8f-4775-9965-9f486eaaf304,3857266,2,49,771,3009,Left Wing,Aerial Lost,,0,47.2,23.4
9b485435-43ee-4f4e-a869-4e5fa7dc93ed,3857266,2,49,771,3026,Left Defensive Midfield,Tackle,Won,1,5.8,25.0
fc65a14d-a2ba-46b3-9427-1a5a0836d170,3857266,2,51,771,6704,Left Back,Aerial Lost,,0,12.6,53.7
51ad1c04-7cc1-42ba-9bcc-c7db0dc385e6,3857266,2,51,776,16554,Left Wing Back,Tackle,Lost In Play,0,45.7,4.6
9fa5671f-36a8-4031-890f-c8d1133a4c61,3857266,2,52,771,4445,Right Back,Tackle,Won,1,27.8,73.8
be456a69-532a-44da-9b39-fd00ff1b1755,3857266,2,53,776,27569,Right Wing,Aerial Lost,,0,82.7,10.9
ed0a67c5-ccf9-4eaa-b3c0-1bcddc78f5a3,3857266,2,53,771,8519,Left Center Back,Tackle,Lost In Play,0,42.0,37.7
ab823922-5571-4080-8d01-1f6580c4fba9,3857266,2,54,771,6704,Left Back,Tackle,Lost Out,0,13.8,16.6
771fbcb3-015e-4ed4-9ec8-c667548be9d3,3857266,2,54,776,3959,Center Back,Aerial Lost,,0,110.2,37.2
3e2863d2-fec0-4938-821a-ef5e51f2bc62,3857266,2,58,776,3570,Right Defensive Midfield,Tackle,Success In Play,1,15.7,32.4
1e634d3e-eb9d-4b86-b0c8-1ce05f73b04b,3857266,2,60,771,5487,Center Attacking Midfield,Tackle,Won,1,19.6,79.0
c03c8db0-5967-4592-b28b-6b1e9bb9ff51,3857266,2,63,776,24443,Left Wing,Tackle,Success In Play,1,50.9,9.2
e5f7bbf0-8198-4d21-8a48-4e7ea9ac1e99,3857266,2,63,771,6704,Left Back,Tackle,Lost Out,0,33.9,3.3
6268b4b8-a4c3-4dac-afb0-bc003bc15643,3857266,2,64,776,8247,Right Center Back,Aerial Lost,,0,59.6,73.5
60bbdd9b-8c28-489a-bf5d-78090253a116,3857266,2,65,776,4447,Center Forward,Aerial Lost,,0,74.2,9.4
3e9be72d-4582-46ed-a834-a732cd31a8d3,3857266,2,66,776,16190,Right Wing Back,Tackle,Won,1,80.6,59.0
83251d55-c856-4ea5-ac0f-ece83fdb53b0,3857266,2,66,771,10481,Right Defensive Midfield,Tackle,Lost In Play,0,35.2,27.6
5040c807-eebe-4514-a0a2-a19b5a570614,3857266,2,67,771,8519,Left Center Back,Aerial Lost,,0,7.9,36.2
0554b742-1416-46ec-a7f7-86012c50d21f,3857266,2,68,776,16190,Right Wing Back,Tackle,Lost Out,0,52.0,74.9
ac14bf46-bc26-4c89-afec-198744ac9da3,3857266,2,69,776,3570,Right Defensive Midfield,Tackle,Won,1,15.1,25.8
41639e40-e7d5-485b-a89a-d81589958b86,3857266,2,69,771,5485,Right Center Back,Aerial Lost,,0,78.9,70.1
7b9d24a8-945b-4757-a272-9d56c9d107ae,3857266,2,69,776,8247,Right Center Back,Tackle,Lost Out,0,3.1,75.3
4c9de48a-d4e9-4f1d-a72e-83a066ecae02,3857266,2,69,776,16190,Right Wing Back,Tackle,Success In Play,1,7.7,64.2
efc080ec-c708-496f-8fae-1e31ce340255,3857266,2,73,771,5487,Center Attacking Midfield,Tackle,Lost Out,0,25.2,4.1
884691f2-0a9f-489d-97ad-eb1a36d3e18d,3857266,2,74,771,2972,Center Forward,Aerial Lost,,0,63.3,28.4
29ae4f81-64a6-40df-b8a6-ad0e893780dd,3857266,2,75,776,16190,Right Wing Back,Tackle,Lost Out,0,7.8,56.1
43af9fe1-798a-4d66-9473-9f84636cad02,3857266,2,76,771,3026,Left Defensive Midfield,Aerial Lost,,0,111.8,37.9
3dca67fe-1e68-47da-858d-e62569c079f6,3857266,2,76,776,16554,Left Wing Back,Tackle,Lost Out,0,17.1,1.7
d68b6e77-67d6-4c4e-97c2-a30e424480e4,3857266,2,78,771,4445,Right Back,Aerial Lost,,0,110.4,44.5
fd3b4818-e758-47c1-aa35-93e2dd2776da,3857266,2,78,776,8247,Right Center Back,Aerial Lost,,0,9.4,39.4
85a45b7b-6fd9-41f3-998d-560673c3581b,3857266,2,81,771,2972,Center Forward,Aerial Lost,,0,69.1,58.6
734ca9a8-5ba8-4301-b163-14c4a48908c9,3857266,2,81,776,6302,Left Wing,Aerial Lost,,0,72.9,19.0
f038c351-d6e6-49be-9d77-dfa8608c4e7a,3857266,2,83,776,27569,Right Wing,Aerial Lost,,0,105.9,50.5
cd1765c0-8e12-45f4-bae4-1cade6ee1e58,3857266,2,90,776,3959,Center Back,Aerial Lost,,0,65.3,35.2
56eaee0f-36e7-41ca-acf9-54db22eb3217,3857266,2,91,771,8217,Right Wing,Aerial Lost,,0,63.0,74.0
9e16439e-02df-4fe5-baca-d1af078c3ccf,3857266,2,91,771,10481,Right Defensive Midfield,Tackle,Lost In Play,0,35.0,64.4
78a18142-04a8-4225-b38f-22893917d07c,3857266,2,93,776,24547,Right Wing Back,Tackle,Won,1,117.6,57.4
c8e305a2-fab0-4f0b-af53-0763515cb43f,3857266,2,95,771,2972,Center Forward,Aerial Lost,,0,101.1,13.8
3f8064da-44d3-4d76-af7f-c66f6f5eea5b,3857266,2,96,776,17043,Left Center Back,Aerial Lost,,0,110.4,47.1
79c9448e-0f65-4cdb-934a-79be4eebce70,3857284,1,0,770,6322,Right Back,Aerial Lost,,0,75.2,45.7
054ab781-21a2-414e-ad6b-681f27425b57,3857284,1,1,770,5562,Center Attacking Midfield,Aerial Lost,,0,80.9,51.1
67cdec7c-8fe1-4efb-83b5-371f4f6b921f,3857284,1,1,778,23721,Right Defensive Midfield,Tackle,Lost In Play,0,56.7,77.0
c635aa8f-be5e-4d78-9336-6a3bb4c34bbc,3857284,1,1,778,29595,Right Center Back,Tackle,Lost In Play,0,39.4,72.8
e9c206a1-b369-4103-99ce-ba26ea0b7f32,3857284,1,1,778,23527,Right Wing,Tackle,Lost In Play,0,43.3,74.4
e610e5bf-6fae-4796-9efb-70c39d2e3879,3857284,1,1,770,10287,Left Defensive Midfield,Aerial Lost,,0,93.2,30.0
e23d22a4-53c6-43a4-a4b0-cb946261311e,3857284,1,5,770,8966,Center Forward,Aerial Lost,,0,39.0,8.7
528b7b5d-f084-4a95-bf2a-2eac435833b5,3857284,1,7,778,9411,Center Attacking Midfield,Aerial Lost,,0,25.5,16.7
3997e966-2802-43b0-91d8-a7bfab579ff0,3857284,1,7,778,9411,Center Attacking Midfield,Tackle,Won,1,39.0,41.1
7ac5b15b-df59-4aa3-9fe7-5249da8d99a7,3857284,1,8,778,23721,Right Defensive Midfield,Tackle,Success In Play,1,58.8,69.4
cde60a90-6a61-4362-ae41-bdb40ccdf2f0,3857284,1,9,770,12034,Left Back,Aerial Lost,,0,87.5,16.6
cd5f786a-f76f-44a9-a022-c1571b4a9334,3857284,1,10,770,10287,Left Defensive Midfield,Aerial Lost,,0,71.6,68.1
2a18376c-b995-46d2-9df1-52dd164fd5df,3857284,1,11,778,3530,Right Back,Tackle,Success In Play,1,3.8,65.4
87219f13-7b6c-4938-b90b-fc8d3399e335,3857284,1,12,778,37208,Left Defensive Midfield,Tackle,Lost In Play,0,32.9,46.8
0b61659b-1589-47e7-a2a6-5341fec6a8bc,3857284,1,15,778,3530,Right Back,Aerial Lost,,0,9.6,29.5
1e36f567-d820-4b4d-8d0d-1b65bd04a2f1,3857284,1,16,778,30628,Center Forward,Aerial Lost,,0,72.6,37.6
198fb9b2-0ff0-475d-9ef2-94c4df6cf243,3857284,1,16,778,9411,Center Attacking Midfield,Tackle,Lost In Play,0,54.3,40.2
83ca6c6e-79b1-4dd2-9634-771b9e8d0085,3857284,1,17,770,10287,Left Defensive Midfield,Aerial Lost,,0,75.7,17.0
005f2857-0489-41db-9bb2-f141b1eeec14,3857284,1,18,778,31090,Left Wing,Aerial Lost,,0,27.4,13.6
276df28d-208a-4375-8857-c2ffd9e4620d,3857284,1,19,778,3530,Right Back,Aerial Lost,,0,76.4,70.6
0854538a-2100-48ef-804a-13a9dd7e85c5,3857284,1,19,778,37208,Left Defensive Midfield,Tackle,Lost In Play,0,20.6,45.4
e2df82a3-467a-490e-9cf8-62603733dd05,3857284,1,20,778,31090,Left Wing,Tackle,Won,1,75.7,74.4
978a3b16-679f-4f8b-afe0-03d56fd4e095,3857284,1,24,778,3530,Right Back,Tackle,Lost Out,0,3.7,75.6
8b87c334-9577-4251-a6af-ccd049ee13d0,3857284,1,25,778,37208,Left Defensive Midfield,Tackle,Lost Out,0,39.4,4.0
331da69e-1ec2-4502-8af6-5f76020e56c7,3857284,1,34,770,39565,Left Wing,Aerial Lost,,0,63.8,62.6
49771906-a6b7-46b6-a2de-e8b53ba306a9,3857284,1,34,770,12034,Left Back,Tackle,Lost Out,0,17.5,2.6
468c76c9-09be-480e-beee-09d3ce2fbfe0,3857284,1,35,778,23721,Right Defensive Midfield,Aerial Lost,,0,110.8,45.9
7f203948-1bce-4b31-9569-87e967b96bd9,3857284,1,35,778,3530,Right Back,Tackle,Won,1,64.3,66.4
3671e852-ead0-4905-b272-7367d7b42720,3857284,1,36,778,30628,Center Forward,Tackle,Lost Out,0,57.4,6.5
99b2684a-0326-4087-8113-40a8a1efbde1,3857284,1,36,770,24118,Left Center Back,Tackle,Lost In Play,0,26.7,5.0
b3d6d149-dc0b-4972-8b34-e0d49bf7bd2c,3857284,1,37,770,12034,Left Back,Tackle,Success In Play,1,30.0,6.2
375b0364-d536-4232-a4cc-5748f9f54b2a,3857284,1,37,770,8400,Right Wing,Aerial Lost,,0,104.2,33.9
457015bf-aa38-4d85-bc28-fe690cf0149d,3857284,1,38,778,5690,Left Back,Tackle,Success In Play,1,27.4,23.4
a2699eea-caff-4dce-9ec0-d9c39bc46455,3857284,1,38,770,8966,Center Forward,Tackle,Won,1,75.2,71.9
30cbe238-b40a-450a-abbc-5c48797f2920,3857284,1,41,778,23527,Right Wing,Aerial Lost,,0,71.9,69.4
75282fc7-7819-465e-a4ff-fb82863938df,3857284,1,42,770,5562,Center Attacking Midfield,Aerial Lost,,0,111.5,40.6
14f74126-f304-4800-8c06-7c6dd5165f63,3857284,1,42,770,8400,Right Wing,Tackle,Success Out,1,91.3,76.4
31137bf3-6d2f-4aea-9591-985ea353db14,3857284,1,46,778,3530,Right Back,Aerial Lost,,0,57.4,74.9
e79a4010-745c-4d59-b8ec-02f856013d95,3857284,1,46,778,3530,Right Back,Tackle,Success In Play,1,21.5,59.0
01749155-eaa6-477a-911e-d6411c19eac7,3857284,1,50,770,5562,Center Attacking Midfield,Aerial Lost,,0,39.6,46.8
92e7a798-1b7d-4883-9ef7-c42ce088ab36,3857284,2,47,778,23721,Right Defensive Midfield,Aerial Lost,,0,33.1,56.4
89f80129-f9ad-4591-a1d2-11ad5ef1b2fc,3857284,2,49,778,29595,Right Center Back,Tackle,Success In Play,1,81.4,73.4
26799278-5331-4e9b-9c93-68f8572ee189,3857284,2,50,778,3300,Center Back,Aerial Lost,,0,112.0,33.6
4c0f71f2-ab00-459d-a963-b46bbe9beccd,3857284,2,50,770,5562,Center Attacking Midfield,Tackle,Success In Play,1,93.1,56.0
f3e628c6-9316-4f48-be5b-b5654d5d9734,3857284,2,51,778,30628,Center Forward,Aerial Lost,,0,68.1,56.2
2fe5fa2c-9ae9-4614-90c9-1858d7f8bac1,3857284,2,54,778,3530,Right Wing Back,Tackle,Won,1,86.8,75.9
13199443-bf2a-470d-a175-cd7292337ca4,3857284,2,54,770,12034,Left Back,Tackle,Success In Play,1,32.9,4.4
757a05fa-a26c-46a0-a206-df1affd65612,3857284,2,57,770,3167,Right Center Back,Aerial Lost,,0,5.4,30.7
74aff013-c7e4-4d61-aab7-591a3d470130,3857284,2,67,770,8400,Right Wing,Tackle,Lost In Play,0,5.6,5.4
313755b3-6beb-4f30-9dbd-dc7c5433e11c,3857284,2,67,770,12034,Left Back,Aerial Lost,,0,24.6,11.7
ec06c42a-4aba-4d2f-9ede-405fcc7abb80,3857284,2,68,778,23730,Left Center Back,Aerial Lost,,0,111.4,37.7
8fc14018-4210-4c67-a896-7a53b7e588e0,3857284,2,69,778,23527,Right Wing,Aerial Lost,,0,61.0,58.8
6a7cd676-1eb5-4281-ab0e-dcb22b3bfa39,3857284,2,69,770,24118,Left Center Back,Tackle,Success In Play,1,39.0,4.0
bf41eb0c-0515-4859-806c-a3a7bf3975ef,3857284,2,71,770,39565,Center Attacking Midfield,Aerial Lost,,0,78.3,19.8
93671310-b125-4493-bd99-a6cd7cbd1dee,3857284,2,71,778,8361,Left Defensive Midfield,Tackle,Success In Play,1,46.3,68.4
a69808e6-b701-4a98-bd15-033b61d3db63,3857284,2,71,770,39565,Center Attacking Midfield,Tackle,Won,1,84.1,14.3
50cf110d-fcde-4f63-9923-8ad010d95de5,3857284,2,71,778,23721,Right Defensive Midfield,Tackle,Lost In Play,0,45.0,61.3
5d804ddb-c937-496b-bb06-a4835574bc98,3857284,2,71,778,8361,Left Defensive Midfield,Tackle,Success In Play,1,50.8,66.7
4c754686-335a-4eb0-a29b-0edca382c4ca,3857284,2,73,778,3530,Right Wing Back,Aerial Lost,,0,35.4,74.4
44d00b74-fca7-4dee-bf0b-75e089ec0c30,3857284,2,74,778,23527,Right Wing Back,Tackle,Won,1,70.1,67.7
27ef139a-a962-42ce-a689-0dc3de63e122,3857284,2,77,778,37211,Left Wing Back,Tackle,Won,1,24.4,19.6
06fafe51-cbec-42f9-8664-8de8ef1a8c47,3857284,2,78,770,24118,Left Center Back,Tackle,Success In Play,1,58.2,17.3
2373433c-01cd-4e9d-ad1c-8fef0a999610,3857284,2,79,778,3300,Center Back,Aerial Lost,,0,4.6,40.7
678dee26-6ffe-4043-a1fe-b650e9aed1c7,3857284,2,81,778,8361,Right Wing,Tackle,Lost Out,0,20.2,74.8
d4d9635f-d2f7-4136-a3f2-80039791b988,3857284,2,85,770,8546,Center Forward,Aerial Lost,,0,112.0,39.9
de653acf-c4d8-4686-b9cf-1e8194ef81c6,3857284,2,86,778,37211,Left Wing Back,Aerial Lost,,0,14.8,25.2
48ef4784-a8ce-4fde-8d71-29441301e99a,3857284,2,87,778,8361,Right Wing,Aerial Lost,,0,32.6,62.0
7235eaa0-89b0-4c33-8ed8-e80a5354e5c1,3857284,2,88,778,8949,Center Forward,Aerial Lost,,0,55.7,43.1
b849e574-e3bf-46c4-bb9b-30d64f142701,3857284,2,89,778,29595,Right Center Back,Aerial Lost,,0,13.2,39.1
62d32781-158e-4cf3-acc5-1ee6b9fd782c,3857284,2,92,778,29595,Right Center Back,Aerial Lost,,0,19.3,52.8
91faf656-545f-4970-97c0-9aa88a7bc772,3857284,2,92,778,37211,Left Wing Back,Tackle,Won,1,14.4,32.2
07b9fb6b-cd2e-4835-9eb9-88253a522dee,3857284,2,94,778,3300,Center Back,Aerial Lost,,0,21.0,46.1
81aa0e1c-f4d7-4ad1-b1bf-22aff39f8ac9,3857284,2,95,770,8546,Left Center Forward,Aerial Lost,,0,71.9,20.5
c8f68c3f-560f-4876-97b2-5cdf9e747ad5,3857284,2,95,770,8804,Right Midfield,Aerial Lost,,0,103.4,59.8
cfab9873-c5ab-4d90-adf7-1ead4bfad7ea,3857284,2,96,778,8949,Center Forward,Aerial Lost,,0,33.6,4.0
7e802c65-9cd0-4e76-9431-d2514862c119,3857284,2,97,770,8546,Left Center Forward,Aerial Lost,,0,114.3,41.7
24a049e9-d6a2-4fd1-b013-de9919eac5cc,3857284,2,98,778,8776,Left Wing,Tackle,Lost Out,0,21.9,7.6
fac6dfa6-ad9d-4299-ae30-7aa71a386b8c,3857254,1,0,777,44955,Left Defensive Midfield,Tackle,Lost Out,0,17.9,9.4
cf20109c-bf4b-442a-baf0-6080d4b65c01,3857254,1,1,777,35592,Right Wing,Aerial Lost,,0,64.7,73.3
374c8a66-037e-4acf-86e1-da801e90707a,3857254,1,4,777,16352,Center Forward,Tackle,Won,1,118.2,57.8
8fd0618b-8034-4980-8459-933a405ea565,3857254,1,5,776,16190,Right Wing Back,Tackle,Success In Play,1,11.9,53.3
6f53affc-3ad0-49bb-85b7-a0c0ac0e26f5,3857254,1,5,776,5527,Center Defensive Midfield,Tackle,Success In Play,1,46.7,26.2
f6b87da3-ae6c-4c90-a32e-aa113f65ebfb,3857254,1,7,776,8247,Right Center Back,Aerial Lost,,0,50.6,66.2
6d2f0d86-07de-48e3-a8df-7af2639beb72,3857254,1,8,776,16554,Left Wing Back,Aerial Lost,,0,58.9,4.0
91b447b5-086f-463e-9851-b23d067e9366,3857254,1,9,776,3959,Left Center Back,Tackle,Success In Play,1,53.9,4.9
95463e70-79fe-4eed-97cc-f5b84b8b9f54,3857254,1,10,776,16190,Right Wing Back,Tackle,Lost Out,0,21.9,74.4
47e9dc0e-5998-4385-9150-c21b41acb33d,3857254,1,12,776,3043,Left Center Midfield,Aerial Lost,,0,74.3,50.5
c86492a9-72b7-4be1-9494-fd7fcb6b2156,3857254,1,13,776,8247,Right Center Back,Tackle,Success In Play,1,51.7,64.2
3c1b051b-a9e0-4d62-a76b-c8cd7c9f44ee,3857254,1,13,777,16352,Center Forward,Aerial Lost,,0,53.4,26.1
f6c72227-ec3d-4d4d-80da-f0fb4fbf1821,3857254,1,15,777,35592,Right Wing,Aerial Lost,,0,56.7,75.6
e7edca79-d671-4b96-aa0d-619d5dec2699,3857254,1,15,777,5655,Right Center Back,Tackle,Lost In Play,0,45.9,73.9
8467293e-08c3-4d01-bac4-dbd6d617d376,3857254,1,15,777,9236,Right Wing Back,Tackle,Lost Out,0,38.7,76.4
f2b915e0-efad-4e28-8f34-1a4dae09f49f,3857254,1,17,776,16554,Left Wing Back,Tackle,Lost Out,0,77.0,3.7
db7eab87-4783-4344-a47c-56e5933bacae,3857254,1,17,776,16190,Right Wing Back,Aerial Lost,,0,71.2,78.3
e7afd74d-633a-431e-a428-67064cb3c1f9,3857254,1,20,777,5655,Right Center Back,Aerial Lost,,0,11.9,54.5
c34c803d-0a46-48c1-be0b-7c8979db00ef,3857254,1,20,777,23910,Left Wing,Aerial Lost,,0,31.9,27.2
749a0bea-e825-4dc3-8dc2-5435101c7479,3857254,1,20,776,16190,Right Wing Back,Tackle,Won,1,83.0,61.4
3b34c599-81e0-409f-a1c6-3785eebafeb6,3857254,1,21,777,30681,Left Wing Back,Aerial Lost,,0,10.0,33.4
f9909497-b5ae-4f59-8276-06cc13db7518,3857254,1,24,776,16190,Right Wing Back,Tackle,Lost Out,0,12.2,75.4
0024a8de-57c5-4ec3-95bd-3b092174a78e,3857254,1,26,777,32450,Left Center Back,Aerial Lost,,0,5.5,25.8
fdc46799-82f1-47c8-993c-7e602df8aa6e,3857254,1,27,777,16352,Center Forward,Aerial Lost,,0,81.7,61.0
f407acf8-d0a7-4ab3-9bdb-14ce3b9a71d0,3857254,1,30,777,30681,Left Wing Back,Tackle,Lost Out,0,13.3,27.7
f3db3f24-797a-4405-98b7-0a9830a8f29f,3857254,1,31,777,3767,Right Defensive Midfield,Aerial Lost,,0,11.3,50.0
602a1318-d406-4489-be9f-9c3d259652d7,3857254,1,31,776,3570,Right Center Midfield,Tackle,Success In Play,1,11.8,23.0
ce2ce503-83d8-457a-a4af-d72dbc8849ed,3857254,1,33,777,30681,Left Wing Back,Aerial Lost,,0,55.1,9.4
bd91a440-a833-4f3a-a050-a0b30f74d5b3,3857254,1,33,776,16554,Left Wing Back,Tackle,Won,1,98.2,14.0
fcfcb831-c440-440f-b7e5-33a72b587698,3857254,1,35,777,5655,Right Center Back,Tackle,Won,1,5.3,59.8
c40736fe-6dac-4d22-980f-e2c34e11ea38,3857254,1,35,776,16554,Left Wing Back,Tackle,Lost In Play,0,116.8,20.5
117fc946-6800-4203-b7e3-1353b0de30ec,3857254,1,36,777,44955,Left Defensive Midfield,Tackle,Success In Play,1,36.0,39.9
4322f750-b49b-451f-815f-0c80b5713ded,3857254,1,36,777,30681,Left Wing Back,Tackle,Won,1,8.6,22.7
859ea49f-7baa-400c-a906-b5e353a86a5f,3857254,1,40,776,5527,Center Defensive Midfield,Tackle,Success In Play,1,58.9,38.3
b9e59d01-5d44-4755-b87c-d0211d8cbf9b,3857254,1,40,777,44955,Left Defensive Midfield,Tackle,Success In Play,1,1.9,58.3
5df117c7-380a-4bee-8a5e-0df5434d8ce1,3857254,1,43,776,3570,Right Center Midfield,Tackle,Lost In Play,0,57.0,39.1
f798ed48-ef97-4ff3-a039-fe0e5beaffe0,3857254,1,43,777,23910,Left Wing,Aerial Lost,,0,62.0,29.7
e51cd47f-fab9-4aea-8d29-fa6122d7616c,3857254,1,46,776,6302,Left Center Forward,Aerial Lost,,0,71.3,30.6
e374422a-6fdc-40d4-bbf7-989496598392,3857254,1,47,777,30681,Left Wing Back,Tackle,Lost Out,0,8.8,11.7
4f784d48-b9df-4f9c-b8fa-38aa1ac869f9,3857254,1,48,776,8247,Right Center Back,Aerial Lost,,0,110.3,40.2
dbb66e85-8744-430a-913f-b858f1651184,3857254,2,45,776,5534,Center Back,Aerial Lost,,0,8.0,32.6
5990adb6-7a85-4597-b36c-e543cbdf1fd3,3857254,2,48,777,9236,Right Wing Back,Tackle,Won,1,13.4,73.4
060b0384-2325-48e4-b171-d6d831301c7f,3857254,2,48,777,16352,Center Forward,Aerial Lost,,0,78.3,55.6
a9a01709-99d7-4b15-8011-46dce3cb7a23,3857254,2,48,777,30681,Left Wing Back,Tackle,Lost In Play,0,20.6,13.5
383ff043-780c-4fbb-87d8-e2a4f9cbd22e,3857254,2,48,777,44955,Left Defensive Midfield,Tackle,Won,1,25.2,20.1
23d61a76-7098-47f6-bb6a-c107f6c5c16e,3857254,2,48,777,3767,Right Defensive Midfield,Tackle,Success In Play,1,50.3,22.9
5d48d816-5e39-4d0b-ad5b-047baf26511c,3857254,2,51,776,17042,Right Attacking Midfield,Aerial Lost,,0,10.8,45.6
62a989b2-4256-4ed1-8d66-da6d82518907,3857254,2,56,777,44955,Left Defensive Midfield,Tackle,Lost In Play,0,46.3,33.7
dc4b81e9-0423-4076-8831-0d8f62417c5b,3857254,2,56,777,16352,Center Forward,Aerial Lost,,0,50.3,17.6
19ab2a11-4390-47da-8f05-e9257d725109,3857254,2,57,776,16554,Left Wing Back,Aerial Lost,,0,54.1,8.9
c1aa0bc5-cb3b-47d9-bca8-26e9e0256ff1,3857254,2,57,777,16352,Center Forward,Aerial Lost,,0,78.6,58.4
973da076-8e93-4bc7-8d0c-628f40d67c20,3857254,2,58,777,16352,Center Forward,Tackle,Success In Play,1,78.3,16.0
2bff064e-864e-4433-8545-173a38d89cc1,3857254,2,60,776,3959,Left Center Back,Aerial Lost,,0,110.5,46.4
ee85f9a4-c89d-4c65-b4f3-d1a7c60e6f71,3857254,2,60,776,8247,Right Center Back,Tackle,Won,1,81.8,78.3
757e48da-3b29-4e43-be58-79dd812d169b,3857254,2,62,776,16554,Left Wing Back,Tackle,Lost Out,0,15.2,5.5
bbf8dc78-6ee5-43f5-b927-6be77ced64a1,3857254,2,62,777,5651,Center Back,Tackle,Success In Play,1,38.1,27.3
5021f896-d75a-4a9b-afad-f93e2237b6aa,3857254,2,64,777,23910,Left Wing,Aerial Lost,,0,76.4,25.3
826ed72f-93c1-47f9-86cf-76530675735d,3857254,2,69,777,5655,Right Center Back,Aerial Lost,,0,2.7,43.1
d5b4b366-d491-439e-9c6e-5ffff9a3703d,3857254,2,70,777,30681,Left Wing Back,Tackle,Success Out,1,115.5,22.9
479e14db-787e-4d8d-8c2c-f25c955dc11c,3857254,2,72,776,24443,Left Wing,Aerial Lost,,0,56.0,12.6
2e7a4e80-ccb7-451f-95ba-d3c695381288,3857254,2,76,777,30681,Left Wing Back,Tackle,Success In Play,1,15.3,29.5
5fdbd64e-a454-4ec5-9093-897701fb7aa0,3857254,2,77,777,23910,Left Wing,Tackle,Success In Play,1,38.8,49.2
b5fea893-e992-4368-b0d5-2393cf50d71e,3857254,2,81,777,5651,Center Back,Tackle,Lost Out,0,4.4,75.1
48866943-1bcb-4ff5-929b-fb77c68a09c5,3857254,2,82,777,3767,Right Defensive Midfield,Tackle,Success In Play,1,36.2,48.3
a801d33a-6f43-4935-8779-cd1ff680bf7f,3857254,2,82,776,27569,Right Wing,Aerial Lost,,0,59.4,73.5
4f846068-f41b-4c79-baf9-c6cb07c9f95f,3857254,2,83,776,27569,Right Wing,Aerial Lost,,0,51.4,74.8
53e3a21d-5aa6-4caf-b857-86c98c246071,3857254,2,87,777,3767,Right Defensive Midfield,Tackle,Lost Out,0,20.5,74.8
11da99e7-8f19-4066-92ad-fc03919527bf,3857254,2,88,776,5732,Center Forward,Aerial Lost,,0,78.4,55.3
24ca1fea-31c9-43e9-95cb-ada30f44befb,3857254,2,88,777,30681,Left Wing Back,Tackle,Success In Play,1,49.8,3.6
14e4da5d-f29d-4b52-88af-cab76224c433,3857254,2,90,777,105944,Right Wing Back,Aerial Lost,,0,9.5,57.8
39b750d0-5210-46c0-bb70-82b1d360e4c1,3857254,2,91,777,5651,Center Back,Aerial Lost,,0,5.7,43.3
ddb63dfc-d303-404e-be50-f13b9d5a6174,3857254,2,94,777,128793,Center Forward,Aerial Lost,,0,85.1,33.1
df6bdb79-8e3e-49d0-8e7d-7b89f0100048,3857254,2,95,777,3767,Right Defensive Midfield,Tackle,Lost In Play,0,53.3,30.1
135c9fa9-3822-47ce-a94c-0de6df739ee9,3857254,2,95,776,16190,Right Back,Aerial Lost,,0,72.2,19.8
1b76a838-39c6-47e1-8b0f-3ae19a403fff,3857254,2,95,777,105944,Right Wing Back,Tackle,Lost Out,0,3.3,67.4
5284c9b0-dada-4805-8719-da4fdfdd4a15,3857254,2,96,777,32450,Left Center Back,Aerial Lost,,0,11.3,33.7
6210f52d-bfe2-46c6-b50d-7dde7c11c86a,3857265,1,3,794,5567,Center Defensive Midfield,Tackle,Lost Out,0,31.9,72.6
2b76b102-b5b8-44b3-956f-9313f5c3acaf,3857265,1,4,794,5571,Right Wing,Tackle,Won,1,80.6,65.6
d1197c9a-6dbf-4f05-960d-82d38eb01a5e,3857265,1,5,794,5575,Right Center Midfield,Tackle,Won,1,89.8,73.3
93ee7fb2-f1fa-4ea2-bf4a-3fe220f1486d,3857265,1,5,789,4664,Left Center Midfield,Tackle,Success In Play,1,30.5,9.3
30232396-5d78-4120-a243-b67b27902fc7,3857265,1,5,794,5576,Left Back,Tackle,Lost Out,0,8.5,22.4
aaeeec70-7596-48cc-99d1-c989efd66ea5,3857265,1,6,794,26301,Left Wing,Aerial Lost,,0,9.5,42.9
1a6fcc68-a4bd-45b3-a0c4-5828474b48b8,3857265,1,7,789,3034,Right Center Back,Aerial Lost,,0,117.1,36.3
1923dd97-958d-49da-9cc1-46b364e7a93d,3857265,1,9,794,5573,Left Center Back,Aerial Lost,,0,33.2,18.7
e4c0755d-9b53-4cce-ad38-dbfdf2c22d33,3857265,1,11,789,31955,Right Midfield,Tackle,Lost In Play,0,38.2,71.2
af00e16d-5998-446e-b55d-deb4c7c83082,3857265,1,11,789,3637,Center Defensive Midfield,Tackle,Lost In Play,0,2.5,71.9
d2a27bb0-6947-4c79-9235-ce95d636c91e,3857265,1,11,789,44166,Left Center Back,Aerial Lost,,0,5.2,37.7
707e6ec2-9680-48ee-8a58-70225d6d1e7e,3857265,1,13,794,5571,Right Wing,Aerial Lost,,0,33.2,70.8
a8ed52b1-cdb1-49c6-a07e-ef2cd2b45339,3857265,1,16,789,50502,Left Midfield,Tackle,Lost In Play,0,27.0,5.4
b7e1c687-b310-464c-9075-0b3899b1e6de,3857265,1,17,789,5668,Center Forward,Aerial Lost,,0,77.1,20.3
4a6f8248-34b0-469b-99c6-9c4859e91122,3857265,1,18,794,5575,Right Center Midfield,Aerial Lost,,0,44.8,60.1
7912ba03-c05b-4b10-877f-271a5e0da5b2,3857265,1,20,794,26400,Center Forward,Aerial Lost,,0,64.4,73.1
92d7a131-0a47-440d-a9d4-4c6a144a83fe,3857265,1,21,789,5660,Right Center Midfield,Tackle,Lost In Play,0,77.8,22.0
52394755-a5ec-4c7d-a4a7-cbcbd2e906f8,3857265,1,24,794,5571,Right Wing,Tackle,Lost In Play,0,35.0,76.7
8af2b09d-505e-481a-865b-459c6c6d991a,3857265,1,24,789,50502,Left Midfield,Tackle,Success In Play,1,36.3,5.4
b7ddd447-ac7b-41b7-9e95-dd74d1dff52c,3857265,1,25,789,4734,Right Back,Aerial Lost,,0,6.9,45.5
ca5932d8-0a74-4230-baf4-aff388fc3feb,3857265,1,29,789,5668,Center Forward,Aerial Lost,,0,107.3,43.6
9bc1a1e5-2740-4d60-b5a1-8e2d238c74cd,3857265,1,33,789,50502,Left Midfield,Tackle,Success In Play,1,84.4,28.2
c575100d-d3f4-4a09-8a8b-421983f17ca8,3857265,1,34,789,50502,Left Midfield,Aerial Lost,,0,69.2,4.9
4a0e7dd9-31b9-4f6d-adbe-e19999995863,3857265,1,35,794,5571,Right Wing,Tackle,Lost Out,0,61.9,78.1
da44fe3c-be80-4cf8-a909-dcabbe49c84e,3857265,1,35,789,5668,Center Forward,Aerial Lost,,0,72.7,5.7
ca702865-93dd-44ac-8270-1a6de9a2f896,3857265,1,36,789,4664,Left Center Midfield,Aerial Lost,,0,87.1,22.7
ff818b0a-d89b-4398-931f-e1adc3a48c7e,3857265,1,37,794,5576,Left Back,Tackle,Lost Out,0,9.1,1.9
59851762-37b9-4b6c-98e1-42f38984a061,3857265,1,39,789,5660,Right Center Midfield,Tackle,Lost In Play,0,8.6,11.8
04eb3d3d-1411-4344-bad0-dd8c0494590b,3857265,1,40,794,28825,Left Center Midfield,Aerial Lost,,0,45.8,24.4
b5a998bd-e38f-4caf-94de-19f91f2bab59,3857265,1,40,794,5576,Left Back,Tackle,Success In Play,1,38.5,8.3
456d091e-ab65-4e02-801a-7008828e916d,3857265,1,40,794,5571,Right Wing,Aerial Lost,,0,92.0,69.9
285576ce-5b5a-4235-923c-2ddd95cb5d59,3857265,1,41,794,5571,Right Wing,Tackle,Lost Out,0,48.0,64.5
6e913da1-c63b-4ea5-b814-fd5fee07bacc,3857265,1,41,794,26400,Center Forward,Aerial Lost,,0,50.3,71.0
771da30b-9e87-48e3-bb0d-4ad09cbd1ae9,3857265,1,41,794,26368,Right Center Back,Aerial Lost,,0,22.5,57.8
6a48eaf0-c52b-4353-a13d-b8e274cf303a,3857265,1,43,794,26301,Left Wing,Tackle,Won,1,100.5,2.8
4908827f-e004-4195-9d10-061273bc39ff,3857265,1,46,789,5668,Center Forward,Tackle,Won,1,38.4,3.3
785706b3-a480-4f73-b925-22c93a904e23,3857265,2,47,794,5571,Right Wing,Aerial Lost,,0,99.8,65.3
cd3bdafa-c5b5-4993-9d99-da60b75f049b,3857265,2,48,794,26368,Right Center Back,Aerial Lost,,0,47.0,62.5
fc14faac-43d6-46e4-88f1-1e6f9a11afe3,3857265,2,50,794,28825,Left Center Midfield,Tackle,Lost In Play,0,102.6,70.6
d14132f8-b702-4f1e-b459-2c1295a92d49,3857265,2,50,789,5660,Center Attacking Midfield,Aerial Lost,,0,32.4,11.1
91683cce-8429-429a-94d0-9c5b0f30a6ad,3857265,2,51,789,4664,Left Midfield,Aerial Lost,,0,19.6,23.4
c6f6cf0e-4559-4d6c-a3bf-89b695ea631c,3857265,2,52,794,5567,Center Defensive Midfield,Aerial Lost,,0,44.2,45.8
469cfe9d-7b31-465a-80ac-f32d2d96f8f1,3857265,2,53,789,5660,Center Attacking Midfield,Tackle,Success In Play,1,92.6,50.9
e5ac4124-8690-4251-b14e-3865a7eae03e,3857265,2,53,794,26368,Right Center Back,Tackle,Lost In Play,0,19.4,38.1
f73a08c9-6003-456a-b5bf-865edee374c9,3857265,2,57,794,5575,Right Center Midfield,Tackle,Lost In Play,0,12.4,35.3
0ea652b7-6fe1-4a27-840e-c19c79a87591,3857265,2,57,794,26400,Center Forward,Tackle,Success In Play,1,7.1,5.2
3b0a6339-3824-4201-8c8f-d981ca45597c,3857265,2,58,789,11737,Left Defensive Midfield,Aerial Lost,,0,90.2,56.6
63f34728-ca2e-49a4-aa12-413d4e3e10f6,3857265,2,59,794,26301,Left Wing,Tackle,Lost In Play,0,111.5,28.3
0857643a-e322-48ba-9bf7-c31982085373,3857265,2,60,789,5668,Center Forward,Aerial Lost,,0,87.3,49.7
35c57310-c6e4-4aa0-8a8e-18cb46ee9e32,3857265,2,60,794,28825,Left Center Midfield,Aerial Lost,,0,41.8,37.4
e8a06a14-88d8-4e18-b7fd-c6ce1d209716,3857265,2,60,794,5571,Right Wing,Tackle,Success In Play,1,51.2,55.6
d607ab41-d90e-4517-aed0-456fed34186f,3857265,2,64,794,26406,Right Back,Tackle,Lost In Play,0,15.8,73.0
fd05defc-f550-49cf-a704-8c5ce3fbf87a,3857265,2,64,794,26368,Right Center Back,Tackle,Success In Play,1,7.6,77.9
cd78a4ed-8f9d-403d-b12f-73c5ac0a3ef1,3857265,2,65,789,31955,Right Midfield,Tackle,Won,1,38.9,59.5
1134f3e5-624c-4bbc-890c-e094d63388b0,3857265,2,68,794,5573,Left Center Back,Aerial Lost,,0,110.4,43.9
d5e76e03-97ed-4477-955c-7653f3992e48,3857265,2,68,789,5668,Center Forward,Aerial Lost,,0,75.2,62.7
1c285b41-47f4-4810-a263-6bf44e8823fb,3857265,2,72,794,5567,Center Defensive Midfield,Aerial Lost,,0,13.3,49.2
015d62c0-4ae2-4035-a71c-465b4edb1ce3,3857265,2,72,789,31955,Right Midfield,Tackle,Lost In Play,0,68.3,66.8
08f6645e-31fc-415d-b6ef-816b96440fbf,3857265,2,73,794,5576,Left Back,Tackle,Lost In Play,0,70.2,18.2
eb3b3b28-3d3b-4707-964f-016c8fda0fa5,3857265,2,76,794,26406,Right Back,Tackle,Lost In Play,0,80.3,61.7
c54a82f4-1ffd-43da-a1f2-ae71df11a95d,3857265,2,77,794,5571,Right Wing,Tackle,Lost In Play,0,49.5,72.1
3971d3f8-8b26-49ba-9331-519a70e402b0,3857265,2,79,794,26297,Right Center Midfield,Aerial Lost,,0,98.5,50.7
248c9eea-330b-44be-a115-082596b617f9,3857265,2,79,789,11737,Left Defensive Midfield,Tackle,Lost Out,0,32.6,74.9
83fd30ad-d55a-4534-a671-bf242a6789c9,3857265,2,81,794,26368,Right Center Back,Aerial Lost,,0,6.8,38.4
b6d7bdf5-df12-4ea1-b878-2e1e81083978,3857265,2,81,794,5567,Center Defensive Midfield,Tackle,Won,1,30.0,63.7
6b50aa19-79d4-45c8-adaf-2955628fdad5,3857265,2,82,794,5573,Left Center Back,Aerial Lost,,0,39.6,31.2
81458b53-4629-425d-a59c-0728acf5bb74,3857265,2,83,794,5573,Left Center Back,Aerial Lost,,0,115.7,37.6
9e7f2301-76d4-49d2-b672-2938e43c5df5,3857265,2,85,789,44166,Left Center Back,Aerial Lost,,0,63.4,5.4
eec57354-1a41-49aa-b67a-b07f7c27ee4c,3857265,2,85,789,44166,Left Center Back,Tackle,Success In Play,1,21.5,16.0
97cda1f2-023f-4cfe-ab43-3d2693a6dce2,3857265,2,87,789,5665,Right Center Forward,Aerial Lost,,0,81.2,50.6
ef86098e-605d-4a13-80d9-133e7bd335e5,3857265,2,87,794,26297,Right Center Midfield,Aerial Lost,,0,38.9,34.8
1cab5b43-4634-411a-b401-bfcccebe1768,3857265,2,88,789,5668,Left Center Forward,Aerial Lost,,0,108.4,35.9
925654c3-bc94-4d14-91ed-8bb30a8f6546,3857265,2,89,794,5567,Center Defensive Midfield,Aerial Lost,,0,44.2,60.8
5d7ac1ed-5ff9-4445-89d2-b18e836c95cf,3857265,2,96,789,5668,Left Center Forward,Aerial Lost,,0,75.5,49.7
9451188d-31fc-44b2-af57-5d0bce3d89b7,3857301,1,2,787,3404,Right Back,Aerial Lost,,0,57.4,75.0
32643055-864a-4c17-90a8-fefe728ebd33,3857301,1,5,787,8553,Left Center Back,Aerial Lost,,0,70.6,4.4
3a18349e-e80b-4b99-a9ba-9937595ee6ee,3857301,1,6,3566,124899,Right Wing Back,Aerial Lost,,0,29.6,75.0
cef6e065-c353-4d57-91ec-ad8c1201d2c8,3857301,1,6,787,20758,Left Wing,Tackle,Success In Play,1,83.9,16.2
a842186e-0ef0-43a1-b68b-648d33e16ec8,3857301,1,7,3566,124495,Right Center Forward,Tackle,Lost In Play,0,91.8,63.5
f4ca9b69-3ffb-415e-a28d-861b01be0b9a,3857301,1,7,3566,124506,Right Center Back,Tackle,Lost Out,0,39.2,74.0
f449ca61-a195-488d-94e7-9e7d1995d2db,3857301,1,8,3566,124495,Right Center Forward,Aerial Lost,,0,52.7,72.0
236f90cf-3adc-47eb-aee7-0f6c154c4665,3857301,1,12,3566,124506,Right Center Back,Tackle,Success In Play,1,23.8,55.1
cd7b11b5-1a95-49c9-922e-cdd19f2d382e,3857301,1,12,3566,124494,Left Center Back,Tackle,Lost In Play,0,29.6,43.4
da8c48bf-0189-4800-84f0-f2ce7d261ff8,3857301,1,12,3566,124500,Center Defensive Midfield,Tackle,Lost Out,0,11.4,4.9
dcd54739-d860-4895-bc4b-264d4c5309db,3857301,1,14,787,20758,Left Wing,Aerial Lost,,0,4.8,25.0
181d5ddb-fb0a-4410-bd1e-11415bbd5559,3857301,1,18,787,32915,Left Back,Tackle,Lost Out,0,5.4,2.7
85368de9-2f6c-4bcc-b79e-4620f5bc9110,3857301,1,19,3566,124506,Right Center Back,Tackle,Lost In Play,0,94.4,69.0
4522f6af-b80e-412d-ae28-6a3abc1491af,3857301,1,26,787,3436,Left Defensive Midfield,Tackle,Success In Play,1,10.3,23.7
9ed22bae-6dd0-45f1-b8fe-467c727d91d5,3857301,1,27,787,13314,Center Forward,Aerial Lost,,0,114.9,32.2
80aa8a89-70c2-44fc-8eed-b98454c212c3,3857301,1,27,3566,124500,Center Defensive Midfield,Aerial Lost,,0,19.7,60.5
17a14dd3-79ce-4b38-a433-bbce67d2e267,3857301,1,33,3566,124500,Center Defensive Midfield,Tackle,Success In Play,1,40.5,14.3
ceb7dc62-355a-4811-9ed1-72a524627186,3857301,1,33,787,2941,Right Wing,Tackle,Success Out,1,7.5,51.5
68bf83b9-411c-4f6d-813c-de821b1937ae,3857301,1,34,3566,124493,Center Back,Tackle,Success In Play,1,13.3,35.5
7e3797f3-72a7-4a02-b04d-7b998eaff116,3857301,1,36,3566,124899,Right Wing Back,Aerial Lost,,0,26.1,54.7
1091ef96-1b27-4fe5-98ba-938dfb83694c,3857301,1,37,787,5675,Right Center Back,Tackle,Lost Out,0,31.1,74.8
84c86d74-3b7c-4549-a9b9-5fec8bec0453,3857301,1,41,3566,40784,Left Center Forward,Aerial Lost,,0,69.1,5.7
b1fd48ed-c8e5-463d-866e-e6045e6d3e82,3857301,1,42,787,20758,Left Wing,Aerial Lost,,0,82.2,14.1
a888e777-30ff-4f87-be25-dffc94a56dca,3857301,1,45,3566,124495,Right Center Forward,Tackle,Lost In Play,0,101.4,9.6
85b564ca-c64a-4ca8-bcee-564f6fe8ec94,3857301,1,45,3566,124494,Left Center Back,Aerial Lost,,0,45.8,12.8
88c4ce32-7250-472b-9c5a-fc94fc12f982,3857301,1,45,3566,124506,Right Center Back,Tackle,Won,1,29.6,70.8
c6958a00-90aa-4e7f-a6dd-99adddabee77,3857301,1,46,787,20611,Center Attacking Midfield,Aerial Lost,,0,73.4,27.5
7109e76d-b8d2-41ec-8939-14ed122312f4,3857301,1,47,787,20611,Center Attacking Midfield,Aerial Lost,,0,96.5,56.4
4eb61861-f0fd-4c2c-9b0c-f258004b162a,3857301,1,47,3566,124500,Center Defensive Midfield,Tackle,Lost In Play,0,76.2,29.5
1cf6fd8b-9171-4d0d-9924-b0de788585e1,3857301,1,48,3566,124899,Right Wing Back,Tackle,Lost Out,0,98.6,70.3
3f6d6a1f-f8fe-4e31-b40f-1f765e959681,3857301,1,49,787,13314,Center Forward,Aerial Lost,,0,49.5,7.0
5a70b9f8-2a2e-41e2-9228-a4f7481896d1,3857301,1,51,787,5675,Right Center Back,Tackle,Success In Play,1,29.4,69.9
ac25ae5d-3074-4d4f-99b5-e7a8e77ee547,3857301,2,47,3566,124494,Left Center Back,Tackle,Lost Out,0,4.8,11.5
487d64cc-c7d9-4085-a021-67bb578615b9,3857301,2,49,3566,124899,Right Wing Back,Aerial Lost,,0,58.5,75.9
00d56d63-f094-4c29-8151-1411888d279e,3857301,2,56,3566,124493,Center Back,Aerial Lost,,0,21.7,56.8
0d15b306-ce73-4b0f-93bc-62aef6b2cedf,3857301,2,56,3566,124492,Right Center Midfield,Aerial Lost,,0,40.9,63.5
179f5868-e629-41a6-be5f-00eb6ee9dcaf,3857301,2,58,3566,124899,Right Wing Back,Tackle,Lost Out,0,78.3,65.6
7f68efd0-2457-4445-a4ab-f67e755f7c0f,3857301,2,59,3566,124500,Center Defensive Midfield,Tackle,Won,1,71.5,45.5
f4c40ee1-631e-43fc-872a-2b7237e54ead,3857301,2,59,787,13314,Center Forward,Aerial Lost,,0,56.9,35.9
46432226-ca34-4b61-b6a3-1720e629a8f2,3857301,2,61,3566,124492,Right Center Midfield,Aerial Lost,,0,44.1,52.6
6fb85782-d421-48a8-b8bd-4b62a2c3e425,3857301,2,61,3566,124899,Right Wing Back,Aerial Lost,,0,32.6,54.9
bd761c75-d94c-4189-bab5-21f78d2e8ec0,3857301,2,61,3566,124493,Center Back,Tackle,Won,1,27.9,44.9
877aa874-fb22-4180-8771-a5c435433e72,3857301,2,61,787,3404,Right Back,Tackle,Success In Play,1,12.2,55.1
76e7dec4-b916-433e-b40e-2fa047070312,3857301,2,64,787,31751,Center Defensive Midfield,Tackle,Won,1,79.8,46.4
1021a9b8-4ce4-49b0-b504-f447a7c89599,3857301,2,64,3566,124500,Center Defensive Midfield,Tackle,Lost In Play,0,32.4,36.3
f618c3d0-fcff-4ff7-9956-e513db259aed,3857301,2,66,3566,124494,Left Center Back,Aerial Lost,,0,113.0,39.9
95fb1978-dfad-4c37-b5f3-7f198e42ff1b,3857301,2,66,787,20611,Right Wing,Aerial Lost,,0,13.1,48.3
5b611bc2-90fb-4aeb-808b-923771d10773,3857301,2,76,787,31751,Center Defensive Midfield,Tackle,Lost Out,0,43.2,18.6
f1302b21-d388-415b-bf0a-f9852330c150,3857301,2,77,787,5675,Right Center Back,Aerial Lost,,0,10.0,41.4
36109632-64e3-4b81-8651-6936d459e8ac,3857301,2,80,3566,124495,Right Center Forward,Aerial Lost,,0,13.0,41.3
756b95e1-61e7-4744-bd79-4433bb106203,3857301,2,82,787,88123,Center Forward,Aerial Lost,,0,51.4,5.7
b27a4329-4429-4146-a5ba-a35d8188a9c7,3857301,2,82,3566,124494,Left Center Back,Tackle,Lost In Play,0,37.5,2.7
39fb4188-8d01-4251-babf-21ca552eb16b,3857301,2,86,787,50498,Right Center Midfield,Tackle,Success In Play,1,51.2,30.1
1a10156e-8de0-42e2-9fbc-91113727f435,3857301,2,88,3566,124504,Right Center Back,Tackle,Success Out,1,2.6,73.5
b78ab14c-5b01-403b-95bf-4d550ea6d803,3857301,2,89,787,15970,Left Center Back,Aerial Lost,,0,9.6,40.6
9e95c67f-4f1f-4fdc-bc6e-e921116732f4,3857301,2,95,3566,124493,Center Back,Tackle,Won,1,4.3,20.7
e38abfcd-4e41-484d-a6b5-d00ec1670019,3857301,2,95,3566,124909,Left Center Back,Tackle,Lost Out,0,4.6,4.2
8090b71f-0963-46bd-9362-509ce69f6e51,3857268,1,0,1833,9922,Left Attacking Midfield,Aerial Lost,,0,65.0,19.5
c14c58c0-9361-4b76-9306-f09adccdd731,3857268,1,3,782,5633,Left Wing Back,Tackle,Lost Out,0,17.2,7.7
5a56be74-0920-4f64-8c50-40edd1f866aa,3857268,1,5,782,5633,Left Wing Back,Tackle,Lost Out,0,90.1,4.2
5a47672e-82fc-4b42-ba6e-4c8769e72643,3857268,1,6,1833,11187,Left Defensive Midfield,Tackle,Won,1,58.6,64.8
13a43c1e-06f6-4392-8d9a-e6e7eda3ab65,3857268,1,10,1833,23828,Left Center Back,Aerial Lost,,0,49.8,9.9
898e48c4-3243-4586-b4f6-4896155c9094,3857268,1,10,1833,24024,Right Attacking Midfield,Aerial Lost,,0,60.3,72.6
492082e8-4763-4d53-85ce-863ad271aea2,3857268,1,11,1833,11187,Left Defensive Midfield,Tackle,Won,1,69.5,9.8
f7a69ac6-49fa-4d14-b589-ac1ac11f5554,3857268,1,11,782,3089,Right Attacking Midfield,Tackle,Success In Play,1,21.7,47.4
5bf665fa-2db2-4061-9915-0992d320a9af,3857268,1,12,782,5633,Left Wing Back,Tackle,Lost Out,0,17.2,2.5
b8fd5ad3-0116-4005-840b-1b99192ce7ad,3857268,1,20,1833,16120,Right Wing Back,Tackle,Success Out,1,55.3,76.5
d1fd797c-721a-4e92-a576-fce9e1592fcb,3857268,1,22,1833,44703,Right Center Back,Tackle,Lost In Play,0,22.2,64.5
43736dbe-f432-48a3-8b89-f6faa25e2e4c,3857268,1,23,782,2954,Right Defensive Midfield,Tackle,Lost In Play,0,75.4,62.4
f92a07a1-7f97-4d97-b478-23f20ccd8591,3857268,1,23,782,3457,Center Forward,Tackle,Lost In Play,0,63.6,65.2
3522f047-042b-4c4b-a8e1-5d8f06340ff8,3857268,1,27,1833,31684,Right Defensive Midfield,Tackle,Success In Play,1,28.6,16.3
d2cf5fea-d89a-4112-b7dd-212fe2fe05cc,3857268,1,27,782,5642,Left Defensive Midfield,Tackle,Lost In Play,0,80.6,57.8
3c7405f6-1eeb-4084-8593-cc05f097c7b6,3857268,1,29,782,3621,Left Attacking Midfield,Aerial Lost,,0,32.6,7.0
f8fce7c1-9864-42a5-947a-ffa7a862e88d,3857268,1,29,782,3089,Right Attacking Midfield,Aerial Lost,,0,47.9,16.3
ea81474d-2b0d-4917-8592-2ae4ba4f532d,3857268,1,29,782,6989,Right Wing Back,Tackle,Success In Play,1,9.5,59.1
c20bb6a9-9e81-49cb-914a-6c6dc0466510,3857268,1,31,1833,23828,Left Center Back,Tackle,Success In Play,1,19.4,33.5
d78966b7-5b20-4f21-9971-1f0713b0938a,3857268,1,33,1833,24024,Right Attacking Midfield,Aerial Lost,,0,77.0,66.8
42a06877-fd2e-47d8-882c-efc5af31d94a,3857268,1,33,782,3089,Right Attacking Midfield,Aerial Lost,,0,53.2,17.7
473b85f7-eff6-4939-a494-ede9d43d3b37,3857268,1,33,782,5642,Left Defensive Midfield,Aerial Lost,,0,34.2,25.5
681273b8-e847-4271-a8bb-6e999c316178,3857268,1,33,1833,31684,Right Defensive Midfield,Tackle,Lost In Play,0,55.8,55.2
9973959d-7e29-428e-b370-60d59f662cf9,3857268,1,34,782,2954,Right Defensive Midfield,Aerial Lost,,0,48.6,55.2
7b051d57-d935-4b00-948e-21d244e77556,3857268,1,35,1833,23640,Center Forward,Aerial Lost,,0,54.7,26.0
88022b34-68a3-4658-abb6-da5738bb87b3,3857268,1,36,1833,16120,Right Wing Back,Aerial Lost,,0,97.9,59.5
9400de38-30c7-4d5b-816c-c04827f5c3c6,3857268,1,36,1833,44703,Right Center Back,Aerial Lost,,0,68.4,70.1
6d8a64c0-2a0c-4f31-aa69-3fa42e2ee34e,3857268,1,40,1833,12365,Left Wing Back,Aerial Lost,,0,40.8,7.0
931c7254-b111-47f6-a8b4-1785a9051876,3857268,1,45,782,6331,Right Center Back,Tackle,Success In Play,1,50.6,62.4
502c80f9-4f7c-47cd-b978-9325af3c3660,3857268,1,47,1833,23828,Left Center Back,Aerial Lost,,0,43.4,19.6
7aaf0662-6e98-4ce4-aca1-091f41c47b02,3857268,1,48,782,5633,Left Wing Back,Tackle,Lost Out,0,18.6,4.5
c1ebc68e-dbe1-4650-9ff0-2ec8cf0e200b,3857268,1,49,782,5633,Left Wing Back,Tackle,Won,1,8.6,16.6
8f7b6d7d-d512-4c02-9bb6-29297319952e,3857268,1,49,1833,31684,Right Defensive Midfield,Tackle,Success In Play,1,28.6,59.9
86c4eb80-d946-4e52-a082-bc0c0f615d85,3857268,2,47,782,6989,Left Wing Back,Tackle,Lost In Play,0,17.5,13.4
b4acf130-440f-4961-bcc4-80b3b94dfd9f,3857268,2,47,782,6331,Right Center Back,Aerial Lost,,0,8.4,43.2
a03f4f42-8d55-4292-b37f-cb8bb3cf5203,3857268,2,49,782,48347,Right Defensive Midfield,Tackle,Lost In Play,0,42.0,35.7
de629a6e-6c3b-4ee1-86f7-b145018bc5f5,3857268,2,50,782,3457,Center Forward,Aerial Lost,,0,82.3,49.3
5e215815-3a6a-4a27-b023-7a4708c09583,3857268,2,54,1833,9922,Left Attacking Midfield,Tackle,Success Out,1,116.0,11.9
f3059d89-932f-4031-aefb-1a5887928c12,3857268,2,56,1833,16120,Right Wing Back,Tackle,Success Out,1,17.0,74.5
48099935-f94a-4d8d-8d8c-555cdf1f3f91,3857268,2,59,782,3176,Right Wing Back,Tackle,Success In Play,1,18.3,54.4
5e46efd6-19c4-4455-81e2-92ff4f5f36ee,3857268,2,61,1833,12365,Right Attacking Midfield,Aerial Lost,,0,99.2,73.2
276d4b64-baf6-4edb-bec1-26b1ce3ba7d8,3857268,2,62,782,48347,Right Defensive Midfield,Tackle,Won,1,27.4,25.9
6ff6716b-4fce-486e-b572-4e4e4e4c771e,3857268,2,64,782,6331,Right Center Back,Aerial Lost,,0,109.6,32.1
93ce09b1-11e9-4f0d-963e-d0a7fb6c28ee,3857268,2,69,782,48347,Right Defensive Midfield,Tackle,Won,1,65.5,64.6
5edad84c-6257-443a-b2ad-2899191996c8,3857268,2,78,782,16275,Center Forward,Tackle,Success Out,1,52.8,77.0
e76e8f34-56ae-4658-8522-7c7ed2c5ef4c,3857268,2,79,782,16275,Center Forward,Aerial Lost,,0,65.0,65.6
7614e053-57af-4f66-9861-f96066c3c795,3857268,2,84,1833,23828,Left Center Back,Aerial Lost,,0,7.6,36.6
2b5973d1-7fca-480e-8785-c8eecfdc8469,3857268,2,85,782,3077,Left Center Back,Aerial Lost,,0,8.4,42.6
178a8fdd-6bd1-4208-90b5-c8a5edfe0f41,3857268,2,88,782,48347,Right Defensive Midfield,Tackle,Success In Play,1,32.1,66.8
227af102-055c-4e98-b24e-7a3d4d6e52bb,3857268,2,91,782,6331,Right Center Back,Aerial Lost,,0,9.0,44.0
5f8b0433-82eb-4632-baaf-9121364731d7,3857268,2,93,1833,23828,Left Center Back,Tackle,Lost Out,0,31.9,69.0
0ff78bb3-f6c0-4a5e-8d8a-adab86d95786,3857269,1,2,773,16026,Center Attacking Midfield,Aerial Lost,,0,57.5,53.1
c2c350ca-f94a-437e-be3b-e513412c20d8,3857269,1,3,773,6983,Right Defensive Midfield,Aerial Lost,,0,35.2,38.0
22110696-f2b9-4dd2-a59f-f2f222961fb9,3857269,1,7,773,50436,Right Wing,Aerial Lost,,0,51.2,74.8
bea4b45f-5086-4b0e-8e57-274fc7ee1eb5,3857269,1,7,781,6945,Left Back,Tackle,Success In Play,1,38.8,3.2
4d6931d1-4ebc-4ec3-ad1a-599ae12ee827,3857269,1,7,773,30401,Left Wing,Tackle,Success In Play,1,84.5,74.6
0ffb4b9c-9ad2-4161-ae80-4129db5f64ba,3857269,1,9,773,6983,Right Defensive Midfield,Tackle,Lost Out,0,56.8,69.3
10623c5d-890b-4e72-bb89-986978bf3a51,3857269,1,10,781,4372,Right Center Back,Tackle,Success In Play,1,27.0,48.6
a81b31bd-fb0f-436d-8030-0b7f9d77ff21,3857269,1,11,781,9904,Right Center Midfield,Aerial Lost,,0,86.3,40.7
f958db7c-1ad3-4a6e-8436-3fc3cf86fe3e,3857269,1,18,773,50436,Right Wing,Tackle,Success In Play,1,55.6,77.6
a43d2208-e10d-42e1-b6d1-bb8ca097d270,3857269,1,19,781,10595,Right Wing,Aerial Lost,,0,111.1,45.3
ad1f8a9f-af35-4b23-ac87-8baab683c764,3857269,1,19,781,3295,Right Center Back,Aerial Lost,,0,72.8,59.2
b6a15cb2-a37a-4cad-a85f-fdedacbc77b8,3857269,1,20,781,6945,Left Back,Tackle,Won,1,31.1,18.0
579ff78d-b60a-4096-bbed-1d7423ddde0e,3857269,1,24,781,6945,Left Back,Tackle,Success In Play,1,29.5,10.3
ad6e3845-6795-47b4-bd6f-765bdc7c9984,3857269,1,25,781,4372,Left Center Back,Tackle,Success In Play,1,8.0,22.8
9928282b-3283-4cb2-8739-2a1a575e125e,3857269,1,26,781,6945,Left Back,Tackle,Success In Play,1,20.5,8.6
228a621c-0c62-4d9f-82c9-a551a1ae6274,3857269,1,26,773,7796,Right Back,Tackle,Success In Play,1,42.4,77.6
b0e5884e-1398-4b22-9c2c-dd6a4f003cc2,3857269,1,26,781,18395,Left Midfield,Tackle,Success In Play,1,74.4,3.2
9a37a2f6-0add-4581-8c6c-4bd2e5381ddf,3857269,1,27,773,5544,Left Back,Tackle,Lost In Play,0,11.2,29.0
60cb49a7-a0dc-47c4-9277-a51773b9adef,3857269,1,27,773,30401,Left Wing,Aerial Lost,,0,41.9,6.8
8032bca7-2f70-4853-be66-bf959b3e7e32,3857269,1,27,781,10595,Right Midfield,Tackle,Lost Out,0,84.4,76.1
7c7d97c1-0db0-40aa-9a25-8f2f80dd5728,3857269,1,28,773,5549,Right Center Back,Tackle,Lost In Play,0,37.3,30.9
09be1e1b-af4a-478c-bc4d-d6ba8efa980e,3857269,1,28,773,7796,Right Back,Tackle,Success In Play,1,24.8,71.6
84d46703-8fa4-4faa-9309-f93f14250130,3857269,1,29,773,5545,Center Forward,Aerial Lost,,0,55.5,61.3
7c78ce27-6b65-4c1b-bb23-22c6b239133b,3857269,1,31,773,8814,Left Center Back,Aerial Lost,,0,15.9,38.9
137c94f2-eafa-4302-a395-43d37306bbdf,3857269,1,32,773,7796,Right Back,Tackle,Lost In Play,0,20.7,67.9
cdee43be-f011-42a7-a289-54d5d6007000,3857269,1,33,781,13620,Right Back,Tackle,Won,1,34.2,63.2
4136402a-aa18-46c2-a85d-71ec7d130097,3857269,1,35,781,4372,Left Center Back,Tackle,Won,1,50.1,16.4
0948b6a1-35a7-4acb-90df-3171ab985ffa,3857269,1,36,773,50436,Right Wing,Tackle,Won,1,19.5,76.2
51586bad-a7f4-4e29-97c8-db5d292a6867,3857269,1,38,781,3295,Right Center Back,Tackle,Success In Play,1,6.4,51.6
80c9dd35-4a81-4572-b4aa-ad0ebe027c98,3857269,1,41,773,5549,Right Center Back,Tackle,Lost Out,0,37.3,74.2
a7049f8c-c8ab-4a74-8af6-75b2bc711102,3857269,1,42,781,5539,Left Defensive Midfield,Aerial Lost,,0,91.4,42.5
4cf2e27d-a157-44ec-8d2a-497c1c959a20,3857269,1,43,773,3500,Left Defensive Midfield,Aerial Lost,,0,5.1,36.6
b1825686-98e9-4233-afce-cea930cbd2e3,3857269,1,45,781,13620,Right Back,Tackle,Lost Out,0,8.0,66.1
0ea16a20-5637-4e4d-9d86-95b87345c093,3857269,2,49,773,7796,Right Back,Tackle,Lost Out,0,26.4,76.4
eb9633c1-d695-45cb-aa9a-a9755d8b1e02,3857269,2,52,781,18395,Left Midfield,Tackle,Lost In Play,0,5.0,30.2
f227f7bf-d7e2-4f9f-ab30-8d11ccdfd31c,3857269,2,53,781,6945,Left Back,Tackle,Lost In Play,0,39.9,5.4
b4d114c5-3087-441b-a6de-b3f5c4456876,3857269,2,53,781,6945,Left Back,Tackle,Lost In Play,0,40.4,2.4
e6ee587e-7549-4b3a-ae47-4aaf2fee2559,3857269,2,54,781,18395,Left Midfield,Aerial Lost,,0,24.3,48.7
f8b67996-6d8e-423e-8f89-2596b69e57f3,3857269,2,54,781,10595,Right Midfield,Aerial Lost,,0,76.6,64.1
fa07de69-1a85-4014-b05c-a81684a2480e,3857269,2,56,773,5545,Center Forward,Aerial Lost,,0,43.1,21.6
69a6570b-fe0f-429f-bcd4-3dcf0677b8b3,3857269,2,56,773,5545,Center Forward,Aerial Lost,,0,48.4,6.1
c00e2041-09ff-4f95-a2bb-ebdf6426f1c8,3857269,2,59,773,16026,Center Attacking Midfield,Tackle,Success In Play,1,64.2,40.9
9b85f44e-5cd9-472b-89a0-2f5b5705524e,3857269,2,60,781,6945,Left Back,Tackle,Success In Play,1,13.6,8.4
5c776cf7-3f9e-4aed-bc35-0b6959235574,3857269,2,61,773,5545,Center Forward,Aerial Lost,,0,48.9,71.9
3291faec-bbfb-46e8-9489-50b9d803d711,3857269,2,62,781,10595,Right Midfield,Tackle,Lost Out,0,59.9,78.3
f9e72ca9-ab30-4fa7-8814-04b534bf52b6,3857269,2,68,781,5539,Left Defensive Midfield,Tackle,Success In Play,1,40.4,28.3
9ed7cd06-a535-4747-976c-cfad2a2e5037,3857269,2,69,781,4372,Right Center Back,Aerial Lost,,0,113.9,37.4
199684da-8adc-4255-a59f-e2f133398f01,3857269,2,69,773,5549,Right Center Back,Aerial Lost,,0,9.6,42.1
b773b72a-87e3-4086-9266-07de8ffb835e,3857269,2,70,773,7796,Right Back,Tackle,Success In Play,1,17.6,66.8
54d72c18-c299-4f10-9e09-71e272cea4d2,3857269,2,73,773,5545,Center Forward,Aerial Lost,,0,34.8,26.8
05674591-f476-4d51-8a86-4ad4fa505eff,3857269,2,73,773,7796,Right Back,Tackle,Won,1,6.0,66.7
7ebceb34-c658-43aa-bca7-370e969d2208,3857269,2,81,773,3500,Left Defensive Midfield,Tackle,Lost In Play,0,74.3,52.7
199e65fe-d830-4a06-890a-8ee2a69872b1,3857269,2,84,781,3202,Center Forward,Aerial Lost,,0,86.0,61.2
eade297d-7fa5-436e-8f1c-dac827dcee7f,3857269,2,85,773,5544,Left Back,Tackle,Won,1,7.9,19.7
65eec8da-0020-44b3-9630-aa5c0faf5ac2,3857269,2,88,781,18395,Left Midfield,Tackle,Lost In Play,0,118.2,17.2
e044122d-eb3c-4d9c-87ad-145c46db4183,3857269,2,88,773,3500,Left Defensive Midfield,Tackle,Lost In Play,0,29.7,21.0
260edab1-abe3-4066-9d96-6e0060d56cf0,3857269,2,88,781,3202,Center Forward,Tackle,Won,1,99.4,72.3
0413902d-f22b-43d7-92e0-3d4028b5fa9c,3857269,2,89,781,25104,Center Attacking Midfield,Tackle,Success In Play,1,76.8,61.5
94e99807-4b46-4c54-90ff-cec770b71dd9,3857269,2,90,781,3202,Center Forward,Aerial Lost,,0,91.9,60.2
5ae9e23f-370e-494c-9339-dbeecc80dbc6,3857269,2,91,781,5539,Left Defensive Midfield,Aerial Lost,,0,29.6,62.5
1c688791-abd6-4ab9-ad89-8a10f49f6613,3857269,2,92,773,8561,Center Attacking Midfield,Aerial Lost,,0,96.4,47.2
a851a379-2fcd-4409-8a83-2269b9c11beb,3857269,2,94,773,5549,Right Center Back,Tackle,Won,1,24.5,71.2
70adca5d-72a7-46cf-86d8-f49a6874cf44,3857269,2,94,773,8561,Center Attacking Midfield,Tackle,Success In Play,1,20.5,72.9
686681ec-3e1f-4826-963b-14344ce84777,3857269,2,94,781,11183,Left Back,Tackle,Success In Play,1,97.8,4.4
a73da5c7-9716-4a49-be5f-5842311f2683,3857269,2,94,773,3913,Right Back,Tackle,Lost Out,0,14.6,76.0
638ae0cc-e78a-415b-963f-0164d45aead2,3869321,1,0,779,19597,Left Wing Back,Aerial Lost,,0,41.7,3.3
43792e9d-5b15-40de-a2c5-9ce982da6881,3869321,1,6,941,20750,Center Attacking Midfield,Aerial Lost,,0,51.5,26.1
65fbb619-7904-4722-a6fc-4bfb3d287562,3869321,1,6,941,3306,Left Center Back,Aerial Lost,,0,26.6,19.1
ee8d1edc-8cbd-4b70-97ea-8a05836dd348,3869321,1,8,779,27768,Left Center Back,Tackle,Lost In Play,0,3.1,9.8
29c51a92-a06e-405b-9172-1f3dee672bc0,3869321,1,12,941,20750,Center Attacking Midfield,Tackle,Lost In Play,0,44.9,22.7
a7b75353-efe7-4bd9-89f5-3e3b3891da51,3869321,1,16,779,38718,Center Defensive Midfield,Tackle,Lost In Play,0,43.6,21.1
79543ab3-e20a-4cdd-93af-ceda0d2db04e,3869321,1,17,941,6994,Right Defensive Midfield,Tackle,Success In Play,1,38.7,58.7
253eb84d-b210-4314-83fb-c7726569c993,3869321,1,20,779,3090,Center Back,Tackle,Lost Out,0,4.5,59.5
922524fd-7516-404c-926a-a819c4dfa5d0,3869321,1,24,779,27886,Left Center Midfield,Aerial Lost,,0,74.9,7.3
60046148-9e8f-4380-a909-c77fb87695f0,3869321,1,24,941,21809,Right Center Back,Aerial Lost,,0,30.8,65.2
6fdd6a5d-4cd6-47c7-8c7a-a18b1625fa87,3869321,1,28,941,2988,Left Center Forward,Aerial Lost,,0,112.4,35.3
32286285-c442-4def-9ff0-924a46adc5eb,3869321,1,31,779,38718,Center Defensive Midfield,Aerial Lost,,0,87.9,64.6
64059bee-8247-45ee-baf7-c112de3976da,3869321,1,33,941,3311,Left Wing Back,Tackle,Won,1,44.9,3.5
c09f3400-9e9e-4fbe-a949-34fa0e16ea48,3869321,1,36,941,6994,Right Defensive Midfield,Aerial Lost,,0,46.5,55.5
e2fdfa9b-e5ec-482f-9977-f7333c2260b4,3869321,1,36,941,6994,Right Defensive Midfield,Aerial Lost,,0,53.4,50.7
9c4c3ab9-ee33-4432-bad5-436ad6b988ac,3869321,1,37,779,19597,Left Wing Back,Aerial Lost,,0,62.5,25.8
9c8d8e07-d87b-4537-b042-aa12ec3a7c73,3869321,1,38,941,8125,Right Wing Back,Tackle,Success In Play,1,33.9,59.0
3f1f944b-38f7-42dc-949b-0a95f6aa76ec,3869321,1,41,779,38718,Center Defensive Midfield,Aerial Lost,,0,77.7,61.3
9cc16c42-758a-40e6-8254-172e158eb8b9,3869321,1,44,779,5503,Right Center Forward,Aerial Lost,,0,57.0,46.5
8f649711-ff76-4e90-8996-c1bc55736fee,3869321,1,44,779,20572,Right Center Back,Tackle,Lost In Play,0,25.9,68.8
4e46552e-b05d-4f7e-9349-5e231361e395,3869321,1,46,779,19597,Left Wing Back,Tackle,Success In Play,1,55.3,5.9
c6aeeefe-70ef-4539-8425-0bef2b0f37a8,3869321,1,46,941,8125,Right Wing Back,Tackle,Success In Play,1,39.8,74.9
16dd34f9-896c-46f2-9b43-ba7c61ede56d,3869321,1,47,941,2988,Left Center Forward,Aerial Lost,,0,69.2,26.4
d5138650-ba19-4c65-8759-2e864353d610,3869321,1,48,779,27886,Left Center Midfield,Aerial Lost,,0,86.2,49.1
6f4c3933-6afe-463b-8ca5-9a644bcd442c,3869321,1,49,779,27886,Left Center Midfield,Tackle,Success In Play,1,49.6,54.8
5aef9d47-e802-42f4-8ccf-3cbb7f59da9d,3869321,1,50,779,3090,Center Back,Aerial Lost,,0,52.0,25.4
902535b0-0a5c-4a08-bf7c-7fca98fac012,3869321,2,45,779,29201,Right Wing Back,Aerial Lost,,0,88.8,52.9
f15baf58-3e67-48de-bb89-5c21ba57d9cc,3869321,2,47,941,7891,Right Defensive Midfield,Aerial Lost,,0,5.0,49.4
0a7ae4c5-e88b-4d9f-8aad-8f8d06ee2f19,3869321,2,48,779,19597,Left Wing Back,Tackle,Success In Play,1,21.1,12.4
9fd24c65-db9e-406d-b532-b0c06c5f5952,3869321,2,49,779,29201,Right Wing Back,Aerial Lost,,0,80.9,76.0
384f81ae-6fdc-405b-8f8b-086b8447a4ec,3869321,2,49,779,19597,Left Wing Back,Tackle,Won,1,31.7,2.3
f6b590ba-7368-48df-9110-130292e6a170,3869321,2,51,779,7797,Right Center Midfield,Tackle,Success In Play,1,31.7,47.3
1a17b2e2-a2c3-4314-bcfc-1e927f9d2a65,3869321,2,52,779,38718,Center Defensive Midfield,Aerial Lost,,0,51.6,52.7
ca217b7c-8d74-4292-8bbc-f24fa559d7b9,3869321,2,53,941,3311,Left Wing Back,Tackle,Success In Play,1,90.6,18.3
273471f7-c4ae-4e69-8ef1-b6717c0a167c,3869321,2,54,941,3306,Left Center Back,Aerial Lost,,0,68.1,43.8
c3a77a4a-ec11-413f-8194-6c5f4e6464fa,3869321,2,55,779,29560,Left Center Forward,Tackle,Lost Out,0,34.5,1.9
4ffc45f7-0284-45f3-a2ae-a8d71660f6c9,3869321,2,58,941,8125,Right Wing Back,Aerial Lost,,0,90.6,60.7
bec78947-7706-4d78-9f56-1644809b90c6,3869321,2,58,779,29201,Right Wing Back,Tackle,Success In Play,1,103.4,54.2
09b5a98e-dae8-42f3-8c6d-771250104a3f,3869321,2,59,941,8125,Right Wing Back,Aerial Lost,,0,69.7,76.6
983043d8-1336-43ea-9d2f-dea22ac09d9c,3869321,2,62,941,8125,Right Wing Back,Aerial Lost,,0,100.6,45.6
4b12d9f0-59db-48fa-b1e8-cf6fb56c1fd5,3869321,2,63,779,27886,Left Center Midfield,Tackle,Success In Play,1,30.5,15.4
fbead4d3-dd7e-4bd7-adbf-a172c476ff86,3869321,2,64,941,3669,Left Center Back,Tackle,Success In Play,1,27.9,40.8
85e0efe7-266d-43c1-be2c-86a61cdacc20,3869321,2,64,779,27768,Left Center Back,Tackle,Success In Play,1,73.7,37.3
3abcf44f-ba72-46ed-8c24-82ddc5f5e665,3869321,2,65,941,20033,Center Forward,Aerial Lost,,0,48.0,17.5
af9d5f36-efa0-4626-8af0-3af932cb8f71,3869321,2,65,779,20572,Right Center Back,Tackle,Lost Out,0,74.5,74.6
6332a6d8-cc0e-4e02-aa70-421f52aebd24,3869321,2,66,779,29560,Left Center Forward,Tackle,Lost In Play,0,67.5,4.3
f262d784-acc5-43c5-bf29-fee1baa2b29a,3869321,2,76,779,19597,Left Wing Back,Tackle,Won,1,21.5,5.9
3175088a-bf5d-489c-93eb-41be0b1afdcf,3869321,2,78,941,20033,Left Center Forward,Aerial Lost,,0,107.7,45.2
11b5d632-62f2-414a-a69c-d35c14c848ac,3869321,2,84,779,27768,Left Center Back,Aerial Lost,,0,8.4,28.4
020476ff-c957-4e4b-b347-9bf5eab1657e,3869321,2,85,941,3669,Left Center Back,Aerial Lost,,0,110.7,37.2
15cc03a3-0e02-4716-b302-a71324c32967,3869321,2,85,779,3090,Center Back,Aerial Lost,,0,30.5,29.8
8e376e03-4446-4dfd-be75-af11f8f4188b,3869321,2,86,779,5507,Left Wing Back,Tackle,Lost Out,0,45.4,1.7
24258baa-2770-407d-8589-cec35657e1cf,3869321,2,86,779,29201,Right Wing Back,Tackle,Lost Out,0,33.1,76.2
a7a03840-2c53-4ae7-b081-fb7d4d83bbea,3869321,2,87,779,5503,Right Center Forward,Aerial Lost,,0,64.1,64.2
eb880f24-9671-4b42-99eb-7bc3267e27a0,3869321,2,87,779,7161,Right Center Back,Aerial Lost,,0,43.4,64.6
87bf93bb-61c8-4ab9-95f1-61f509fc5bc9,3869321,2,87,779,16308,Center Defensive Midfield,Tackle,Success In Play,1,41.8,57.2
f0fae156-3b09-4aaf-a668-54e630df3f4d,3869321,2,90,779,3090,Center Back,Aerial Lost,,0,29.5,41.3
7821faaf-bb72-4b4c-bb35-61b86797df9d,3869321,2,94,779,16308,Center Defensive Midfield,Tackle,Lost Out,0,14.4,75.2
26ae36bf-f115-4756-8673-3f54cb471c83,3869321,2,94,779,7161,Right Center Back,Aerial Lost,,0,27.9,47.7
d21e4ff0-b478-4040-9fab-58454ad0a9ac,3869321,3,93,779,5503,Right Center Forward,Aerial Lost,,0,106.5,46.0
768c4d04-8ef6-4c07-b765-13286133189b,3869321,3,95,941,20033,Left Center Forward,Tackle,Won,1,62.7,12.8
7c03668b-3166-40f1-9514-2d4c42ad1b2b,3869321,3,97,941,21809,Right Center Back,Tackle,Lost Out,0,43.0,68.8
c9f165e1-d6d1-43d6-8a25-1f5593861100,3869321,3,99,941,20033,Left Center Forward,Aerial Lost,,0,74.9,53.5
99934911-81c6-4df8-9276-156513085427,3869321,3,99,941,20033,Left Center Forward,Tackle,Lost In Play,0,60.6,53.1
bc713920-fce6-4d7e-842c-86603b740fcc,3869321,3,102,779,7161,Right Center Back,Aerial Lost,,0,58.2,58.5
85764a95-10e9-45b6-b207-fccbbb12b563,3869321,3,102,779,3090,Center Back,Tackle,Lost In Play,0,47.0,60.5
c990fe2a-1b82-45f1-8511-bf3103a62cc5,3869321,3,104,941,20750,Left Midfield,Tackle,Success In Play,1,36.1,10.0
6d4b5833-2729-4a76-a412-350659ba7aca,3869321,4,106,779,7161,Right Center Back,Aerial Lost,,0,56.2,46.8
094a449e-2a11-4eeb-b55c-8e0edfa2f8f6,3869321,4,107,779,7161,Right Center Back,Aerial Lost,,0,44.8,52.1
6d68043b-4da0-404e-92d7-47a26d3cab51,3869321,4,109,941,21809,Right Center Back,Aerial Lost,,0,63.6,54.1
35b4acfa-dd32-4b62-bdec-cc9c13afbe48,3869321,4,109,941,7891,Right Defensive Midfield,Aerial Lost,,0,66.2,56.0
90965535-9c25-4f87-a3b5-572d083c25dd,3869321,4,110,779,16308,Center Defensive Midfield,Tackle,Won,1,49.6,20.6
a2e93bd0-7b99-41fe-849a-40164d61ef98,3869321,4,113,941,3306,Left Back,Tackle,Won,1,58.0,28.6
0c1b7ddc-9215-4939-ab74-b215dbb8a6fb,3869321,4,115,941,3669,Left Center Back,Aerial Lost,,0,8.0,47.3
a4025718-e413-4e47-8ec9-b3e0cefa3949,3869321,4,116,941,21809,Right Center Back,Tackle,Won,1,45.1,32.8
871b5886-72f7-49c9-9756-80cb213c5d8a,3869321,4,118,941,7829,Right Center Forward,Tackle,Lost In Play,0,30.3,53.4
6d5d0805-d803-4444-a6f2-1b9646ef8d4e,3857292,1,0,770,5562,Center Forward,Aerial Lost,,0,89.9,45.4
c36ba8b4-3991-48b9-9688-744cb055e35c,3857292,1,2,795,5595,Center Forward,Aerial Lost,,0,39.6,45.8
d03068ad-5f44-4e60-a8e0-c58c2864ccf1,3857292,1,9,770,12034,Left Back,Tackle,Success In Play,1,56.6,5.0
cf09cc7e-a400-49ef-886c-26d409baa4a1,3857292,1,10,795,5595,Center Forward,Aerial Lost,,0,75.0,39.7
adb5ced0-404d-4465-a6cd-23ec23885625,3857292,1,15,795,5839,Left Defensive Midfield,Tackle,Lost In Play,0,37.2,50.7
9774c0a8-7bc2-490b-a64e-8df0b5c2a62b,3857292,1,15,795,5595,Center Forward,Aerial Lost,,0,55.3,59.9
97981eb3-f6a7-43c6-b942-68bdfd0c6b4f,3857292,1,15,770,8400,Left Wing,Tackle,Lost In Play,0,18.1,11.8
eeb7b4a2-564a-40e3-a1d0-9e94afafb44c,3857292,1,18,795,5839,Left Defensive Midfield,Aerial Lost,,0,67.4,42.9
446d9205-a9dd-4e9b-8ec0-fb1e0fe763e4,3857292,1,20,795,5839,Left Defensive Midfield,Aerial Lost,,0,8.5,39.0
1b8f3e14-1538-4068-bafc-acd0224f2e25,3857292,1,21,770,39565,Center Attacking Midfield,Tackle,Lost In Play,0,74.4,47.8
18c43cfa-b151-4df8-a290-71063afe7e02,3857292,1,22,795,27163,Left Center Back,Tackle,Lost In Play,0,23.3,17.9
012be5fd-f999-4bcb-b252-614f6871da6a,3857292,1,26,795,5839,Left Defensive Midfield,Aerial Lost,,0,71.5,22.4
4360801f-2431-4050-9505-75a7fd83fc42,3857292,1,29,795,5581,Right Wing,Tackle,Lost In Play,0,26.6,46.8
a7319088-0ab4-474a-bfd8-b8a7fde1c88d,3857292,1,31,795,5595,Center Forward,Aerial Lost,,0,109.4,62.6
34bbb8f1-11ca-4d8b-b065-e4e81d5ef2a4,3857292,1,33,770,8400,Left Wing,Aerial Lost,,0,86.9,21.3
bcb6a9a6-9e3e-4892-8fb0-2defbbbd82f1,3857292,1,35,770,8400,Left Wing,Tackle,Success In Play,1,65.7,30.5
93fb64b4-849a-47e6-b7d5-84fc868ab958,3857292,1,36,770,10287,Left Defensive Midfield,Aerial Lost,,0,46.5,43.2
e033127b-7ef8-45f6-a1df-1fa9a4739cae,3857292,1,41,770,12034,Left Back,Tackle,Success In Play,1,80.5,20.3
e98a5e27-f35f-4b84-b91e-fe151e50f05f,3857292,1,43,770,3053,Right Wing,Tackle,Won,1,9.5,79.1
f6f48745-f857-4450-a677-ac1609f7050d,3857292,2,45,795,6328,Right Center Back,Aerial Lost,,0,94.2,50.7
3c44920b-4d7b-4858-b404-cf91d62e597d,3857292,2,46,795,132756,Right Wing Back,Tackle,Lost In Play,0,17.2,70.9
d3ea686b-0726-416d-b272-6b3ee5b50214,3857292,2,48,795,132756,Right Wing Back,Tackle,Success In Play,1,13.6,56.7
47ca96d8-775e-4794-be5d-ba27fd03115b,3857292,2,48,770,8507,Right Back,Tackle,Lost Out,0,45.1,75.6
837f639e-5e22-4cb1-b7a0-77aaf253e00e,3857292,2,49,770,5579,Right Defensive Midfield,Aerial Lost,,0,70.0,19.2
24a75967-b885-4dbb-934e-048e9e1a0b35,3857292,2,50,795,6328,Right Center Back,Tackle,Success In Play,1,41.1,52.0
17782a64-9d6f-492b-ad57-132488eaac2e,3857292,2,50,795,130185,Right Wing,Aerial Lost,,0,48.2,51.1
4aa22e37-ae07-4e51-afad-6325d6424782,3857292,2,52,795,5582,Right Defensive Midfield,Tackle,Lost In Play,0,32.8,36.7
74c733f8-c79b-439c-a4ba-87aa883e5df6,3857292,2,52,770,3053,Right Wing,Aerial Lost,,0,79.4,42.5
83322bcc-a4eb-4232-9f95-876d0f4db890,3857292,2,55,770,8507,Right Back,Tackle,Lost In Play,0,48.8,66.9
471efed2-fee9-4eff-b51d-f3ad8d130a6e,3857292,2,55,770,8507,Right Back,Tackle,Lost In Play,0,47.0,71.2
f96df796-d6d2-4893-a2e3-2c0528d0c081,3857292,2,56,770,8546,Right Center Forward,Aerial Lost,,0,106.5,5.9
4a0caf2d-9be9-4deb-9b05-2ec3d78f11e9,3857292,2,60,795,5598,Center Back,Aerial Lost,,0,46.6,32.8
1cc5d973-1e7c-430b-8273-39f14e7205b5,3857292,2,62,770,5579,Left Defensive Midfield,Aerial Lost,,0,45.9,54.4
545e9919-c62b-48e4-9846-c9b327b29aa2,3857292,2,67,795,5581,Center Forward,Aerial Lost,,0,73.7,24.1
439cfd02-de27-447c-8f9d-cc4f7ce4fd7d,3857292,2,69,770,3053,Left Wing Back,Aerial Lost,,0,12.8,24.0
edee1f1a-0c9e-4703-90ef-895eb948e598,3857292,2,69,795,5836,Left Wing Back,Aerial Lost,,0,110.1,47.2
591b9a0e-bc14-4ba4-a03d-e5aae9294307,3857292,2,71,795,132756,Right Wing Back,Tackle,Lost In Play,0,30.6,75.1
7085f149-a5eb-4697-8a83-074e7aff88ce,3857292,2,73,795,5839,Left Defensive Midfield,Tackle,Lost In Play,0,24.1,53.2
26cba54d-e907-45df-b88d-9376e916190c,3857292,2,74,795,132728,Right Wing,Aerial Lost,,0,113.3,45.4
5bc44f78-ee84-41ca-a7b0-e0f751b4e6ee,3857292,2,74,770,3053,Left Wing Back,Tackle,Lost Out,0,6.6,5.5
98851bc8-2257-4ad2-85fa-77ad84f0f0a8,3857292,2,75,770,3167,Left Center Back,Aerial Lost,,0,10.6,28.6
6b7e9cd6-f591-432d-8b3b-6b7bee3a8504,3857292,2,76,770,39565,Left Center Midfield,Aerial Lost,,0,112.6,40.3
93dff48f-6e4f-4f1e-aab6-3267c9e5f703,3857292,2,76,795,132756,Right Wing Back,Tackle,Won,1,34.1,27.6
1fe5a276-bedd-438a-8d19-81bfc4ddb6eb,3857292,2,76,770,5579,Center Defensive Midfield,Tackle,Lost In Play,0,43.9,68.8
d3c935a8-17ff-43ea-ba0b-04b3cea939b0,3857292,2,76,770,8227,Right Center Midfield,Tackle,Lost In Play,0,38.8,57.7
7397d4ea-5709-4946-a25c-5c93aebfe48b,3857292,2,77,770,8227,Right Center Midfield,Tackle,Success In Play,1,34.4,62.0
e769f6c0-370e-4d5b-80d2-efbf47298d8c,3857292,2,77,795,6328,Right Center Back,Tackle,Lost Out,0,6.7,52.6
fd1cb6bc-4729-4058-b8fa-da055a06ad81,3857292,2,77,770,3167,Left Center Back,Aerial Lost,,0,111.8,49.4
134a4066-963c-49f5-b9ba-f1b0581397d2,3857292,2,78,770,8966,Left Center Forward,Aerial Lost,,0,111.0,37.0
94f4f3cb-f40b-4332-8c2e-87c16d217849,3857292,2,79,795,132756,Right Wing Back,Tackle,Won,1,36.8,77.0
87f88632-8c1d-4254-a560-4c756dc1bf3a,3857292,2,80,795,5582,Right Defensive Midfield,Tackle,Lost In Play,0,33.3,71.0
75a95e75-af69-4b5f-ab4b-063edd8d0471,3857292,2,80,770,8227,Right Center Midfield,Tackle,Success In Play,1,90.9,8.3
f1312ed1-b5d6-4228-b1e2-d932b37d6559,3857292,2,80,795,5836,Left Wing Back,Tackle,Lost In Play,0,10.0,16.7
519618ec-4a80-4f08-9a14-cbac17425b3a,3857292,2,80,795,27163,Left Center Back,Tackle,Success In Play,1,12.9,27.1
b29de28e-3063-4165-a697-7cd875c3e53f,3857292,2,82,795,132728,Right Wing,Tackle,Lost In Play,0,13.2,53.1
d89a651a-0237-4a4a-bd5f-8a9d61f29f06,3857292,2,86,795,5581,Center Forward,Tackle,Success In Play,1,34.6,33.3
90b3c79f-aabe-4909-8412-ad58d94a1489,3857292,2,92,795,5598,Center Back,Tackle,Lost In Play,0,23.8,39.8
491fb3c2-3a50-4360-bb98-ba185c49ae6c,3857292,2,92,795,5836,Left Wing Back,Tackle,Success In Play,1,14.3,35.2
b0da79b3-c1ce-4571-a6e5-3534c7e861a5,3857292,2,92,795,5598,Center Back,Tackle,Success In Play,1,8.1,31.9
8ebe342c-dea4-4ea2-b280-47865c6a9beb,3857292,2,94,795,135271,Left Defensive Midfield,Tackle,Lost In Play,0,10.2,53.4
20d5c1ed-f0a8-4fd9-9a51-757281a5dbd7,3857292,2,95,770,8808,Center Back,Aerial Lost,,0,51.3,59.0
4bd37f27-a900-4770-a453-a66db687a94a,3857292,2,96,795,132756,Right Wing Back,Tackle,Lost Out,0,14.3,49.8
5028c41b-5abf-4566-a248-fd4ea709a23d,3857292,2,96,770,8400,Right Wing Back,Tackle,Lost Out,0,40.1,72.6
a130b502-48ba-4018-acf5-da06afcb0018,3857292,2,98,795,27163,Left Center Back,Tackle,Success In Play,1,21.4,32.8
c18aadec-c8a5-4c6c-960e-99d916a8b3ce,3857292,2,98,795,15477,Left Wing Back,Tackle,Lost In Play,0,58.3,4.0
f67b5ee6-b2f8-452f-b46b-638214dcfdab,3857292,2,99,795,27163,Left Center Back,Tackle,Success In Play,1,17.0,32.2
891589f2-efa7-40c8-aea7-e9858092d81c,3857295,1,0,795,6328,Center Back,Aerial Lost,,0,86.7,48.4
537ddf5c-044d-4207-a11e-bae14e6cc877,3857295,1,1,795,5598,Right Center Back,Tackle,Lost In Play,0,15.5,72.1
3935d2f0-fe9d-471e-82bf-eb82fb340533,3857295,1,4,778,37209,Right Back,Tackle,Lost In Play,0,45.3,77.3
4c3c41ce-8489-44e4-a60e-a65addf86cf0,3857295,1,9,795,5839,Left Defensive Midfield,Aerial Lost,,0,69.6,5.9
37cb65e0-88a9-4ea8-afe1-def30ae9d01c,3857295,1,9,795,5836,Left Wing Back,Tackle,Success In Play,1,63.1,8.0
d752f8f1-2b0b-44c5-82ea-730584e9c2bc,3857295,1,9,795,130185,Right Wing Back,Tackle,Lost Out,0,20.8,76.9
b6d8b39f-773c-4b38-9924-1cd96e7383c4,3857295,1,9,778,5690,Left Back,Tackle,Lost Out,0,116.1,1.5
ba3b4df3-33de-4cc4-9f53-33c30135f31f,3857295,1,11,795,5581,Left Wing,Tackle,Won,1,72.5,13.8
54a94c4b-36d9-44d9-8771-666bac663a2d,3857295,1,13,795,5582,Right Defensive Midfield,Tackle,Success In Play,1,32.5,78.2
c06c8a78-fede-4389-8ffe-ef3989d46a0e,3857295,1,16,778,8361,Right Midfield,Tackle,Won,1,75.2,70.0
4a94f7aa-3055-447b-8551-1a4542b28624,3857295,1,16,778,29595,Right Center Back,Aerial Lost,,0,37.5,67.2
dcdafade-4f7b-4dad-88d7-8d55c02d04ec,3857295,1,17,795,5839,Left Defensive Midfield,Tackle,Success In Play,1,35.6,54.2
9b6b128a-4dcf-4fc9-bd21-263a9025f40c,3857295,1,17,795,5600,Left Center Back,Tackle,Lost In Play,0,20.2,36.7
f6f158f0-fa6d-44ef-88ce-2af0005dd6e9,3857295,1,18,778,23721,Right Defensive Midfield,Aerial Lost,,0,51.1,59.4
72444069-3cfa-454a-880f-1a9d8f6d8604,3857295,1,20,778,8361,Right Midfield,Tackle,Success In Play,1,62.4,67.2
f9b586a1-0382-4c2d-bd82-35c3ae6f32c9,3857295,1,23,795,5581,Left Wing,Tackle,Success In Play,1,69.3,10.5
9a106429-16b3-4f6c-803b-08e0d722c7e2,3857295,1,23,778,5690,Left Back,Tackle,Lost Out,0,41.0,2.6
30e7c00a-fbec-4fe3-a6ac-0448bf04044a,3857295,1,25,778,29595,Right Center Back,Tackle,Success In Play,1,63.4,56.7
a9bd10ce-0b5d-4b81-ac1e-fa8e8e2133d1,3857295,1,25,795,6328,Center Back,Tackle,Lost In Play,0,27.3,25.0
272b2940-59cb-4bdd-a008-51a699b2e2ca,3857295,1,25,795,5600,Left Center Back,Tackle,Success In Play,1,24.5,11.5
2d8c0f2b-7d0b-40d1-a46c-45b471f29dcf,3857295,1,25,778,8361,Right Midfield,Tackle,Lost Out,0,83.9,74.2
69de6649-74b5-453f-892c-7580d8807d3f,3857295,1,28,795,132296,Center Forward,Aerial Lost,,0,43.4,70.0
17233fbb-4b1c-44a1-b40a-e3b241207ad8,3857295,1,29,778,8361,Right Midfield,Aerial Lost,,0,90.4,35.4
f13477eb-cd9e-4639-9e69-cd433777764c,3857295,1,31,795,5600,Left Center Back,Aerial Lost,,0,39.5,19.1
7f3af0d9-6d50-439c-a683-2e3cd32f4941,3857295,1,36,795,6328,Center Back,Tackle,Success In Play,1,27.3,27.7
c28511ed-f5b4-4f7d-b4f9-f14ad3139e92,3857295,1,40,778,3300,Center Back,Aerial Lost,,0,51.4,50.3
418650e8-1db6-4663-8274-23407aa908c3,3857295,1,40,778,37221,Left Defensive Midfield,Aerial Lost,,0,58.0,43.1
35595894-8e16-40ed-8b84-f97b7264cb90,3857295,1,42,778,37221,Left Defensive Midfield,Aerial Lost,,0,64.6,60.4
ddf247f1-6968-4bf9-a24e-0779e39d1b23,3857295,1,44,778,9411,Left Wing,Tackle,Won,1,52.3,13.2
dec0b275-ca3f-4ac4-b935-da99b9dec50b,3857295,1,45,795,6328,Center Back,Aerial Lost,,0,17.6,61.8
5e710d44-2418-44ff-a349-dc0ecc5694ad,3857295,2,46,795,132497,Right Wing,Aerial Lost,,0,64.5,54.0
e39d8b99-fca5-473c-bbdb-e894e65df2d5,3857295,2,48,795,5836,Left Wing Back,Tackle,Lost Out,0,21.6,2.2
d2131fa8-003f-4ddf-af57-ca6426053186,3857295,2,51,795,132296,Center Forward,Aerial Lost,,0,92.3,48.8
3955e21d-ca98-43f1-a4bd-e330518aefb0,3857295,2,51,778,29595,Right Center Back,Tackle,Won,1,27.9,42.2
f8821b27-2c3b-4ea1-a597-06ac0c539518,3857295,2,52,778,3300,Center Back,Tackle,Success In Play,1,46.2,59.0
a214adbe-0186-48cf-8e66-dbafc66809a6,3857295,2,52,795,132296,Center Forward,Tackle,Won,1,73.4,21.5
74103154-e756-4269-8df7-687c1d5679ea,3857295,2,54,795,132296,Center Forward,Aerial Lost,,0,65.7,43.6
40a4641b-d556-4f07-a5ed-e47f374b99ea,3857295,2,55,778,23721,Right Defensive Midfield,Aerial Lost,,0,13.8,48.2
b8fe8283-8e8b-4279-8457-dfb4c6b45023,3857295,2,56,795,132296,Center Forward,Aerial Lost,,0,66.7,40.6
8aee22b4-aae4-4842-888c-14f109df2f31,3857295,2,56,795,5582,Right Defensive Midfield,Tackle,Won,1,64.1,41.9
1ab5706a-a565-41af-adc6-671f4b927e82,3857295,2,58,795,132296,Center Forward,Aerial Lost,,0,50.3,44.1
3d5beb67-98bf-4604-8b6b-564a5a9fde2e,3857295,2,59,795,132296,Center Forward,Tackle,Lost In Play,0,38.6,33.3
e5f71fef-3952-419a-aba7-daee74bfac45,3857295,2,59,795,5598,Right Center Back,Tackle,Success In Play,1,26.6,40.1
89abbdf5-0b92-4313-9f64-31feb29ef904,3857295,2,60,778,8361,Right Wing,Aerial Lost,,0,91.9,58.0
ecfffe16-30c1-4730-9dae-f5d82b40faf7,3857295,2,65,778,37221,Left Defensive Midfield,Aerial Lost,,0,63.6,26.1
832d4442-a083-480e-8d82-ffcf96ae6fe5,3857295,2,67,795,130185,Right Wing Back,Tackle,Success In Play,1,28.2,56.8
2e453f79-eb64-4b99-84b2-483039cae080,3857295,2,72,795,6328,Center Back,Aerial Lost,,0,69.3,21.7
c4dcb02b-bfe0-4d7e-873f-0d2e4acf2940,3857295,2,72,795,5598,Right Center Back,Aerial Lost,,0,58.7,36.0
375b03f0-13a5-4744-b5ae-604871e687b5,3857295,2,74,795,108340,Right Wing,Aerial Lost,,0,83.8,70.2
ddd2c2d6-a9c2-4746-b84e-0a112ed3bed4,3857295,2,82,778,8776,Right Wing,Tackle,Success In Play,1,61.6,77.0
0942c7a1-2613-43a3-94c7-fbf56e6b6204,3857295,2,82,778,37211,Left Wing Back,Aerial Lost,,0,105.6,32.3
a96e5bea-8254-4158-aee6-e30dc2395de7,3857295,2,84,795,5581,Center Forward,Tackle,Lost In Play,0,46.8,30.5
0cb81ad0-445b-4bae-848d-8433413cc448,3857295,2,85,778,8949,Center Forward,Aerial Lost,,0,95.7,31.6
a9f3ae3f-850a-47d3-a0c8-8e1d4ba5b882,3857295,2,86,795,5839,Left Defensive Midfield,Tackle,Success Out,1,24.8,57.0
a436042d-8133-43fe-83d5-126a13681056,3857295,2,89,795,5581,Center Forward,Tackle,Success In Play,1,81.8,73.2
11476fd9-09e2-4d6d-b3e1-8cc29ecc398a,3857295,2,90,795,5581,Center Forward,Aerial Lost,,0,63.3,23.9
7e4950e9-ca82-4e75-8cbf-d20067f5deef,3857295,2,90,778,29595,Right Center Back,Tackle,Lost Out,0,42.1,75.9
765a60f8-2231-414d-8468-bc54d7513ab9,3857295,2,91,778,29595,Right Center Back,Tackle,Lost In Play,0,2.0,78.1
fe9547af-7849-4117-9cf9-b0ed93452675,3857295,2,92,778,23721,Right Defensive Midfield,Tackle,Won,1,37.5,51.8
76b541e6-8325-4638-afcb-55a516088fe0,3857295,2,92,795,108340,Left Defensive Midfield,Tackle,Success In Play,1,21.4,54.3
41b6ae33-7fbd-4524-9aff-8cc23847906f,3857295,2,94,795,132728,Center Forward,Aerial Lost,,0,80.8,75.6
61d13aa6-3f89-4a41-9b46-3cd72e4abe39,3857295,2,95,795,108340,Left Wing,Tackle,Success Out,1,10.7,14.0
ad89ea94-cf26-41e7-875e-ebdb345c0155,3857295,2,96,778,23721,Right Defensive Midfield,Aerial Lost,,0,87.1,75.6
2caddad5-aa57-4afc-85d9-2ba269efa321,3869685,1,3,779,27886,Left Center Midfield,Aerial Lost,,0,52.3,19.4
c3c5e08d-cfad-41a3-8cdd-ae359522fff4,3869685,1,4,771,4445,Right Back,Tackle,Lost Out,0,11.2,75.2
1942474b-958a-4b56-b989-45a5f63e4f71,3869685,1,4,771,5487,Center Attacking Midfield,Tackle,Lost In Play,0,57.4,44.9
c6286bd5-028c-4630-982e-741e07ea10b7,3869685,1,7,779,38718,Center Defensive Midfield,Tackle,Success In Play,1,89.0,24.1
233ca418-b3a0-4140-b832-1e8ead533693,3869685,1,8,771,5487,Center Attacking Midfield,Tackle,Lost In Play,0,9.5,7.2
f16c6887-843f-4aad-9a51-dd48e19dae46,3869685,1,8,779,20572,Right Center Back,Aerial Lost,,0,108.7,41.5
3d4a3a82-a220-43a4-866f-c28cd32571f7,3869685,1,11,779,27886,Left Center Midfield,Aerial Lost,,0,45.8,21.8
0067de64-02ad-4a59-9bc1-9be587b18ea3,3869685,1,11,771,5477,Right Wing,Aerial Lost,,0,88.2,63.5
fd38c66a-ede0-4ed7-805d-08c3c367e000,3869685,1,12,779,27886,Left Center Midfield,Tackle,Lost In Play,0,46.7,13.0
1f1f3f0b-6569-436d-b920-e5b29a17dd8b,3869685,1,13,771,8519,Left Center Back,Aerial Lost,,0,60.6,27.5
a9d8e5f3-009f-4273-bda0-5cd703daadb7,3869685,1,14,779,3090,Left Center Back,Aerial Lost,,0,43.5,15.3
bf4f36b4-81ea-4d37-9524-8c4197a5bf30,3869685,1,14,779,38718,Center Defensive Midfield,Tackle,Success In Play,1,40.3,21.1
6f1ff340-cef1-44c7-a746-480f7e9e739e,3869685,1,16,771,5487,Center Attacking Midfield,Aerial Lost,,0,65.1,61.6
d4b07feb-b232-4e02-a991-87fbb9a71e3a,3869685,1,20,771,3604,Center Forward,Tackle,Lost In Play,0,43.2,27.3
d1e43480-6ff3-4ca0-a66e-c986170c77dc,3869685,1,26,771,3604,Center Forward,Aerial Lost,,0,106.4,33.5
5a5d6357-4291-4949-a279-1d4acedbbe0a,3869685,1,28,779,29560,Center Forward,Aerial Lost,,0,88.6,63.9
d67a6aa6-a217-435a-bde0-601dc7587ec6,3869685,1,28,771,6704,Left Back,Tackle,Lost Out,0,8.2,14.3
0528af88-497d-49b2-b463-8e0a9f865e5d,3869685,1,30,779,38718,Center Defensive Midfield,Aerial Lost,,0,83.9,74.6
4b56274d-a095-4451-8d15-ef678b52e282,3869685,1,30,779,29560,Center Forward,Aerial Lost,,0,88.2,60.0
b94554dd-8089-48fb-b98d-11c866db018b,3869685,1,30,779,29201,Right Back,Aerial Lost,,0,77.7,66.2
cc2b4a30-8da9-4362-9e12-e8e6cc9580be,3869685,1,31,771,6704,Left Back,Tackle,Lost In Play,0,52.9,8.3
13ea44b8-36fa-4ec6-95d7-eb63619df2f5,3869685,1,32,771,8519,Left Center Back,Tackle,Lost In Play,0,23.4,45.9
377d3bfb-ebe1-4f05-93dc-f6406b2e7c5b,3869685,1,33,779,5507,Left Back,Tackle,Won,1,64.0,10.2
479e8ba2-6ee4-419e-ae76-d66a02e9cf5e,3869685,1,37,779,5507,Left Back,Tackle,Won,1,44.3,10.6
dceec75b-3bcb-43ed-a403-3d315627806c,3869685,1,38,779,20572,Right Center Back,Tackle,Won,1,25.3,58.5
153b512a-a5bf-40f3-aac3-958c187f83d7,3869685,1,38,771,8519,Left Center Back,Tackle,Won,1,51.6,5.9
46bd2fc0-081b-446c-999e-4ce169cd6264,3869685,1,39,771,3604,Center Forward,Aerial Lost,,0,87.5,19.2
4a70ad3f-474b-4cae-bf06-7ed90a8882cb,3869685,1,42,771,4445,Right Back,Tackle,Won,1,10.7,63.9
781af1c4-dd15-4b07-ae40-012065179743,3869685,1,42,779,5507,Left Back,Tackle,Lost Out,0,107.9,8.9
6f1bf12f-aae9-434c-abd1-7e6d57f75421,3869685,1,43,779,7797,Right Center Midfield,Tackle,Lost Out,0,39.8,73.3
bd407494-64bb-4d05-bffd-ba5668e8cad3,3869685,1,44,779,5503,Right Wing,Tackle,Lost In Play,0,29.5,44.9
cdf6ab0d-81ae-4d40-9647-d80a67bc07b7,3869685,1,48,771,22097,Right Wing,Tackle,Won,1,65.7,76.3
580135b3-584f-4072-8cb2-7355008675ef,3869685,1,49,779,29201,Right Back,Tackle,Lost Out,0,31.9,73.3
41789602-4f16-466d-983f-0b54001a554e,3869685,1,49,771,22097,Right Wing,Tackle,Lost In Play,0,88.6,56.4
670204ad-b2c3-40dc-aaf4-b59398fe8943,3869685,2,45,779,2995,Left Wing,Aerial Lost,,0,50.7,7.2
e3c88fcf-a274-47ac-807d-c50170f65b1d,3869685,2,48,771,6704,Left Back,Aerial Lost,,0,19.7,14.9
1fef7606-407c-4353-860e-6f28375fd630,3869685,2,48,771,22097,Right Wing,Tackle,Won,1,39.0,72.4
858ead05-cd26-4435-b1ba-39fcdcfa0232,3869685,2,48,779,27886,Left Center Midfield,Tackle,Success In Play,1,80.5,8.5
ca46b87d-cc8e-400a-b9b5-6e6f7efec828,3869685,2,48,771,5487,Center Attacking Midfield,Tackle,Success In Play,1,44.6,68.8
ee3b047f-d02f-41da-a472-fff5661db1ef,3869685,2,49,779,38718,Center Defensive Midfield,Aerial Lost,,0,65.1,57.5
77df870f-31b0-480b-82da-046511dfed9c,3869685,2,49,779,7797,Right Center Midfield,Aerial Lost,,0,65.1,64.6
efc51753-6b7e-4f23-9d7c-e3a71a6c6dba,3869685,2,50,779,3090,Left Center Back,Aerial Lost,,0,33.6,12.4
3bbf80df-d22f-43fa-9019-fe253b4b6e60,3869685,2,50,779,38718,Center Defensive Midfield,Tackle,Lost Out,0,2.4,18.1
0448d4e6-b69e-4104-a4da-cf9f4672de63,3869685,2,51,771,6704,Left Back,Tackle,Lost Out,0,9.9,12.8
88ae4bc7-f966-4394-9d59-6f194e3eed27,3869685,2,56,779,5507,Left Back,Tackle,Lost Out,0,5.6,18.6
e5669f42-fbf7-4e79-a990-c348a51d73b6,3869685,2,57,779,38718,Center Defensive Midfield,Tackle,Won,1,58.0,69.7
0124ae52-34ce-489e-a3d3-b76e48ca9535,3869685,2,64,779,19597,Left Wing,Aerial Lost,,0,71.5,13.6
56b162ce-dfc1-46de-ad7c-f23e4625882f,3869685,2,64,771,5487,Center Attacking Midfield,Tackle,Lost In Play,0,34.9,60.3
89fd8a0f-7638-4b7d-8c8a-13d53359251c,3869685,2,65,771,2972,Center Forward,Aerial Lost,,0,80.1,60.3
6676eb87-4d99-427b-9a99-3d359dc35097,3869685,2,66,771,22097,Right Wing,Tackle,Lost In Play,0,104.7,74.4
f75094e4-f0dc-4414-995a-709a4b67ad30,3869685,2,66,771,22097,Right Wing,Tackle,Lost In Play,0,106.4,75.0
bd6a3adc-794f-45b7-844a-085461b2f7ab,3869685,2,67,779,27886,Left Center Midfield,Aerial Lost,,0,6.7,45.5
b7cb1e8d-0bc2-4cd4-b2e0-49db154721a5,3869685,2,68,779,29560,Center Forward,Aerial Lost,,0,74.7,30.1
ee74ab0a-1033-414a-8f79-e515aac87b1a,3869685,2,68,779,38718,Center Defensive Midfield,Tackle,Lost In Play,0,42.2,22.4
8f866e02-d908-4149-9bfe-49d82fe31bc6,3869685,2,71,779,5507,Left Back,Tackle,Success In Play,1,70.4,4.7
7fa4ac90-f22e-4111-ac54-d21a3bc0d1e6,3869685,2,72,779,5507,Left Back,Tackle,Lost Out,0,26.6,7.0
793b0a48-ebd3-4378-8ff9-dd359c5105dd,3869685,2,74,779,29560,Center Forward,Aerial Lost,,0,92.0,63.3
e62296d4-5110-40f4-b665-1f86e150dc58,3869685,2,77,771,24778,Left Back,Tackle,Won,1,49.7,4.4
9062b0f6-e86b-4952-ad7a-1dbba63334c1,3869685,2,80,771,4445,Right Back,Aerial Lost,,0,68.9,75.2
2a54f7c5-3dfb-4bf7-b583-41d01c617baa,3869685,2,80,771,8217,Right Midfield,Tackle,Won,1,69.2,68.0
97458140-1162-468b-8034-e3df549b92dd,3869685,2,80,779,29201,Right Back,Aerial Lost,,0,27.0,56.0
6ed925e5-2d0e-4c01-a5dd-5207067e6c40,3869685,2,83,771,22097,Right Center Forward,Tackle,Success In Play,1,40.3,25.6
bec40d9f-18dd-4401-b8c3-9ee751929bf3,3869685,2,85,779,29201,Right Back,Aerial Lost,,0,41.3,66.7
594090d7-45c5-4d1d-8bf2-d620631ffdf1,3869685,2,86,779,3090,Left Center Back,Aerial Lost,,0,22.1,47.2
48960b07-9f04-4cf3-84fd-7e32fa79f33e,3869685,2,86,779,3090,Left Center Back,Aerial Lost,,0,23.4,49.4
dbd0d179-c2ff-44f8-ac45-8c5130a752ad,3869685,2,89,771,2972,Left Midfield,Aerial Lost,,0,97.4,19.0
dc6440f1-6616-42e4-a247-d47749debb9d,3869685,2,89,771,22097,Right Center Forward,Aerial Lost,,0,109.4,36.5
a58d62d2-dc55-4743-8f3a-0f72116537be,3869685,2,92,771,24778,Left Back,Tackle,Success In Play,1,66.2,3.6
62499ed1-d287-4d42-962e-b5850cf14829,3869685,2,94,771,24778,Left Back,Tackle,Lost Out,0,46.9,2.7
8b06ba04-9569-426e-b9f6-be8f3dd53df7,3869685,2,95,779,38718,Center Defensive Midfield,Tackle,Lost In Play,0,12.7,56.9
bd5db193-fa78-45a5-a653-4dd13076939d,3869685,2,98,771,5485,Right Center Back,Aerial Lost,,0,17.2,32.4
e0164bd6-9053-48dc-8ecd-975a245a20b6,3869685,2,98,779,5503,Right Wing,Aerial Lost,,0,105.1,36.5
b0157015-873d-4605-b71f-c668df2d7a78,3869685,3,90,771,8217,Right Midfield,Aerial Lost,,0,77.9,74.8
34f8d7ed-a2b5-43aa-ab9d-03b6a706ef1c,3869685,3,92,771,24778,Left Back,Tackle,Won,1,21.0,19.6
e04e3a72-cf1a-4637-a328-268f48f34e2b,3869685,3,93,779,20572,Right Center Back,Aerial Lost,,0,39.6,48.9
35adcd26-58df-4591-9990-c65a151c1bbd,3869685,3,94,779,38718,Center Defensive Midfield,Tackle,Won,1,38.3,51.3
1d84174a-9451-48d0-bc9f-c339c7b4819b,3869685,3,97,771,4445,Right Back,Tackle,Success In Play,1,73.8,74.2
38205039-5972-44d2-8a40-00bdc406c4c9,3869685,3,98,771,2972,Left Midfield,Tackle,Success In Play,1,78.1,4.9
5434a8a1-39cd-45f4-8dea-edb359ad9825,3869685,3,98,779,38718,Center Defensive Midfield,Tackle,Won,1,19.7,48.7
2f7add8d-0e86-4054-8c23-20411b935300,3869685,3,98,779,28263,Right Back,Tackle,Success In Play,1,4.8,57.3
4662a7eb-5405-49b0-9266-7d628d6ed3f5,3869685,3,99,771,11990,Left Defensive Midfield,Tackle,Lost In Play,0,101.2,5.9
66d6d3ff-28b5-4d9f-a4a4-2f4e67433715,3869685,3,99,771,8519,Left Center Back,Aerial Lost,,0,108.1,37.4
60705a97-44f8-4aa3-9557-0084239e4636,3869685,3,104,771,10481,Right Defensive Midfield,Aerial Lost,,0,68.3,31.6
9a5b6dc6-8fad-4f7a-abf7-4a1572da37c8,3869685,3,105,779,5507,Left Back,Tackle,Success In Play,1,65.3,3.6
30547772-326e-407a-808b-b24a29f7be2f,3869685,4,105,771,4445,Right Back,Tackle,Success In Play,1,9.9,72.2
65fafed1-e8b1-4124-9408-a65944c033d7,3869685,4,110,779,11456,Center Forward,Aerial Lost,,0,74.7,71.8
3fe5647a-d2f4-46cf-9cfe-73f125b09f2b,3869685,4,111,779,5503,Right Wing,Tackle,Success In Play,1,55.9,45.1
8c69e30d-02b1-494c-8719-42926b397742,3869685,4,113,771,8217,Right Midfield,Tackle,Won,1,4.1,73.1
1e17bba9-884e-407d-bdb3-6cf453f5315a,3869685,4,113,779,19597,Left Wing,Tackle,Won,1,116.4,6.6
5c52a757-eb75-4e8c-afbb-455835b8f5ed,3869685,4,114,771,11135,Right Center Back,Aerial Lost,,0,104.2,53.0
909ac069-270f-4588-8a5b-24b110ffde18,3869685,4,115,771,8519,Left Center Back,Aerial Lost,,0,108.1,37.2
3fa7212f-5252-45ec-9ae1-004f9abc0a17,3869685,4,118,779,16308,Center Defensive Midfield,Tackle,Won,1,79.6,74.2
d79df570-21cc-4d79-a987-d5d897497e8f,3869685,4,118,771,10481,Right Defensive Midfield,Tackle,Success In Play,1,24.0,35.0
0018bfad-064a-47cb-8577-09b5dd716425,3869685,4,119,779,3090,Left Center Back,Aerial Lost,,0,112.3,40.0
b8ec6d00-e6c4-443b-a480-f37a79bc0056,3869685,4,119,771,24778,Left Back,Tackle,Won,1,21.5,6.1
b941d97d-b2d7-482f-896c-8527ab99b37f,3869685,4,121,771,8217,Right Midfield,Tackle,Lost In Play,0,62.7,68.2
bef5595d-614f-4c66-9f64-8b5fb4e80995,3869685,4,122,771,22097,Right Center Forward,Aerial Lost,,0,85.0,53.2
2b0d8ce2-6611-4a77-b167-50e8f6281533,3869685,4,123,779,38718,Right Center Midfield,Tackle,Lost In Play,0,9.0,54.9
1fd46fd6-fcda-4eda-af12-2550f05ac90f,3869684,1,0,785,22041,Center Forward,Aerial Lost,,0,89.4,60.6
b98911ee-e439-4b18-af62-38686cfc7fa5,3869684,1,1,785,22041,Center Forward,Aerial Lost,,0,107.8,55.3
6699db44-c2fd-4fc3-8058-eb0d35773785,3869684,1,2,788,3634,Left Center Midfield,Aerial Lost,,0,20.6,40.0
7e84f9d2-ecd4-408b-afa3-9114ae65622e,3869684,1,2,788,5245,Right Back,Aerial Lost,,0,10.1,49.8
df4f2cab-9ee6-46ee-9b93-2580297147e3,3869684,1,13,785,16527,Left Wing,Tackle,Won,1,96.5,15.8
094ab399-edec-4c0c-b976-c9a12e1c6020,3869684,1,15,788,5245,Right Back,Tackle,Lost Out,0,13.1,57.5
7a8ac8d3-f526-4c01-8e6b-ddf14bdf80fb,3869684,1,16,788,3634,Left Center Midfield,Tackle,Success In Play,1,55.9,39.5
42891480-7383-4aee-b333-1ac29afbc515,3869684,1,22,785,49337,Right Back,Tackle,Success In Play,1,42.8,71.6
e88f8c26-646f-465b-861f-f700b396d73a,3869684,1,22,788,3625,Left Wing,Tackle,Lost Out,0,36.2,77.2
9ba5bbda-f409-4531-b71d-3a3883830530,3869684,1,24,788,5237,Right Wing,Tackle,Success In Play,1,32.3,35.2
24b2d903-58de-414f-b4b1-5ca3610026f3,3869684,1,27,785,37148,Right Center Back,Aerial Lost,,0,74.7,74.6
9a69838b-5008-4a56-bc1f-391b62212922,3869684,1,29,785,5474,Left Back,Tackle,Won,1,54.6,6.1
19b0ca75-f242-4588-8f24-ebc840501ef6,3869684,1,35,785,5463,Right Defensive Midfield,Tackle,Lost Out,0,3.7,8.1
430a6b2e-fce3-4816-bd21-077ad92b0986,3869684,1,36,785,5474,Left Back,Aerial Lost,,0,2.3,31.2
0166a67f-996e-459f-aa4c-62f2a605b070,3869684,1,39,785,49337,Right Back,Aerial Lost,,0,45.0,60.3
083e7436-61e3-4d44-897e-70553b6e3efc,3869684,1,43,785,5474,Left Back,Tackle,Won,1,67.9,1.6
3cbb4ca4-d802-4dde-8d76-492fb5a01eed,3869684,2,45,788,6301,Center Forward,Aerial Lost,,0,77.7,18.3
ce498d52-c28b-486a-91ad-ce73b0e4b606,3869684,2,45,788,156734,Left Center Midfield,Aerial Lost,,0,75.7,10.5
38d00f6a-d571-4e5a-8db9-5fbf34b36170,3869684,2,48,788,6301,Center Forward,Aerial Lost,,0,95.0,49.0
f691211d-1771-46f5-a9df-b644c523bd11,3869684,2,48,785,5456,Left Defensive Midfield,Tackle,Lost In Play,0,28.5,22.3
effa8d1a-d375-4cfd-9967-3f2ebd8c057b,3869684,2,49,785,49337,Right Back,Tackle,Success In Play,1,45.9,78.2
c38ae1c6-4873-41e1-b1aa-4c6ec8c56b7f,3869684,2,52,788,3625,Left Wing,Tackle,Lost In Play,0,18.5,44.2
656c50f2-9fc1-4041-9e6d-5c2f20e821a6,3869684,2,54,788,6301,Center Forward,Aerial Lost,,0,70.5,63.1
6b98df85-8795-4a79-a38d-48a827c05fb8,3869684,2,54,788,156734,Left Center Midfield,Aerial Lost,,0,68.5,55.0
fc863d8d-d756-4c03-9acb-339e362d2d9c,3869684,2,56,785,16527,Left Wing,Tackle,Success In Play,1,14.1,16.2
956e0edc-fa4b-4ea3-9515-7b5c4ebcdf6f,3869684,2,57,788,5245,Right Back,Tackle,Success In Play,1,83.2,52.4
b42b78fc-f871-4ad6-8102-995420814600,3869684,2,64,785,37148,Right Center Back,Aerial Lost,,0,9.5,39.6
1c308b02-1301-4c7a-9d12-623f216a33d6,3869684,2,69,785,3441,Right Wing,Tackle,Lost In Play,0,20.7,74.8
f40bd4e9-dff3-484a-873b-48a7c6c2b3b7,3869684,2,70,788,23774,Left Center Midfield,Aerial Lost,,0,47.0,58.0
8b791c6e-0f5c-49c5-809e-6f2a4022386d,3869684,2,70,785,11603,Center Attacking Midfield,Aerial Lost,,0,85.3,19.5
58d310b5-f034-4d15-a53f-25e24d7cbae3,3869684,2,71,788,5234,Left Center Back,Aerial Lost,,0,47.4,49.2
fa9df03a-09bd-481a-9220-a4a61a32ed7b,3869684,2,75,788,23774,Left Center Midfield,Aerial Lost,,0,43.4,51.2
a5ed1e30-bf9f-43a5-b506-a2317935fa5b,3869684,2,77,785,11603,Center Attacking Midfield,Tackle,Success In Play,1,50.2,18.4
89e5c22b-2c4b-4e7a-9bc6-084406d9b489,3869684,2,78,785,5474,Left Back,Tackle,Success In Play,1,80.1,10.8
07cfd753-0974-4087-a3a8-835ea28772c6,3869684,2,80,788,67700,Right Center Back,Aerial Lost,,0,50.2,60.2
19ef04f4-923a-4b1b-a937-758390525000,3869684,2,80,785,16527,Left Wing,Aerial Lost,,0,83.3,14.4
60cb7421-ee86-41d0-9a2a-a0e40e67b0ef,3869684,2,80,785,7693,Center Forward,Tackle,Won,1,85.3,15.0
c7347380-18b3-4269-a2db-da6a6d2fb882,3869684,2,82,788,5245,Right Back,Aerial Lost,,0,43.8,63.1
15cb0e3f-76db-4c46-9a4a-48801c9a126b,3869684,2,82,788,5234,Left Center Back,Tackle,Lost Out,0,14.1,69.3
9b7736bb-ca30-4288-9751-547442b833f8,3869684,2,83,785,5456,Left Defensive Midfield,Tackle,Lost In Play,0,97.7,24.1
4357c7ec-8f52-4031-a4b4-88e84a3276e7,3869684,2,83,788,21214,Right Center Midfield,Tackle,Lost In Play,0,77.1,37.6
a9851f3e-d48f-440d-abeb-e11b817bf254,3869684,2,85,785,49337,Right Back,Tackle,Won,1,53.4,74.2
4ca0b5ee-5b35-46d7-9734-b38b56a7c4c5,3869684,2,89,788,23774,Left Center Midfield,Aerial Lost,,0,98.4,30.3
65293cbf-b919-47ff-9f96-0765ae302f13,3869684,2,89,785,5456,Left Defensive Midfield,Tackle,Success In Play,1,33.1,20.5
b53be773-fba1-4c8e-a327-1f2dc1f9efaa,3869684,2,89,788,23774,Left Center Midfield,Tackle,Success In Play,1,66.7,57.0
cc49546b-a681-4e3e-add5-dd9ae9110085,3869684,2,89,785,7693,Center Forward,Aerial Lost,,0,9.2,43.6
f93ee29c-8388-40b1-b5ef-d38d5ded76b5,3869684,2,89,788,23774,Left Center Midfield,Tackle,Won,1,114.5,10.7
9c983cd9-f583-41b4-a60d-cc218077f9d8,3869684,2,92,788,5234,Left Center Back,Aerial Lost,,0,34.4,56.4
31ed00a4-d292-445a-853e-74398fd76b7b,3869684,2,92,785,5456,Left Defensive Midfield,Tackle,Success In Play,1,28.1,25.3
74260dbc-573c-41a9-b77e-606c14f073b6,3869684,2,94,788,5234,Left Center Back,Aerial Lost,,0,47.4,28.7
5525c728-5440-4f4b-ab2c-8fff872d8b31,3869684,2,95,785,5474,Left Back,Aerial Lost,,0,6.5,36.7
ad5f0580-c247-402a-b931-f18541968800,3857256,1,1,773,3500,Left Defensive Midfield,Aerial Lost,,0,95.9,31.5
ac971bb6-520d-4006-8480-0654ca2ec220,3857256,1,3,786,4269,Left Center Forward,Aerial Lost,,0,79.4,54.0
afff6ffd-14f3-4a0d-a4a8-31996d845b85,3857256,1,3,773,30401,Left Wing,Aerial Lost,,0,60.4,19.4
ca639336-f1b2-43ac-aee5-a8da81adf0bc,3857256,1,3,786,4269,Left Center Forward,Aerial Lost,,0,115.1,39.6
c646cd08-2319-486a-be4f-8423e01405b4,3857256,1,8,786,4269,Left Center Forward,Aerial Lost,,0,64.1,10.7
6ec947a5-3c18-4791-bd51-a7d0d88a7e88,3857256,1,8,786,3831,Center Attacking Midfield,Aerial Lost,,0,76.4,15.1
2c4b7ea8-1b65-48fc-b354-cb2d4b6c122a,3857256,1,8,786,27719,Left Center Back,Tackle,Lost In Play,0,77.8,3.3
29f7a15e-1352-4315-9f07-96e6a08295e8,3857256,1,9,773,7796,Right Back,Tackle,Lost In Play,0,10.2,74.6
0f4b597e-e707-4152-af3c-856caec16276,3857256,1,9,773,7796,Right Back,Tackle,Won,1,4.6,68.6
8217807b-18d4-48c1-ab8c-ab86309330b6,3857256,1,9,786,3831,Center Attacking Midfield,Tackle,Lost In Play,0,120.0,19.7
2f072552-08df-461e-b6f8-f7fdb6a354a7,3857256,1,9,786,5591,Left Wing Back,Tackle,Lost In Play,0,118.3,23.5
eab050e6-8de3-48c7-bef1-23acb4328674,3857256,1,9,786,4269,Left Center Forward,Aerial Lost,,0,75.0,23.9
851e8c5d-0756-4bbd-b4e2-3963fd4394e3,3857256,1,9,773,16026,Center Attacking Midfield,Aerial Lost,,0,75.9,51.6
9059faeb-f837-4d6d-a3d6-c020cf67dc5a,3857256,1,10,786,5603,Right Center Back,Tackle,Lost In Play,0,50.9,28.3
9f92af15-7628-4601-b417-a745dd36413f,3857256,1,12,786,4269,Left Center Forward,Aerial Lost,,0,85.4,23.5
0d23a035-178d-41dc-81e0-612c958bc21c,3857256,1,14,786,6321,Center Back,Tackle,Lost In Play,0,39.2,56.6
4b981e72-849d-4976-8dc6-c4d88b3aa70b,3857256,1,17,786,5589,Left Defensive Midfield,Tackle,Success In Play,1,29.2,40.8
5ac8e324-b163-45af-8c12-239162ac3c8f,3857256,1,18,773,3533,Right Wing,Aerial Lost,,0,36.3,75.4
3d2d974b-290c-43d3-b0fd-ca52a1b2f16c,3857256,1,20,773,3533,Right Wing,Aerial Lost,,0,61.6,74.4
fa156c77-0d83-4b19-a13d-d5ca33f87ea6,3857256,1,20,773,5537,Right Center Back,Tackle,Won,1,41.7,62.6
89863d41-68bd-4344-ba61-b521c476847f,3857256,1,21,773,3500,Left Defensive Midfield,Tackle,Success In Play,1,74.7,21.7
6eb5f95c-d211-45ca-a7d8-869c325c60d8,3857256,1,24,773,3533,Right Wing,Aerial Lost,,0,14.8,74.8
1c44dd4f-495b-48c3-bee3-b875b74130c8,3857256,1,28,773,6983,Right Defensive Midfield,Tackle,Won,1,33.1,61.6
1838e9ec-f7b5-478e-b4e7-ece2c96c74bf,3857256,1,30,786,4269,Left Center Forward,Aerial Lost,,0,78.8,24.1
98b65716-497f-4bc4-8f1a-b01870d2c69f,3857256,1,31,786,6687,Right Defensive Midfield,Aerial Lost,,0,49.9,22.9
32b9506e-d40b-447e-8c4f-62e6d2ca7ae9,3857256,1,33,773,3533,Right Wing,Aerial Lost,,0,55.8,64.4
f0b7d143-caf1-4f80-b95a-270aa3a91c33,3857256,1,36,773,3500,Left Defensive Midfield,Tackle,Won,1,46.8,11.2
292afe70-cc25-4601-aa80-145368b69db2,3857256,1,36,786,6318,Right Wing Back,Tackle,Won,1,71.5,70.1
362e1cfe-3ca1-43f2-a584-95d1d60a2409,3857256,1,36,773,5544,Left Back,Tackle,Lost Out,0,41.9,3.6
b3103f4b-6458-405a-b86f-b948c71ebb53,3857256,1,36,786,18015,Right Center Forward,Aerial Lost,,0,104.3,71.9
fee1ff8e-da59-4921-b1c1-2e7b72078cbd,3857256,1,39,773,7796,Right Back,Tackle,Success Out,1,7.0,74.2
447e4220-009e-45f9-b149-9714aedc684a,3857256,1,47,773,5545,Center Forward,Aerial Lost,,0,62.4,64.8
a88f7814-d215-4840-b271-29c58050af9a,3857256,2,45,773,5537,Right Center Back,Tackle,Lost Out,0,62.7,71.2
48faafc9-7826-41be-8508-c1604d58c485,3857256,2,47,773,5545,Center Forward,Aerial Lost,,0,89.3,32.0
edf036cd-af6b-4f75-ad96-06c61e698086,3857256,2,51,786,6687,Right Defensive Midfield,Aerial Lost,,0,50.0,60.2
b22cbf13-9d9f-4b83-814d-8e71ac512297,3857256,2,51,786,6687,Right Defensive Midfield,Aerial Lost,,0,48.8,56.9
acdefa54-170c-4428-ad16-2f4a9e9beff1,3857256,2,54,773,3533,Right Wing,Tackle,Success In Play,1,4.3,54.4
760874fb-0725-428f-8cf9-d011753d29c5,3857256,2,55,786,6687,Right Defensive Midfield,Tackle,Lost In Play,0,31.7,23.0
8e9efb26-d8ee-467f-9992-dd09f5306e20,3857256,2,59,786,6687,Right Defensive Midfield,Tackle,Lost In Play,0,58.2,26.3
ad4924f3-1855-443a-80ff-bc44ab0462ff,3857256,2,59,773,30401,Left Wing,Aerial Lost,,0,90.3,24.6
e0a48a7a-db86-4779-b12a-5607ff726cd3,3857256,2,70,773,5545,Center Forward,Aerial Lost,,0,78.1,39.8
e7f6b01f-9896-4c4c-aeea-ed453ba61408,3857256,2,72,773,5549,Left Center Back,Aerial Lost,,0,17.9,36.9
c13e73aa-25b6-4123-b6b0-9fdc2052e445,3857256,2,72,786,6687,Left Defensive Midfield,Aerial Lost,,0,100.3,60.4
89413951-c114-4723-951d-66652c2dc422,3857256,2,72,773,30401,Left Wing,Aerial Lost,,0,25.5,16.7
81b9c2cc-19ca-419c-985e-51fe7e676ee0,3857256,2,72,773,5537,Right Center Back,Tackle,Success In Play,1,44.5,59.3
cafb93c2-97f1-4469-a60e-6cc6ba9e684a,3857256,2,76,773,6983,Center Attacking Midfield,Aerial Lost,,0,81.9,14.5
51efd234-54ab-4cb8-ada6-f1bea6e50471,3857256,2,77,773,3500,Left Defensive Midfield,Tackle,Won,1,62.4,4.7
05608ecb-49ea-44f5-84e0-147d73d7b75e,3857256,2,77,786,6901,Right Defensive Midfield,Tackle,Lost In Play,0,60.7,75.4
1d9c827e-7c0f-4214-a82d-fdcf44294e40,3857256,2,78,773,5544,Left Back,Tackle,Lost In Play,0,32.8,12.3
7b9fbd44-a091-42a8-8eb5-1dd03f5c743b,3857256,2,79,773,5545,Center Forward,Aerial Lost,,0,85.5,66.9
5da67522-96b6-465e-a5cb-459846eed1b6,3857256,2,79,786,7117,Center Attacking Midfield,Aerial Lost,,0,48.5,18.6
f5c07a0e-76ba-42dd-8319-0c77bd8600ee,3857256,2,82,786,6319,Right Center Forward,Aerial Lost,,0,78.9,40.6
bdf1573c-3118-47f8-b458-4067933070cb,3857256,2,82,773,5537,Right Center Back,Aerial Lost,,0,29.0,43.3
c72de199-665c-4a8f-837f-7e6bafda84cd,3857256,2,83,786,5603,Right Center Back,Tackle,Success Out,1,14.0,73.2
b3b6bff8-66ab-49c8-abe6-6455f1498eb9,3857256,2,83,786,4269,Left Center Forward,Aerial Lost,,0,65.6,44.4
2274760c-88dc-46a7-aef2-c9daf23d0b74,3857256,2,83,773,5538,Right Defensive Midfield,Aerial Lost,,0,63.7,44.4
ae31d4e2-af10-4415-b8bd-c327a12a5c83,3857256,2,84,786,6901,Right Defensive Midfield,Tackle,Success In Play,1,72.1,15.9
70e04e74-72e3-483e-bbe5-f0914627d3fa,3857256,2,85,773,5545,Center Forward,Aerial Lost,,0,76.8,21.3
e473314e-7485-49e0-8d83-cd8b6e82dfd0,3857256,2,88,786,4269,Left Center Forward,Aerial Lost,,0,70.2,14.3
b5d1d3e4-e2a7-4a74-bec8-23847e868a08,3857256,2,88,786,27719,Left Center Back,Tackle,Lost In Play,0,42.5,19.7
2ba212e4-9b8a-43e7-bc42-b2f741534254,3857256,2,90,773,7796,Right Back,Aerial Lost,,0,12.7,51.4
e25528c6-87d0-4e16-9c8f-c1b0539427af,3857256,2,91,773,3913,Right Wing,Tackle,Lost In Play,0,106.6,73.4
9eb4957d-729f-4a20-a7b0-6922751497b6,3857256,2,91,786,5603,Right Center Back,Aerial Lost,,0,100.0,34.9
8ecec6bb-a15a-445e-aa8c-2a01209ebf1a,3857256,2,91,786,7117,Center Attacking Midfield,Aerial Lost,,0,100.0,44.7
c9df949d-7da8-4790-88a8-9c7cf0863a65,3857256,2,91,773,5549,Left Center Back,Aerial Lost,,0,15.1,40.3
81bb89b2-1c62-4423-8dd9-3cd2f7e8f285,3857256,2,93,786,5603,Right Center Back,Tackle,Won,1,8.3,68.0
88f03c09-5721-4343-a424-37c43699080e,3857256,2,97,786,16489,Center Back,Tackle,Won,1,8.1,66.4
efa0ffff-e843-45c5-be0e-596af3caef98,3857256,2,99,786,6319,Right Center Forward,Aerial Lost,,0,112.5,46.6
4937109c-95af-4b24-9b81-e64d9e058a0f,3869151,1,0,779,19597,Left Back,Aerial Lost,,0,33.3,3.4
e4b762d2-58d0-4cf4-8e52-1ebcda201c1e,3869151,1,4,792,33492,Right Center Forward,Aerial Lost,,0,65.1,37.7
6dae0cf3-784f-4b34-ac2a-166b6594f800,3869151,1,7,779,20572,Right Center Back,Aerial Lost,,0,63.7,56.1
10b58131-a4c8-44e9-9c04-61eafb394be8,3869151,1,7,792,33492,Right Center Forward,Aerial Lost,,0,58.1,18.8
1427a0dd-511a-42cb-ae63-90f5754a620b,3869151,1,8,792,15957,Right Back,Aerial Lost,,0,28.9,74.5
32e18947-1ec6-4efd-9e4f-fc1c8435d2cb,3869151,1,10,792,3281,Left Defensive Midfield,Tackle,Lost In Play,0,82.7,60.5
76be6002-3226-4595-bc86-37825b14be4c,3869151,1,14,792,33488,Right Defensive Midfield,Tackle,Success In Play,1,56.4,59.9
68290b34-64c0-4b0d-8a90-8f6571faa969,3869151,1,18,792,33477,Left Midfield,Tackle,Success In Play,1,86.8,4.8
97a50ade-babc-42d9-b732-f3a075157eb6,3869151,1,19,779,20572,Right Center Back,Tackle,Lost In Play,0,68.3,67.3
a55f2fbe-489c-4902-b90c-b18148ddd854,3869151,1,24,792,15957,Right Back,Aerial Lost,,0,69.1,76.4
86bdef92-562a-40bc-a2b9-6a4ecb3f569d,3869151,1,26,779,29201,Right Back,Aerial Lost,,0,36.8,70.7
f1119322-af4f-40ba-8d10-bb86e26e05d4,3869151,1,28,779,3090,Left Center Back,Aerial Lost,,0,8.2,36.1
a666070b-3eba-4479-bc99-1f46112ca120,3869151,1,28,779,19597,Left Back,Tackle,Won,1,2.8,2.6
9702fa04-3829-4c3d-8fcd-0d553b795b6a,3869151,1,30,792,5481,Right Midfield,Aerial Lost,,0,77.0,33.9
6ddcd7ef-e8cb-48c3-867d-6f2182891a7c,3869151,1,32,779,7797,Right Defensive Midfield,Aerial Lost,,0,85.6,44.0
1411fb23-39c9-4895-881e-89ff64b0dd43,3869151,1,34,779,20572,Right Center Back,Aerial Lost,,0,116.4,41.8
606d6532-66dd-4a56-8d56-a861fc76a689,3869151,1,36,779,19597,Left Back,Aerial Lost,,0,58.2,11.6
89580223-d4f9-4f0f-bf1a-e1e3dc355dbe,3869151,1,39,779,3090,Left Center Back,Aerial Lost,,0,50.2,25.3
963ba960-24a7-44c2-b9d7-f8a4ee25cf7f,3869151,1,39,779,29560,Left Center Forward,Tackle,Success In Play,1,49.8,2.9
962df0f5-ff21-45d1-98d4-5080303fabad,3869151,1,42,779,29560,Left Center Forward,Aerial Lost,,0,46.8,58.3
e8d4f884-7c2c-494f-b29f-cd21cd118341,3869151,1,43,779,19597,Left Back,Tackle,Lost In Play,0,33.7,3.4
dd124026-c9f4-44dd-ab44-e59cadfc5dd4,3869151,1,43,779,19597,Left Back,Tackle,Lost In Play,0,33.7,7.2
ba432095-6d2c-4506-9de8-fc7e17efcca0,3869151,2,46,792,15957,Right Back,Tackle,Lost Out,0,89.2,76.6
5d3082d8-544b-4ff1-89c7-7633cc57a85d,3869151,2,50,779,38718,Left Defensive Midfield,Tackle,Success In Play,1,22.9,73.4
b37a8aff-b8ce-4cb8-bd8a-2d531a2239d6,3869151,2,51,792,5481,Right Wing,Aerial Lost,,0,77.4,62.0
55c411b2-a703-42b3-a8fd-97a5a971724f,3869151,2,52,779,29201,Right Wing Back,Tackle,Success In Play,1,74.1,71.0
dca3a38e-3603-4014-bdbc-b88b33493ce7,3869151,2,56,779,27768,Left Center Back,Aerial Lost,,0,71.6,42.9
f45f0b41-e70a-43c2-93e8-342b0690c6b9,3869151,2,56,792,33488,Right Defensive Midfield,Tackle,Success In Play,1,33.1,49.8
2a8f2a9c-8f3e-4fca-96e7-a0d792363f2a,3869151,2,56,779,29560,Left Center Forward,Tackle,Won,1,110.9,45.7
5e548fa0-37cb-4e78-b0f8-31277e5ed4a6,3869151,2,58,779,3090,Center Back,Aerial Lost,,0,35.3,14.3
f4dbcb05-5191-4668-9110-84f8255b4d36,3869151,2,58,792,22293,Right Center Back,Tackle,Lost In Play,0,30.9,70.7
02d03995-047a-4b8d-a378-e5e8697021e4,3869151,2,63,779,20572,Right Center Back,Tackle,Won,1,38.1,48.1
7383a1a0-b864-4a26-8e0b-2a94afb0225f,3869151,2,64,792,33495,Left Center Back,Tackle,Lost In Play,0,29.3,35.8
bc22a68c-a5a3-4672-baa3-e7a063adb44b,3869151,2,64,792,15957,Right Back,Tackle,Lost Out,0,14.7,50.2
5860700f-00b2-48b5-b2ab-7e69df7e7bc6,3869151,2,64,779,3090,Center Back,Aerial Lost,,0,110.7,48.3
94bd9d73-ce79-4074-ac11-3fa871572d18,3869151,2,67,779,27768,Left Center Back,Tackle,Success Out,1,19.7,4.2
2617dd90-7387-489f-9d00-35b9184a010b,3869151,2,70,779,27886,Left Center Midfield,Tackle,Success Out,1,50.2,4.1
1a16a2e5-1d92-48e2-863a-2703c0dadd34,3869151,2,72,792,28370,Right Back,Tackle,Success In Play,1,24.9,35.6
86123b31-9bc8-43cf-a6a1-e65f5ccd5c02,3869151,2,74,792,3281,Left Defensive Midfield,Tackle,Lost In Play,0,42.4,38.5
f8f31fcb-e671-4b5f-ac34-b73e97e124f3,3869151,2,75,792,28370,Right Back,Aerial Lost,,0,58.9,71.8
cfdf6e28-0c86-46bc-9e7b-262a374caed8,3869151,2,76,779,7797,Right Center Midfield,Tackle,Success In Play,1,53.1,64.4
099cef7d-c6cd-4eae-a26d-944a6ceeb994,3869151,2,77,792,8346,Left Midfield,Tackle,Won,1,43.2,6.2
f324ae9d-3d4d-48d4-8876-560b59cbd477,3869151,2,77,779,5503,Right Center Forward,Tackle,Success In Play,1,78.4,75.0
bcb84a7c-cccc-4300-b962-878199782331,3869151,2,81,792,9980,Right Center Forward,Aerial Lost,,0,80.1,51.0
426d2817-2f26-420b-a3db-bd10bfd61995,3869151,2,82,779,20572,Right Center Back,Aerial Lost,,0,31.1,62.2
fdc72efd-1b33-4a47-a1a3-61e6fe111160,3869151,2,84,792,3281,Left Defensive Midfield,Aerial Lost,,0,67.4,6.2
e7fa1326-ffcb-4f00-9400-d922e1c73959,3869151,2,84,779,28268,Left Center Midfield,Aerial Lost,,0,46.3,57.4
7a401094-0200-490a-85ce-a44d878c7e1a,3869151,2,84,792,227697,Left Center Forward,Aerial Lost,,0,86.7,20.2
f59cc123-b36d-4630-87fe-3952a793be74,3869151,2,84,792,5490,Right Defensive Midfield,Aerial Lost,,0,70.3,24.8
23a40b33-f7cc-4c98-88d8-b6c9122bedf7,3869151,2,84,779,38718,Center Defensive Midfield,Tackle,Won,1,33.6,18.1
adb492ea-cc1b-4a80-bec8-81f01b755551,3869151,2,84,792,22293,Right Center Back,Tackle,Success In Play,1,13.0,57.3
972c0da0-6e2d-4211-9dcd-d3cdf55601fb,3869151,2,88,779,5507,Left Wing Back,Aerial Lost,,0,10.2,28.0
112b8835-323d-4e67-8a98-53369d03aa28,3869151,2,90,779,11456,Left Center Forward,Aerial Lost,,0,87.9,6.3
c6baeb5a-c601-41e2-b759-9e2df3b7169b,3869151,2,90,792,28370,Right Back,Tackle,Lost In Play,0,6.2,71.8
520556df-0d92-4213-adfc-b62247ac7ec4,3869151,2,92,779,38718,Center Defensive Midfield,Tackle,Success In Play,1,81.7,66.8
6dc73411-3a0e-4ff4-92aa-d251212e9de4,3869151,2,92,792,22293,Right Center Back,Aerial Lost,,0,62.2,18.3
0315a9af-9eb2-43cc-9f83-9866d311cab2,3869151,2,94,792,22293,Right Center Back,Aerial Lost,,0,79.5,46.3
e2be578f-3a18-4a9e-aec8-e541dd9b9015,3869151,2,94,792,22293,Right Center Back,Aerial Lost,,0,84.0,43.8
f59fdad6-3c0e-452f-aa2f-21345bfcd30b,3869151,2,94,779,7797,Right Center Midfield,Tackle,Lost In Play,0,27.0,59.6
2d4115aa-c112-4101-a36a-029e8448523d,3869151,2,94,792,3281,Left Defensive Midfield,Tackle,Lost Out,0,77.9,13.0
40fa55ef-feac-4ece-865e-a270de31d949,3869151,2,95,779,28263,Right Wing Back,Aerial Lost,,0,36.2,78.6
74131fe1-bc29-4621-89c0-9a69920363d5,3869151,2,95,792,22293,Right Center Back,Aerial Lost,,0,90.0,37.0
d1c18293-56ab-4be5-8c7c-06a8dac26601,3869151,2,96,792,3281,Left Defensive Midfield,Tackle,Success In Play,1,89.0,26.7
26387cb3-ce76-4454-9734-701520f48875,3857257,1,0,776,16554,Left Back,Tackle,Lost Out,0,86.7,15.1
a629e3f7-17c4-47c6-996b-02143c0121a7,3857257,1,2,792,33492,Left Center Forward,Aerial Lost,,0,84.7,64.5
dbcec420-927a-45a3-8eb9-28785ab4f8eb,3857257,1,2,776,18722,Right Center Midfield,Tackle,Won,1,44.2,67.2
3f3647b9-62c2-42c7-854f-96e15c720a51,3857257,1,3,792,33495,Left Center Back,Aerial Lost,,0,12.2,43.5
85cb77cf-fa6d-4e9c-90c2-18b8a6e6839b,3857257,1,5,776,3570,Center Defensive Midfield,Aerial Lost,,0,52.0,19.2
201fe481-8856-4df4-8cd6-67c88a749fca,3857257,1,7,776,16554,Left Back,Aerial Lost,,0,58.4,18.3
420e6b1c-2175-4881-bb2e-a2c23a1fa82f,3857257,1,7,776,3043,Left Center Midfield,Aerial Lost,,0,52.0,22.2
748f1930-e925-46a6-b18b-ed24cb2895b6,3857257,1,9,776,4447,Center Forward,Aerial Lost,,0,68.2,44.3
ad4702a4-da9e-4194-8458-377fd8c5cb3d,3857257,1,9,776,17042,Right Wing,Aerial Lost,,0,80.7,69.2
9a5b0298-a451-45ef-bb8a-ac489caa8c8d,3857257,1,10,776,8247,Right Center Back,Aerial Lost,,0,74.5,60.3
f21f4764-cb82-4884-a8aa-096eb4e4dbcc,3857257,1,12,792,22293,Right Center Back,Tackle,Lost Out,0,16.3,2.9
7151c927-4cbd-457a-82bf-29ad290bca58,3857257,1,14,792,15957,Right Back,Tackle,Success In Play,1,34.7,74.6
4d5e4c3e-cf54-4be9-8a03-9294f57269f5,3857257,1,14,792,5481,Right Midfield,Tackle,Lost Out,0,32.0,73.3
93af1eb7-016b-42b0-8209-a3bb1ed2f631,3857257,1,15,792,33492,Left Center Forward,Aerial Lost,,0,56.9,7.7
3817a4ed-0977-4d11-8cb6-8519047151a7,3857257,1,20,792,5479,Left Back,Tackle,Lost Out,0,11.6,8.8
fed60d1f-8c55-4691-8ba2-257d9a934261,3857257,1,21,776,16554,Left Back,Aerial Lost,,0,38.7,16.5
bcc5bc45-4c64-40b6-8739-f417a7f07848,3857257,1,22,792,33492,Left Center Forward,Aerial Lost,,0,95.4,31.9
06bd4fe9-6cda-4936-b5bb-954d982b8909,3857257,1,23,792,3281,Right Defensive Midfield,Tackle,Won,1,6.6,54.5
8a84df1e-536d-4580-b1f6-a6890a6a29de,3857257,1,24,776,4447,Center Forward,Aerial Lost,,0,65.0,20.9
6e18223b-604a-413b-a4c2-cca6079f9a79,3857257,1,24,776,3043,Left Center Midfield,Aerial Lost,,0,48.7,20.6
92bb2f21-2da7-43ce-956e-d2ba640ea6de,3857257,1,26,776,3570,Center Defensive Midfield,Tackle,Won,1,24.1,8.8
e1a8f9ab-e170-41d4-aac0-77e6f1d3a4f4,3857257,1,27,792,15957,Right Back,Tackle,Won,1,13.0,71.9
9f54709b-13eb-44e2-96e3-200fe3c5973c,3857257,1,28,776,16554,Left Back,Aerial Lost,,0,42.1,4.6
1227630e-5288-4a47-bd2d-966d6ffeacc4,3857257,1,30,776,27569,Left Wing,Tackle,Lost Out,0,93.1,11.8
ac1306bb-57e4-444c-992e-537796deaa1b,3857257,1,30,776,16554,Left Back,Aerial Lost,,0,57.2,11.5
4ec22112-04b6-4485-a3d8-c934c371464d,3857257,1,34,792,5479,Left Back,Aerial Lost,,0,89.1,6.8
d7487e21-56d5-40c9-87da-b65ebec015b8,3857257,1,35,792,33492,Left Center Forward,Aerial Lost,,0,76.4,20.4
c92643fb-6c1c-44f4-a0a9-ac594008d460,3857257,1,35,776,16554,Left Back,Aerial Lost,,0,64.4,11.8
89e26226-4bf1-4f27-81c4-03155041ec9d,3857257,1,37,776,3959,Left Center Back,Aerial Lost,,0,103.8,40.5
51cc3a20-d060-4c95-a114-3f080df5d277,3857257,1,37,776,8247,Right Center Back,Aerial Lost,,0,91.4,65.9
8ee3cd89-67ef-48c0-9418-9ed756028731,3857257,1,38,776,18722,Right Center Midfield,Tackle,Lost In Play,0,45.4,28.0
a87369e1-2bb4-45e3-ad22-4aa41845d6ee,3857257,1,40,792,33492,Left Center Forward,Aerial Lost,,0,75.0,59.5
d4c55e00-5aa7-4b60-bcc7-26966c7c7776,3857257,1,41,776,17042,Right Wing,Aerial Lost,,0,75.1,70.7
41b0398e-4b8b-4740-b699-e32763ca2e80,3857257,1,41,776,17042,Right Wing,Aerial Lost,,0,86.2,76.3
73fb83f5-fcde-40c1-9d60-579463751007,3857257,1,42,776,16554,Left Back,Aerial Lost,,0,38.0,20.6
dc285f54-3495-449d-9bfb-12767649b0c0,3857257,1,43,776,16554,Left Back,Tackle,Lost Out,0,17.5,4.3
cc4c4fbb-3e19-41f3-aa2f-d3929ff32e84,3857257,1,43,776,4447,Center Forward,Aerial Lost,,0,44.5,26.3
23671197-675a-43d9-8fe8-a50b061a9b4f,3857257,1,44,776,16554,Left Back,Tackle,Success In Play,1,26.5,14.8
ee04ee13-1c75-4dae-a77f-cebd5163efc9,3857257,1,44,776,3570,Center Defensive Midfield,Aerial Lost,,0,6.4,32.8
019c0221-c531-4c89-bc86-f4501ac32473,3857257,2,45,776,18722,Right Center Midfield,Aerial Lost,,0,51.1,33.0
9c321df2-ce08-4309-961d-1820d6aa801b,3857257,2,46,776,17042,Right Wing,Aerial Lost,,0,4.3,29.4
703840fb-3626-416a-940e-d0c43a182352,3857257,2,46,792,33492,Left Center Forward,Aerial Lost,,0,112.6,44.3
af85ab54-6657-4ed3-9355-65f7b579ebb0,3857257,2,50,792,22293,Right Center Back,Tackle,Lost Out,0,25.0,76.0
497d0bcc-9be4-4bcd-8e2e-da73c953cd1f,3857257,2,55,776,24547,Right Back,Tackle,Success In Play,1,48.7,57.6
1537e791-c0f0-4dd4-b4e3-73bacd5d5c7f,3857257,2,55,776,3959,Left Center Back,Tackle,Lost Out,0,45.6,26.7
249666f1-a7d8-47ed-91a7-bb7ab327e26d,3857257,2,58,776,6302,Center Forward,Tackle,Success In Play,1,48.2,6.7
ca5647a1-e337-4d31-943c-f988531630ff,3857257,2,59,792,5479,Left Back,Tackle,Won,1,13.1,16.0
5caed0ba-a7c9-413d-a88a-bf190849ce3a,3857257,2,59,792,22293,Right Center Back,Tackle,Won,1,14.2,32.7
4905e25b-fd60-4c3c-b969-87428eefdd5b,3857257,2,64,776,3959,Left Center Back,Aerial Lost,,0,110.2,31.4
97b67046-3746-42dd-9924-27e41aa49d33,3857257,2,65,776,16554,Left Back,Aerial Lost,,0,85.6,8.5
b99cf3d5-c302-46c0-8f8b-3fc37a29f1c5,3857257,2,65,792,33492,Center Forward,Aerial Lost,,0,96.7,26.8
60dc2141-c7bb-45b3-8ef8-4b94bccdf333,3857257,2,66,792,5490,Center Attacking Midfield,Aerial Lost,,0,102.4,7.2
47eb2cf4-7cd7-4309-83dc-99be4e9df6dd,3857257,2,66,776,24443,Right Center Midfield,Tackle,Success In Play,1,26.8,68.4
82773852-cde2-40ba-b8f4-0e42df0f76dd,3857257,2,66,792,33492,Center Forward,Aerial Lost,,0,112.2,9.2
f0f7c2a7-1b8e-4ae7-a92d-7fe170dddac7,3857257,2,66,776,8247,Right Center Back,Aerial Lost,,0,9.0,65.5
55c630a7-92bc-46a4-85a8-9fdbb773983e,3857257,2,68,792,33488,Left Defensive Midfield,Aerial Lost,,0,6.2,27.8
f8d1dc57-71c6-4061-ae40-2798ebc59169,3857257,2,69,776,3043,Left Defensive Midfield,Aerial Lost,,0,49.7,23.2
ab09d524-3dde-4982-bb6e-b0d888acebd5,3857257,2,69,792,33477,Right Wing,Aerial Lost,,0,64.6,12.7
d583c9cf-c986-489e-b28f-d90912fc7973,3857257,2,70,776,3043,Left Defensive Midfield,Aerial Lost,,0,77.3,31.8
5f24de3f-c602-485d-b6dc-7b14f4e94c16,3857257,2,70,792,5490,Center Attacking Midfield,Tackle,Lost In Play,0,49.6,44.3
268d00aa-a542-4988-b756-80e6a4708dbb,3857257,2,71,776,16294,Left Back,Aerial Lost,,0,44.8,5.0
de1ff4ee-3db3-4d96-ac4e-7d2cb4b22c88,3857257,2,71,792,15957,Right Back,Aerial Lost,,0,57.5,71.6
d88382dc-7af4-438d-a017-b16cd1496d6c,3857257,2,76,776,24547,Right Back,Tackle,Lost Out,0,32.4,74.1
cc1fbc7e-2ac3-45be-ac3d-ae21cdf6c9f3,3857257,2,77,776,24547,Right Back,Tackle,Success In Play,1,17.0,58.6
1612affe-360f-4a36-9d16-1875642f4644,3857257,2,78,792,15957,Right Wing Back,Tackle,Won,1,39.1,73.4
a99efc61-47de-47dd-8a05-2c7178516e16,3857257,2,79,776,3570,Right Defensive Midfield,Aerial Lost,,0,74.2,4.7
d02f141f-b4ca-41fe-b38f-1bc96460865c,3857257,2,79,792,33488,Right Wing,Aerial Lost,,0,52.3,72.4
c20b904e-ff74-433f-b929-5e7f4a2391a4,3857257,2,79,792,22371,Right Center Back,Aerial Lost,,0,33.9,60.3
c4465dd4-cd52-4249-92fb-0d12552e1ae4,3857257,2,82,776,5732,Right Center Forward,Aerial Lost,,0,88.7,37.5
95186c33-4d42-4832-bbc6-d4b1a9749c9b,3857257,2,82,792,3281,Right Defensive Midfield,Aerial Lost,,0,25.9,53.4
5cf48c9f-2d6b-4fa0-a2fb-8e685fd74e46,3857257,2,82,792,5481,Left Wing,Aerial Lost,,0,78.0,9.3
4fc58ce7-19af-4db8-9ed1-c191aeb76276,3857257,2,83,792,22293,Center Back,Aerial Lost,,0,28.9,49.2
5410fe7e-2d26-410e-ac35-1b061d47cd22,3857257,2,84,792,9980,Center Forward,Aerial Lost,,0,81.0,26.6
ab91d48e-71e1-406c-a57c-4aad4b84b0fc,3857257,2,84,776,5732,Right Center Forward,Aerial Lost,,0,62.6,43.5
065daca3-467f-473f-889b-3dcee304a3d8,3857257,2,85,776,5732,Right Center Forward,Aerial Lost,,0,39.4,5.4
6728540b-73da-4a70-b21e-39e8895aa2a9,3857257,2,86,792,22371,Right Center Back,Aerial Lost,,0,15.3,56.5
9630269c-7265-45de-b399-c8435ef76a7e,3857257,2,86,776,3043,Left Defensive Midfield,Aerial Lost,,0,96.9,38.0
a4fac3a9-b79c-4cf6-ae91-459c206f0095,3857257,2,86,792,5481,Left Wing,Aerial Lost,,0,32.0,18.4
0167c272-f42d-4f0d-a191-0b83a3b49b1d,3857257,2,87,792,22293,Center Back,Tackle,Lost In Play,0,13.9,31.1
205eddf3-bac0-46c0-ab9a-0fa81f212dd5,3857257,2,88,792,8859,Left Wing,Aerial Lost,,0,74.8,6.4
04758726-48ff-41f6-be2e-1429eb1381b6,3857257,2,90,792,8859,Left Wing,Aerial Lost,,0,74.8,5.2
9876f864-c0e9-4f82-8ec1-96e6db439f9f,3857257,2,90,776,5732,Right Center Forward,Aerial Lost,,0,92.0,39.8
23a24d52-954b-48c6-ae9d-01e1c1582cf4,3857257,2,90,776,27569,Left Midfield,Tackle,Won,1,43.8,72.9
e8ffcef2-296e-4f68-b40a-1374ce8d3173,3857257,2,91,792,33495,Left Center Back,Tackle,Lost In Play,0,26.9,26.2
f907abc0-d0fd-4d56-bbf8-b2e0cf64d703,3857257,2,91,792,22371,Right Center Back,Aerial Lost,,0,14.8,59.9
4f0039c2-a3c0-4875-9691-b81db8daf237,3857257,2,92,776,5732,Right Center Forward,Aerial Lost,,0,92.6,27.8
20255799-24ac-4a95-b1b3-83893ea7fd9f,3857257,2,92,792,22371,Right Center Back,Aerial Lost,,0,19.5,57.2
ca4830a8-65c1-4c51-9e24-281feb6c5b88,3857257,2,94,792,22293,Center Back,Aerial Lost,,0,22.8,24.3
b830dc0c-922f-4655-8388-d5ceca840c4d,3857257,2,95,776,8247,Right Center Back,Aerial Lost,,0,38.4,74.5
8b88ac7b-0df9-4cc7-86a6-cf94e7b5abdb,3857257,2,96,776,3959,Left Center Back,Tackle,Lost In Play,0,38.5,55.7
4d8132e0-e15e-4049-854e-68dd3352ed87,3857258,1,0,786,6318,Right Wing Back,Tackle,Won,1,52.3,67.2
4ed1382f-5d11-4af4-98c4-e95ed7129ab8,3857258,1,4,781,18395,Left Wing,Tackle,Won,1,38.1,15.5
a81b88b1-061d-43dd-b9c1-7b20c7033cec,3857258,1,4,786,5589,Left Attacking Midfield,Tackle,Lost In Play,0,74.7,47.0
8aafd3d6-08f1-4ec2-9e0f-2dd3948e1328,3857258,1,5,781,22600,Right Defensive Midfield,Tackle,Won,1,39.8,62.8
d6aa1dc6-7530-4647-8494-26681e617649,3857258,1,7,781,5539,Left Defensive Midfield,Aerial Lost,,0,32.4,59.8
677a1bcf-02b1-41a0-b173-cf3499a9303a,3857258,1,7,781,3280,Center Forward,Aerial Lost,,0,58.5,57.7
eb8c9e48-1299-4837-8204-9d4a180dcff1,3857258,1,8,781,10595,Right Wing,Tackle,Lost Out,0,17.0,70.9
3ed1db54-95a5-43be-b2cc-39cbb4158c60,3857258,1,9,786,6687,Right Defensive Midfield,Tackle,Success In Play,1,14.6,48.5
7b3a5a1b-39f5-41f3-9708-a7423a409593,3857258,1,9,781,4372,Right Center Back,Aerial Lost,,0,80.5,39.5
4a78599e-5a5f-48bb-b790-c2508dd7935c,3857258,1,9,786,4269,Center Forward,Aerial Lost,,0,61.0,48.5
1f532529-7d10-4301-957c-1e9834f2ab17,3857258,1,11,781,5539,Left Defensive Midfield,Tackle,Lost In Play,0,66.6,54.5
4b33fc6d-7b37-4acf-a242-f75c00dc2696,3857258,1,11,781,10595,Right Wing,Tackle,Won,1,68.7,65.0
cbf2caba-f9f2-4e87-beb1-d0759dff8779,3857258,1,15,786,3831,Right Attacking Midfield,Aerial Lost,,0,63.4,69.3
dc0e66c9-fb82-487a-9f19-8ecdbc32eb79,3857258,1,15,781,4320,Center Attacking Midfield,Aerial Lost,,0,71.5,31.8
96e82f39-a4b4-4b22-9a24-9d19c3326a39,3857258,1,18,786,6318,Right Wing Back,Tackle,Won,1,51.6,77.6
5cc52246-62d7-49ce-8234-78b36c88ac01,3857258,1,18,786,5603,Right Center Back,Tackle,Lost Out,0,42.8,77.0
775c4d8e-e4a5-476b-ab6d-6c428976ec72,3857258,1,19,781,22600,Right Defensive Midfield,Aerial Lost,,0,79.8,62.4
c1af689e-c519-4582-8b71-3e4eb1c27599,3857258,1,20,786,5589,Left Attacking Midfield,Aerial Lost,,0,33.6,23.1
b2c63302-5983-48ed-b02c-f77f54bfc38e,3857258,1,21,786,5589,Left Attacking Midfield,Aerial Lost,,0,65.1,22.0
f1d45224-b756-4f78-857f-b336f2c1533f,3857258,1,21,786,6687,Right Defensive Midfield,Tackle,Won,1,57.6,61.6
d1227d26-4b8e-45bf-96a3-d4a7dd98f450,3857258,1,23,781,10595,Right Wing,Tackle,Lost Out,0,118.1,64.7
c6b0f7f7-bd88-458e-bae5-72e7a7902b7e,3857258,1,24,781,3280,Center Forward,Aerial Lost,,0,91.2,38.4
6acd92a8-f271-4548-8d85-afbd608024c5,3857258,1,26,786,3831,Right Attacking Midfield,Tackle,Won,1,39.2,66.7
55a09bad-d182-4330-b461-96d054f9c6da,3857258,1,31,781,22600,Right Defensive Midfield,Tackle,Won,1,28.1,12.3
1789dd16-f2c2-4263-b60f-f1f5cee40bc3,3857258,1,32,786,3831,Right Attacking Midfield,Tackle,Success In Play,1,44.1,69.5
bb385edb-aa4b-47c2-9ffc-8effb38d46e1,3857258,1,33,786,4269,Center Forward,Aerial Lost,,0,51.2,43.2
d8ba83dd-0086-4db9-9908-8df8e5c53d88,3857258,1,35,786,16489,Left Defensive Midfield,Tackle,Lost Out,0,85.8,25.4
bac79278-9b1f-478f-b843-a15986d06f08,3857258,1,36,781,10595,Right Wing,Aerial Lost,,0,6.5,51.2
ddbcf53b-eb61-49e9-b1da-f6efb4f514f4,3857258,1,36,781,10595,Right Wing,Aerial Lost,,0,55.7,72.9
c3cd2719-3ba1-48fe-aaee-51afa7566640,3857258,1,37,781,22600,Right Defensive Midfield,Tackle,Lost In Play,0,73.6,72.9
1dabda5f-eb52-4e23-bd6b-960995739351,3857258,1,40,781,22600,Right Defensive Midfield,Tackle,Success In Play,1,32.1,27.5
c627f40f-ca4e-49b9-bf44-f7a4b29d4253,3857258,1,42,781,4320,Center Attacking Midfield,Aerial Lost,,0,70.6,24.5
dc4da458-a2be-4ecf-bab1-15fa6a19e494,3857258,1,42,786,6687,Right Defensive Midfield,Tackle,Lost In Play,0,48.2,28.4
c16f3145-44c6-4e6d-a9bd-7b0bebed632b,3857258,1,45,781,3280,Center Forward,Tackle,Lost Out,0,93.3,2.7
1379fc7f-c3bf-4b8d-95d0-9c8c8125b249,3857258,2,45,781,10595,Right Wing,Tackle,Won,1,99.1,55.9
2d235485-b370-4a43-9025-fc1e1533e305,3857258,2,46,786,5589,Left Attacking Midfield,Aerial Lost,,0,72.5,25.5
49f85875-9ccf-49a0-b97c-0c24c960746a,3857258,2,48,781,5539,Left Defensive Midfield,Tackle,Won,1,49.6,12.0
c0b4b5af-85ae-48ec-992b-513731b1ad2d,3857258,2,51,786,16489,Left Defensive Midfield,Aerial Lost,,0,32.5,53.2
7361ae21-d87a-4a44-9494-128935f94f58,3857258,2,52,786,27719,Left Center Back,Tackle,Success In Play,1,11.5,24.0
efacdd7b-0613-49c3-ba45-d17bd674e2c6,3857258,2,52,786,7993,Left Wing Back,Tackle,Lost In Play,0,38.9,13.5
2be50e2f-d4e6-4168-996e-48ed1314e8a1,3857258,2,52,786,4269,Center Forward,Aerial Lost,,0,63.8,4.2
e3d352a4-0353-49bb-af07-5a8b69ec38e9,3857258,2,55,786,5589,Left Attacking Midfield,Aerial Lost,,0,81.5,21.4
abd77d7d-456a-42f8-9913-2bc44756a978,3857258,2,55,786,3831,Right Attacking Midfield,Aerial Lost,,0,73.3,31.7
1d6946c9-5cce-49f5-9533-69331ee7a452,3857258,2,57,781,3063,Right Back,Aerial Lost,,0,73.7,56.9
6c8d47fa-e915-46f2-8d10-cf6a3a8d5b53,3857258,2,58,786,4269,Center Forward,Aerial Lost,,0,113.3,28.3
998bd6ac-e1f8-46dc-9bf9-2e14aaafcd9a,3857258,2,60,781,22600,Right Defensive Midfield,Aerial Lost,,0,35.0,61.0
770f83fa-b3ab-4489-9e04-6da6af7d519f,3857258,2,63,781,3295,Left Center Back,Tackle,Success In Play,1,21.9,13.8
b7c877fa-8740-45a3-a617-422962713f31,3857258,2,65,781,3063,Right Back,Tackle,Won,1,4.8,69.5
12f905f8-893a-4f3d-a873-3af6d155233b,3857258,2,65,781,4372,Right Center Back,Tackle,Lost In Play,0,31.2,66.6
5d44fdbd-5b78-46dc-be5a-be4974b7a0bd,3857258,2,66,786,5603,Right Center Back,Tackle,Lost In Play,0,27.1,28.6
f86b5c2e-708b-4cc1-a415-99c4da559e50,3857258,2,68,781,3295,Left Center Back,Aerial Lost,,0,8.3,41.6
f71dfa8d-366e-4133-8c9d-ddc0573f18e9,3857258,2,69,786,5603,Right Center Back,Tackle,Success In Play,1,80.2,67.6
57acaf9a-8c9f-4b7f-baf5-5a0f51400bb3,3857258,2,69,786,4269,Left Center Forward,Aerial Lost,,0,116.1,32.7
19e31151-b420-44ba-a076-9a6ad58f3695,3857258,2,69,781,6945,Left Back,Aerial Lost,,0,4.8,35.9
7c7171e9-d7e6-4e1a-8e7b-ceb44d2752eb,3857258,2,69,786,4269,Left Center Forward,Aerial Lost,,0,117.1,36.8
ed7e200f-1ae3-4b3b-a399-b51fc1f90442,3857258,2,70,781,3280,Center Forward,Aerial Lost,,0,76.8,43.8
89e808b8-8ff4-49c0-899b-80e06bfbcca7,3857258,2,71,786,27719,Left Center Back,Tackle,Lost Out,0,56.4,0.1
d25032b0-6f6e-48a2-964a-cf08e210d956,3857258,2,75,781,5539,Left Defensive Midfield,Aerial Lost,,0,73.0,9.2
f1f542ca-6a21-4fee-9c33-fddabe982a18,3857258,2,75,781,10595,Right Wing,Tackle,Lost In Play,0,67.6,43.6
e983acd6-f122-432a-a543-4c58b42cfb01,3857258,2,76,786,5603,Right Center Back,Tackle,Lost In Play,0,11.0,48.3
9bd99b90-a4f0-48a8-898d-3757e97c627e,3857258,2,77,786,5603,Right Center Back,Tackle,Success In Play,1,14.3,68.1
e932d83d-8e20-49f8-ba0b-5f06c0e7e18a,3857258,2,80,786,30179,Right Defensive Midfield,Aerial Lost,,0,41.5,47.8
8a0758e4-5d88-479f-a51f-69ddb53b75a1,3857258,2,83,781,3295,Left Center Back,Aerial Lost,,0,53.0,49.7
2a05496e-13f0-4e9a-ac44-1348fc019274,3857258,2,84,786,5603,Right Center Back,Tackle,Won,1,89.2,56.3
143ba64b-b9ee-4fa3-86ae-8e2a2160b930,3857258,2,87,781,5539,Left Defensive Midfield,Aerial Lost,,0,33.7,61.8
802b6144-b04f-42bf-8132-f99509446c38,3857258,2,87,781,25104,Center Attacking Midfield,Aerial Lost,,0,43.5,50.7
548e0a03-5a57-46c0-aac6-4848157c31ff,3857258,2,88,781,5539,Left Defensive Midfield,Aerial Lost,,0,28.4,32.0
986ac59a-8c7c-49c9-b822-57a286bcd419,3857258,2,89,786,6321,Center Back,Tackle,Lost In Play,0,23.3,4.5
8bd2eb4b-29bb-463d-a109-d7494e8a4cf5,3857258,2,90,781,6945,Left Back,Tackle,Lost In Play,0,50.9,31.8
fd9ff18a-afed-49d8-8cd5-4ef07b6a172c,3857258,2,90,781,25363,Right Wing,Tackle,Lost In Play,0,16.6,72.8
26da5c8a-8aad-4f55-b356-2d9fa3fe8d87,3857258,2,91,781,29976,Left Wing,Aerial Lost,,0,43.5,6.6
55b09a52-d964-4ca8-9bf7-a9b3a22eb180,3857258,2,93,781,29976,Left Wing,Aerial Lost,,0,50.7,17.7
1bf04572-3d5c-44cd-9c4c-63804af716b9,3857288,1,0,792,5490,Right Defensive Midfield,Tackle,Lost In Play,0,50.3,65.8
18806e4c-6bb5-42bf-9787-615d5f3eca0e,3857288,1,0,792,28370,Right Back,Tackle,Won,1,27.2,72.0
bc5d4ceb-ce00-46f5-88a1-1e67f3f90702,3857288,1,0,792,3281,Left Defensive Midfield,Tackle,Lost In Play,0,27.7,35.0
7c0b374a-e8cd-4329-a642-11d0dccb480d,3857288,1,0,777,30681,Left Wing Back,Aerial Lost,,0,108.3,31.2
2041f797-6667-4c04-8763-15fc8b890563,3857288,1,1,777,32450,Left Center Back,Aerial Lost,,0,50.9,8.3
3c0cffeb-612a-497c-acae-213aee20cc20,3857288,1,1,792,5490,Right Defensive Midfield,Aerial Lost,,0,59.3,66.5
f103c8c3-15e9-496a-9b36-7b5b985980f6,3857288,1,2,777,16352,Center Forward,Aerial Lost,,0,55.4,56.4
3d06c429-b55e-417c-b633-40cc56a9b015,3857288,1,3,777,32450,Left Center Back,Aerial Lost,,0,40.7,10.9
29f30dfc-4de7-4a4a-a352-d60b84d08fa1,3857288,1,5,792,22293,Right Center Back,Aerial Lost,,0,110.4,43.6
1ec2da1b-ecb7-4cd7-a80f-5f883ad5d8e5,3857288,1,6,777,30681,Left Wing Back,Tackle,Lost In Play,0,33.0,9.8
6b4c838b-ea3e-42d2-9ce4-5ff3ec3f51eb,3857288,1,6,792,8346,Left Midfield,Aerial Lost,,0,102.7,20.9
a2dcf839-cc5c-4a79-ab5c-209ea6ad74d2,3857288,1,6,792,8346,Left Midfield,Aerial Lost,,0,88.2,6.4
9a99bad9-64c8-4443-9fcb-c0c1e5f920a9,3857288,1,7,777,9236,Right Wing Back,Tackle,Lost Out,0,38.3,76.7
744e4467-9ffb-4188-91fa-4f5afca9cb96,3857288,1,7,777,5655,Right Center Back,Tackle,Lost Out,0,5.2,75.7
ec5a65b8-4542-40dc-b6e0-ae8cd816ec66,3857288,1,8,792,3281,Left Defensive Midfield,Tackle,Success In Play,1,99.5,3.1
42147c5a-9e6c-49da-8ac0-a04ffb488d80,3857288,1,11,777,30681,Left Wing Back,Aerial Lost,,0,25.5,7.7
e72be01e-ba85-4448-a1cc-bb637d1646b7,3857288,1,12,792,8346,Left Midfield,Aerial Lost,,0,74.7,13.0
8b8af7ca-627d-457c-8000-a1117979a08e,3857288,1,13,792,28370,Right Back,Aerial Lost,,0,84.8,75.2
ad6d04a4-46e4-4546-84d7-857092ada78b,3857288,1,14,777,32450,Left Center Back,Aerial Lost,,0,6.7,26.9
56448f38-eec0-4271-8723-43d758343c1b,3857288,1,14,777,3767,Right Defensive Midfield,Tackle,Success In Play,1,24.6,42.3
ca5bcb18-c1b2-47d5-88b8-78573a7f43d0,3857288,1,14,792,8346,Left Midfield,Tackle,Success In Play,1,80.9,29.7
5cc2e873-9ed5-4a0a-b01c-b517dc4cc37e,3857288,1,16,777,16352,Center Forward,Aerial Lost,,0,68.7,56.2
cf1c6cb9-c936-445c-9874-4fe91c376b87,3857288,1,16,792,5481,Right Midfield,Aerial Lost,,0,73.0,65.8
51965775-e65d-40d7-9b8b-f5436752fabc,3857288,1,18,792,33492,Right Center Forward,Aerial Lost,,0,107.2,35.7
0090a315-b56f-4d44-9159-89d576f3f9b7,3857288,1,19,792,3281,Left Defensive Midfield,Tackle,Lost In Play,0,56.3,5.9
0749bc9a-4d5d-47b6-93d9-c53e41933656,3857288,1,19,792,3281,Left Defensive Midfield,Tackle,Lost In Play,0,46.3,10.2
bac2d29a-a5bc-4e2d-894b-ee302b7b8875,3857288,1,21,792,5481,Right Midfield,Aerial Lost,,0,70.6,72.0
76bff557-e3fa-4a9a-8625-39bf9ed43ab9,3857288,1,28,777,3557,Right Attacking Midfield,Aerial Lost,,0,81.8,59.8
d0b929cf-05c2-4255-b3a4-7ffcf10f90a4,3857288,1,28,777,5655,Right Center Back,Tackle,Success Out,1,70.0,74.8
8418120b-57e5-461b-a07a-5b63bd939e8f,3857288,1,29,777,5651,Center Back,Aerial Lost,,0,33.2,53.2
abaa7e00-e688-4fd8-b4f9-da83bdbdfcf7,3857288,1,29,777,23910,Left Attacking Midfield,Aerial Lost,,0,50.9,55.1
6f389e19-3ddb-46b2-801b-c166b7923f4d,3857288,1,30,792,28370,Right Back,Aerial Lost,,0,20.8,72.9
f9b3acf1-27a3-4409-b23b-84f6aab70f98,3857288,1,31,792,5490,Right Defensive Midfield,Aerial Lost,,0,86.9,58.8
f8f99070-4c8c-47c6-8ad4-1861de936e5d,3857288,1,32,792,33492,Right Center Forward,Aerial Lost,,0,90.3,57.3
e17d9ea7-f030-46c4-8c33-f1d6e0e86d8d,3857288,1,34,777,16352,Center Forward,Aerial Lost,,0,68.9,53.9
54e4b282-daa5-4d33-b428-a75de60d1b47,3857288,1,34,777,9236,Right Wing Back,Aerial Lost,,0,79.8,54.9
d2d877e4-f11a-4574-8681-3478c6a95995,3857288,1,34,792,33477,Left Center Forward,Aerial Lost,,0,82.4,2.1
eecd39dd-3b54-46a3-9e30-30d15286b8c2,3857288,1,34,792,3281,Left Defensive Midfield,Tackle,Won,1,81.8,11.9
0735f062-1b31-40d6-9ea6-1720305a6f6f,3857288,1,37,777,16352,Center Forward,Aerial Lost,,0,91.8,47.0
23cfeb22-4891-41c3-9df0-641e58ac4d9d,3857288,1,37,777,9236,Right Wing Back,Aerial Lost,,0,75.1,56.6
b12d888d-ffb1-4c1d-aaa7-5b951fa6f422,3857288,1,39,777,23910,Left Attacking Midfield,Aerial Lost,,0,79.4,47.9
45c4376a-c103-47d1-97aa-fcf4b707bca2,3857288,1,40,777,16352,Center Forward,Aerial Lost,,0,114.9,45.5
df08c696-9b1a-4658-843c-e245ad6b412b,3857288,1,41,777,44955,Left Defensive Midfield,Aerial Lost,,0,38.5,7.7
07aed7eb-7257-452d-bead-745b750359b3,3857288,1,42,777,44955,Left Defensive Midfield,Aerial Lost,,0,50.5,15.1
0d2a9905-a139-4ee2-af79-53cca101ade0,3857288,1,42,792,5490,Right Defensive Midfield,Tackle,Success In Play,1,68.7,64.3
809fcd23-78f8-4fc3-9eb0-84a7b07a2957,3857288,1,43,777,32450,Left Center Back,Aerial Lost,,0,15.2,39.5
741130d5-d434-4e76-ab34-e06600d3bef6,3857288,1,43,777,30681,Left Wing Back,Aerial Lost,,0,86.0,29.0
13ea460c-79b1-4fc7-9244-7aca054859cb,3857288,1,43,777,23910,Left Attacking Midfield,Aerial Lost,,0,34.5,12.8
fb47388d-c5c1-4d5f-9289-e5dfeb458b23,3857288,1,46,777,16352,Center Forward,Aerial Lost,,0,115.8,59.4
9f0f9123-73ef-4671-b1f6-260e5bfea735,3857288,1,47,792,33492,Right Center Forward,Aerial Lost,,0,38.3,24.5
2bed1133-25ae-4ce8-b544-de15d7185d87,3857288,1,47,792,5481,Right Midfield,Aerial Lost,,0,73.6,71.2
663313f6-70b6-4806-b4f2-de40d4a9a322,3857288,1,47,777,23910,Left Attacking Midfield,Aerial Lost,,0,62.7,10.0
736960e9-a693-4335-b7ec-d23e58965652,3857288,1,48,792,5490,Right Defensive Midfield,Aerial Lost,,0,62.9,69.2
f52a9b53-49e6-4ad7-a03e-1101534b8d51,3857288,1,48,777,30681,Left Wing Back,Tackle,Lost In Play,0,52.9,10.9
db29c2fb-9180-4636-abeb-6138871c181e,3857288,1,48,792,33495,Left Center Back,Aerial Lost,,0,54.2,37.4
2409be4c-6754-42de-98a0-388b37c7b0ef,3857288,1,48,777,30681,Left Wing Back,Aerial Lost,,0,31.9,12.4
c71f20b5-9bd0-4b1c-aa4f-25fe19d1cbee,3857288,1,49,777,16352,Center Forward,Aerial Lost,,0,111.7,45.5
010f8e04-7351-4edf-9d3c-8b070e5883fd,3857288,2,45,792,5481,Right Midfield,Tackle,Won,1,52.7,72.9
47abad0f-cd3f-475b-8d43-5cb16e2ae5f5,3857288,2,45,777,3767,Center Defensive Midfield,Tackle,Lost In Play,0,60.2,9.3
095bc89f-5b96-48da-9031-4ce5984c4b5a,3857288,2,47,777,44955,Left Center Midfield,Aerial Lost,,0,93.3,61.3
7b517bb9-77f3-4046-ba7c-da37c7560e6e,3857288,2,47,792,8346,Left Midfield,Tackle,Lost Out,0,43.9,11.7
33f445d3-c328-45cf-b338-5f08af6ff1ad,3857288,2,48,792,28370,Right Back,Aerial Lost,,0,42.8,71.2
e4b06ded-80ff-44f7-b952-1aede6a6d83e,3857288,2,49,792,5481,Right Midfield,Aerial Lost,,0,77.5,73.7
04cc0771-5f04-41f8-b775-84058262fc79,3857288,2,51,792,5479,Left Back,Tackle,Lost Out,0,21.4,4.7
e0545166-c59a-45ef-bd96-0f2625040d5d,3857288,2,53,777,5655,Right Back,Aerial Lost,,0,107.7,35.9
ce434d43-9651-4d2b-96b3-c4414dbeca32,3857288,2,53,792,8346,Left Midfield,Aerial Lost,,0,57.4,23.3
2efbf1b7-f265-4400-869e-a09c26ebcde9,3857288,2,55,792,5481,Right Midfield,Tackle,Success In Play,1,62.9,45.9
c092e67f-b57f-46c6-9531-34a881a0f0b2,3857288,2,56,792,33495,Left Center Back,Tackle,Lost In Play,0,68.3,5.5
2b44285e-bce9-4b20-8f8f-a06d1c60ef35,3857288,2,58,777,23910,Left Wing,Aerial Lost,,0,104.7,12.1
2b19cfd3-69e2-4d63-a31f-f54826d4d3a4,3857288,2,59,777,3557,Right Wing,Tackle,Won,1,70.4,60.5
ce45b244-0d83-47d7-b031-88c574935b21,3857288,2,59,777,5655,Right Back,Aerial Lost,,0,94.2,76.7
6d38ba50-070e-404d-9aa3-f99d27effb06,3857288,2,61,777,30681,Left Back,Tackle,Success Out,1,69.6,7.4
000b2966-1a35-450f-89af-57c54b048555,3857288,2,62,792,5479,Left Back,Tackle,Won,1,52.4,4.2
95b84c92-1710-4e20-bbe3-1add47a4f3e8,3857288,2,62,792,5481,Right Midfield,Aerial Lost,,0,57.8,53.6
85529b75-f33e-4b3e-b65f-a60741c02b4c,3857288,2,63,792,5490,Right Defensive Midfield,Tackle,Won,1,36.6,61.6
70730b88-8dfd-4a7c-997d-be54defc2b7a,3857288,2,65,777,5650,Right Center Midfield,Tackle,Won,1,43.7,39.1
6a4916e3-4331-4f4d-b598-4ec5ba63f3dd,3857288,2,68,777,32450,Left Center Back,Tackle,Won,1,28.3,2.1
dd5347d2-ca3e-45d4-9be2-1951076a80af,3857288,2,70,792,8346,Left Midfield,Tackle,Success In Play,1,77.0,4.4
781ed188-5dea-4ad7-b0f4-3a5218f48d12,3857288,2,70,777,3196,Center Attacking Midfield,Tackle,Lost In Play,0,68.1,69.0
4d71551c-c517-48a4-857f-2474ef175e22,3857288,2,71,777,30681,Left Back,Aerial Lost,,0,109.6,43.4
ec3e6f08-03f2-480c-9d4c-77a7794c99cc,3857288,2,73,792,5481,Right Midfield,Aerial Lost,,0,114.3,53.0
5f339766-2a08-4cbe-b139-bb0577fc85cd,3857288,2,74,792,28370,Right Back,Aerial Lost,,0,10.0,42.1
6c413da2-697f-44ed-9629-253cadcd6e9e,3857288,2,75,792,5481,Right Midfield,Aerial Lost,,0,76.4,64.6
f7ad859c-432d-49d0-aa66-64cc96f0bc42,3857288,2,75,777,3557,Right Wing,Tackle,Success Out,1,92.9,75.2
3625c18c-488e-4f22-8edc-07e1943ce688,3857288,2,76,777,23910,Left Wing,Aerial Lost,,0,75.1,21.3
4812e4ad-30c8-4a5f-8e2e-d34413dd15b4,3857288,2,76,777,5651,Right Center Back,Tackle,Lost In Play,0,8.6,69.2
d12e01ae-2c09-413b-909d-adf6660cba8a,3857288,2,78,777,32450,Left Center Back,Aerial Lost,,0,46.3,10.4
cb93237b-b854-4c20-9c7b-09ab036c5997,3857288,2,78,792,3281,Left Defensive Midfield,Aerial Lost,,0,56.7,41.2
6af4dbf2-f8f6-44e0-b433-423981f4950d,3857288,2,78,792,8346,Left Midfield,Aerial Lost,,0,63.8,34.2
fddaee75-0cfc-479c-993c-dd40a3b98856,3857288,2,80,792,33495,Left Center Back,Tackle,Lost In Play,0,56.1,49.2
db2b79e6-065b-4f0d-a418-11313bdcc926,3857288,2,82,792,22293,Right Center Back,Tackle,Lost In Play,0,50.7,51.1
826579dc-785a-494f-b965-3b8b13820a44,3857288,2,83,792,5481,Right Midfield,Aerial Lost,,0,74.3,69.5
6060d838-b988-4112-a1ff-ec90495e0aad,3857288,2,83,792,9980,Left Center Forward,Aerial Lost,,0,74.5,76.7
361e0534-59b8-4bcb-a9bb-f1a79c3c74e8,3857288,2,84,777,5651,Right Center Back,Tackle,Lost Out,0,15.7,2.9
a623ecb4-30bb-4fe6-90db-115f235580c8,3857288,2,85,777,5651,Right Center Back,Aerial Lost,,0,9.9,28.4
4d8d714e-d213-4f8c-a1d8-d3b8a766597b,3857288,2,85,777,3196,Center Attacking Midfield,Aerial Lost,,0,29.2,19.8
82a25a56-9ccc-4bee-8220-e16181357ffd,3857288,2,85,792,33495,Left Center Back,Tackle,Success In Play,1,49.0,26.7
c2d3a4cd-63f8-48f4-afb5-f23fe4a6cacf,3857288,2,86,777,3196,Center Attacking Midfield,Tackle,Lost In Play,0,32.6,16.4
c2d56b1c-3159-4c7a-88be-a381f42dd348,3857288,2,88,792,3281,Left Defensive Midfield,Tackle,Lost In Play,0,38.3,27.1
8622a396-6198-4cb7-8bf4-1189be9fd8d3,3857288,2,89,777,5651,Right Center Back,Tackle,Lost In Play,0,78.6,71.2
6656d6b5-abe6-4028-811d-23ee23b93955,3857288,2,89,777,5650,Right Defensive Midfield,Tackle,Lost In Play,0,73.0,50.8
defe5385-13dc-4d4d-a349-793ceeba663e,3857288,2,91,792,33488,Right Midfield,Aerial Lost,,0,11.6,49.6
cc86b1b8-30cd-4c07-9385-1639f6381719,3857288,2,91,792,15957,Right Back,Tackle,Lost In Play,0,4.5,54.5
43bc179c-6d01-47c8-90f2-fbf85cab9f52,3857288,2,93,792,15957,Right Back,Aerial Lost,,0,45.0,76.3
8194b925-9b29-40dc-8b08-2722ee721814,3857288,2,94,792,9980,Left Center Forward,Aerial Lost,,0,79.4,73.1
e8fb3034-1293-41e5-97c0-fe5e7a28dca4,3857288,2,94,777,128793,Center Forward,Aerial Lost,,0,98.9,20.7
05867e85-58e0-4fc9-8387-28403348ccf6,3857267,1,0,787,5675,Right Center Back,Tackle,Success In Play,1,25.0,45.0
c4f2fe32-d7e1-447d-9455-1bfb70392855,3857267,1,1,3565,12583,Center Defensive Midfield,Tackle,Won,1,55.9,25.8
7cc09d73-03de-419f-b490-65e613817946,3857267,1,1,787,32915,Left Back,Aerial Lost,,0,33.1,3.8
1af448ee-f8a3-427a-8fdb-e3129049dd68,3857267,1,3,787,31751,Right Defensive Midfield,Tackle,Won,1,36.7,24.5
009a86fb-2024-4976-9724-07ff6d6fdb10,3857267,1,4,3565,24085,Left Back,Tackle,Lost Out,0,54.6,8.6
010f8d3c-abf8-44dc-9eb4-ed74ace8d3e1,3857267,1,7,3565,37737,Right Back,Tackle,Lost In Play,0,77.3,72.6
80a31e32-4e02-4f29-8caa-155629747b16,3857267,1,7,787,3436,Center Attacking Midfield,Aerial Lost,,0,97.0,65.1
7df6189a-96ca-48c0-ac45-36df9f4200c0,3857267,1,8,3565,34396,Center Forward,Aerial Lost,,0,81.2,72.9
7a4caf1c-37c5-473a-80aa-da9e74c33e12,3857267,1,11,3565,37737,Right Back,Aerial Lost,,0,38.8,76.9
236ec73c-ef9a-4f3f-b3b7-d2713cc5d3f1,3857267,1,12,787,21026,Left Defensive Midfield,Aerial Lost,,0,42.5,10.5
46f5136e-710b-4110-80b3-fd20f8cdd7fc,3857267,1,14,3565,34396,Center Forward,Aerial Lost,,0,86.3,62.4
5ed38b65-6dc9-4c5a-a190-37f1bb8e4fba,3857267,1,16,3565,34396,Center Forward,Aerial Lost,,0,80.5,60.4
1b537f9e-4b36-4604-b861-2c9ba00c8cfd,3857267,1,17,787,3436,Center Attacking Midfield,Tackle,Success Out,1,117.9,65.6
6104ab7e-4df0-437a-8b7d-97520b9c507f,3857267,1,18,3565,12583,Center Defensive Midfield,Aerial Lost,,0,28.0,71.1
353a3c27-7db4-4aa6-9d00-0639f813e0a5,3857267,1,23,3565,37945,Right Center Midfield,Aerial Lost,,0,51.4,60.8
004360b3-de90-46bb-b947-43c36319f8c7,3857267,1,25,787,5675,Right Center Back,Tackle,Lost Out,0,12.9,72.0
a69676a7-31f1-4fc6-801e-7a72054bdbef,3857267,1,26,3565,12583,Center Defensive Midfield,Tackle,Success In Play,1,45.3,25.7
3d5e90d3-5095-4849-80a6-046472750135,3857267,1,26,3565,37945,Right Center Midfield,Tackle,Success In Play,1,54.3,38.9
fea6584e-d0f5-4cab-a7c5-45195c10947d,3857267,1,28,3565,37726,Left Center Midfield,Tackle,Lost In Play,0,38.3,17.8
2fb446f3-9058-49b9-abc8-434440439c66,3857267,1,28,3565,38004,Left Center Back,Tackle,Success In Play,1,20.7,15.8
598dc38b-d9c5-45a4-b374-7320bf651a54,3857267,1,28,3565,34396,Center Forward,Aerial Lost,,0,71.1,65.3
48d715b0-f0d6-4068-890b-93141fd6fca9,3857267,1,28,787,21026,Left Defensive Midfield,Tackle,Lost Out,0,57.2,51.8
8b7d5a04-6c17-4cb0-8899-11a52344956b,3857267,1,30,3565,28559,Left Wing,Aerial Lost,,0,69.8,47.0
5de2254a-dbca-4de4-88ef-09d756d76f84,3857267,1,33,3565,37737,Right Back,Aerial Lost,,0,63.4,76.4
e7938ec6-8320-4a33-8b38-b39482da9a41,3857267,1,40,3565,34396,Center Forward,Aerial Lost,,0,85.8,70.5
5be2ec73-c030-46c8-a3c8-5170205e5de8,3857267,1,45,3565,28559,Left Wing,Aerial Lost,,0,93.8,32.2
c046d82d-181c-47d6-bbdd-3214725925bc,3857267,1,46,787,21026,Left Defensive Midfield,Tackle,Lost In Play,0,64.2,4.3
310676cb-5538-410c-9fb2-37815c45f3f8,3857267,1,47,787,8553,Left Center Back,Aerial Lost,,0,110.8,42.5
a95b4b38-4886-4651-b49f-554588b7d779,3857267,1,47,3565,37726,Left Center Midfield,Tackle,Success Out,1,4.7,11.0
fd863851-4751-45b9-afca-8e8673f69a46,3857267,2,50,3565,30111,Right Center Back,Aerial Lost,,0,26.9,67.7
70b579fc-b6ea-4b1d-ada8-99df07d268c4,3857267,2,51,3565,37737,Right Back,Tackle,Success In Play,1,50.2,66.8
a5ca8f93-331c-4232-bb89-51e55e4b6dd8,3857267,2,51,3565,34396,Right Center Forward,Aerial Lost,,0,64.5,54.1
88f2ef2e-0b9b-43ad-b446-22236370e444,3857267,2,54,3565,40211,Left Midfield,Tackle,Won,1,51.8,5.0
c150c327-3e63-467d-aea8-e477163a1ec2,3857267,2,55,787,80484,Right Wing,Aerial Lost,,0,61.5,76.6
babbc75d-4881-480d-9d22-b288e60f4771,3857267,2,56,787,2941,Left Wing,Aerial Lost,,0,37.8,23.1
8a98080e-837f-4294-bf73-46f8e7656cbf,3857267,2,57,787,3436,Center Attacking Midfield,Aerial Lost,,0,48.0,58.6
6b11abfb-04c4-40f1-887d-426dd2e74a33,3857267,2,57,3565,38004,Left Center Back,Aerial Lost,,0,63.3,24.5
91a7c024-bd63-4587-a83d-6fafafcfec9b,3857267,2,57,3565,37726,Left Defensive Midfield,Tackle,Won,1,68.7,21.6
bd2ca924-ab90-4e45-b02e-561b2db37b60,3857267,2,57,787,80484,Right Wing,Aerial Lost,,0,63.9,73.8
f4843897-5fdd-41e4-a281-69399efa7d6a,3857267,2,58,787,32915,Left Back,Tackle,Lost Out,0,9.6,9.7
beca2f3c-90e6-4dc0-9e6a-c7febc3282dc,3857267,2,58,3565,34396,Right Center Forward,Aerial Lost,,0,111.0,46.7
1565130c-1d04-4c8a-84ed-5a987200e6b8,3857267,2,59,3565,37737,Right Back,Aerial Lost,,0,33.9,73.8
dc83c2c0-24fa-486c-9e7f-cd483b2d3b46,3857267,2,60,787,8553,Left Center Back,Aerial Lost,,0,106.8,39.8
03479873-ad32-45e1-978e-7e9f1bb03dd0,3857267,2,71,3565,24085,Left Back,Aerial Lost,,0,88.8,11.4
43bd3da8-157e-454b-9713-fdec816ecec8,3857267,2,74,787,88123,Center Forward,Aerial Lost,,0,66.5,60.6
e4ebd906-facb-4be1-a8d8-900f82d9059a,3857267,2,74,787,21026,Left Defensive Midfield,Tackle,Lost Out,0,57.4,5.6
2d2e584b-865e-4b5f-a607-79c12295f0ed,3857267,2,75,3565,28559,Left Center Forward,Aerial Lost,,0,82.3,11.6
6b9151a1-db1a-4415-af08-c34633c6a848,3857267,2,75,787,8553,Left Center Back,Aerial Lost,,0,31.4,60.1
726fd229-5814-4789-970a-b62f6cb5221f,3857267,2,75,3565,91090,Right Center Forward,Aerial Lost,,0,111.5,41.7
135e1a5d-cd37-41fb-a576-3ad11d76508e,3857267,2,76,787,88123,Center Forward,Tackle,Success In Play,1,76.1,32.8
cdac721a-2ba2-4bbb-9c5f-37b3454a632a,3857267,2,76,3565,37737,Right Back,Tackle,Lost Out,0,1.8,48.7
5ecec429-6be6-45ff-ae5c-3ca028a61adc,3857267,2,77,3565,36148,Right Defensive Midfield,Tackle,Lost Out,0,4.3,61.1
a34eb43e-962a-4ed8-8c79-cd7e5610468d,3857267,2,78,787,5675,Right Center Back,Aerial Lost,,0,112.0,48.2
543cf7f7-ebe2-4636-bc5d-87ebabf62de3,3857267,2,78,787,21026,Left Defensive Midfield,Tackle,Success In Play,1,50.6,28.8
37c08078-f049-4c81-a2bf-b7f69afa0d9c,3857267,2,78,3565,38004,Left Center Back,Aerial Lost,,0,55.2,41.7
8ffedc52-b1c0-4245-8b61-9bccf1998422,3857267,2,79,3565,31152,Right Midfield,Tackle,Won,1,15.4,64.1
b7d28701-ca89-41e0-bd2d-5777737f9f62,3857267,2,79,3565,38004,Left Center Back,Tackle,Won,1,4.4,3.3
f4b5cb52-fbaa-4601-a61a-dda593da6353,3857267,2,82,787,88123,Center Forward,Aerial Lost,,0,81.6,32.1
dc14f3ea-beb6-4bb4-9815-50aeeab1db9f,3857267,2,83,3565,37737,Right Back,Tackle,Success In Play,1,45.4,71.1
ba6daf9d-97b5-4bc4-9e2b-8c8d8bcd51bf,3857267,2,84,3565,38004,Left Center Back,Tackle,Success In Play,1,15.2,3.9
517d928e-9f8d-4f62-b391-026f0d460de4,3857267,2,88,787,3404,Right Back,Aerial Lost,,0,15.4,59.3
5c68c40c-9024-444c-9675-c67b147b0bde,3857267,2,90,787,2941,Left Wing,Aerial Lost,,0,74.9,11.7
adb6107c-9449-4874-a478-ab7ba62b9800,3857267,2,90,787,88123,Center Forward,Aerial Lost,,0,88.7,25.1
2a7b8cf1-605c-44fc-aefc-4156e372f025,3857267,2,91,787,88123,Center Forward,Aerial Lost,,0,85.7,60.1
d22da138-a6d1-45a1-819a-f8c714474840,3857267,2,91,787,32915,Left Back,Tackle,Lost Out,0,6.1,4.0
e5e304ba-1166-444a-8ac1-9fb67304f7d5,3857267,2,93,3565,30111,Right Center Back,Aerial Lost,,0,109.5,38.3
bf173649-c44a-405e-af34-387d086d016e,3857267,2,95,787,88123,Center Forward,Aerial Lost,,0,76.9,29.4
9c654574-ee60-4cb4-a287-ff06cfe5bd87,3857267,2,95,787,4506,Right Defensive Midfield,Aerial Lost,,0,53.0,35.3
60190b74-abe0-4d30-8e69-db56c58cc362,3857267,2,95,787,88123,Center Forward,Aerial Lost,,0,48.4,38.6
61a9052e-a307-4e57-9f8b-13ca4aa0ceb3,3857267,2,95,3565,40211,Left Midfield,Aerial Lost,,0,99.2,28.6
b3f8d635-b692-4e82-9227-8beca8aa6376,3857287,1,0,783,7104,Left Back,Tackle,Success In Play,1,25.1,16.3
a815bb51-0126-4522-baf0-cf3b630055fc,3857287,1,0,791,41711,Right Wing,Tackle,Won,1,102.9,75.6
6ba7b18f-ba05-4a63-9dc4-dd77b2de1811,3857287,1,0,783,5260,Center Defensive Midfield,Tackle,Won,1,16.7,5.3
13f11858-9b7c-46b5-9bb5-4db741c21141,3857287,1,0,791,23763,Right Defensive Midfield,Aerial Lost,,0,90.6,77.2
0d31fb00-ceed-41c8-a01b-83d3445d16f9,3857287,1,1,791,43565,Right Center Back,Aerial Lost,,0,114.4,48.6
3b5c0c84-cfaa-4f45-9e8a-e227700f2718,3857287,1,2,783,36288,Right Wing,Aerial Lost,,0,46.7,66.8
5d456680-cce0-4279-bee7-19c3c7a305b5,3857287,1,2,783,36288,Right Wing,Aerial Lost,,0,44.4,60.5
0d4eec6a-3a24-4813-a9d1-fc1db77a5dde,3857287,1,2,791,23763,Right Defensive Midfield,Aerial Lost,,0,84.1,26.3
babeae97-338c-4a44-93a5-4b83165d15cd,3857287,1,6,791,29966,Center Forward,Aerial Lost,,0,82.7,52.4
b667deb6-948c-4cb0-bf25-4d017f1f89a2,3857287,1,6,783,6773,Right Center Midfield,Aerial Lost,,0,34.9,33.2
e12b710c-5104-41ec-b39f-224f5779ed76,3857287,1,8,791,41711,Right Wing,Aerial Lost,,0,108.9,46.6
6819471f-1c13-413b-ac47-1e7a4ef9f41b,3857287,1,10,791,40672,Right Back,Aerial Lost,,0,38.1,75.2
e5372b5e-5b82-42bc-8c32-afc06eb84798,3857287,1,11,791,29966,Center Forward,Aerial Lost,,0,57.9,75.6
deec00f1-d4b9-4968-98c0-d061a1266bc2,3857287,1,11,783,5248,Right Back,Tackle,Success In Play,1,13.6,67.7
c1591f53-1bc7-4189-b602-b9fdee122d28,3857287,1,12,791,40672,Right Back,Aerial Lost,,0,56.5,35.0
b147992f-bd4a-47fd-8106-2ab87f4b9a3c,3857287,1,13,791,29966,Center Forward,Aerial Lost,,0,86.8,19.3
5f32edb7-053a-4495-82b4-9cd32ce4fd76,3857287,1,14,791,41711,Right Wing,Tackle,Success In Play,1,44.4,56.1
9399254e-0639-42ff-aded-9f38a720d8a0,3857287,1,15,791,5618,Left Defensive Midfield,Tackle,Won,1,28.0,59.6
2f865646-8c9a-4e1d-8c89-efa286aa70b2,3857287,1,17,783,5260,Center Defensive Midfield,Tackle,Success In Play,1,50.5,24.0
eb35e3ea-67b4-4134-9886-7fc9357ec629,3857287,1,17,791,5623,Center Attacking Midfield,Aerial Lost,,0,70.5,46.6
354bc089-6bea-44c7-a9c3-69107b7bfb00,3857287,1,23,783,36288,Right Wing,Aerial Lost,,0,107.4,61.4
91c4ec0a-6b6a-4757-9791-9f0e97c39b53,3857287,1,24,783,5259,Left Center Back,Aerial Lost,,0,108.7,47.3
ca11f113-716f-41da-a22c-b0e2fd6771e6,3857287,1,25,783,5255,Left Center Midfield,Aerial Lost,,0,109.8,43.3
eadf6ff5-35d8-4f5f-80be-e77a1b28a9fc,3857287,1,26,791,29966,Center Forward,Aerial Lost,,0,114.7,5.7
3991b38b-8a09-4b53-988a-3ce90ac585ac,3857287,1,26,791,40672,Right Back,Tackle,Lost In Play,0,87.8,43.8
eed6550d-cd67-4c46-a989-94b255802678,3857287,1,27,791,40538,Left Back,Tackle,Won,1,9.4,4.2
273f2d74-f39e-41db-b02a-1cca73856cd2,3857287,1,29,791,5623,Center Attacking Midfield,Tackle,Success In Play,1,85.3,63.3
ca41d52f-94a7-435b-8196-c95ba29db1f9,3857287,1,32,791,40672,Right Back,Aerial Lost,,0,79.6,74.6
8a12595d-1d17-4815-b0ec-d56c3b13fc6f,3857287,1,35,791,29966,Center Forward,Aerial Lost,,0,54.2,74.0
e99a6412-d274-4f4a-8413-afa95b6c07df,3857287,1,39,791,29966,Center Forward,Aerial Lost,,0,92.2,62.1
b71250cd-2cbb-4d6b-8dde-efac6d1ff4a9,3857287,1,39,783,5246,Center Forward,Aerial Lost,,0,44.6,15.5
2105b658-5278-410c-82e6-338a1becc377,3857287,1,40,783,7104,Left Back,Aerial Lost,,0,20.4,7.1
f359418b-ee93-424b-b8c6-d70f0d03db6f,3857287,1,41,783,5246,Center Forward,Aerial Lost,,0,39.4,19.5
94f5e734-22a1-447b-ac80-cca061280908,3857287,1,42,791,5623,Center Attacking Midfield,Aerial Lost,,0,10.1,39.7
385b9317-fecb-42a7-8204-e8a82f33f5ca,3857287,1,43,783,36288,Right Wing,Aerial Lost,,0,113.3,49.1
b9e1a6fb-ad00-4646-a66e-cc6792c9ebb0,3857287,1,44,783,7104,Left Back,Aerial Lost,,0,101.7,6.8
069a74ed-0a60-45f2-aec0-37aeffd0449f,3857287,1,44,783,32478,Left Wing,Tackle,Won,1,64.1,8.3
ca32fb90-14ac-47df-8897-44df2a6b6a1f,3857287,1,45,791,41711,Right Wing,Aerial Lost,,0,80.6,66.5
ca26e780-073f-4634-b2c1-432216fe7878,3857287,2,45,791,5604,Left Center Back,Aerial Lost,,0,25.8,26.6
71944ca1-6f22-470c-aae1-096dfa9a3864,3857287,2,45,791,3083,Left Wing,Aerial Lost,,0,52.4,11.3
4e352e35-9809-407d-934f-3212a814b423,3857287,2,45,783,6773,Right Center Midfield,Aerial Lost,,0,75.7,69.4
cf8cc818-8737-4552-829f-4bf27af56423,3857287,2,47,791,40538,Left Back,Aerial Lost,,0,92.9,6.5
e1aaf87b-c67c-4272-b84e-f175f5a60c73,3857287,2,47,783,5259,Left Center Back,Tackle,Success In Play,1,25.9,23.2
2f180add-c888-4c0f-942f-ade5f0df3a34,3857287,2,49,791,29966,Center Forward,Aerial Lost,,0,97.9,68.8
ec2b9f5e-aae0-4532-9638-6400bad24348,3857287,2,50,783,5259,Left Center Back,Tackle,Won,1,14.9,25.7
177b8792-a9c1-4d21-ac8b-8fbc5d36784f,3857287,2,50,791,43565,Right Center Back,Tackle,Won,1,79.7,73.7
c31cbd7c-7e3c-4861-9942-d9a21a09230c,3857287,2,52,783,5248,Right Back,Tackle,Success In Play,1,7.1,76.2
7eae8e61-3c87-46a5-ad24-a4b529552c5f,3857287,2,53,783,32478,Left Wing,Aerial Lost,,0,68.7,53.3
ca767679-a5c4-49a0-ab37-abe89a6aa7d9,3857287,2,54,783,5255,Left Center Midfield,Aerial Lost,,0,108.9,37.1
8c88138d-709c-41df-b2a1-afbd359ee4a7,3857287,2,55,791,40538,Left Back,Aerial Lost,,0,27.5,15.0
3f26b7b8-3e9c-4727-8a11-0ffe4edbdc05,3857287,2,57,783,32478,Left Wing,Aerial Lost,,0,56.8,24.2
b0255ab9-1efd-47fd-b60e-4b255e52248e,3857287,2,58,783,36288,Right Wing,Aerial Lost,,0,33.0,72.1
fd2238b1-dc15-47e3-8751-1ad5aa5ccb6a,3857287,2,58,783,32478,Left Wing,Aerial Lost,,0,64.5,45.1
22384e3a-6ffe-46e6-aea8-f3555fb0fcb4,3857287,2,59,791,29966,Center Forward,Aerial Lost,,0,73.5,59.0
4e970edd-f30d-4c71-9ff4-bcd4fa835447,3857287,2,59,791,5623,Center Attacking Midfield,Tackle,Success In Play,1,67.2,47.6
1c899b20-d83a-4722-bab1-dc9a3352af69,3857287,2,59,791,40538,Left Back,Aerial Lost,,0,110.8,37.1
fc2a95a1-796d-4fa5-af4f-b1b1312413e0,3857287,2,59,791,5604,Left Center Back,Tackle,Lost Out,0,42.4,9.3
8d273f03-b22e-4278-bcbf-db6611c04001,3857287,2,61,791,29966,Center Forward,Aerial Lost,,0,63.0,8.4
c7dd49d5-1e93-40c8-bedf-d9b3d21aee41,3857287,2,61,783,5259,Left Center Back,Tackle,Success In Play,1,46.6,61.6
a84513be-55fe-4b40-bb82-d6716bee2b92,3857287,2,61,791,5623,Center Attacking Midfield,Tackle,Success In Play,1,66.3,29.7
c6f283a9-6b56-4591-b702-25dddc3ecc9f,3857287,2,62,791,23763,Right Defensive Midfield,Tackle,Lost In Play,0,85.7,50.3
a26fda65-ca04-49a8-9a51-978d2341e309,3857287,2,65,791,40538,Left Back,Aerial Lost,,0,87.0,9.1
a3f84aec-ab1b-4736-a7b5-923e5393d4ae,3857287,2,66,783,4319,Right Center Forward,Aerial Lost,,0,46.0,76.6
1a0abaaa-cf55-43bd-a69f-f52755b0fdd1,3857287,2,67,791,40538,Left Back,Aerial Lost,,0,35.3,3.9
f6814d07-e1bb-4cb3-88e8-c88adea84845,3857287,2,67,783,5249,Right Center Back,Aerial Lost,,0,54.7,51.7
7a191670-8718-4c3f-8f16-11a8d8b7fabe,3857287,2,67,791,5623,Center Attacking Midfield,Tackle,Lost In Play,0,61.5,34.9
0f155556-446f-45b2-b449-cf48a679cb08,3857287,2,67,791,29966,Center Forward,Aerial Lost,,0,50.9,7.9
a0010990-1f2c-4ad0-be18-a3c26c48956c,3857287,2,67,783,5255,Left Midfield,Aerial Lost,,0,84.8,59.3
111552f6-326a-436e-8e2e-9090fb850999,3857287,2,67,783,7104,Left Back,Tackle,Success In Play,1,75.0,45.6
35be219b-9dec-4672-990e-7e0dba42177e,3857287,2,68,791,40538,Left Back,Tackle,Lost In Play,0,22.5,2.6
f096a2f4-9c47-49c7-80ee-22b0275f2d47,3857287,2,68,791,3083,Left Wing,Tackle,Lost Out,0,18.4,3.2
a5b89140-a1e7-4464-837b-b8898c704d2d,3857287,2,69,791,3083,Left Wing,Tackle,Won,1,27.8,7.3
003f1107-be40-48a1-90b9-6dda152eda57,3857287,2,69,783,36288,Right Midfield,Tackle,Won,1,83.1,75.2
49e917f4-6c7c-4e4e-a644-9c76b027293e,3857287,2,74,791,40542,Center Forward,Aerial Lost,,0,74.5,9.4
dc0bf6a2-7dd1-494b-995e-3b2528c62485,3857287,2,74,783,36288,Right Midfield,Aerial Lost,,0,58.7,68.4
9e43b1f2-c54e-49e8-b27d-e65d2fd36718,3857287,2,74,791,40542,Center Forward,Aerial Lost,,0,78.9,24.6
7cfcb63c-d5c4-4bb5-976f-1638d895bcf8,3857287,2,74,783,6773,Right Defensive Midfield,Tackle,Success Out,1,8.5,68.2
f16483f2-61ed-4a0a-8791-8132a6d84efb,3857287,2,76,783,5249,Right Center Back,Aerial Lost,,0,15.3,59.7
d83f24f4-b0ba-41e7-a4df-b2ba67eb138f,3857287,2,76,783,5249,Right Center Back,Aerial Lost,,0,27.6,35.2
0a98ddee-cf39-4bbb-9743-3200e65d77f8,3857287,2,77,783,36288,Right Midfield,Aerial Lost,,0,99.8,58.7
2a30a421-5a10-4cac-9477-a73e888d5450,3857287,2,82,791,40542,Center Forward,Aerial Lost,,0,81.3,24.6
06925f5c-5fff-42c9-8b01-28dc4ac40704,3857287,2,84,791,40542,Center Forward,Aerial Lost,,0,77.6,35.3
7ff3656d-e6c4-41f6-ae04-6e008abb741f,3857287,2,88,783,34476,Left Back,Tackle,Success In Play,1,36.0,20.7
0fd38c35-ee63-4090-8153-e5c26caa142d,3857287,2,89,783,5260,Left Defensive Midfield,Aerial Lost,,0,44.3,8.5
4785013e-0b2e-4a70-8926-7bbe1ed11c60,3857287,2,91,783,6773,Right Defensive Midfield,Tackle,Lost Out,0,52.0,3.5
080b390d-d8de-423f-a0bd-0b7bcf4a0156,3857287,2,95,791,22740,Right Wing,Tackle,Success In Play,1,61.5,75.3
530a5401-c89b-4749-9f65-4d1c3baba509,3857287,2,96,783,34476,Left Back,Tackle,Lost Out,0,28.8,3.9
4703d787-1cae-4907-ba5d-efec5ef2f04a,3869486,1,1,788,5234,Center Defensive Midfield,Aerial Lost,,0,44.5,57.6
ddd9a804-13d5-434c-8e7d-736efb2c953a,3869486,1,1,788,5234,Center Defensive Midfield,Tackle,Won,1,28.6,68.0
1d9e2bb2-cf70-4ae5-90da-1bd14436bfde,3869486,1,1,780,5204,Right Wing,Tackle,Won,1,77.1,34.9
9374a3eb-6197-41a4-a1f3-a0db43dca946,3869486,1,4,780,20016,Right Center Back,Tackle,Lost Out,0,94.8,61.3
80c49209-b0a0-4b99-bcc8-b6eb410c5617,3869486,1,5,788,3625,Left Midfield,Aerial Lost,,0,68.6,5.1
129bed38-0ec4-4159-b261-73d30bd22745,3869486,1,6,788,6301,Center Forward,Aerial Lost,,0,55.9,3.4
d532011f-15d1-4530-86c1-8a6eca65f10d,3869486,1,8,788,5237,Right Midfield,Tackle,Lost Out,0,6.3,72.2
f053cbbc-a95a-41cb-8e60-8100858a1baa,3869486,1,9,788,31295,Left Back,Aerial Lost,,0,16.8,21.2
e58ab0d9-6472-4d41-9dba-7c24bf2fbce1,3869486,1,12,788,5234,Center Defensive Midfield,Aerial Lost,,0,10.0,42.3
1e70f38a-2aa4-4f67-9dff-67d222a545c1,3869486,1,15,780,11184,Left Center Midfield,Tackle,Success In Play,1,64.3,66.8
cab86357-a91c-4863-8876-88fcdd801857,3869486,1,16,780,11184,Left Center Midfield,Tackle,Success In Play,1,48.1,21.2
7f321aa2-fce8-4c88-94fa-c35df94251b4,3869486,1,17,780,38803,Center Forward,Aerial Lost,,0,51.1,25.9
299d59fa-3203-4b46-bde5-3c5dd21de93f,3869486,1,19,780,5204,Right Wing,Aerial Lost,,0,109.1,65.0
f8d7c3dd-5cad-4308-be0c-5c7f90a66cc5,3869486,1,22,788,5245,Right Back,Tackle,Lost Out,0,7.7,68.9
2ed88304-6db6-4eee-8cf4-bf95b330ba82,3869486,1,24,780,3193,Right Center Midfield,Tackle,Lost Out,0,74.4,4.1
0f2b1330-c166-4b21-91e2-baad8e3fde0b,3869486,1,29,780,11184,Left Center Midfield,Aerial Lost,,0,51.5,14.3
b0f241f5-123c-4128-a2c8-5c66f7db32f7,3869486,1,33,788,3625,Left Midfield,Aerial Lost,,0,71.2,7.5
9baca9c3-01ee-42aa-bf27-c67a3f57ec4c,3869486,1,33,788,46258,Right Center Midfield,Aerial Lost,,0,78.0,50.1
9dfd9f09-b0f9-4460-bb4b-870e2be6f95f,3869486,1,41,780,5206,Left Center Back,Aerial Lost,,0,7.5,40.4
741dbc82-6f69-4142-8180-878eea855578,3869486,1,43,780,5204,Right Wing,Aerial Lost,,0,111.3,44.7
76f1bd48-36a1-40b6-b5c2-8992e3d4d0c3,3869486,1,44,788,31295,Left Back,Aerial Lost,,0,22.6,6.6
2a2978aa-ded5-4e2c-a4f5-fb38cddf55af,3869486,1,45,780,11184,Left Center Midfield,Tackle,Won,1,86.3,10.6
0696e240-a821-4534-ab8a-b082d8af46a7,3869486,1,46,788,31295,Left Back,Tackle,Won,1,2.0,9.5
87bd6751-8dc8-41e8-8cbe-592accc681db,3869486,2,46,780,5209,Left Back,Tackle,Success Out,1,77.8,3.0
07333c3c-dfc6-467a-90fd-3c040079f900,3869486,2,50,788,6301,Center Forward,Tackle,Success In Play,1,27.1,40.3
a2ffcc9f-d208-4f60-a2a3-cdbf0fd959b5,3869486,2,50,788,23774,Left Center Midfield,Tackle,Success In Play,1,27.6,7.3
d44728c5-9f3a-443b-a5dd-ee33087da9a9,3869486,2,51,788,6301,Center Forward,Aerial Lost,,0,66.2,3.3
7fb24ed5-c678-4187-9d83-7a66fb524f4b,3869486,2,51,780,16028,Right Back,Aerial Lost,,0,35.3,67.0
897295f0-cf61-4f75-8dbb-346a2f4ec5fd,3869486,2,53,780,20016,Right Center Back,Aerial Lost,,0,54.7,74.6
fa33200c-3e40-425f-89a3-bc9d364c8a62,3869486,2,58,780,20016,Right Center Back,Tackle,Lost In Play,0,71.4,62.2
1587939f-3b49-4c4b-a7ab-bbe40e8e3897,3869486,2,59,780,7005,Left Back,Tackle,Lost In Play,0,83.0,20.2
938d26b6-02ae-4b23-9f19-4ff3df58b620,3869486,2,60,788,139016,Right Center Back,Aerial Lost,,0,10.4,50.7
8f103570-4a41-4ace-a7bf-68df8fb0bea2,3869486,2,62,780,5206,Left Center Back,Tackle,Success In Play,1,79.8,3.8
f904941f-dc52-4d07-9c3e-8b4223852d22,3869486,2,65,788,3625,Left Wing,Aerial Lost,,0,40.5,24.1
e08292d2-598e-4330-bbb3-3a3db49356b9,3869486,2,66,788,5245,Right Wing Back,Tackle,Won,1,23.0,76.7
8892541c-6e4c-4c07-ae21-a31bf4400adb,3869486,2,66,780,7005,Left Back,Tackle,Lost Out,0,95.7,4.7
f310ec12-67e8-4d9d-8426-d52494a505c4,3869486,2,69,788,296254,Center Forward,Aerial Lost,,0,60.2,46.2
c8b9c4e0-cba0-4e78-a728-71fe66cbd2ca,3869486,2,70,788,5234,Right Defensive Midfield,Tackle,Success Out,1,14.7,8.3
0089883b-0174-438c-aa1a-5511932a4201,3869486,2,71,788,3625,Left Wing,Aerial Lost,,0,58.4,5.5
33d61a7a-bf43-4910-98f6-fd7e509c5deb,3869486,2,72,788,31295,Left Wing Back,Tackle,Lost Out,0,9.4,24.6
4dd897e6-0f6b-49d6-8540-d87b55845dd1,3869486,2,74,788,5237,Right Wing,Aerial Lost,,0,13.1,54.1
7da627df-5cf9-4def-b842-052580d1540d,3869486,2,74,788,7459,Left Center Back,Tackle,Success In Play,1,2.5,63.9
e8ba4d4b-0015-46d7-9f3e-4a74dc64a39c,3869486,2,74,780,16028,Right Back,Tackle,Success Out,1,13.6,40.8
c72e5968-1649-41f3-8329-470afafd4684,3869486,2,76,788,296254,Center Forward,Tackle,Lost In Play,0,39.5,24.1
71e32e58-7e26-4838-9487-92e1d068184f,3869486,2,76,780,5206,Left Center Back,Tackle,Success In Play,1,77.2,8.5
779b059b-a884-4f7b-a3e7-9de45c161779,3869486,2,81,780,5207,Center Forward,Aerial Lost,,0,66.8,9.5
94c3e7ca-0f22-490c-b9a9-72b08439775d,3869486,2,84,780,7005,Left Back,Tackle,Success In Play,1,8.7,4.0
04573782-9dd2-41cf-a4b8-b69f00ce592b,3869486,2,87,780,5207,Center Forward,Aerial Lost,,0,89.5,39.4
e557dccb-08ac-4eda-b45a-65173e3d3f1d,3869486,2,88,780,20016,Right Center Back,Aerial Lost,,0,41.8,64.1
7eaa38ef-4b3d-4af1-877a-dc308dd49da4,3869486,2,89,788,5234,Left Defensive Midfield,Tackle,Won,1,24.4,8.0
19367d70-7aa3-4fa2-969b-f9b77848fa9e,3869486,2,93,780,20016,Right Center Back,Aerial Lost,,0,107.3,37.3
3e6e7f3f-370d-4ac3-8d71-0dc21eb5ce1e,3869486,2,93,788,31295,Left Wing Back,Aerial Lost,,0,12.4,26.8
c353cb4b-7297-41f9-a750-f74107900745,3869486,2,94,780,5206,Left Center Back,Aerial Lost,,0,48.8,61.5
5d73eb38-b7c8-4b91-9379-552ffd48a563,3869486,2,96,788,31295,Left Wing Back,Aerial Lost,,0,6.0,35.6
68a21051-958f-4153-bd97-b18377688251,3857260,1,0,799,5187,Left Midfield,Tackle,Lost Out,0,22.5,4.0
9441f9ba-1677-4ae7-938a-e872aa9c4b5d,3857260,1,0,794,5567,Right Defensive Midfield,Tackle,Success Out,1,93.5,77.6
6c7bb7c2-59a1-412b-9d8c-607cbe50e6ea,3857260,1,1,799,51099,Right Midfield,Aerial Lost,,0,95.0,75.2
a98fd8ec-cd0c-4b5a-92f3-e6ab2883805b,3857260,1,2,799,5713,Left Center Forward,Aerial Lost,,0,94.8,33.7
d7f9fd96-351e-4ebd-8fd2-dc6c86920264,3857260,1,3,794,26400,Center Forward,Aerial Lost,,0,94.4,20.5
ab55e081-9e25-4b16-a7e6-0f18c495b3c5,3857260,1,4,799,51094,Right Center Back,Tackle,Lost In Play,0,20.6,55.3
053467ec-b8eb-4ce6-a7bf-9acb3f214f7e,3857260,1,7,794,28825,Left Defensive Midfield,Aerial Lost,,0,55.4,8.3
9688df7e-83d2-4eac-8c98-e2da620b68f3,3857260,1,7,799,51469,Right Center Forward,Aerial Lost,,0,75.1,63.0
9aef8041-3e8c-4c14-8148-a5c9a0eb4c0f,3857260,1,9,794,26280,Center Attacking Midfield,Tackle,Success In Play,1,67.4,20.1
861f4207-7882-4e23-813a-ee7b36a5373b,3857260,1,9,799,51710,Left Defensive Midfield,Tackle,Lost In Play,0,51.4,48.7
3cee8a19-d773-4b92-be1a-22a754b6e053,3857260,1,10,799,51099,Right Midfield,Aerial Lost,,0,68.5,73.7
53538da7-d2fb-4652-8606-97cb7ffc5924,3857260,1,14,799,5713,Left Center Forward,Aerial Lost,,0,56.7,57.5
8c7f6e9d-eaf8-409e-89c7-40e8524243cf,3857260,1,14,799,51546,Left Center Back,Aerial Lost,,0,44.6,48.7
3cb2508d-8892-4e31-b829-c65fef5f3b29,3857260,1,14,794,26368,Right Center Back,Tackle,Won,1,56.3,40.8
74d2d040-54c9-4214-8a85-46f8343af8a1,3857260,1,14,799,51546,Left Center Back,Tackle,Won,1,15.2,3.4
35ec8a43-eaf4-452a-a383-c2d9dc9bb5c1,3857260,1,17,794,26406,Right Back,Aerial Lost,,0,65.1,74.2
f7e20af2-ed2c-4686-85c1-d9ae8681569c,3857260,1,20,794,26301,Left Wing,Aerial Lost,,0,50.5,24.8
71a6b2cd-d402-4768-b208-ed09d1826808,3857260,1,21,799,5715,Left Back,Tackle,Success Out,1,35.8,10.8
83ceaea5-feac-4f9b-b12f-672f4b8a7f31,3857260,1,23,794,5576,Left Back,Tackle,Won,1,47.3,4.7
1b47fe6f-196d-40d9-9ce3-0f7cf2feab7a,3857260,1,24,799,51546,Left Center Back,Tackle,Lost In Play,0,16.3,34.2
543cd962-0a38-4ec2-984b-3ad2ff97392c,3857260,1,28,794,28825,Left Defensive Midfield,Aerial Lost,,0,56.1,12.8
0036d5bd-af7c-4145-bb75-5f81115565f5,3857260,1,30,794,26400,Center Forward,Aerial Lost,,0,68.9,7.2
c833144e-788e-4854-9c1a-6aa18b79ba5e,3857260,1,31,799,51099,Right Midfield,Aerial Lost,,0,63.2,73.3
23885c94-6d34-4c69-a189-d791884838de,3857260,1,33,799,5713,Left Center Forward,Tackle,Lost In Play,0,33.2,54.9
237164c8-9f15-4b87-a89e-9dac8d854b88,3857260,1,34,794,26368,Right Center Back,Aerial Lost,,0,111.5,46.6
04dd5963-c209-43d4-be92-9bbe48f4f54b,3857260,1,37,799,51470,Left Back,Aerial Lost,,0,62.3,62.8
0f24451d-eba7-4d67-86d9-9824d94dc43f,3857260,1,38,794,26368,Right Center Back,Aerial Lost,,0,10.5,60.3
54c17472-4ab9-4646-825d-9e264ec0a45c,3857260,1,38,794,26280,Center Attacking Midfield,Tackle,Success In Play,1,10.5,63.9
93be7df0-12a4-4db6-916b-df0f454819c1,3857260,1,42,799,5187,Left Midfield,Aerial Lost,,0,105.6,7.8
97affe21-1091-44b6-b8fd-a285f7976bd5,3857260,1,42,794,5573,Left Center Back,Aerial Lost,,0,11.2,55.8
d4aaa368-532d-4fe8-bbd3-d6afb85696c1,3857260,1,43,794,5571,Right Wing,Tackle,Won,1,55.0,76.7
adb7a8db-d033-4815-8558-5012e423e3d3,3857260,1,45,794,5571,Right Wing,Aerial Lost,,0,58.4,72.5
5ae8b36d-706b-47c1-9696-f6a56078e084,3857260,1,46,794,26368,Right Center Back,Aerial Lost,,0,25.5,59.8
2ac7b38b-06fd-457c-b6c6-2c2e5965ffd9,3857260,1,48,794,5573,Left Center Back,Aerial Lost,,0,55.7,4.7
fc7063a8-1a6c-4098-b873-506e020d1841,3857260,1,48,794,28825,Left Defensive Midfield,Tackle,Won,1,45.2,13.0
b6799010-ac30-4895-a129-860abb426e5a,3857260,1,48,794,5576,Left Back,Tackle,Won,1,22.9,30.5
112e11d8-4e77-423c-bda5-86ac7a2a1c72,3857260,1,49,794,28825,Left Defensive Midfield,Tackle,Won,1,33.4,24.6
1bd77537-ca48-4bf5-a65b-0ba64caae479,3857260,1,50,799,51546,Left Center Back,Tackle,Won,1,35.4,3.1
9a1faf4c-c104-43d2-b35b-b78dd6a76e65,3857260,2,45,794,15452,Right Wing,Aerial Lost,,0,73.7,73.5
38f398e3-e210-40e0-86a5-614f732178dc,3857260,2,45,799,51710,Left Wing Back,Aerial Lost,,0,63.7,11.5
1a3dbd02-0167-4b4b-837c-87ea88a23150,3857260,2,49,799,51099,Right Wing,Aerial Lost,,0,115.5,45.0
773a7ed3-0271-4b50-ae47-b68e11e3db66,3857260,2,50,794,5567,Right Defensive Midfield,Aerial Lost,,0,49.8,16.9
890b4168-7614-4ebe-bf10-44cd9280f3fc,3857260,2,50,794,28825,Left Defensive Midfield,Aerial Lost,,0,58.1,9.6
784103f2-c120-4a96-a39d-8ae5f107cef8,3857260,2,53,794,5576,Left Back,Tackle,Lost In Play,0,61.1,8.6
d8f5d54d-4f07-46ee-89f2-4ba097bc4d27,3857260,2,53,794,5567,Right Defensive Midfield,Tackle,Success In Play,1,50.4,15.1
c6559908-909c-42db-9ee2-ef3cb6cd8ced,3857260,2,54,794,26280,Center Attacking Midfield,Aerial Lost,,0,8.6,36.1
cba85adb-1c78-436e-90ca-4cb9ceb60aa0,3857260,2,56,799,51099,Right Wing,Aerial Lost,,0,85.5,18.9
b1bfe83e-a29d-4d06-acea-a58db00ebaf9,3857260,2,58,799,51710,Left Wing Back,Aerial Lost,,0,8.1,40.1
77b04b64-e789-4b96-89f3-0e3b3988dbf6,3857260,2,60,794,5571,Left Wing,Aerial Lost,,0,79.5,31.1
c5f3e7bd-5b78-4ec7-8001-c7bbbb9636b0,3857260,2,62,799,51705,Center Forward,Tackle,Success In Play,1,63.0,52.8
cf258fac-6352-4266-be3a-92fba30aac85,3857260,2,64,794,26280,Center Attacking Midfield,Tackle,Success In Play,1,85.5,17.3
b3fbbc2e-2c75-4eaa-8a89-4c83dc78df25,3857260,2,67,799,51103,Left Center Back,Aerial Lost,,0,117.0,36.7
26474265-5133-4b6b-9ed6-39e4a6a0235a,3857260,2,69,799,51094,Right Center Back,Aerial Lost,,0,11.8,47.3
f36815aa-eef1-4667-a7bf-1f3cb17a8be3,3857260,2,69,799,5713,Left Defensive Midfield,Aerial Lost,,0,18.2,40.9
0b88eae8-e3d3-42ff-a68e-1a7f453e2851,3857260,2,70,799,51099,Center Forward,Aerial Lost,,0,77.7,11.6
ee558997-0c03-4722-b41a-a11ee22724b8,3857260,2,74,794,5571,Left Wing,Aerial Lost,,0,89.2,16.9
dde3850f-7efc-4423-8bb2-2c3b6f655222,3857260,2,74,794,15452,Right Wing,Tackle,Won,1,83.5,38.4
e1c8c727-9acc-40da-be46-8edf6def4765,3857260,2,76,794,5567,Right Defensive Midfield,Aerial Lost,,0,39.2,19.3
d4176f38-9610-4257-a058-dbf8e552daff,3857260,2,79,799,51099,Center Forward,Aerial Lost,,0,48.4,9.4
0132184a-e40c-4409-a369-a0ab9c564404,3857260,2,79,799,5187,Left Wing,Tackle,Lost In Play,0,47.9,44.9
043a0b04-3b30-4e5f-baa8-2aad4f83ce1c,3857260,2,79,799,5187,Left Wing,Tackle,Won,1,27.4,60.8
6942855f-10ba-4c60-94d4-22b9cf9c75a9,3857260,2,83,799,51103,Left Center Back,Tackle,Won,1,19.8,9.2
665f9d5e-652a-4580-9495-639bd4da8479,3857260,2,83,799,5713,Left Defensive Midfield,Tackle,Success In Play,1,19.1,10.3
d4129631-1e27-44b2-8095-5cdd43210280,3857260,2,85,794,26368,Right Center Back,Tackle,Success Out,1,64.8,76.3
b8650358-af30-4b91-b038-ca5f59c4cc0e,3857260,2,88,799,5713,Left Defensive Midfield,Tackle,Lost In Play,0,27.0,31.3
b52b818b-d947-42ef-9fb3-c2921728b77e,3857260,2,90,799,5187,Left Wing,Tackle,Lost In Play,0,59.3,9.6
55f3004b-dec2-458d-90ea-bc3fa857963a,3857260,2,92,799,51705,Right Wing Back,Tackle,Success In Play,1,9.4,71.0
6bb4392e-0ebd-474e-9408-b4311f81584e,3857260,2,94,794,26318,Right Center Forward,Tackle,Lost In Play,0,43.4,49.4
e4ae0cb1-4d9c-4eb5-b688-2cd2db6f4c81,3857260,2,96,799,5188,Right Wing,Aerial Lost,,0,84.1,30.7
64348409-f5f5-4861-960a-2ce8cab59c1c,3857260,2,96,799,51470,Right Defensive Midfield,Aerial Lost,,0,64.3,40.5
07281398-cc29-4930-81e6-ab18378520a9,3857260,2,97,799,51710,Left Wing Back,Aerial Lost,,0,9.6,27.5
9e0b16cb-1879-4525-a060-61347d7e8ef6,3857264,1,0,789,3637,Left Defensive Midfield,Tackle,Success In Play,1,75.0,70.1
73733fea-b243-4b1d-9b39-ee308d33bf68,3857264,1,1,789,5673,Left Back,Tackle,Lost Out,0,11.0,12.6
e12ad94c-6a1c-4872-95e4-1e0950284e57,3857264,1,3,789,5668,Right Center Forward,Aerial Lost,,0,75.8,57.2
91fdf5e1-b468-46d3-8e33-62f2b8362f13,3857264,1,3,779,38718,Center Defensive Midfield,Tackle,Success In Play,1,27.2,17.9
4f6d597e-7428-4460-9fd4-19a4c948f6e0,3857264,1,3,779,19597,Left Back,Tackle,Lost Out,0,10.7,4.2
dbdfc06a-e7de-4dc9-a86c-d6ec2adb5777,3857264,1,4,789,8836,Left Center Forward,Aerial Lost,,0,110.4,32.8
4747023b-5270-4163-bb43-989a5203522a,3857264,1,4,789,8836,Left Center Forward,Tackle,Lost In Play,0,64.2,9.5
cf1bf1a8-c26b-4548-9fb3-43657a30f0f1,3857264,1,4,779,2995,Right Wing,Tackle,Success In Play,1,79.1,56.9
969d3a6c-0f67-43fa-8bd0-4fdb19da2094,3857264,1,5,789,3034,Right Center Back,Aerial Lost,,0,64.5,57.2
6d31e190-15be-4006-89e7-eb1f46ff11e4,3857264,1,6,779,5503,Center Forward,Tackle,Won,1,95.5,30.5
4786a225-a556-4a57-b3e4-ddd0cdc802f7,3857264,1,6,789,8836,Left Center Forward,Aerial Lost,,0,82.6,33.1
95e26f3c-d3a2-462d-b46c-bf292ccfa6d1,3857264,1,7,789,5673,Left Back,Tackle,Won,1,39.8,2.4
96a34374-308d-4a36-90eb-37c78f200e53,3857264,1,9,779,29201,Right Back,Tackle,Success In Play,1,44.0,76.8
526a7942-0fdc-4fce-93fa-2195d937933c,3857264,1,12,779,38718,Center Defensive Midfield,Tackle,Success In Play,1,13.4,14.4
82cb4104-4cef-43cc-9d8c-b52ef9ff523d,3857264,1,12,789,8836,Left Center Forward,Tackle,Lost In Play,0,94.4,63.0
d4b7f2bf-52b6-4618-8c29-efa58f5c541f,3857264,1,13,779,20572,Right Center Back,Aerial Lost,,0,51.7,58.3
12f62527-5306-4ff0-b21f-a9d15f9efb17,3857264,1,13,779,3090,Left Center Back,Aerial Lost,,0,32.7,42.5
b56a1521-8edf-4f4b-bff0-fb208b80936f,3857264,1,15,779,29201,Right Back,Aerial Lost,,0,52.1,77.4
2e3e2903-27ff-4d6d-bb3a-cff4096382b3,3857264,1,17,789,4734,Right Back,Tackle,Lost Out,0,36.0,72.8
bf3b97b6-8183-4074-851e-190579dfe5de,3857264,1,20,779,5503,Center Forward,Aerial Lost,,0,40.4,41.0
ba87f8bd-9e33-41dc-9fc8-802c3aedfa7b,3857264,1,26,779,3090,Left Center Back,Tackle,Success In Play,1,37.2,50.9
ece8175c-9dc2-4db9-8e99-c019f01d63a9,3857264,1,26,789,3034,Right Center Back,Tackle,Lost In Play,0,14.7,51.2
9be659b9-4e0d-4872-8c70-80fb1a30364b,3857264,1,26,789,7979,Left Midfield,Tackle,Success In Play,1,28.9,26.9
44835213-ca57-4047-900b-d1ff356d6e0b,3857264,1,31,789,44166,Left Center Back,Tackle,Success In Play,1,36.4,19.7
fdfa8a10-df20-49c4-946f-1532fcb340cd,3857264,1,39,789,4734,Right Back,Tackle,Lost In Play,0,40.1,71.7
645cc9e2-3013-404c-a894-5801be8b6bbc,3857264,1,40,779,20572,Right Center Back,Tackle,Success In Play,1,59.7,75.3
cfe1a3b0-a6b2-45a9-829c-9d88522f0a54,3857264,1,40,789,3637,Left Defensive Midfield,Tackle,Success In Play,1,28.4,19.8
faac3d8a-4227-4116-94cb-6cd8a9c57fe4,3857264,1,41,789,5673,Left Back,Tackle,Success In Play,1,10.0,25.3
5196e762-e29e-4d5b-8081-40db506085bc,3857264,1,41,789,5673,Left Back,Tackle,Lost In Play,0,35.1,26.5
6d9a42ef-2323-4094-a1bd-90172acd97d1,3857264,1,42,789,5668,Right Center Forward,Aerial Lost,,0,75.1,53.8
551c5b8f-ad40-47df-ac3d-09ff7b5c13cd,3857264,1,42,779,29201,Right Back,Tackle,Lost Out,0,48.3,70.5
9d6778f7-e260-405d-a6a1-42c5af071642,3857264,1,45,789,5668,Right Center Forward,Aerial Lost,,0,73.0,6.9
c4097ff4-2ab4-490a-8c9b-80d4602560b6,3857264,1,46,789,11737,Right Defensive Midfield,Tackle,Success In Play,1,22.5,18.2
84b32090-7d65-4561-80d2-a6dfb4bfd5e8,3857264,2,48,789,3637,Left Defensive Midfield,Aerial Lost,,0,101.2,60.9
d0f9d177-e0f2-430e-958d-e158733c5a1d,3857264,2,48,779,29560,Left Wing,Aerial Lost,,0,32.4,15.3
b13a0692-be40-4a82-816a-6c3fd8c41e40,3857264,2,49,779,27886,Left Center Midfield,Aerial Lost,,0,11.3,36.6
a0d6daf9-a45d-49b4-b78d-7a55ee67e560,3857264,2,50,789,3637,Left Defensive Midfield,Tackle,Success In Play,1,52.4,15.8
6b5800d4-597a-48c7-8313-b228ff427ced,3857264,2,51,779,38718,Center Defensive Midfield,Aerial Lost,,0,72.6,57.0
8da79925-2e0a-4a84-b336-4c9f8ba8efbc,3857264,2,51,779,27886,Left Center Midfield,Tackle,Lost In Play,0,79.2,55.1
040954b9-fdfb-447c-a575-2904145f7a47,3857264,2,51,779,27886,Left Center Midfield,Tackle,Success In Play,1,74.3,58.1
e805ec03-ed51-483b-9d6e-705c0993d4b9,3857264,2,52,779,29201,Right Back,Aerial Lost,,0,33.9,73.1
38867b76-4bb7-4b39-88ff-c3f7b1a2aabb,3857264,2,52,779,7797,Right Center Midfield,Tackle,Success In Play,1,38.6,39.5
d2876894-13e1-4039-b200-b10b1f880549,3857264,2,53,779,38718,Center Defensive Midfield,Aerial Lost,,0,44.8,17.9
1323b381-ef90-406f-9715-a45c48206e41,3857264,2,53,779,29560,Left Wing,Tackle,Won,1,61.0,17.9
cf7e26ce-b0ec-4d9e-b50c-45a9996cd561,3857264,2,53,789,44166,Left Center Back,Tackle,Lost In Play,0,19.5,35.2
dd0237d8-f163-4080-b9c8-3e2f651eb9d4,3857264,2,54,789,3034,Right Center Back,Tackle,Lost In Play,0,26.4,40.6
cc163d5d-db02-4a4f-8641-cb9cabac6337,3857264,2,55,779,27886,Left Center Midfield,Aerial Lost,,0,94.2,42.3
05f9825d-eeeb-438f-a6f4-54996dbba835,3857264,2,56,789,5660,Right Center Forward,Tackle,Success In Play,1,39.6,34.2
8191e927-583f-4649-902e-4ac02c7c1f4c,3857264,2,58,789,5673,Left Back,Tackle,Won,1,86.0,5.1
a3a37507-6686-4b35-a981-a02fa4c0c415,3857264,2,61,779,7797,Right Center Midfield,Tackle,Lost Out,0,56.7,74.2
9f2e9daa-d74c-462d-87a5-a1e38a8448de,3857264,2,62,789,31955,Left Midfield,Aerial Lost,,0,75.8,27.3
92dc4600-5c2b-45f7-aef5-eaf9365071ad,3857264,2,64,789,3034,Right Center Back,Tackle,Lost Out,0,8.2,73.5
deab1e87-79a8-4526-8202-ae34cccc1bfb,3857264,2,68,789,5668,Left Center Forward,Aerial Lost,,0,75.3,17.3
b9390185-aed7-4296-9d80-e47c662a51c3,3857264,2,76,779,29201,Right Back,Tackle,Lost In Play,0,31.7,63.2
6fec87cb-247f-44e3-96d1-019a91bcf1da,3857264,2,83,779,20572,Right Center Back,Aerial Lost,,0,49.0,60.5
1149ce36-3474-4b68-9285-9e1a4fe11090,3857264,2,85,789,12493,Right Center Forward,Aerial Lost,,0,69.3,19.8
009fc628-8037-4c8c-92ed-036b36ca1604,3857264,2,86,789,12493,Right Center Forward,Aerial Lost,,0,78.1,24.6
5a0f57dd-38fb-4923-912f-3febf9658777,3857264,2,88,779,7161,Center Back,Aerial Lost,,0,45.0,59.8
546f4cd8-b165-4faf-a7c7-4fc67116f053,3857264,2,88,789,31955,Left Midfield,Aerial Lost,,0,65.7,17.3
8be68500-5128-454a-9fa6-8cf5f8098898,3857289,1,0,794,5575,Center Defensive Midfield,Tackle,Lost Out,0,52.0,62.1
4d4e419f-52b7-4211-be23-6009d84b89d3,3857289,1,3,779,27768,Left Center Back,Aerial Lost,,0,55.6,62.3
4e1190a0-a2f8-4aea-836c-794637b9ac0e,3857289,1,3,779,5503,Right Center Forward,Aerial Lost,,0,54.2,42.5
d1922584-f828-4f05-b063-5d9548da3eb0,3857289,1,6,794,26301,Left Center Forward,Tackle,Success In Play,1,94.1,8.9
4868acc5-b5ab-47a9-98de-376a6ca160a6,3857289,1,11,794,26301,Left Center Forward,Aerial Lost,,0,55.3,15.9
18906908-61bb-409d-a541-e26e67b42194,3857289,1,12,779,7797,Right Defensive Midfield,Tackle,Success Out,1,86.5,76.1
cb0af881-d4b2-4009-99a6-f7420136e59c,3857289,1,13,794,5563,Left Center Midfield,Tackle,Lost In Play,0,47.1,7.0
aa919b71-ce43-4462-86a5-9ad8f822f4cc,3857289,1,15,779,19597,Left Back,Tackle,Success In Play,1,26.6,11.0
6192f3cb-8541-4bd4-9a14-4d31127f0019,3857289,1,15,779,3090,Right Center Back,Tackle,Won,1,22.0,26.7
92ae8bed-49fb-42fd-9977-f780032d55dc,3857289,1,16,794,5573,Left Center Back,Tackle,Success In Play,1,24.9,35.7
a08b5f19-264a-41f0-96ea-79b26c89d61a,3857289,1,16,794,5571,Right Center Forward,Aerial Lost,,0,58.0,52.8
bd481e0c-e348-4cf2-9baa-57f8b2e15efa,3857289,1,18,779,27768,Left Center Back,Tackle,Success In Play,1,26.6,2.8
500aff0d-ec41-4fcd-b006-8366a38ca8de,3857289,1,18,794,5571,Right Center Forward,Aerial Lost,,0,91.1,61.5
33d67d94-c37d-4fc4-a87c-f57ac72f9f61,3857289,1,19,794,26301,Left Center Forward,Aerial Lost,,0,65.9,14.3
9d767f92-38c4-4ddd-b8df-3609b68b1013,3857289,1,21,779,5503,Right Center Forward,Tackle,Success In Play,1,61.0,30.5
fca23b87-8a84-4465-9cff-0a0cb1298c61,3857289,1,23,794,5563,Left Center Midfield,Tackle,Lost Out,0,45.2,11.3
395e2707-a187-4076-a397-7c1f2c519cc4,3857289,1,24,794,30500,Right Wing Back,Tackle,Lost In Play,0,18.9,72.6
b33969ad-dbb1-4861-a593-7c66adf20754,3857289,1,25,779,11456,Left Center Forward,Aerial Lost,,0,70.0,22.4
2b83787a-9d63-4988-b101-b86698f19675,3857289,1,26,794,5563,Left Center Midfield,Tackle,Won,1,74.8,7.5
7f70e439-1e6d-4ad0-9d61-774ca10a257a,3857289,1,28,794,5571,Right Center Forward,Aerial Lost,,0,84.6,50.4
80e99d3d-dc27-4b0f-a35d-f18be665f86a,3857289,1,30,779,7797,Right Defensive Midfield,Tackle,Success In Play,1,76.0,70.4
db99aee2-8e32-4b86-a6bf-a419034d8d91,3857289,1,32,779,3090,Right Center Back,Aerial Lost,,0,113.9,37.0
400be647-b839-43aa-82a5-fb311d191325,3857289,1,34,794,5571,Right Center Forward,Aerial Lost,,0,77.0,50.7
4e333751-e689-48b2-b2c6-b43cd017bc77,3857289,1,36,794,11388,Right Center Back,Tackle,Success In Play,1,45.8,70.7
c3618b2c-9a35-4a9e-a5b8-771c2a731df4,3857289,1,37,794,26301,Left Center Forward,Aerial Lost,,0,56.1,8.6
fcda7b5c-0221-4793-bc65-9e9109d229b7,3857289,1,38,794,30500,Right Wing Back,Aerial Lost,,0,78.3,65.0
b1e0682f-4b88-41b5-8b96-c1abd51e36cc,3857289,1,39,794,26368,Center Back,Aerial Lost,,0,7.4,40.6
762aaacf-160b-49b2-b19f-86a2e567d9f0,3857289,1,41,779,27886,Left Midfield,Aerial Lost,,0,46.1,15.9
d0aac9d1-6518-4882-a3c8-6ffd578ceba7,3857289,1,41,779,3090,Right Center Back,Tackle,Success In Play,1,25.2,19.9
3850eccf-c1f0-4d64-8d7a-dd6bd077656e,3857289,1,42,779,27886,Left Midfield,Tackle,Success In Play,1,26.6,3.7
c92ee969-94ac-4a50-88bf-db438277a130,3857289,1,42,779,26404,Left Defensive Midfield,Tackle,Lost In Play,0,30.4,18.0
f392ba33-a173-4d1e-bdf6-d7a8fa41d6d4,3857289,1,44,794,15872,Left Center Midfield,Tackle,Lost Out,0,46.9,8.3
4a94b2b2-b0f5-4ad7-9d92-5870accf9c1c,3857289,1,45,794,26301,Left Center Forward,Aerial Lost,,0,43.9,7.5
f4e9635b-9ab8-4cfb-9035-40a665bd1a14,3857289,1,45,794,5575,Center Defensive Midfield,Aerial Lost,,0,33.8,17.6
622ea755-44ef-4279-8879-e654ede84068,3857289,1,46,779,11456,Left Center Forward,Aerial Lost,,0,66.5,33.2
db01267d-9cc9-4ba3-97d3-5fa36f879f20,3857289,1,48,779,27886,Left Midfield,Tackle,Lost Out,0,50.4,5.0
1002f5a2-1418-4da0-8a05-cb038f4bc60b,3857289,1,49,794,5571,Right Center Forward,Aerial Lost,,0,100.0,7.5
b421b9d3-6011-4e83-a9de-f553b604718c,3857289,2,45,794,5571,Left Center Forward,Aerial Lost,,0,90.6,12.0
ba8cd771-dde4-48cf-81f4-09b3c23fefe7,3857289,2,47,794,28825,Right Center Midfield,Aerial Lost,,0,59.0,29.2
a0b3378f-8649-4e53-a10b-a8969c63c486,3857289,2,51,794,30500,Right Wing Back,Aerial Lost,,0,74.6,67.6
a3457a39-3e71-4819-8740-571701a07759,3857289,2,54,794,5571,Left Center Forward,Aerial Lost,,0,68.4,9.7
352ad2d6-00ed-4aef-95c8-442bfc13c608,3857289,2,55,779,26404,Left Defensive Midfield,Tackle,Lost In Play,0,79.3,65.7
108d5a2e-3d95-4d18-83b5-8c7d9170bcdd,3857289,2,55,779,7797,Right Defensive Midfield,Tackle,Won,1,56.5,76.6
74797334-6857-4869-b252-54f46b137b76,3857289,2,55,794,5576,Left Wing Back,Tackle,Lost In Play,0,26.6,3.8
90136e05-061e-403b-bdc4-5b73d659d81d,3857289,2,57,779,27886,Left Midfield,Aerial Lost,,0,53.6,14.1
a33bc0a8-06fc-4fa7-9303-a7487a6651bf,3857289,2,57,779,7797,Right Defensive Midfield,Aerial Lost,,0,57.9,39.3
b0f89127-dd65-4f93-baf9-9264f3ecc251,3857289,2,60,779,11456,Left Center Forward,Aerial Lost,,0,107.4,44.6
bf038954-230e-47c9-a29a-a31e9e5ce149,3857289,2,60,794,5571,Left Center Forward,Aerial Lost,,0,26.2,32.3
b64e9e91-7622-4898-bae9-10a13eff16a5,3857289,2,60,794,5575,Center Defensive Midfield,Tackle,Success In Play,1,26.8,51.9
e2b3765b-695e-4fc4-aec0-9492c84855b8,3857289,2,60,779,19597,Left Back,Tackle,Success In Play,1,81.2,29.5
c36e2364-6663-4c73-9cda-3fb4b663573a,3857289,2,62,779,27768,Left Center Back,Tackle,Lost Out,0,82.6,3.1
a644f7ec-fa56-4cd9-9929-c265123193bf,3857289,2,67,779,27768,Left Center Back,Tackle,Lost In Play,0,16.0,9.6
8bbfef00-1f44-4364-bc11-97bb102daf67,3857289,2,69,779,29560,Left Center Forward,Aerial Lost,,0,91.0,19.7
4f6c7e2d-01ab-4c66-af17-ebd2a1644876,3857289,2,71,779,19597,Left Wing Back,Aerial Lost,,0,88.0,18.6
42580a87-c084-4792-a9fc-0b298e098840,3857289,2,71,779,29560,Left Center Forward,Aerial Lost,,0,93.1,33.3
c1b2b6c4-1550-4307-bb33-9316e85692dc,3857289,2,72,779,29201,Right Wing Back,Tackle,Lost Out,0,31.7,78.1
a805319e-c557-4145-9477-577893b78ddb,3857289,2,73,779,29560,Left Center Forward,Aerial Lost,,0,81.2,15.8
a07054db-bd08-4e05-b51a-72dbcb36e870,3857289,2,74,794,15452,Right Wing,Tackle,Success In Play,1,45.4,29.0
824fc953-8195-4fa4-a8e7-bcabfea14ca2,3857289,2,75,794,5576,Left Back,Tackle,Lost Out,0,80.0,3.3
1c558ecc-a46a-48d6-8a5d-b2040f0d9ac0,3857289,2,76,779,38718,Center Defensive Midfield,Tackle,Lost In Play,0,20.8,57.9
35009196-d05f-42a9-baad-ee18f4794e01,3857289,2,76,794,15452,Right Wing,Tackle,Success In Play,1,10.1,68.8
44966f79-ee90-4f59-b83c-85b6e920f74c,3857289,2,76,779,38718,Center Defensive Midfield,Aerial Lost,,0,83.9,20.5
05e7daa6-7131-4d8e-a67f-2ae6f79b2092,3857289,2,78,779,5503,Right Center Forward,Aerial Lost,,0,76.9,64.2
b5e2fb65-7c92-4d21-985b-f00c8eae05fd,3857289,2,78,794,28825,Center Attacking Midfield,Aerial Lost,,0,62.0,17.4
80c54750-d6bb-4484-9132-03bed9236f40,3857289,2,79,779,29560,Left Center Forward,Aerial Lost,,0,84.1,49.3
b63a2978-de9c-42ce-8998-1886f9294289,3857289,2,82,794,5575,Right Defensive Midfield,Tackle,Success In Play,1,40.6,54.0
9cc730cf-3aa5-419a-badc-241a080443c9,3857289,2,82,779,3090,Right Center Back,Aerial Lost,,0,28.2,32.4
5c8c5842-4471-4727-925b-7dbf97dbcd4e,3857289,2,83,794,5576,Left Back,Tackle,Lost Out,0,46.5,3.9
e9675e2d-5195-452d-928f-b53af40581b0,3857289,2,84,794,5573,Left Center Back,Aerial Lost,,0,113.5,34.0
6886bfdc-98fa-44c3-a1b3-399157233f68,3857289,2,85,794,5576,Left Back,Tackle,Lost Out,0,39.1,50.9
46976c17-7952-45c8-b736-b221975dbfc6,3857289,2,86,794,11388,Right Back,Tackle,Lost Out,0,7.7,66.6
17f04b7f-3abc-4628-8464-4d838b0c2c60,3857289,2,90,779,28268,Left Center Midfield,Tackle,Success In Play,1,50.6,59.1
402c2b0c-04d0-4e61-b2ff-97f5c3483146,3857289,2,90,794,26368,Right Center Back,Tackle,Won,1,26.7,45.9
49743cee-2dd5-4108-a664-79132f1db03c,3857289,2,92,794,5568,Center Forward,Aerial Lost,,0,76.8,14.3
7834ef12-e537-439e-878b-b1659656cec3,3857289,2,92,779,3090,Right Center Back,Aerial Lost,,0,50.4,55.9
95d244cf-5316-463a-9035-7adaefb7cf6a,3857289,2,96,779,29560,Left Center Forward,Aerial Lost,,0,97.4,12.0
7d1e3ccf-9043-4eec-859b-665c778a8d07,3857289,2,96,779,19597,Left Wing Back,Aerial Lost,,0,101.0,6.7
6e42fe0f-cb78-4248-9ac9-15ac80d64569,3869254,1,0,773,30401,Left Wing Back,Aerial Lost,,0,80.0,27.5
f8f39211-c59f-4fc7-b731-0f3e97b0419d,3869254,1,0,780,5204,Right Wing,Aerial Lost,,0,56.6,58.7
a4238375-5306-4fa7-934b-a7c55f3e1eb7,3869254,1,0,780,38803,Center Forward,Aerial Lost,,0,80.5,25.5
02d0fa09-12bb-466d-a606-8c5ee896e47d,3869254,1,3,773,3500,Center Defensive Midfield,Tackle,Lost Out,0,72.7,75.5
7d153f01-7cf6-4d2c-9a73-c6ffb3d59852,3869254,1,5,773,5537,Center Back,Aerial Lost,,0,113.2,36.0
f4373dc0-7df7-41de-8ce8-6e7a2a5b1d95,3869254,1,6,773,5544,Left Center Back,Aerial Lost,,0,33.2,27.0
b951a1a3-23ca-4f72-9848-892cb02e2b36,3869254,1,7,780,16028,Right Back,Tackle,Success In Play,1,8.6,76.3
379247f9-d642-4b12-a98a-5a4737a8ef99,3869254,1,10,780,5206,Left Center Back,Tackle,Success In Play,1,20.4,38.3
50576e0b-e39e-415a-8b6a-c41b018f0e8d,3869254,1,11,780,5204,Right Wing,Aerial Lost,,0,64.9,64.2
792e6532-9ba7-4045-b856-b7bc1a3f0d43,3869254,1,12,773,30401,Left Wing Back,Aerial Lost,,0,31.1,12.6
60bff0b1-ecd7-4a53-8019-e5d9ceffd224,3869254,1,12,780,5209,Left Back,Tackle,Lost Out,0,74.9,9.4
a91b13dd-5037-4aa7-a257-83db0b21b50c,3869254,1,14,780,16028,Right Back,Tackle,Lost Out,0,3.4,67.4
8917c7c1-c4f0-4984-bae0-51e4b0539bea,3869254,1,14,780,16028,Right Back,Aerial Lost,,0,28.8,75.9
91fb9d2f-51a0-44eb-b315-3434b9e495c3,3869254,1,19,773,5545,Right Center Forward,Aerial Lost,,0,85.5,65.6
dbd2ea7d-b318-4bf6-92bc-b0f6cca33dd7,3869254,1,19,780,5214,Center Defensive Midfield,Aerial Lost,,0,35.0,28.2
3fbf0d32-62c9-487f-a5c8-0ce1e3813831,3869254,1,20,780,38803,Center Forward,Aerial Lost,,0,73.3,50.5
1ce0cc24-3e29-4c1b-83cf-aac5e259b755,3869254,1,21,773,5537,Center Back,Tackle,Lost In Play,0,25.7,53.2
a31073b8-b02e-4c05-8d01-acf40ec14ad1,3869254,1,23,773,6983,Left Center Midfield,Tackle,Lost Out,0,59.0,2.6
91a0ada2-9936-4cfb-b533-922e4e9f583a,3869254,1,26,780,16028,Right Back,Tackle,Won,1,41.3,75.6
bd29eb1d-d75c-4dd6-9513-1777e1c36900,3869254,1,30,780,38803,Center Forward,Aerial Lost,,0,75.9,25.5
3e86d644-6c60-4ea5-aa9f-e88ad6cbff42,3869254,1,32,773,5549,Right Center Back,Aerial Lost,,0,5.8,40.1
df751b7b-8c75-4a63-843f-751f844bc381,3869254,1,34,773,3533,Left Center Forward,Aerial Lost,,0,54.7,60.6
935704a7-3adf-46c0-bae2-03ac589e59b6,3869254,1,34,780,5214,Center Defensive Midfield,Tackle,Won,1,20.5,71.5
e0c3717b-0b98-4170-a1f4-ba3d8c5a8282,3869254,1,34,773,16026,Right Center Midfield,Tackle,Lost In Play,0,90.1,27.0
e29f2b98-a5d3-402a-be5e-d6104d4232c3,3869254,1,39,780,16028,Right Back,Aerial Lost,,0,84.3,75.6
70157836-5a1b-4049-8d84-23280e4bf858,3869254,1,40,780,5204,Right Wing,Tackle,Won,1,37.2,61.7
eab8cd93-4247-4f11-84c1-c7d63116c118,3869254,1,43,773,3913,Right Wing Back,Aerial Lost,,0,4.2,54.6
9fca702c-a35c-4711-b2e3-3d3e7ad1825f,3869254,1,44,773,5537,Center Back,Aerial Lost,,0,37.7,24.8
3ae1390a-1e84-482d-9e92-9edbec972e75,3869254,2,45,773,5544,Left Center Back,Tackle,Success In Play,1,38.2,16.4
634ecff1-3b98-453c-9909-c8a59c1c9ba3,3869254,2,48,773,3500,Center Defensive Midfield,Aerial Lost,,0,5.7,45.0
8efdc9f4-ee79-4dd1-a2af-e8d2a91c6b81,3869254,2,48,780,5204,Right Wing,Aerial Lost,,0,83.7,26.9
34d0963d-971f-4068-8183-623c1e02f186,3869254,2,49,780,11184,Left Center Midfield,Tackle,Won,1,45.9,47.6
3d1530ed-476e-4953-96cc-e52dc94f527b,3869254,2,53,773,5545,Right Center Forward,Aerial Lost,,0,9.3,44.5
e0f6a067-9e1e-44e4-84b4-29b877aa9af3,3869254,2,60,780,3193,Right Center Midfield,Aerial Lost,,0,24.8,33.3
d05707ac-a681-46b1-b308-70ec68ad2b91,3869254,2,61,780,12041,Left Wing,Aerial Lost,,0,37.2,25.1
6928ead4-433e-4cf2-8127-1f835fa6d430,3869254,2,62,780,12041,Left Wing,Tackle,Success In Play,1,15.6,2.8
047a55d3-79ca-479c-a475-d03b30db930f,3869254,2,66,780,5204,Right Wing,Aerial Lost,,0,67.4,72.4
6d720e7a-450d-4a9e-910d-06a5e49d153a,3869254,2,68,780,38803,Center Forward,Tackle,Success In Play,1,87.5,19.5
153320ea-3c39-41a4-820e-5da436d32e4b,3869254,2,69,780,5204,Right Wing,Tackle,Won,1,8.5,73.3
c090571d-9ee8-4d31-89a9-094263fc86b0,3869254,2,71,773,5544,Left Back,Aerial Lost,,0,57.2,7.2
3a6f3793-1dd2-4f69-811f-b79e41e89e44,3869254,2,76,773,3500,Left Defensive Midfield,Tackle,Success In Play,1,78.3,49.6
60bfbff7-f46d-405e-b8ce-664737795e40,3869254,2,77,773,5545,Left Center Forward,Tackle,Won,1,57.4,37.3
b6b7e664-1815-49a3-a24a-d194501541a7,3869254,2,78,780,5207,Center Forward,Aerial Lost,,0,44.9,8.1
94d00477-4cc1-4d82-85ae-9e4cdb1601b7,3869254,2,80,780,34639,Left Center Midfield,Aerial Lost,,0,6.9,45.6
73cc420a-42bb-4331-be8d-2c689550e379,3869254,2,89,780,16028,Right Back,Tackle,Success In Play,1,20.1,52.9
d1471650-fb54-4ef3-9108-d55c3bed4d3b,3869254,2,92,773,5543,Center Forward,Aerial Lost,,0,81.1,23.8
caa3be32-fb3f-4d96-8f7a-9015d14cb2b7,3869254,2,92,780,34639,Left Center Midfield,Aerial Lost,,0,62.9,60.0
4bbd78b2-a05e-4f13-90e5-4cbf695098c9,3869254,2,93,780,34639,Left Center Midfield,Tackle,Success In Play,1,75.6,70.3
cff6a297-9e82-46b3-993a-70621d65705f,3869118,1,0,768,3336,Left Center Back,Tackle,Lost In Play,0,43.9,13.5
bec60ad1-b32c-4d51-a685-b8c0bd7ee3c5,3869118,1,1,787,5675,Right Center Back,Tackle,Lost Out,0,35.5,77.7
b9dac615-031b-40e0-a2c0-7428f99fff59,3869118,1,3,768,3336,Left Center Back,Tackle,Success In Play,1,12.1,26.7
79c8188e-1144-4e45-a4d1-42588196dd70,3869118,1,5,768,10955,Center Forward,Aerial Lost,,0,57.8,67.7
86fe3cd7-532c-45ad-9b9e-a7d28ca5080d,3869118,1,6,787,31751,Right Defensive Midfield,Tackle,Success In Play,1,46.9,49.5
3f1f8fe3-3080-44b9-9ac8-b654a6b6d933,3869118,1,6,768,30714,Left Center Midfield,Tackle,Won,1,78.3,23.6
51fe70ac-6d42-4b7d-b356-0f941b8480ad,3869118,1,7,768,3336,Left Center Back,Aerial Lost,,0,111.3,40.9
bbb0156b-d11c-437e-9507-7ff86c4e9b9b,3869118,1,7,787,20611,Center Forward,Aerial Lost,,0,37.7,45.4
5976466e-125d-4fe5-925c-3fc007670871,3869118,1,7,787,5675,Right Center Back,Tackle,Success In Play,1,17.7,48.3
e8c74f21-e0e8-4108-be7a-f87c19f2fbf8,3869118,1,7,768,22084,Right Wing,Tackle,Lost In Play,0,111.1,52.0
24ca623d-8f1f-4008-8fd4-bcbf0aa8d090,3869118,1,11,787,5675,Right Center Back,Tackle,Success In Play,1,22.5,54.8
7750c49e-b8f2-45dc-9d7f-3dfa743f191f,3869118,1,13,768,30714,Left Center Midfield,Tackle,Success In Play,1,74.2,71.1
61e2aca0-96dc-4e7f-9f49-8de7df3b239e,3869118,1,14,787,31751,Right Defensive Midfield,Aerial Lost,,0,57.2,70.2
f6da3a78-b541-4820-98a8-b721c7c5405e,3869118,1,14,787,5675,Right Center Back,Aerial Lost,,0,24.0,77.4
4ec74d28-fed5-4614-873c-f3da7c075cde,3869118,1,15,768,3532,Right Center Midfield,Tackle,Won,1,65.3,73.8
f571d912-e087-484d-9dc4-8f6ad2fb63b3,3869118,1,15,787,4506,Left Defensive Midfield,Tackle,Lost Out,0,57.1,3.0
976decc7-e796-48ad-b358-e999b8fad0d7,3869118,1,16,768,10955,Center Forward,Aerial Lost,,0,97.6,23.6
3ad619b1-c30f-4b7e-9372-b3995375e24e,3869118,1,16,768,3336,Left Center Back,Tackle,Success In Play,1,21.5,1.4
d8f7b07c-2509-4330-9c01-6fc3a293001b,3869118,1,17,768,22084,Right Wing,Tackle,Success In Play,1,43.6,64.8
50bd3a50-5cef-4425-8aa3-5b7e2fbfbf15,3869118,1,18,768,30714,Left Center Midfield,Tackle,Lost Out,0,88.9,2.4
f335793e-0c73-4d76-b98d-aa94776d2165,3869118,1,21,787,2941,Left Wing,Tackle,Lost In Play,0,118.4,18.4
269d385b-be79-4bef-b943-60b3207f2a74,3869118,1,23,768,10955,Center Forward,Aerial Lost,,0,65.3,51.6
2ee28051-e60a-471b-8778-c33f0ae0213e,3869118,1,26,768,3532,Right Center Midfield,Aerial Lost,,0,79.3,75.7
06962fd5-b8a2-4441-9650-9ba037ac5264,3869118,1,32,768,4354,Left Wing,Aerial Lost,,0,93.6,13.5
5c052d29-70da-4a62-b433-76307bf58412,3869118,1,32,768,30714,Left Center Midfield,Aerial Lost,,0,92.9,14.9
0803ec07-8b62-4cfc-86f8-5388fc9b8d56,3869118,1,33,768,3205,Right Back,Aerial Lost,,0,38.8,70.8
8e0834a4-085d-4e46-8e27-58909e11feb5,3869118,1,35,768,4354,Left Wing,Tackle,Won,1,86.3,15.3
b8ac7ef0-ebe8-4bc0-a4ad-dc0c4ccba5e5,3869118,1,41,787,2941,Left Wing,Aerial Lost,,0,62.7,11.7
5aba069f-e523-43d4-a079-b121098cd198,3869118,1,41,787,80484,Center Attacking Midfield,Aerial Lost,,0,56.4,18.3
7949d23f-ce4c-4053-8119-5e532fa0ef71,3869118,1,45,768,3336,Left Center Back,Aerial Lost,,0,112.2,31.3
37a3f5a4-af7f-40ba-bf6d-9c872ea4fa51,3869118,2,45,768,10955,Center Forward,Aerial Lost,,0,85.9,69.8
8c5824b9-5161-446b-90fc-e8965f68f485,3869118,2,45,787,3404,Right Back,Aerial Lost,,0,56.3,69.1
9e94f401-40ed-42bb-b967-b43979b54afc,3869118,2,45,768,3382,Left Back,Aerial Lost,,0,48.3,8.8
31ec79c2-bb68-43e4-a142-1e5c54e45c0c,3869118,2,45,768,3382,Left Back,Tackle,Won,1,34.9,10.5
298ae1eb-568b-482a-ab8d-05bf3f908cf4,3869118,2,46,768,10955,Center Forward,Aerial Lost,,0,54.7,14.6
403dbe9d-624d-42a8-83bd-6b1e2cfe1f10,3869118,2,47,787,50498,Center Attacking Midfield,Tackle,Won,1,3.9,61.2
5f436fd2-47bc-4088-8476-a8bad6775fea,3869118,2,48,787,50498,Center Attacking Midfield,Tackle,Lost In Play,0,63.0,31.7
594ee8f0-dbf2-44a5-9654-b055cd23ea8c,3869118,2,48,768,22084,Right Wing,Tackle,Success In Play,1,68.7,47.9
8b780093-329c-4430-bcf6-edb2606e2d13,3869118,2,48,787,5675,Right Center Back,Tackle,Won,1,26.7,42.1
a8a1a219-8fa5-4fb2-bdbb-ac54f4093c94,3869118,2,50,787,32915,Left Back,Tackle,Lost Out,0,22.3,5.0
0071b893-e391-4b05-a7aa-03a8eb00bea9,3869118,2,51,787,3404,Right Back,Tackle,Lost Out,0,18.0,77.1
d15937c5-33d7-4406-9692-089098fd5f23,3869118,2,53,768,30714,Left Center Midfield,Tackle,Lost Out,0,71.2,6.2
20a80e62-4d69-46e0-af45-15bca24ec1db,3869118,2,53,768,3943,Center Defensive Midfield,Tackle,Success In Play,1,64.4,17.8
de4d15ec-e10c-4584-833a-4c7e3bef8c4d,3869118,2,56,768,3336,Left Center Back,Tackle,Lost In Play,0,45.0,52.7
e6b7abdb-7716-42bf-b872-342920475987,3869118,2,56,787,21026,Right Defensive Midfield,Tackle,Lost In Play,0,41.5,62.3
4e9e4637-3b56-4431-ac41-bec457ee7bff,3869118,2,60,768,3532,Right Center Midfield,Tackle,Success In Play,1,39.5,27.3
dcff0cd9-3400-47bc-b4a8-b8af5675ac37,3869118,2,62,787,88123,Center Forward,Aerial Lost,,0,99.0,63.9
da6408be-2888-4c2e-bbbb-fe413f8bfcfe,3869118,2,67,768,10955,Center Forward,Aerial Lost,,0,80.7,16.2
5cf0cc58-3ffa-486d-a356-de1a1fa3553e,3869118,2,71,768,3318,Right Wing,Aerial Lost,,0,92.4,76.2
7f8bec23-8b08-492c-a1f6-19f3c7a7e143,3869118,2,72,768,3318,Right Wing,Aerial Lost,,0,59.1,74.8
59b0d914-e3c2-480d-ba92-3dfa98784ac4,3869118,2,72,768,9638,Left Wing,Tackle,Lost In Play,0,37.2,33.6
2878ac18-a2ae-4f92-8c0b-fb35beb1065f,3869118,2,74,787,88123,Right Wing,Tackle,Lost In Play,0,55.9,51.6
219acd82-6fc9-427a-a0dd-44baa74218fb,3869118,2,78,787,13314,Center Forward,Aerial Lost,,0,98.5,22.6
dc248577-69fc-411c-9d50-8009b8e803f0,3869118,2,78,787,2941,Left Wing,Aerial Lost,,0,57.1,2.7
1cadc2f8-9411-4684-ad1d-aa429f702b47,3869118,2,78,768,10956,Right Center Back,Tackle,Success In Play,1,56.0,69.7
ee5a1a38-738e-4a32-bdcb-cbcede4b9969,3869118,2,81,787,5675,Right Center Back,Tackle,Won,1,26.5,72.3
7846076a-f950-425b-8630-ffad5f619c9e,3869118,2,82,787,2941,Left Wing,Aerial Lost,,0,66.9,1.0
455d9106-f41d-4230-a715-831a823f1ef3,3869118,2,82,787,13314,Center Forward,Aerial Lost,,0,69.2,8.6
1d9ecaf8-5f85-4120-a4f2-fe46b5d44c46,3869118,2,87,768,4706,Right Defensive Midfield,Aerial Lost,,0,58.9,48.5
14b95c28-876d-4889-a6b3-7c55ef509678,3869118,2,89,768,10955,Center Forward,Aerial Lost,,0,84.9,72.9
7ab1702e-df02-40b2-bbf5-1bde24cd8761,3869118,2,92,768,9638,Left Wing,Tackle,Success In Play,1,11.0,9.5
66c44148-c7d0-428d-a3e2-c67577ff0057,3869519,1,1,785,5463,Right Center Midfield,Tackle,Lost Out,0,50.1,75.0
97ec7a9f-d909-421b-8822-e7c39caa51cf,3869519,1,2,785,5460,Center Forward,Aerial Lost,,0,35.7,67.6
547e3be1-0563-4a59-9252-fafff1b1bd93,3869519,1,2,785,5474,Left Wing,Tackle,Lost Out,0,68.2,3.9
ec7ae42d-abf8-4f42-8436-176034b33ac9,3869519,1,7,779,16308,Right Defensive Midfield,Tackle,Lost In Play,0,68.6,53.6
0460d1d4-b3dc-493d-aeff-bfca4ff4f741,3869519,1,7,785,12625,Left Back,Aerial Lost,,0,47.1,14.6
037df4fe-c398-4ea7-bd05-887bd1db3e04,3869519,1,8,779,3090,Left Center Back,Tackle,Lost Out,0,42.2,2.1
b59ec0f7-d7e7-4f58-b528-358f99741428,3869519,1,10,779,29201,Right Back,Tackle,Lost In Play,0,38.3,73.1
cc3decfe-7dfb-4dd5-a4a4-f0ab82a2257a,3869519,1,11,779,29201,Right Back,Tackle,Lost In Play,0,3.0,73.1
270160e6-e4e9-4a16-ba12-abf3d2a33b87,3869519,1,12,779,20572,Right Center Back,Tackle,Success In Play,1,36.8,59.2
e595fbf7-e31f-4eca-831c-fb7a8ddad56f,3869519,1,13,785,29163,Right Back,Aerial Lost,,0,102.8,57.5
541e6c31-6800-4e7e-b72b-cbbccc955fe3,3869519,1,15,779,20572,Right Center Back,Aerial Lost,,0,5.1,52.4
3bf65d4a-5b25-4b3d-87bb-8a4d1febe622,3869519,1,17,779,29560,Left Center Forward,Aerial Lost,,0,78.3,53.2
d6077cf8-a830-4025-85b9-67f33cd3bdbf,3869519,1,18,785,5469,Center Defensive Midfield,Tackle,Success In Play,1,50.1,74.3
049356cb-e83c-4778-a186-8af5919c799e,3869519,1,21,785,29163,Right Back,Tackle,Success Out,1,12.9,55.1
e6beff0e-ef9d-4dfa-ac1d-376ef206b918,3869519,1,25,785,33018,Left Center Back,Tackle,Lost In Play,0,46.2,19.2
0d9c6711-7304-4ce1-81bf-2c4235598729,3869519,1,29,785,11603,Right Wing,Tackle,Won,1,77.0,73.8
b85348bb-69a2-4799-9fa9-606cf9a58a7f,3869519,1,29,779,38718,Left Defensive Midfield,Tackle,Success In Play,1,36.8,13.9
9eaf5c5e-0d2d-422c-9e13-9678fee38b3a,3869519,1,37,779,16308,Right Defensive Midfield,Tackle,Lost In Play,0,29.9,47.4
97c7b0c0-9f78-4c7c-8ce4-df8b2ca1a8e2,3869519,1,38,785,29163,Right Back,Tackle,Lost In Play,0,17.8,43.4
59c1d86e-99c1-4dd2-b3d4-38a807489bb4,3869519,1,40,785,5463,Right Center Midfield,Tackle,Won,1,65.7,77.4
cd35193e-afd2-4d18-9ff1-66c8972aa1ff,3869519,1,43,785,5456,Left Center Midfield,Tackle,Success In Play,1,24.6,10.0
807333f8-4ca2-45dc-bb4e-1ac1eee3a8b4,3869519,1,43,779,29201,Right Back,Tackle,Lost Out,0,86.0,68.9
df7cb574-6277-45f7-8900-eec94c2e79b1,3869519,1,45,779,27886,Left Midfield,Aerial Lost,,0,67.3,6.9
f775ff84-16aa-45a3-9a90-dcc4b0ec4ef5,3869519,1,46,779,38718,Left Defensive Midfield,Aerial Lost,,0,42.2,5.1
55633258-bb10-4fd0-b438-303ff5b6cd25,3869519,1,46,779,16308,Right Defensive Midfield,Tackle,Won,1,32.5,4.9
7a03c95a-fe4a-42c2-979c-dd2e3c0b0cbd,3869519,1,46,779,7797,Right Midfield,Tackle,Success In Play,1,60.7,76.2
fef52d3a-bf46-4fd2-a7dc-cb3f98855980,3869519,1,49,785,5456,Left Center Midfield,Tackle,Lost In Play,0,28.1,20.5
2934b124-eded-4b89-949c-ebea2287deb8,3869519,2,48,785,5456,Left Center Midfield,Tackle,Won,1,22.0,50.6
5870736d-4805-4f00-8c97-5b0ab2a1a43b,3869519,2,48,779,27886,Left Midfield,Tackle,Won,1,99.0,32.9
4936699e-5188-47e5-b637-8cdae8297ff9,3869519,2,48,785,33018,Left Center Back,Tackle,Success In Play,1,22.7,37.6
7c418a8a-8b6a-4b61-b369-bca3f741e9fb,3869519,2,51,785,3441,Right Wing,Tackle,Won,1,44.2,42.9
7d6986fe-1616-4820-b2f4-e137de2d2d45,3869519,2,51,779,3090,Left Center Back,Tackle,Success In Play,1,26.8,50.7
668b1771-2319-4bc6-9b08-1beb6aa3422d,3869519,2,53,779,16308,Right Defensive Midfield,Tackle,Lost In Play,0,44.6,56.7
8bf3dc83-b2c7-407a-a1a3-7dfae49e9d74,3869519,2,55,785,33018,Left Center Back,Tackle,Won,1,15.2,46.6
4367403e-de33-4201-a6ed-6677279d13f0,3869519,2,57,779,3090,Left Center Back,Tackle,Lost In Play,0,11.7,43.7
66bfba64-79c6-40fb-a073-ce6bca78a659,3869519,2,60,779,5503,Right Center Forward,Aerial Lost,,0,60.8,71.4
cb88571c-10c9-4a94-80ce-de6ee6d0ede6,3869519,2,61,779,20572,Right Center Back,Aerial Lost,,0,7.4,40.0
1404f563-ef21-424c-b3e1-135a86cdb210,3869519,2,62,785,29163,Right Back,Tackle,Won,1,56.5,9.2
5d15b2d0-f04c-44f6-aa81-335809f9d4f8,3869519,2,62,779,38718,Center Defensive Midfield,Tackle,Success In Play,1,51.9,51.9
447b7d83-aa56-4768-be4e-28c5e1bffa6a,3869519,2,63,779,5507,Left Wing Back,Tackle,Lost In Play,0,37.9,12.6
4d7924dc-011c-42e0-9b3d-3b6c7247ed70,3869519,2,65,779,5503,Right Center Forward,Aerial Lost,,0,110.4,38.9
e248edb7-d6ef-40ed-a921-6ec2233e5c7c,3869519,2,67,785,33018,Left Center Back,Tackle,Success In Play,1,25.9,21.7
bb73aab6-b4dc-48ed-b109-d13a2469c1f2,3869519,2,68,779,38718,Center Defensive Midfield,Tackle,Won,1,15.3,74.7
7b3151ce-0e7a-49bd-b63f-87d076220cba,3869519,2,72,785,3441,Right Wing,Tackle,Success In Play,1,32.1,68.7
24790efa-c965-4c40-9ace-ee0eaccd402a,3869519,2,75,779,5743,Left Center Forward,Aerial Lost,,0,82.4,22.7
af622c30-73dd-4ce6-ab88-eb5ac146f801,3869519,2,75,785,22041,Center Attacking Midfield,Aerial Lost,,0,53.1,56.6
fb68cb3e-422a-4b3d-8852-6af845aac568,3869519,2,75,785,3471,Right Center Back,Aerial Lost,,0,43.9,59.0
0fdfb679-7cbc-42e0-b160-2365791bd780,3869519,2,75,779,5743,Left Center Forward,Tackle,Success In Play,1,88.0,41.0
cfbabc0f-3918-4417-af88-c3a54f8975ce,3869519,2,76,779,5743,Left Center Forward,Tackle,Success In Play,1,67.3,75.9
5d21d45d-ed4a-4130-99af-8f5eaaf55595,3869519,2,78,779,27886,Left Center Midfield,Aerial Lost,,0,77.9,5.2
bb90d96c-9766-46b5-a725-3263756018ef,3869519,2,78,785,29163,Right Back,Tackle,Success In Play,1,40.1,73.3
a7d55e12-b2f1-4d1e-a41b-7cd16f1be633,3869519,2,79,785,5474,Left Back,Aerial Lost,,0,33.8,13.6
a4feb9ca-5652-4d85-9a06-5ca1b889d551,3869519,2,83,779,28268,Right Center Midfield,Tackle,Success In Play,1,38.4,66.5
4a8275a1-25c7-4a4d-9a40-3ad852fc2881,3869519,2,83,785,33018,Left Center Back,Tackle,Won,1,10.5,22.5
6fe6211e-b57b-4da3-abff-f5a5fd2a6bba,3869519,2,83,779,27768,Left Center Back,Tackle,Won,1,40.8,62.5
ccf789f0-52ba-4e97-a331-5c896bb64fd5,3869519,2,86,785,3441,Right Wing,Aerial Lost,,0,50.4,68.0
bd2b3c8d-56a2-4e0c-9a17-7f726beb1b06,3869519,2,86,779,5743,Left Center Forward,Aerial Lost,,0,81.2,9.0
2d1fd52c-481a-432c-8318-66ca0faa62ac,3869519,2,86,785,3471,Right Center Back,Tackle,Won,1,21.6,61.9
cf016d55-fc6d-488b-bc57-a776c1c4713d,3869519,2,87,779,5743,Left Center Forward,Tackle,Lost In Play,0,64.4,26.8
353d6def-aa36-4b6f-b555-3cc7ef65d341,3869519,2,90,785,7693,Center Forward,Aerial Lost,,0,99.1,19.3
9c029769-9cf0-4e16-a819-99f9de660c28,3869519,2,91,779,38718,Center Defensive Midfield,Tackle,Lost In Play,0,52.2,17.7
56749b43-225c-4d0a-a3db-460e5b1aa99b,3869519,2,94,779,6377,Left Center Midfield,Tackle,Success In Play,1,34.3,56.7
80327d14-34ec-4084-a5f5-4a4bd702006d,3869519,2,94,785,5474,Left Back,Tackle,Won,1,12.6,6.3
7f5eb061-f982-4d01-a317-532979e99283,3869354,1,1,768,4354,Left Wing,Aerial Lost,,0,75.8,1.8
a2bf4baf-49e4-4f9a-9f8b-36b95bf18032,3869354,1,2,768,22084,Right Wing,Tackle,Success In Play,1,25.5,63.1
6ecc7358-fc01-4a49-afe2-619b6c7b68cd,3869354,1,3,771,5487,Center Attacking Midfield,Tackle,Won,1,33.3,75.2
71177f84-2fa5-4bcd-a882-71a0d327aae0,3869354,1,3,768,3336,Left Center Back,Tackle,Won,1,64.9,10.9
8ecd5375-c66a-4f12-94de-8ce9ca7765ed,3869354,1,6,771,3604,Center Forward,Aerial Lost,,0,112.1,43.8
ca4e21e9-4812-42f7-a701-16a155a78ce2,3869354,1,6,768,4354,Left Wing,Aerial Lost,,0,27.3,24.4
fc50c552-84c4-4542-8ce1-424d5a373b7e,3869354,1,6,771,5487,Center Attacking Midfield,Tackle,Lost Out,0,79.6,73.9
56044a5a-fca8-4c35-930c-94db0e930e93,3869354,1,8,768,30714,Left Center Midfield,Aerial Lost,,0,45.4,39.7
7227f6a5-6c2c-4eea-a5a2-a922c1addc0d,3869354,1,9,768,30714,Left Center Midfield,Tackle,Lost Out,0,7.7,13.5
3642007a-ef53-4334-ad59-80fb3f5f7882,3869354,1,9,771,5477,Right Wing,Tackle,Lost Out,0,91.5,77.9
25962007-f0ce-45d8-9d23-199088b0cd41,3869354,1,13,768,3943,Center Defensive Midfield,Tackle,Success In Play,1,51.0,48.1
ebf05231-65e8-4573-81db-ddf23c5cc2ee,3869354,1,21,771,5485,Right Center Back,Aerial Lost,,0,2.8,44.4
7428ee42-12b2-4f7d-a17f-c9d8b07db873,3869354,1,21,768,3382,Left Back,Tackle,Success Out,1,95.1,3.8
7c81cd93-e31a-47e1-beb1-60e2112bc096,3869354,1,22,771,6704,Left Back,Tackle,Lost Out,0,56.1,4.5
b3d8a0cf-2619-4b4b-be02-fed85ec4eb5b,3869354,1,24,768,22084,Right Wing,Tackle,Success In Play,1,104.6,77.1
477f0a01-a974-4601-b09e-b89e08a1058c,3869354,1,30,771,6704,Left Back,Tackle,Success Out,1,13.2,2.1
e4f8d7b7-229d-4455-b441-46ec8afa4072,3869354,1,31,768,30714,Left Center Midfield,Aerial Lost,,0,72.4,63.3
066e5766-9070-448b-bf1e-f00339a5d9ff,3869354,1,31,768,3382,Left Back,Aerial Lost,,0,60.7,2.0
e7bcf3ee-c7f3-4ee5-8902-21c3edb85ecf,3869354,1,32,768,3205,Right Back,Tackle,Won,1,23.7,65.5
3f51adbc-d364-4251-9a8e-d922fa458ea0,3869354,1,33,768,22084,Right Wing,Aerial Lost,,0,92.7,69.5
7a732110-659a-4085-a3be-d1fc178d6dcc,3869354,1,33,771,6704,Left Back,Tackle,Success In Play,1,19.1,24.8
320d5d0f-bd96-4891-9cc6-29f0d457911d,3869354,1,34,768,30714,Left Center Midfield,Tackle,Won,1,3.5,9.1
1e0f60be-ac0c-44f1-a8b9-44bc4920d96c,3869354,1,40,771,4445,Right Back,Aerial Lost,,0,2.4,49.6
0c4a677f-08bc-4d81-b713-cd726f9479a4,3869354,1,40,771,3604,Center Forward,Aerial Lost,,0,24.6,58.3
f5408807-9651-4e61-81d0-6fe98a625782,3869354,1,43,771,5477,Right Wing,Tackle,Success In Play,1,29.6,56.5
776c2c0b-c3ce-44a2-b071-44aaa8344381,3869354,1,43,768,30714,Left Center Midfield,Tackle,Lost In Play,0,30.2,16.4
115479c8-776d-4ce7-9f5d-cae4e1fa025d,3869354,1,44,768,30714,Left Center Midfield,Aerial Lost,,0,112.9,5.3
1c4938c7-9449-47ec-ae67-8bb6ec8dbeef,3869354,1,47,768,3382,Left Back,Aerial Lost,,0,108.2,11.8
e49c9da0-2d53-48ff-8f18-d401bf50fa2a,3869354,1,48,768,30714,Left Center Midfield,Tackle,Lost In Play,0,89.9,69.3
4513a2a5-f600-4a0b-9877-bca3a61d0932,3869354,2,45,768,4354,Left Wing,Aerial Lost,,0,66.8,10.2
8963b4bb-de8e-4157-8cd5-c4b8698360e3,3869354,2,47,771,3026,Left Defensive Midfield,Aerial Lost,,0,3.9,49.2
4374a916-9a9c-4066-a532-dbcbc360374c,3869354,2,49,771,3026,Left Defensive Midfield,Aerial Lost,,0,111.8,29.8
fac6827f-bbe4-4f44-8fe9-42cfa46c30dc,3869354,2,49,771,8519,Left Center Back,Aerial Lost,,0,111.3,51.4
d9c539d3-f2c1-4fea-bb5d-14f9efdba337,3869354,2,55,771,5487,Center Attacking Midfield,Aerial Lost,,0,55.9,67.5
efeed30a-f2b5-4a02-a971-e7272a0ad8ce,3869354,2,55,768,30714,Left Center Midfield,Aerial Lost,,0,83.9,21.1
1d7044d4-f4c9-4ed2-ae7d-72248d7efa86,3869354,2,55,771,3026,Left Defensive Midfield,Tackle,Success In Play,1,33.0,44.9
c0be8ffa-c3ee-4c50-9521-c4423c28667b,3869354,2,57,768,3532,Right Center Midfield,Aerial Lost,,0,35.5,74.2
686da157-50f5-41be-a023-f5394b2c1c48,3869354,2,58,771,3009,Left Wing,Aerial Lost,,0,101.3,25.8
e5e699ec-ff89-4bbd-b4fd-448c32617b74,3869354,2,58,771,5487,Center Attacking Midfield,Aerial Lost,,0,71.3,60.9
69e0794e-e447-40c3-8a43-82086fe99497,3869354,2,58,768,3943,Center Defensive Midfield,Aerial Lost,,0,57.4,27.3
3896947d-525f-41b7-baae-d6deb32a08b2,3869354,2,59,771,3604,Center Forward,Aerial Lost,,0,92.7,31.2
3110c952-b6a4-475d-8660-47e2e4ae149d,3869354,2,62,771,4445,Right Back,Aerial Lost,,0,10.8,71.8
d126f2f7-d48e-4067-b7da-dea685b0ae1f,3869354,2,63,768,3943,Center Defensive Midfield,Tackle,Lost Out,0,59.3,7.2
a9537c9b-e1b9-4966-b07b-9e4c3e96b278,3869354,2,65,771,8519,Left Center Back,Aerial Lost,,0,32.6,23.7
06d88b5e-23b0-4379-89c3-7304ab721edb,3869354,2,68,771,8519,Left Center Back,Aerial Lost,,0,40.9,14.7
e49ec206-8a0a-4095-b302-20fa24648355,3869354,2,70,771,4445,Right Back,Aerial Lost,,0,10.1,57.5
e79afa9c-375f-45c5-9237-c15199c8ce49,3869354,2,71,771,3604,Center Forward,Aerial Lost,,0,81.9,30.9
7c7f1cca-3774-45ca-8c10-df778d4db861,3869354,2,74,768,10955,Center Forward,Aerial Lost,,0,52.5,8.3
3f70396a-1132-46a9-ba8b-1ef70cf4abc0,3869354,2,74,768,3336,Left Center Back,Aerial Lost,,0,25.8,9.5
760c9aa1-6a18-4cd5-a3cc-1c246a3ee155,3869354,2,74,768,3382,Left Back,Aerial Lost,,0,7.2,33.1
4560477b-d5b5-4b8b-b2ae-f4e4c7343e65,3869354,2,75,768,3943,Center Defensive Midfield,Tackle,Lost In Play,0,72.7,71.0
792c9816-d4fd-4fff-b987-216260a8fa30,3869354,2,76,768,3382,Left Back,Aerial Lost,,0,8.8,30.2
d1d302c3-a3ad-4346-ad5e-935488155350,3869354,2,77,768,3336,Left Center Back,Aerial Lost,,0,5.4,43.7
c8193434-824d-4171-a5f2-cfc21f266562,3869354,2,79,768,7843,Right Center Midfield,Aerial Lost,,0,59.4,55.3
0e8c21df-ed65-420b-87ad-15722c598dc3,3869354,2,79,768,3244,Right Center Back,Aerial Lost,,0,38.3,44.7
b1c556a9-c8b0-40c9-ab6a-46dcf2af8206,3869354,2,84,768,30714,Left Center Midfield,Aerial Lost,,0,51.9,23.7
c5fc953b-1a51-4d5f-b3e7-bb283228faff,3869354,2,85,768,3244,Right Center Back,Aerial Lost,,0,16.5,48.0
d94a829d-3a65-46af-ad8a-ffa44e763624,3869354,2,86,768,7843,Right Center Midfield,Aerial Lost,,0,38.4,62.8
93a73b91-65f7-41d6-81b5-ac379d9493f5,3869354,2,87,771,8519,Left Center Back,Aerial Lost,,0,14.8,51.2
e956f2f3-b630-4922-9125-ff652e6a0d33,3869354,2,87,768,30714,Left Center Midfield,Tackle,Lost Out,0,82.0,18.0
60c1c0ea-f149-4b76-a42d-961d65103753,3869354,2,87,771,3604,Center Forward,Aerial Lost,,0,60.7,61.6
f786d395-0639-4877-88a5-dd0dff117631,3869354,2,88,771,3604,Center Forward,Aerial Lost,,0,63.3,59.4
1583137d-11e5-4d09-9839-9ccd8037f0c0,3869354,2,88,768,7843,Right Center Midfield,Aerial Lost,,0,58.4,28.5
457a7d6f-88fd-4724-85a6-a20b3cbdff26,3869354,2,89,768,3205,Right Back,Aerial Lost,,0,16.1,54.0
13c1fd61-c0a8-48b7-8b0b-dd3aeee65e4e,3869354,2,89,768,3244,Right Center Back,Tackle,Success In Play,1,12.7,44.5
4b19e68b-7e88-4fed-90be-d02e2132501b,3869354,2,89,768,3233,Right Wing,Tackle,Won,1,48.1,77.9
5dfdda9c-aa48-494f-aed5-da6872f1be5a,3869354,2,91,771,8519,Left Center Back,Aerial Lost,,0,64.4,28.8
37e76620-a92e-45c2-b522-9d1daa90cdc8,3869354,2,93,771,3604,Center Forward,Aerial Lost,,0,100.3,73.9
84ed9061-a3c7-4beb-a133-b5c82f9d0075,3869354,2,94,768,3382,Left Back,Aerial Lost,,0,113.6,25.8
ef46e3a6-18e5-4c8f-a11f-f7dd354784bc,3869354,2,97,771,3604,Center Forward,Aerial Lost,,0,80.6,27.6
ce8ae052-1497-4bd4-8d53-8b8db698b672,3869354,2,97,768,3233,Right Wing,Tackle,Success Out,1,7.2,77.2
ebc00a57-b0e2-4825-a843-a84ed37bf5cf,3869354,2,97,771,10481,Right Defensive Midfield,Aerial Lost,,0,41.4,36.0
a52fb5d9-957e-41ad-aac8-955221325a57,3869354,2,97,768,3318,Left Wing,Aerial Lost,,0,94.9,36.1
ca2109f9-f754-44c0-8ab7-c092a5ada901,3869354,2,98,768,9638,Left Center Midfield,Aerial Lost,,0,84.8,44.7
b709b7fd-b49b-48dd-ad85-ceed74a4a74d,3869552,1,3,771,11990,Left Defensive Midfield,Tackle,Won,1,55.4,11.6
0203d72a-0bac-4dfd-a459-b606cab01064,3869552,1,3,771,6704,Left Back,Tackle,Won,1,59.2,3.8
e8568b5a-6e4a-441c-b5e5-001554ec13c5,3869552,1,3,788,5237,Right Wing,Aerial Lost,,0,63.6,77.9
eb8f65b9-c6aa-4a91-8ad1-fcdab8a3cfe5,3869552,1,3,771,11990,Left Defensive Midfield,Aerial Lost,,0,58.2,1.6
56193dee-e0c1-40a4-86ee-c46204f2fe0b,3869552,1,7,771,11135,Left Center Back,Tackle,Lost In Play,0,24.2,19.5
d75d97f6-952c-4cbc-b925-00113222d273,3869552,1,7,771,11990,Left Defensive Midfield,Tackle,Won,1,28.2,16.9
6d56fe1b-6e04-4478-b4da-c9f54b6e13db,3869552,1,8,788,5245,Right Wing Back,Tackle,Success In Play,1,39.7,75.9
b06a8cc1-d87b-44c6-8291-64529359bf81,3869552,1,9,771,11135,Left Center Back,Tackle,Lost In Play,0,48.4,31.3
a222bb41-4c20-460f-904d-856d6adf98be,3869552,1,10,771,11990,Left Defensive Midfield,Tackle,Success In Play,1,14.3,7.0
bf948044-e0a1-420c-9fcc-0a98c26ecc8a,3869552,1,14,788,139016,Right Center Back,Aerial Lost,,0,110.6,46.3
8064be7a-1e0a-4224-900f-ce44905bc044,3869552,1,15,788,5245,Right Wing Back,Tackle,Lost In Play,0,38.4,58.8
256906a8-fb65-40bc-a725-603d3bb64959,3869552,1,15,788,139016,Right Center Back,Tackle,Success In Play,1,21.2,60.7
5803f04f-d9aa-44bf-9153-349265dbb92c,3869552,1,18,788,15890,Left Wing Back,Tackle,Lost Out,0,84.0,6.6
5b0b1f0c-5804-45a7-8e20-0f59b488f046,3869552,1,21,788,46258,Left Center Midfield,Tackle,Lost Out,0,63.7,9.1
1148fedd-20f2-4165-ac40-b53375ae9577,3869552,1,23,788,23774,Right Center Midfield,Aerial Lost,,0,37.0,54.3
d19b6cab-fc3e-4fae-b605-966527197719,3869552,1,23,788,5245,Right Back,Tackle,Lost In Play,0,27.8,55.2
ec742418-e957-4c3a-91a7-da2b344044b0,3869552,1,24,788,23774,Right Center Midfield,Tackle,Won,1,56.4,72.4
7d874958-000c-4b61-918d-6a89519ea27b,3869552,1,24,771,5477,Right Wing,Tackle,Lost Out,0,32.6,73.5
025e1e06-577f-447d-bdc4-3c9acefae92e,3869552,1,26,771,6704,Left Back,Tackle,Won,1,21.2,11.6
fc49ecea-f26a-4ae5-8f94-49e02eb307b7,3869552,1,28,788,15890,Left Back,Tackle,Won,1,44.7,21.5
a846c53f-ec95-43ab-b19f-6d7af1fdf448,3869552,1,30,788,15890,Left Back,Aerial Lost,,0,51.2,14.9
9b2c3816-65e7-4fb4-871a-e9b07a672830,3869552,1,30,771,4445,Right Back,Aerial Lost,,0,74.0,73.5
7bd0bd48-0bff-445d-adda-e7cecacd6e90,3869552,1,31,771,3009,Left Wing,Aerial Lost,,0,42.8,4.9
1abb02dd-c90c-422c-b9c6-cd54da5242c8,3869552,1,34,788,139016,Right Center Back,Aerial Lost,,0,8.2,35.6
ce853361-86db-487f-809c-eaeb2e798c94,3869552,1,36,771,5485,Right Center Back,Tackle,Success In Play,1,47.6,75.3
5aed568f-843b-4c76-884e-8ff1769ed915,3869552,1,36,788,23774,Right Center Midfield,Tackle,Lost In Play,0,68.9,15.7
8b1a0c77-a11b-4e53-97c7-2556bb06cbfb,3869552,1,38,788,7459,Left Center Back,Tackle,Lost Out,0,8.4,24.8
861550b8-8cbb-42cf-8723-5b56891370fd,3869552,1,42,771,11135,Left Center Back,Tackle,Lost In Play,0,48.2,2.4
c97bf5ef-60fa-46f1-b670-150c8cf08d97,3869552,1,42,788,23774,Right Center Midfield,Aerial Lost,,0,64.4,41.6
238724fe-72f2-4541-b0a5-eea96d32cfd9,3869552,1,42,788,3625,Left Wing,Tackle,Lost In Play,0,70.9,43.1
83df32ef-8aaa-43ad-9761-5d5bc616755c,3869552,1,42,771,5477,Right Wing,Tackle,Lost In Play,0,74.5,61.1
a6bd556a-6acb-4cb0-9f13-f437ddca59ce,3869552,1,44,788,23774,Right Center Midfield,Aerial Lost,,0,54.2,16.8
059ed830-51d3-4b6b-ab72-35fcf434c0f7,3869552,1,45,771,6704,Left Back,Tackle,Lost Out,0,4.2,8.8
dcd9c084-fcc5-42c2-bef3-f477d78afa49,3869552,2,45,771,3009,Left Wing,Aerial Lost,,0,81.5,22.7
949dc5d5-feca-4260-a60a-130306b0c1ea,3869552,2,46,788,5245,Right Back,Aerial Lost,,0,67.9,73.6
c9e396cd-772c-4017-84e2-2d1e7c492689,3869552,2,46,788,23774,Left Center Midfield,Aerial Lost,,0,65.0,38.8
abb3834f-ee0d-4df6-a26a-3deede81f790,3869552,2,50,788,5234,Center Defensive Midfield,Tackle,Won,1,5.9,61.9
29b5ba14-bf8b-4232-a4e2-be86ff9df75e,3869552,2,53,788,23774,Left Center Midfield,Aerial Lost,,0,55.9,9.4
623e1ad7-f261-44f2-80e5-dd2d78b78885,3869552,2,53,771,3604,Center Forward,Aerial Lost,,0,78.6,72.6
87ef15fe-408f-47ad-9e83-f9750a483504,3869552,2,54,788,31295,Left Back,Aerial Lost,,0,56.2,5.2
f993f2b1-119b-4a24-b9e8-a6f58f729afa,3869552,2,54,771,3604,Center Forward,Aerial Lost,,0,49.2,16.8
bf471757-28ce-4868-a11f-86efaef86617,3869552,2,55,788,3625,Left Wing,Tackle,Success In Play,1,68.1,3.8
b557e3ea-f7d1-479b-b7c7-1d1d5e0d500f,3869552,2,55,771,3604,Center Forward,Tackle,Lost Out,0,57.5,77.1
d15e687f-2c16-471c-95e4-ced0a1dfec99,3869552,2,56,771,6704,Left Back,Tackle,Success Out,1,11.1,19.8
15fc8071-6c46-4d0a-9dd4-13d98b7c78f0,3869552,2,57,788,23774,Left Center Midfield,Aerial Lost,,0,47.9,14.1
bae97da4-2d32-48ed-bcfc-0b1e0475435c,3869552,2,57,788,31295,Left Back,Tackle,Won,1,38.6,6.9
0d4eaec6-67fb-4680-9c31-a6311a5f742a,3869552,2,58,771,5477,Right Wing,Tackle,Success In Play,1,69.5,71.2
ea1fe16d-a121-42b9-9bf1-169cba6ecb1c,3869552,2,61,788,5234,Center Defensive Midfield,Tackle,Won,1,27.2,18.8
c5abb030-e86d-4862-8720-eef215cd0a90,3869552,2,61,771,10481,Right Defensive Midfield,Tackle,Success In Play,1,65.9,74.3
25ca2b00-ac01-4077-a4e5-b4e7a91c4a25,3869552,2,61,771,6704,Left Back,Tackle,Won,1,10.3,9.1
bfdbd64f-4b43-4ad9-bf87-ed8b75b84dc3,3869552,2,62,788,6301,Center Forward,Aerial Lost,,0,110.7,37.6
bcc329f9-4a23-41c6-8467-cadbb138ed96,3869552,2,62,788,5237,Right Wing,Aerial Lost,,0,98.6,58.1
12d4f831-ac7c-4c95-b718-18ea44f93c01,3869552,2,63,788,31295,Left Back,Aerial Lost,,0,26.1,20.8
78d9e18d-0b8f-4f85-9f44-3fc5faec11a1,3869552,2,65,771,3009,Center Forward,Aerial Lost,,0,57.2,55.4
ab8ebe43-e932-4e18-8bd8-5b25ec689c53,3869552,2,65,771,2972,Left Wing,Tackle,Lost Out,0,117.2,23.7
f6fe5049-5d3a-4fbf-9320-ceee93fe4c37,3869552,2,69,788,23774,Left Center Midfield,Tackle,Won,1,20.9,18.3
f62ad906-6f60-4c4d-ae26-977024d23eb8,3869552,2,70,788,139016,Right Center Back,Aerial Lost,,0,5.6,34.6
bf287323-9020-41e1-957a-35391f8461bd,3869552,2,74,788,23774,Left Center Midfield,Tackle,Success In Play,1,75.8,23.5
a14a08c6-ce21-4cd6-aa44-2f1195e00e4c,3869552,2,75,771,4445,Right Back,Tackle,Lost In Play,0,8.6,52.6
1caf1cff-2dee-408e-bcf9-e7bd63793bab,3869552,2,75,771,5487,Right Center Midfield,Tackle,Success In Play,1,3.3,74.0
f4b4ef75-0bb8-4419-a998-574494d7d0ab,3869552,2,77,771,5477,Right Wing,Tackle,Lost In Play,0,32.6,78.7
30bfb5af-eecf-480d-af5e-66c1066ba4fc,3869552,2,78,788,5234,Right Defensive Midfield,Aerial Lost,,0,57.4,54.1
99bf2be9-a62f-4efb-ac9d-800a43346c0c,3869552,2,80,771,4445,Right Back,Tackle,Success In Play,1,15.0,57.5
479f1eaa-ba33-4d5d-a994-b07b48e21e52,3869552,2,85,771,6704,Left Back,Aerial Lost,,0,13.0,39.1
7bfc9c2d-94b3-4875-bb16-259e379d4fab,3869552,2,86,788,5234,Right Defensive Midfield,Aerial Lost,,0,46.5,54.9
77cfd53d-4805-428b-bfe7-aea4300cc030,3869552,2,87,788,5234,Right Defensive Midfield,Aerial Lost,,0,47.5,57.0
e6c063ae-3944-47b2-b4fd-dd4db33d33bd,3869552,2,88,771,2972,Left Wing,Aerial Lost,,0,70.2,28.0
4d7566b8-3207-4cf4-87b7-4248a5ac3512,3869552,2,88,771,2972,Left Wing,Aerial Lost,,0,82.4,19.2
d77b2a5c-e354-4604-ae60-d815545a9744,3869552,2,90,788,5245,Right Back,Tackle,Success Out,1,69.2,76.1
2befcdf1-60b9-4caf-ae38-a9b0902d39a3,3869552,2,91,788,31295,Left Back,Aerial Lost,,0,85.4,3.1
070a8227-d24f-4d65-a7bb-f7dc12bb8f62,3869552,2,92,771,2972,Left Wing,Tackle,Success In Play,1,22.3,13.4
f494911f-644d-4df3-8e90-ba15b7f221c0,3869420,1,2,785,5456,Left Center Midfield,Tackle,Won,1,67.3,9.9
b305d63d-30ef-4b18-bd51-0de91bf418ea,3869420,1,5,785,11603,Right Wing,Aerial Lost,,0,76.4,66.8
a1368d9c-974d-4871-a15d-e549631c327b,3869420,1,7,785,5469,Center Defensive Midfield,Tackle,Lost In Play,0,44.2,68.9
46d37367-c45e-4f62-b172-559ba027ba30,3869420,1,7,785,29163,Right Back,Tackle,Success In Play,1,32.1,73.7
4b2f3282-2c65-4d66-829f-9c06fe94b678,3869420,1,8,785,12625,Left Back,Tackle,Won,1,43.9,7.1
3903f7f9-fabf-4a2f-9620-ac4c31504df8,3869420,1,9,781,5539,Left Defensive Midfield,Tackle,Success In Play,1,85.3,45.4
4cad37ee-ea28-40d3-b6ff-15666dd2236e,3869420,1,10,781,3063,Left Back,Aerial Lost,,0,49.5,12.6
478a8b73-37f1-4e97-b6bb-d2f70c2f533d,3869420,1,11,785,11603,Right Wing,Tackle,Success Out,1,55.3,72.1
e85320ca-3578-430a-9e0f-efb8f3a44f79,3869420,1,13,785,5474,Left Wing,Tackle,Won,1,110.1,7.8
8345c394-dab9-41a7-ab53-00c2a6cdc29f,3869420,1,14,785,5463,Right Center Midfield,Tackle,Won,1,91.3,29.0
754a6e02-fa54-41fd-90c9-8a0ec428f41e,3869420,1,14,785,5469,Center Defensive Midfield,Tackle,Lost Out,0,82.9,75.7
2e6427c5-eb02-4daa-9efb-efa54722c05f,3869420,1,17,781,13620,Right Back,Aerial Lost,,0,51.8,69.0
91a324b9-d244-43a1-8a78-f0bb3775fbed,3869420,1,17,785,12625,Left Back,Tackle,Lost Out,0,10.2,9.0
f798449a-fddd-4b5c-9b3e-a5e4f1be8450,3869420,1,17,785,5469,Center Defensive Midfield,Tackle,Won,1,9.8,19.3
1a5c432f-3c69-4b55-a566-b9e671cf5aaa,3869420,1,18,781,3280,Center Forward,Aerial Lost,,0,35.2,48.2
f531fe0c-310c-4b72-8fc1-b3fa8a92f8ac,3869420,1,21,781,3295,Left Center Back,Aerial Lost,,0,43.4,22.3
46302d1a-f4a1-44e0-8de3-59134d8ad1d7,3869420,1,23,781,4372,Right Center Back,Aerial Lost,,0,116.1,45.4
80f6a0d5-fbe2-474a-aca3-27d6e84fa04b,3869420,1,26,781,4320,Center Attacking Midfield,Aerial Lost,,0,100.2,15.3
e715c8af-bb01-46e2-9339-1589e5848da2,3869420,1,26,785,11603,Right Wing,Tackle,Won,1,28.1,73.2
0a51f165-cecb-4e04-a728-c2b0928dd572,3869420,1,26,781,5539,Left Defensive Midfield,Tackle,Lost In Play,0,86.5,6.1
bae8797e-94a6-4ca0-8570-0fa8177543ef,3869420,1,27,785,5456,Left Center Midfield,Tackle,Success In Play,1,34.1,37.4
ee384d17-96a2-4a58-ae05-30fd0cef01df,3869420,1,27,781,3063,Left Back,Tackle,Lost Out,0,69.4,11.2
928d0f6a-ba11-4eec-8eeb-e02496a554de,3869420,1,32,785,5460,Center Forward,Tackle,Lost In Play,0,87.3,16.4
7df853ee-de0a-4f6f-9886-2ae40ffbf592,3869420,1,32,785,5456,Left Center Midfield,Tackle,Won,1,73.8,10.2
5be1ae15-9ca9-482b-bf82-3871a56bdfbe,3869420,1,36,781,5539,Left Defensive Midfield,Tackle,Success Out,1,21.0,56.3
4fcef7cd-bc01-4a4a-bc4a-b95759f9aab6,3869420,1,39,785,5456,Left Center Midfield,Tackle,Lost In Play,0,27.1,38.4
2dd32b34-decd-40b6-9600-090899b5d193,3869420,1,40,785,11603,Right Wing,Tackle,Success In Play,1,22.8,58.6
39e66327-a16e-4617-a396-5a902159fa7a,3869420,1,40,781,18395,Left Midfield,Tackle,Won,1,99.0,17.7
0156938e-7388-4ca1-b840-9d6d44c8e2a1,3869420,1,44,781,22600,Right Defensive Midfield,Tackle,Lost In Play,0,70.9,56.7
253e8f32-f0e7-4356-b818-fe4b1df5fac5,3869420,2,45,781,3063,Left Back,Tackle,Lost Out,0,74.3,35.7
ab62b608-19b9-42f5-bcbd-8807570b6fbe,3869420,2,46,781,4372,Left Center Back,Aerial Lost,,0,47.5,37.9
432a163c-76b3-4271-b300-8d1067c57e2d,3869420,2,50,781,13620,Right Back,Aerial Lost,,0,8.2,38.7
620eeb91-99e7-49de-9a6c-14386d1b2532,3869420,2,50,785,5463,Right Center Midfield,Tackle,Success In Play,1,56.9,14.3
cd46b9fe-992a-4cf7-a5d1-7717c83c9d35,3869420,2,52,781,4372,Left Center Back,Aerial Lost,,0,69.2,5.8
1d435cc3-0c01-445c-ad1c-27723674f1a2,3869420,2,54,785,5463,Right Center Midfield,Tackle,Lost In Play,0,42.0,60.4
3bd4c9a1-935f-4915-91d1-26a0dd3bd909,3869420,2,54,785,5474,Left Wing,Aerial Lost,,0,30.3,40.6
8a1f3b96-319a-4ef2-bf2e-bd9f1f75b66d,3869420,2,55,785,5474,Left Wing,Tackle,Lost In Play,0,54.5,9.7
01eeeb35-7434-4828-970c-8dc232edb9c9,3869420,2,55,785,5456,Left Center Midfield,Tackle,Success Out,1,33.8,10.2
832b0332-b4cb-4274-a9c1-553d302e8f8c,3869420,2,61,781,22600,Right Defensive Midfield,Tackle,Won,1,19.5,4.5
065ca4bc-1920-4a63-801a-f7bd026bad41,3869420,2,65,785,12625,Left Back,Aerial Lost,,0,5.3,47.7
85c76c07-93dd-4884-96ff-be52734c8801,3869420,2,66,785,5456,Left Center Midfield,Aerial Lost,,0,27.9,31.9
dfcaed39-73a7-4230-bfc9-79857a062dd8,3869420,2,73,785,29163,Right Back,Tackle,Lost Out,0,20.3,59.9
e284e193-5998-4372-b2ff-9e3aa25e2791,3869420,2,75,785,3441,Right Wing,Aerial Lost,,0,72.9,58.3
557c1cb0-4a5f-4e08-8554-9245b0b33cdc,3869420,2,75,785,3441,Right Wing,Aerial Lost,,0,61.8,73.2
fb1beab0-dff7-4810-836c-c14318a3604b,3869420,2,79,781,3280,Center Forward,Tackle,Success In Play,1,42.8,25.6
d2348ef4-bc85-41e6-9eb8-c27cff618888,3869420,2,80,781,4372,Left Center Back,Aerial Lost,,0,64.6,64.7
ab29db8b-4c90-48ef-bb78-9ac1338f1f83,3869420,2,81,785,33018,Left Center Back,Aerial Lost,,0,10.7,39.1
b159f239-1d4d-47ff-b7da-caa49d885fa2,3869420,2,84,785,5456,Left Center Midfield,Tackle,Lost In Play,0,94.1,52.0
7e9cfdfd-fccf-480f-a1a9-20b3bb577fec,3869420,2,85,785,7693,Center Forward,Tackle,Success In Play,1,29.5,41.4
ae62b9da-9518-45f9-bbe4-1451f5283ca5,3869420,2,85,781,13620,Right Back,Tackle,Won,1,92.8,39.5
8ee2cef5-521e-4a02-b038-933885b6f57a,3869420,2,86,785,33018,Left Center Back,Aerial Lost,,0,7.2,11.9
f7a30973-7663-4355-b880-8929cb5f5452,3869420,2,88,781,3063,Left Back,Tackle,Lost In Play,0,19.5,41.9
f568cee5-59e5-4b97-8a0e-3ad3c74b7bc9,3869420,2,89,785,12625,Left Back,Aerial Lost,,0,85.7,52.0
69c19cc2-7ce7-41d4-a082-6876719d0697,3869420,2,89,785,29163,Right Back,Tackle,Success In Play,1,29.2,58.8
cf4501f3-2b3b-4545-9383-a6d9398a459a,3869420,2,89,781,3295,Right Center Back,Tackle,Success In Play,1,72.7,73.4
874c10d5-1136-492d-b541-df41bd28b4a7,3869420,2,89,781,22600,Right Defensive Midfield,Aerial Lost,,0,112.3,62.3
5e514f5a-9acc-4f58-a1dd-aaef74179c22,3869420,2,91,781,25104,Left Midfield,Tackle,Lost In Play,0,97.9,41.9
c91eaf6d-207a-435d-99b1-ffeb72660824,3869420,2,91,781,3295,Right Center Back,Tackle,Success In Play,1,46.4,8.5
62e718a1-da4b-4fd4-b879-4301db1fa196,3869420,3,93,785,5469,Center Defensive Midfield,Tackle,Won,1,33.8,24.9
6b4b8a26-f397-4813-96f3-71edc420f7ba,3869420,3,93,781,13620,Right Back,Tackle,Won,1,57.1,74.7
e57e4984-afa0-4b38-8e2e-63318b015432,3869420,3,96,781,13620,Right Back,Tackle,Success In Play,1,86.0,54.7
06274f8f-094a-45ac-a0c1-398af1e741e3,3869420,3,96,781,25305,Center Forward,Aerial Lost,,0,113.5,38.1
5b61a7aa-7702-4ea7-ab31-e1a1e465000a,3869420,3,100,785,5463,Right Center Midfield,Aerial Lost,,0,34.8,44.4
a2fea797-710f-42d7-bb0a-274df1d086f4,3869420,3,102,785,3471,Right Center Back,Tackle,Won,1,28.0,35.0
ae36f388-c77a-4b79-a9ac-37c316120bd8,3869420,3,103,785,5474,Left Wing,Tackle,Lost Out,0,35.3,3.9
624eedf8-f5d6-4f6d-b183-8824835744ba,3869420,3,104,785,12625,Left Back,Tackle,Lost In Play,0,28.0,9.5
53cafc7e-6f9f-470b-9cd0-8acdf6b16246,3869420,3,105,785,12625,Left Back,Tackle,Lost Out,0,18.7,4.2
d356478a-1a2b-490b-b655-2d0d50fa1bee,3869420,4,106,781,4320,Center Attacking Midfield,Aerial Lost,,0,39.6,11.5
f32f0fb5-db61-4b69-9dc6-f252b1e7e7ca,3869420,4,107,781,25305,Center Forward,Tackle,Success In Play,1,26.8,3.7
32ecdde4-7cce-4eb8-91b1-62b4ea8e62b5,3869420,4,108,785,5474,Left Wing,Aerial Lost,,0,111.7,48.8
784d7859-9cd3-483b-95ff-6c709185c9a8,3869420,4,108,781,9904,Right Defensive Midfield,Tackle,Lost Out,0,5.9,65.3
f8cfd481-b889-4c5a-93c3-acf694fdfc12,3869420,4,109,781,6945,Left Back,Tackle,Success In Play,1,10.3,21.6
193be969-21cc-4afa-b4c7-2e1e7a16b13d,3869420,4,110,785,5474,Left Back,Aerial Lost,,0,106.3,58.5
4a9352e1-0bab-4c65-bc0d-bd65f5984553,3869420,4,111,785,7693,Right Center Forward,Aerial Lost,,0,71.6,41.4
ed24882f-b95a-4d58-99e7-5726969a6bb9,3869420,4,111,785,7693,Right Center Forward,Aerial Lost,,0,77.8,54.7
0f2be015-9d0e-44e6-ab55-0e223ee8f0f3,3869420,4,112,781,25363,Right Midfield,Tackle,Success Out,1,2.4,66.6
2f862fa4-6f9c-4827-84e4-bb2b022e3ff8,3869420,4,113,785,28914,Right Defensive Midfield,Tackle,Lost Out,0,13.5,7.2
0e07e49c-6b55-4ead-9044-dadbf3d641f0,3869420,4,114,781,25363,Right Midfield,Aerial Lost,,0,94.7,68.2
21d827b9-f986-4b5d-a21f-6f6c3eb9386e,3869420,4,115,785,33018,Left Center Back,Tackle,Success In Play,1,21.9,19.7
35cca792-73f7-40f8-a20e-63933119dd12,3869420,4,115,781,5539,Left Defensive Midfield,Tackle,Lost In Play,0,80.8,58.7
c72e62a5-01b3-4b3c-a40b-b408e45cfd48,3869420,4,118,785,29163,Right Back,Tackle,Success In Play,1,37.4,76.7
eb081c09-e497-4355-bcee-9b3edb6f3698,3869420,4,120,785,33018,Left Center Back,Tackle,Lost In Play,0,19.7,6.4
3713ed7f-42bf-4a2d-8c8c-bd6e21a391e0,3869420,4,121,781,3295,Right Center Back,Aerial Lost,,0,113.7,38.9
26c7b44f-d8c1-4e53-ac8a-d8c1d5afa635,3869420,4,121,785,7693,Right Center Forward,Aerial Lost,,0,8.1,47.1
bc672bf3-6ebf-4917-86d5-daa91cb492dd,3869220,1,3,772,16532,Left Wing,Tackle,Success Out,1,80.3,1.6
fe167015-2d59-48bb-b3ad-d05f14739075,3869220,1,4,788,5234,Center Defensive Midfield,Tackle,Success In Play,1,37.7,60.1
b6deeb71-2760-476b-bb23-3c99916a60fe,3869220,1,6,772,5203,Center Defensive Midfield,Tackle,Won,1,6.7,69.7
b9431fad-89a7-4bb8-b2e8-db51d3d6458f,3869220,1,9,788,12149,Right Center Back,Tackle,Success In Play,1,60.6,38.7
27544658-7f42-4727-aa1b-2121cc86ca74,3869220,1,13,788,3625,Left Wing,Aerial Lost,,0,60.4,25.4
eab17608-59c2-483e-801c-b1eadca4b650,3869220,1,14,788,15890,Left Back,Tackle,Lost Out,0,51.6,5.1
7e9c83a8-eba7-480d-8bac-ad051504307e,3869220,1,16,788,15890,Left Back,Tackle,Success Out,1,21.0,4.9
06b6b6d7-7ea8-4be0-adf6-4b9c8b54b314,3869220,1,17,772,133353,Right Center Midfield,Tackle,Lost In Play,0,80.7,55.1
0cf4f9f9-6ebf-4a8e-a6df-b9adfb8592e8,3869220,1,17,772,6748,Right Wing,Tackle,Success Out,1,86.3,75.7
0a326011-db51-4ccb-a5a3-5bcdbd91aff9,3869220,1,18,788,5245,Right Back,Tackle,Success In Play,1,47.5,78.2
db079884-cadc-487e-9b46-44dc08cc9cd1,3869220,1,18,772,6765,Right Center Back,Aerial Lost,,0,69.4,56.2
73384ae3-3288-4232-adcc-33e7b1162af8,3869220,1,19,788,46258,Right Center Midfield,Tackle,Lost In Play,0,39.2,21.3
4d41b204-019f-48c3-870f-8375e8697c04,3869220,1,21,772,4353,Left Center Back,Aerial Lost,,0,15.9,48.5
e3444397-004d-4836-b625-a7247d63628b,3869220,1,22,772,30486,Left Center Midfield,Aerial Lost,,0,33.6,5.3
2c450970-8170-4643-bbf3-7efc44a41385,3869220,1,23,788,3625,Left Wing,Tackle,Won,1,62.9,20.9
b6861e66-fefe-4083-9191-28499686d776,3869220,1,23,772,5203,Center Defensive Midfield,Tackle,Lost In Play,0,49.5,37.2
7cbd1694-b2cb-4fa3-af74-8a5b8b533eb2,3869220,1,25,788,6301,Center Forward,Aerial Lost,,0,75.5,26.5
8717ef05-8601-4188-9b31-d696240e403f,3869220,1,26,788,6301,Center Forward,Aerial Lost,,0,77.5,23.3
9e442c1c-2073-4ba9-8bdc-e3ddc554e83e,3869220,1,26,788,5234,Center Defensive Midfield,Aerial Lost,,0,64.6,21.1
72a97365-61a0-4f61-9e46-c5e02e2a6aed,3869220,1,27,788,46258,Right Center Midfield,Tackle,Lost Out,0,43.9,69.3
bbf7dbbc-8b16-4e6f-be36-7fdbcec0f4ee,3869220,1,28,788,46258,Right Center Midfield,Tackle,Won,1,51.6,51.1
3159df15-1113-4243-99ed-f65ab27fd0cd,3869220,1,30,772,30486,Left Center Midfield,Tackle,Success In Play,1,94.0,21.8
aba02d4a-49eb-4473-932e-f4159367d08e,3869220,1,31,788,6301,Center Forward,Aerial Lost,,0,58.0,24.3
5f3baeb5-0358-4226-8fee-cd182860da6c,3869220,1,31,772,5211,Left Back,Tackle,Lost Out,0,29.8,2.1
c519b6b5-496c-46f5-900d-5195fb4f8613,3869220,1,32,788,15890,Left Back,Tackle,Won,1,85.2,41.0
66b2945c-9ae5-4066-b535-259705e9d655,3869220,1,33,772,133353,Right Center Midfield,Aerial Lost,,0,112.4,30.9
401778fa-5bf4-4bf2-8e4d-f599a24bc21b,3869220,1,35,772,16532,Left Wing,Aerial Lost,,0,106.2,32.2
03182b4c-50e8-4d7e-84c6-eedaba4dcbe9,3869220,1,35,788,6301,Center Forward,Aerial Lost,,0,88.6,49.6
1c9de29f-d42b-4395-9c68-17b6a3f9fa95,3869220,1,37,788,3625,Left Wing,Tackle,Success Out,1,8.4,11.1
ecb6a482-81f6-4e54-ab17-cc121cdd95b5,3869220,1,37,772,5203,Center Defensive Midfield,Aerial Lost,,0,93.7,73.9
fe36389b-3616-47e2-a97d-be3b4ea119ae,3869220,1,42,772,5211,Left Back,Aerial Lost,,0,1.8,31.2
1cb1fd25-73e6-4333-8376-494970c83596,3869220,1,45,788,6301,Center Forward,Aerial Lost,,0,76.0,21.1
a025ba87-eca1-4003-961a-a61f381187f2,3869220,1,45,772,133353,Left Center Midfield,Aerial Lost,,0,47.3,51.5
1b393296-27b9-4b9e-b1f4-94236b8332d2,3869220,2,48,788,5219,Left Center Back,Tackle,Lost Out,0,20.6,45.9
db88aef1-071d-4b16-9974-d11f479d0cb4,3869220,2,48,788,46258,Right Center Midfield,Tackle,Success In Play,1,19.3,60.5
427c9ca3-5c18-4c7b-906d-04c69f047df3,3869220,2,50,788,3625,Left Wing,Aerial Lost,,0,77.1,6.1
20433315-2638-4f83-8fa7-c2fd371b398e,3869220,2,50,788,5245,Right Back,Tackle,Won,1,53.3,73.3
54f790ed-f1ca-4871-a1e4-152e54f3707a,3869220,2,50,772,16532,Left Wing,Tackle,Success In Play,1,69.8,6.2
f4413407-684e-418f-bab2-71a945197208,3869220,2,55,772,16532,Left Wing,Tackle,Won,1,82.2,9.4
26575b3f-b72b-4741-a453-00932aa83c5b,3869220,2,55,788,5245,Right Back,Tackle,Success In Play,1,20.0,54.9
faa29993-3ca6-4bae-ad11-6a2ee0867912,3869220,2,55,772,6840,Right Back,Tackle,Won,1,16.3,62.4
00ebbbab-5cd7-479e-af63-6f9748858540,3869220,2,56,788,6301,Center Forward,Aerial Lost,,0,62.3,1.4
43184fc8-442e-4b00-8466-8dbdde603411,3869220,2,57,772,6765,Right Center Back,Tackle,Success In Play,1,26.6,64.1
d2aae269-e4f6-46a6-a582-9644199ccf3c,3869220,2,58,788,5234,Center Defensive Midfield,Tackle,Lost Out,0,16.1,69.0
1a849a4d-a52c-4dc8-b2a6-5e6d3dfcbd37,3869220,2,59,788,5234,Center Defensive Midfield,Aerial Lost,,0,27.7,41.4
007fa751-a5b2-41e2-bf78-5a9a5da3893d,3869220,2,68,788,12149,Right Center Back,Tackle,Success In Play,1,9.0,54.1
fab2f9f0-cdb9-439c-a8dd-e95eafb0f0b7,3869220,2,69,788,5234,Center Defensive Midfield,Tackle,Success In Play,1,25.3,73.5
c7230da7-c7d9-491a-bede-9dd0e481f68f,3869220,2,71,772,6765,Right Center Back,Tackle,Success In Play,1,48.0,59.6
0871df1d-4b35-458c-a1e7-eec7a3e321ef,3869220,2,71,788,149714,Left Wing,Tackle,Success In Play,1,27.7,11.9
dd2156be-a721-4b87-b16e-db150b7170b4,3869220,2,74,788,15890,Left Back,Tackle,Won,1,14.2,19.2
ca5a262b-9720-471d-9770-c33f68723d9a,3869220,2,75,772,30486,Left Center Midfield,Aerial Lost,,0,85.0,9.6
37370d50-a0f8-48a8-af74-94f3381862bc,3869220,2,84,772,6765,Right Center Back,Aerial Lost,,0,63.8,46.6
85f29177-3e47-4f4e-986a-842845945fbf,3869220,2,85,772,6840,Right Back,Aerial Lost,,0,7.5,46.8
eaa38379-e6c2-4928-b09a-94b4e6f1b69b,3869220,2,86,788,5219,Left Center Back,Tackle,Won,1,8.8,5.7
b769144e-1d08-4205-96f3-4a8bbe16f503,3869220,2,93,788,149714,Left Wing,Tackle,Lost Out,0,35.8,2.1
b9ff25c6-0e24-4174-bc12-e2f3453bce17,3869220,3,96,788,3634,Left Center Midfield,Tackle,Lost In Play,0,9.7,17.9
9755e451-1e32-4b75-a363-7de134953f6e,3869220,3,97,788,149714,Left Wing,Aerial Lost,,0,56.1,3.1
9ad9955a-4cb5-4a66-8035-5de834c45dec,3869220,3,98,788,31295,Left Back,Tackle,Success In Play,1,31.9,3.1
a05a86a6-f0bf-4380-91a8-effe2d3f9985,3869220,3,98,772,30756,Left Wing,Aerial Lost,,0,104.0,39.5
5d9465e2-5894-43a7-b024-f6ee7218cce5,3869220,3,102,772,3477,Center Forward,Aerial Lost,,0,73.2,67.5
bd6b33e9-0c10-4c2f-8953-2f6cb41900a3,3869220,3,103,772,39161,Left Back,Aerial Lost,,0,51.6,12.4
662a02ec-e003-4703-a41a-77f1ddf110a1,3869220,3,104,772,39161,Left Back,Tackle,Lost Out,0,50.3,4.0
ec63f5d0-1755-4862-97be-57b1aa40c2e6,3869220,4,107,788,296254,Center Forward,Aerial Lost,,0,73.8,63.3
f9092bfc-d18f-4214-927b-751a2d713fd1,3869220,4,107,788,5237,Right Wing,Tackle,Lost Out,0,118.8,73.5
edc5ed43-c9f4-4476-93aa-cdb2908712bc,3869220,4,112,788,149714,Left Wing,Aerial Lost,,0,62.9,8.3
e0d355e0-0200-4cf3-8838-9b4a9916a9ab,3869220,4,113,772,30756,Left Wing,Tackle,Success In Play,1,81.8,17.7
aa5a4910-8d97-4bad-a41a-2ff2f82b3659,3869220,4,113,788,5234,Center Defensive Midfield,Tackle,Won,1,28.7,38.0
10a875d1-5939-4577-98b6-1fa155f85796,3869220,4,115,772,6840,Right Back,Aerial Lost,,0,51.6,68.6
28c317c3-7333-472c-b520-f50a6feb3b03,3869220,4,119,788,5237,Right Wing,Aerial Lost,,0,26.8,30.1
456a7a52-360f-4e31-a02b-108410d4b414,3869220,4,119,788,5245,Right Back,Tackle,Lost In Play,0,25.9,71.8
85b430bd-78b7-4e18-88ad-ed03cc4b7729,3869219,1,0,778,23730,Right Center Back,Aerial Lost,,0,25.1,64.3
cb456d55-6c55-4661-b150-6e115fa4c5b3,3869219,1,0,778,23527,Right Wing Back,Aerial Lost,,0,17.9,63.3
c1a081cf-de2c-4246-ad07-815db54e7d71,3869219,1,2,785,33018,Left Center Back,Aerial Lost,,0,7.5,41.3
b7e0fadf-1007-448b-82e5-db36eb4c3ca4,3869219,1,3,785,7693,Center Forward,Aerial Lost,,0,67.2,28.7
ad2912a8-8724-4836-b40b-92978ef4ee39,3869219,1,3,778,37221,Left Defensive Midfield,Aerial Lost,,0,9.9,30.7
7e76da17-3785-45b0-b01a-3866f4651aa5,3869219,1,6,778,9411,Left Wing,Tackle,Won,1,31.6,15.3
6cbccdd4-f882-47ff-b27a-36cbcb7ef5e6,3869219,1,10,778,5690,Left Wing Back,Tackle,Success Out,1,62.4,0.9
f0265912-40ac-4506-af18-9158c9fac0da,3869219,1,10,785,5463,Right Center Midfield,Aerial Lost,,0,100.0,56.3
040668fc-4c98-45b0-b880-ff9008fd9331,3869219,1,10,785,5460,Right Wing,Tackle,Success In Play,1,84.6,75.1
f2455445-bab0-4362-8029-da673fe7197c,3869219,1,12,785,5474,Left Wing,Tackle,Won,1,24.4,21.2
4d1d5aee-cebd-46f9-8e89-b90a9548be21,3869219,1,13,785,7693,Center Forward,Tackle,Success In Play,1,46.2,37.5
9a534eeb-c073-431d-9474-03f482e03258,3869219,1,17,778,3300,Center Back,Tackle,Won,1,63.4,23.8
b12cd069-9304-4fd3-9e81-b94a486cb194,3869219,1,26,778,8361,Right Wing,Aerial Lost,,0,73.6,54.5
4295113b-51b5-4633-8032-6b3e4e213c18,3869219,1,29,785,7693,Center Forward,Aerial Lost,,0,111.1,31.2
f5fe4dcd-cb9f-4d57-b3a0-79d102e5acd4,3869219,1,29,778,23730,Right Center Back,Aerial Lost,,0,19.9,55.1
28fc043a-e29c-4d76-9e44-eac6a3aa562f,3869219,1,29,785,11127,Left Back,Aerial Lost,,0,95.3,23.0
e4a63e04-61c3-4f1d-8810-d7321bfe9f4c,3869219,1,29,778,30628,Center Forward,Tackle,Success In Play,1,30.3,48.9
262b72ce-31a0-4483-b6bf-346dfddab4b8,3869219,1,30,785,3471,Right Center Back,Tackle,Lost In Play,0,21.7,61.8
c65f4816-6372-4a6d-b1dd-0556a5f704ae,3869219,1,31,778,9411,Left Wing,Tackle,Success In Play,1,38.8,38.4
5e8160fd-0dbd-4b62-86e0-1386d271d7bd,3869219,1,31,778,30628,Center Forward,Aerial Lost,,0,66.1,21.1
46397945-5a83-495f-81c4-49fd82de3e81,3869219,1,32,778,23730,Right Center Back,Aerial Lost,,0,88.9,65.0
6be1e6ed-3dc6-4c1d-b5dc-2d8925f06162,3869219,1,35,785,33018,Left Center Back,Aerial Lost,,0,12.8,15.1
1f1801c7-83b5-4805-9192-c29a251151db,3869219,1,35,785,5456,Left Center Midfield,Tackle,Success In Play,1,27.0,20.2
fc91b9e2-7b08-4794-b0d1-be9bc8ad22ec,3869219,1,36,778,30628,Center Forward,Tackle,Success Out,1,68.5,76.3
c4208f71-3b12-48d9-949e-da805d2d0fb3,3869219,1,40,785,7693,Center Forward,Aerial Lost,,0,22.0,3.7
0c1fea5b-1a02-432c-94b4-ec72a6ff5f85,3869219,1,45,778,5690,Left Wing Back,Tackle,Success Out,1,8.2,1.5
539a82a3-bdea-4bf9-b122-edc84c157403,3869219,1,45,778,30628,Center Forward,Aerial Lost,,0,58.9,3.4
bd8709b4-7e14-4b9b-977d-0635c6d929f7,3869219,1,46,785,7693,Center Forward,Tackle,Won,1,64.6,78.9
f0842e87-9490-4417-8776-62ba3e7cd77e,3869219,2,45,778,3300,Center Back,Aerial Lost,,0,50.4,63.1
4be88b01-7d19-4cf7-9981-d5844f338e16,3869219,2,45,785,11127,Left Back,Tackle,Success In Play,1,87.5,2.1
d6a1c588-a780-41ca-b256-c7df42748502,3869219,2,46,785,7693,Center Forward,Aerial Lost,,0,110.5,32.8
c52d49e0-087c-4bd1-8f9d-c580f0de754c,3869219,2,46,778,23721,Right Defensive Midfield,Aerial Lost,,0,14.2,44.6
b3953ead-9f8a-43e6-84c5-d93bd126e0b8,3869219,2,46,778,37221,Left Defensive Midfield,Aerial Lost,,0,64.0,24.1
2c4a8fac-0de4-4a03-839a-adc1656911df,3869219,2,46,778,37221,Left Defensive Midfield,Aerial Lost,,0,54.4,19.8
f72f7841-f4db-4678-9602-2a609043e067,3869219,2,48,785,7693,Center Forward,Aerial Lost,,0,106.2,51.1
a53a4d1b-fd45-4830-a5fe-5d01564d5fe9,3869219,2,48,778,9411,Left Wing,Aerial Lost,,0,73.7,21.0
2ec1195a-c189-4c54-9b88-893855318684,3869219,2,48,785,5463,Right Center Midfield,Aerial Lost,,0,51.3,53.4
ed0fd20f-ea2c-4ac1-a2dc-c4a607815385,3869219,2,50,778,3300,Center Back,Aerial Lost,,0,63.3,78.0
23f15ccf-802e-4cb4-b546-788995b18b28,3869219,2,53,778,30628,Center Forward,Aerial Lost,,0,116.6,46.0
423ed12e-18b7-466e-b69a-e86202125ffb,3869219,2,54,778,23730,Right Center Back,Tackle,Success In Play,1,36.6,55.0
60544583-acc1-4c4e-abdd-8f45d74c6325,3869219,2,54,785,5463,Right Center Midfield,Tackle,Success In Play,1,70.7,31.2
75f39be3-df75-4f8d-9b55-4c9d7fe516d0,3869219,2,56,778,30628,Center Forward,Aerial Lost,,0,96.0,64.3
632cf954-e23a-4c0f-bdea-76e5d4688617,3869219,2,56,785,11127,Left Back,Tackle,Lost Out,0,38.8,4.2
6d57f41d-e9e5-4806-a227-a00b3aa3f746,3869219,2,58,785,5469,Center Defensive Midfield,Aerial Lost,,0,99.1,48.0
1c10a55f-eaaf-4323-92c8-7eba147f2e5f,3869219,2,59,778,30628,Center Forward,Aerial Lost,,0,69.2,15.5
f7e9efe5-6628-456b-b982-6afb97829863,3869219,2,62,778,37221,Left Defensive Midfield,Aerial Lost,,0,31.9,38.5
61d889c3-6ba0-4d78-a975-ef550db559d8,3869219,2,65,778,37211,Left Wing Back,Aerial Lost,,0,37.3,16.5
ad0706d6-c6f4-4e16-bb66-5c500da1b967,3869219,2,65,785,5463,Right Center Midfield,Aerial Lost,,0,76.2,56.0
2e0a7014-b801-4bf3-8e2f-7fc94e8439b8,3869219,2,67,778,37215,Left Center Back,Aerial Lost,,0,13.4,28.6
ad135b89-58c3-474e-829c-754a6a590ab0,3869219,2,67,778,8949,Center Forward,Aerial Lost,,0,82.0,74.6
31f0cc0e-3701-44a8-832f-9b7cb536c26b,3869219,2,68,778,37215,Left Center Back,Aerial Lost,,0,45.2,26.7
8e8aa74c-c60d-4281-8529-4825b1ce69d8,3869219,2,68,785,11603,Right Wing,Tackle,Lost Out,0,88.5,73.6
196f133b-9ede-4258-a31a-996ab1030c70,3869219,2,69,785,8654,Center Forward,Aerial Lost,,0,69.0,58.2
21976ec3-8f92-4b93-bb78-1a9afd0107b3,3869219,2,71,778,23527,Right Wing Back,Aerial Lost,,0,58.0,68.6
28dbb157-2ebb-4329-972b-9f236ca2cda5,3869219,2,74,778,3530,Right Wing Back,Aerial Lost,,0,69.3,70.9
a3e742ea-a92c-4b39-b5c0-7f35ef99e88e,3869219,2,76,785,5456,Left Center Midfield,Tackle,Success In Play,1,56.3,52.2
da19693a-4cc7-48d0-af78-86524ae04d43,3869219,2,76,785,8654,Center Forward,Tackle,Success In Play,1,63.2,59.4
64d56b6a-f8c6-4527-868b-1d8171f6b33c,3869219,2,77,785,5474,Left Wing,Aerial Lost,,0,117.3,31.4
64a10056-a47a-46b6-aacf-9b9167722420,3869219,2,78,778,3530,Right Wing Back,Aerial Lost,,0,69.0,74.6
daa9af2c-582c-442b-9131-7b226eaf4951,3869219,2,82,778,23527,Left Wing,Aerial Lost,,0,93.8,20.8
4e24c522-e3b4-49b5-ae91-b8039a71d429,3869219,2,84,785,11127,Left Back,Aerial Lost,,0,53.2,3.5
c4250856-f05d-4dfb-a1f7-317aa595365a,3869219,2,84,785,33018,Left Center Back,Tackle,Success Out,1,3.1,8.9
a8a1ce65-9f68-40c9-b3b8-369a506870d1,3869219,2,84,785,8654,Center Forward,Aerial Lost,,0,75.2,9.9
1aad217a-5797-40c8-b6b0-82c06269dc75,3869219,2,85,778,37215,Left Center Back,Aerial Lost,,0,9.6,37.3
d91743c3-3ea4-4f96-839f-af58fb1ebc5f,3869219,2,86,785,11127,Left Back,Aerial Lost,,0,51.3,7.5
2a27cc6c-0c83-4cee-80f7-531988c6c32e,3869219,2,88,778,3530,Right Wing Back,Aerial Lost,,0,36.6,78.2
bc4cd626-1a20-413b-9b24-d450f5fdc49e,3869219,2,89,778,8776,Left Wing,Aerial Lost,,0,37.8,70.4
528da7a9-d8a8-4a72-af96-44d05e1173a7,3869219,2,89,785,33018,Left Center Back,Tackle,Success In Play,1,57.4,31.0
59078de7-7b4b-404a-ad71-f61d86c11e78,3869219,2,91,785,33018,Left Center Back,Aerial Lost,,0,21.1,5.7
d63c38be-b9e3-47da-a5f0-613c0f25fa67,3869219,2,91,785,5456,Left Center Midfield,Tackle,Won,1,25.3,2.3
d56e1860-7560-4f99-a27b-ebda672d6eee,3869219,3,92,785,8654,Center Forward,Aerial Lost,,0,78.9,38.5
663d6ea7-210d-44c5-874a-7dc6f927a6c5,3869219,3,92,778,3530,Right Wing Back,Aerial Lost,,0,65.5,76.3
116d487c-4b76-4448-817f-be50d0769bc9,3869219,3,92,778,23721,Right Defensive Midfield,Aerial Lost,,0,47.0,75.0
5eba621c-c924-41ee-a3f6-aa83043b8fed,3869219,3,95,778,3530,Right Wing Back,Tackle,Lost Out,0,20.8,71.9
697fc98a-f369-4c92-973e-aa3dc89bb972,3869219,3,99,778,8776,Left Wing,Aerial Lost,,0,67.5,13.9
67c601a8-0fc8-4f96-91d7-7502bbb5c646,3869219,3,99,778,37215,Left Center Back,Aerial Lost,,0,34.5,19.0
af75c7a0-e1d4-45ae-a387-c8868696df6e,3869219,3,100,785,8654,Center Forward,Aerial Lost,,0,111.9,45.8
49fe2973-8658-43b5-9e47-359ce5e15a8d,3869219,3,101,785,5474,Left Wing,Aerial Lost,,0,109.9,26.3
ba9552b8-5ab3-4e75-97e6-3a41b708f66c,3869219,3,101,778,8949,Center Forward,Aerial Lost,,0,94.1,40.2
e6712af0-05e9-4ba9-9d00-2760bbf04073,3869219,3,102,778,8776,Left Wing,Aerial Lost,,0,56.2,17.3
1ffc9d65-41b8-4492-9576-a5a4db1af06c,3869219,3,105,785,11603,Right Wing,Aerial Lost,,0,9.7,51.1
6b187c07-e84b-49b0-9b48-d6c2dec0265b,3869219,4,105,785,22041,Center Forward,Aerial Lost,,0,63.4,73.3
12ec4140-6f31-4548-8b13-a76099e6ef1e,3869219,4,106,778,3530,Right Wing Back,Aerial Lost,,0,71.4,76.8
8a997b54-c9c7-4749-96f8-d2761f96dea5,3869219,4,108,778,8949,Center Forward,Aerial Lost,,0,90.1,51.7
436fc4c9-4ea9-43eb-9943-bcc9735d5e40,3869219,4,108,785,3441,Left Center Midfield,Aerial Lost,,0,32.9,26.3
ad05e937-bf3c-4db2-bcaa-2d84a62eec63,3869219,4,110,785,11603,Right Wing,Aerial Lost,,0,60.5,57.0
58e11026-594b-459d-87d0-d4d2eac5c88f,3869219,4,112,778,23721,Right Defensive Midfield,Aerial Lost,,0,14.9,30.4
d6dd66b7-5550-417f-a2ff-604b0b6decc2,3869219,4,112,778,23730,Right Center Back,Aerial Lost,,0,14.2,40.8
84228191-1384-4e77-a666-d624e00c07f3,3869219,4,112,778,23721,Right Defensive Midfield,Tackle,Lost In Play,0,64.0,66.6
9484cc0a-b8e0-449c-905c-3594b3f4cb8a,3869219,4,113,778,37211,Left Wing Back,Aerial Lost,,0,7.3,32.4
db8f8bab-fad7-44de-8f00-90e3b6177b4b,3869219,4,117,785,22041,Center Forward,Aerial Lost,,0,106.7,42.5
a3c4b20d-49d4-467c-8c9e-a8270ef31389,3869219,4,117,778,37211,Left Wing Back,Tackle,Success In Play,1,13.7,7.3
02303796-47f5-45b7-9c92-25e18c1b1192,3869253,1,0,781,22600,Right Defensive Midfield,Aerial Lost,,0,67.2,20.6
0cc16330-82a6-4770-82e2-074a911de9ac,3869253,1,1,781,5539,Left Defensive Midfield,Aerial Lost,,0,75.3,2.6
c9ac110c-f1e1-42dc-aba6-ebebe4f410d4,3869253,1,2,791,3083,Left Center Forward,Aerial Lost,,0,54.4,41.6
69846755-b48d-4a0b-8528-e4b9db9b3dfc,3869253,1,2,781,10595,Right Wing,Tackle,Success In Play,1,22.1,70.4
b657f93b-77ce-429c-8437-8308efc8a84c,3869253,1,14,791,5623,Right Midfield,Tackle,Lost In Play,0,112.2,77.0
5cb5908c-01a7-47d1-91a4-d5ecb4577b36,3869253,1,14,791,5620,Left Midfield,Tackle,Success Out,1,89.5,2.8
a5380ae6-e66e-482f-899a-ec8b580d59f5,3869253,1,15,791,40672,Right Back,Tackle,Won,1,90.3,68.5
bd94391f-554c-4c26-9d0c-5921bad11cae,3869253,1,18,791,5623,Right Midfield,Tackle,Success In Play,1,31.3,72.3
50d5aef8-946c-4a1a-8a20-be94ab35f596,3869253,1,18,781,3063,Left Back,Tackle,Success In Play,1,73.1,12.1
e9584244-d132-457d-83c8-4ddc1e25fe29,3869253,1,19,781,5539,Left Defensive Midfield,Tackle,Success In Play,1,55.3,52.6
7e6a7b8d-d9be-4d3d-bc34-40630090ad0c,3869253,1,19,791,5620,Left Midfield,Tackle,Success In Play,1,32.1,47.4
0f8c968b-2d90-4115-a11c-16e8c393ebf0,3869253,1,19,781,5539,Left Defensive Midfield,Tackle,Won,1,22.8,53.2
a7069193-3213-4785-8787-ca36b5262ae1,3869253,1,22,781,13620,Right Back,Aerial Lost,,0,23.0,70.4
c98580b7-61f7-4e70-900a-6ebbcd09a014,3869253,1,23,791,40538,Left Back,Tackle,Lost In Play,0,3.8,15.1
e1f25d25-83c0-4389-9e31-5e9463e9a8f4,3869253,1,25,791,40538,Left Back,Tackle,Lost Out,0,13.8,26.9
3eed10c5-bea0-431e-b57e-be28ae85dbf4,3869253,1,26,791,40672,Right Back,Tackle,Success In Play,1,25.6,69.6
f785595a-cb6f-4775-8af3-2d05127ef24e,3869253,1,27,781,13620,Right Back,Aerial Lost,,0,113.1,38.2
83c869d1-acec-4ad0-833b-a36e8f44854a,3869253,1,27,781,4372,Right Center Back,Aerial Lost,,0,109.0,36.5
b051e6df-2d07-487e-92c8-4aaf9e001a60,3869253,1,28,781,3280,Center Forward,Aerial Lost,,0,99.0,53.6
8184d08d-8eb4-4505-ad3b-6566e00cb26a,3869253,1,30,781,22600,Right Defensive Midfield,Tackle,Won,1,27.6,32.5
85955219-7240-4572-b364-5794d62f7247,3869253,1,30,791,40542,Right Center Forward,Aerial Lost,,0,54.2,40.8
8c7bc0b0-9298-4a7c-96af-09b17fbb43fa,3869253,1,34,791,40542,Right Center Forward,Aerial Lost,,0,76.9,62.0
467382f7-56e7-4664-aaa7-602dc2878c9c,3869253,1,34,781,10595,Right Wing,Tackle,Success In Play,1,21.4,70.2
f34a87b6-6f2c-4257-824f-584cfc974aa7,3869253,1,38,781,13620,Right Back,Tackle,Success In Play,1,14.5,53.0
70a154ce-f9df-4c9c-9ffc-ae63b1efd9c1,3869253,1,39,781,3280,Center Forward,Aerial Lost,,0,58.5,41.1
e0ed551f-78a8-4f2e-9a25-a11818d9f7a0,3869253,1,40,781,13620,Right Back,Tackle,Success In Play,1,29.0,74.8
0103076a-2e74-4523-be48-5fa15420e09e,3869253,1,42,781,3280,Center Forward,Aerial Lost,,0,68.7,51.4
d543b91f-19aa-48aa-bd95-2fb285f6e8de,3869253,1,44,781,13620,Right Back,Tackle,Lost Out,0,57.7,71.3
a29601ef-243e-4159-81fc-adfe7a6ec8e0,3869253,1,45,791,5604,Left Center Back,Tackle,Success In Play,1,3.8,16.5
3f1fd359-c684-4d92-a16f-046db29375a7,3869253,1,45,791,23763,Left Defensive Midfield,Tackle,Success In Play,1,23.3,17.9
f72d5e00-3a09-4a0f-acdd-84455f7a2abf,3869253,1,45,781,3295,Left Center Back,Tackle,Lost In Play,0,79.2,49.4
fd528117-fdee-4fa0-982d-3d93bf50cd7a,3869253,1,47,781,5539,Left Defensive Midfield,Tackle,Lost In Play,0,79.2,64.8
6c62c776-eeeb-4188-888b-caa98868c19e,3869253,1,48,791,5623,Right Midfield,Aerial Lost,,0,115.8,46.4
930ba7d5-e2a5-4c96-adcd-ffec1dc6c3d4,3869253,1,49,781,22600,Right Defensive Midfield,Tackle,Success In Play,1,24.4,27.7
5ce1775e-3cf1-4351-a480-fd0c2b0b6e02,3869253,2,45,791,5623,Left Center Midfield,Tackle,Success In Play,1,40.1,43.3
80b5ef5e-17ba-470a-8211-d406ea5be79a,3869253,2,49,781,3063,Left Back,Tackle,Lost In Play,0,83.0,20.5
313c1605-17e3-4a51-b27d-c9f1affa123f,3869253,2,52,791,40558,Center Defensive Midfield,Tackle,Lost Out,0,56.1,2.6
d3d9fb51-5cc3-402f-9ac9-aba36cc4391b,3869253,2,52,781,10595,Right Wing,Aerial Lost,,0,92.2,71.6
6e4e45a7-10b3-4a0c-b8b3-6e278ae53ba4,3869253,2,54,781,3295,Left Center Back,Tackle,Won,1,19.7,6.4
2bf70bb6-b4a9-4459-84dc-c49cca2b13d6,3869253,2,61,781,13620,Right Back,Tackle,Success In Play,1,15.9,70.7
c8e76b3d-d37b-4f37-a495-c45424087f2d,3869253,2,62,781,3280,Center Forward,Aerial Lost,,0,115.5,49.6
5ba058e8-9690-42a3-8b03-e608790274ad,3869253,2,63,791,5604,Left Center Back,Tackle,Success In Play,1,5.1,26.5
39241f2e-c4fa-49fb-9064-953f6585d0ea,3869253,2,65,791,40672,Right Back,Tackle,Won,1,57.2,73.7
985d7772-2f8b-4bd4-89c8-15b8a8afc764,3869253,2,67,791,40558,Center Defensive Midfield,Tackle,Won,1,62.9,56.6
7d2624eb-2ee7-4d68-89d6-5245908a6986,3869253,2,68,781,3280,Center Forward,Aerial Lost,,0,58.8,39.0
9f2c7fae-66fd-4e2b-b8d6-4ae11408c86d,3869253,2,72,791,23264,Right Center Midfield,Tackle,Success In Play,1,79.5,11.3
6d206882-22ad-4005-a726-1ecddc037818,3869253,2,74,781,29976,Left Wing,Tackle,Lost Out,0,13.5,10.2
54bc84ad-8fd3-46f2-9254-2f611be3021a,3869253,2,78,781,4372,Right Center Back,Tackle,Lost In Play,0,69.4,66.9
b0c36115-e02d-4948-9b99-1033729f55ab,3869253,2,80,781,3280,Center Forward,Tackle,Success In Play,1,116.9,13.2
ac77a98a-8ed3-471e-b803-2e364dda16c7,3869253,2,83,791,23264,Right Center Midfield,Aerial Lost,,0,47.2,54.2
6f054427-b90a-473a-82a8-a6088c812f30,3869253,2,84,791,22740,Left Center Midfield,Tackle,Lost Out,0,35.1,1.6
57fdaa1b-a4db-44dd-b3aa-8edc877e6e3a,3869253,2,85,781,10595,Right Midfield,Tackle,Lost In Play,0,92.3,74.8
f0cb4d21-b846-42de-8317-4e41dd39ee94,3869253,2,86,791,5620,Right Midfield,Aerial Lost,,0,69.4,71.5
718ffc07-bcdb-4351-9667-ab8846daba9c,3869253,2,89,791,29966,Center Forward,Aerial Lost,,0,61.5,13.5
2a166757-0863-4775-bfb2-5487ddef48de,3869253,2,90,781,3280,Center Forward,Aerial Lost,,0,82.6,41.4
7a518b5d-4496-4f3a-8479-73732e83eb12,3869253,2,90,781,5539,Left Defensive Midfield,Tackle,Lost In Play,0,17.6,14.7
b5d3ef1f-f352-4d39-ac12-539c5df57106,3869253,2,90,791,40558,Center Defensive Midfield,Tackle,Success Out,1,87.0,73.0
be808250-67aa-4399-b853-515af6871bc1,3869253,2,92,791,23264,Right Center Midfield,Tackle,Lost Out,0,20.5,70.9
7b9fde6c-71ca-4c9c-8733-10ee446f69de,3869253,2,92,791,40672,Right Back,Tackle,Success In Play,1,5.0,69.9
6f27c8d7-cc46-4d6b-852d-fae212e91c48,3869152,1,0,771,3604,Center Forward,Aerial Lost,,0,62.2,51.1
e9212856-e67a-4aae-ab03-ab083504e0db,3869152,1,0,789,5660,Right Center Midfield,Aerial Lost,,0,48.1,48.0
bed9440c-e1c6-48af-bfa0-b3bb18c73b25,3869152,1,1,789,5668,Center Forward,Aerial Lost,,0,64.2,59.4
85664939-3c88-4ed2-bef9-991710d27067,3869152,1,3,789,3034,Right Center Back,Aerial Lost,,0,5.8,40.1
e4ec9621-d9f7-48f0-8b7a-8710d77290e7,3869152,1,4,789,5660,Right Center Midfield,Tackle,Success In Play,1,60.8,21.5
0026299e-0493-4373-b015-c7b908fe801b,3869152,1,4,789,4664,Left Center Midfield,Tackle,Success In Play,1,87.5,67.4
ea1dcf83-0ac1-40a5-8ef7-a1772dfc0593,3869152,1,4,789,4734,Right Back,Tackle,Lost Out,0,75.9,78.2
cee3cdc9-ce86-4342-8988-1548ebe929e8,3869152,1,4,789,3637,Center Defensive Midfield,Tackle,Success In Play,1,66.5,72.1
4752656c-58a0-4d1b-b227-5345c00cb9f7,3869152,1,4,771,8519,Left Center Back,Tackle,Lost In Play,0,27.7,12.5
14a44a6f-3d4d-48ed-987f-49cd74c58458,3869152,1,5,789,3637,Center Defensive Midfield,Tackle,Lost Out,0,31.8,78.2
77f24e9b-a8dc-4627-8669-687fac981b5d,3869152,1,6,789,5673,Left Back,Tackle,Won,1,34.8,9.4
ef883f17-568f-4bf7-9cf0-d24b0e2a29da,3869152,1,9,771,5485,Right Center Back,Aerial Lost,,0,112.0,47.6
084dd6d1-d69b-478d-8d05-2916fffe3c54,3869152,1,9,789,4664,Left Center Midfield,Aerial Lost,,0,22.6,37.7
4306a821-5e9d-45f9-99d8-29627e421b85,3869152,1,13,789,4734,Right Back,Tackle,Won,1,17.9,46.6
60ab43b2-5b54-4a3c-b357-59ce7ad7b568,3869152,1,13,789,4734,Right Back,Tackle,Success In Play,1,26.6,53.1
a48aeab4-0128-4ee2-a2f3-1768875f393f,3869152,1,14,789,7979,Left Midfield,Aerial Lost,,0,70.3,23.5
ec3e1b69-a335-4413-adae-9bdd9e62ab69,3869152,1,15,789,4734,Right Back,Tackle,Lost Out,0,28.2,79.4
b0d9ebcc-3657-4396-a7bb-23af7dd98cc3,3869152,1,16,789,5668,Center Forward,Aerial Lost,,0,80.3,71.5
573091a9-ee02-4438-969e-8ab086b0f71e,3869152,1,16,771,3026,Left Defensive Midfield,Aerial Lost,,0,50.4,12.6
fa6d96a2-8471-4dc4-8663-58ae91378b77,3869152,1,18,789,5660,Right Center Midfield,Tackle,Success In Play,1,76.0,43.3
422969e8-a32f-4ad7-9903-a47fb38a0ace,3869152,1,19,789,7979,Left Midfield,Tackle,Lost Out,0,81.6,12.9
cd0cfd0e-a6cf-4054-a26e-0f7b50c6c34a,3869152,1,24,789,7979,Left Midfield,Tackle,Success In Play,1,98.0,23.4
1eece7bf-64a5-4319-b16c-67ed323d1e4a,3869152,1,35,771,8519,Left Center Back,Aerial Lost,,0,110.6,40.6
720513c2-d13e-463b-9d1b-c8d3078cc754,3869152,1,36,789,3637,Center Defensive Midfield,Aerial Lost,,0,69.9,29.1
b29d7732-74b3-4c9e-b85f-b4254b2bdc23,3869152,1,36,789,31955,Right Midfield,Aerial Lost,,0,74.4,54.5
4d3d0768-2cf9-4f12-a694-af88d2b731ca,3869152,1,36,771,4445,Right Back,Tackle,Won,1,15.0,65.8
b544ba71-ef71-422a-8986-55bc0a9ac4a7,3869152,1,37,771,8519,Left Center Back,Tackle,Won,1,3.3,63.1
37d5b5ab-7daf-404d-aa9e-a4faa7fab779,3869152,1,40,771,3026,Left Defensive Midfield,Aerial Lost,,0,108.3,40.8
6eccf24c-a211-4054-a808-fbe69adf7220,3869152,1,44,771,3026,Left Defensive Midfield,Tackle,Lost Out,0,39.8,4.9
3f0828bb-a4fb-46b0-b02f-96d1448ee7be,3869152,2,49,771,3604,Center Forward,Aerial Lost,,0,67.2,36.9
a5ed644e-ed05-4401-ae50-bbd1ad6c774b,3869152,2,49,789,7979,Left Midfield,Tackle,Lost In Play,0,91.2,2.5
21bee505-8bd1-4d32-b081-f33acbfbc652,3869152,2,50,789,3034,Right Center Back,Tackle,Success In Play,1,40.5,69.9
f91053b2-cf82-4bdf-86d4-61786c47357f,3869152,2,51,771,8519,Left Center Back,Tackle,Success Out,1,19.7,3.8
c4bfd9e3-5ad7-4932-8130-032095616bf6,3869152,2,52,789,31955,Right Midfield,Aerial Lost,,0,87.5,59.2
b4e3ae9e-0d0c-433c-82f7-40f7061068dd,3869152,2,55,771,4445,Right Back,Tackle,Success In Play,1,104.9,61.1
fd7b55b8-5324-4fa7-8c7a-d674c5f4857f,3869152,2,56,771,3604,Center Forward,Aerial Lost,,0,116.0,49.2
4762c630-01b2-44fc-b729-42645e33be86,3869152,2,56,789,4664,Left Center Midfield,Aerial Lost,,0,20.4,19.4
6a4d8255-fcc3-432f-becc-58d4907c029f,3869152,2,58,789,5668,Center Forward,Aerial Lost,,0,75.1,14.5
24edc321-3833-4464-903c-97d2e3ed56aa,3869152,2,60,789,4664,Left Center Midfield,Tackle,Won,1,17.6,31.4
458cfd99-fad4-40be-9b9d-51960418a293,3869152,2,61,789,7979,Left Midfield,Tackle,Won,1,15.9,10.4
a2e2f669-3c7f-4043-9433-293309866369,3869152,2,65,789,5668,Center Forward,Aerial Lost,,0,71.3,63.2
8ac42987-4eba-4390-8e54-ee8cf53be242,3869152,2,65,789,5668,Center Forward,Aerial Lost,,0,74.0,64.7
5118b335-c3a3-44fe-849f-4eb219269f23,3869152,2,65,771,6704,Left Back,Tackle,Success In Play,1,38.1,3.8
898e19e0-0cca-4d22-8daf-8f913ddf5fcf,3869152,2,68,771,11990,Right Defensive Midfield,Tackle,Won,1,33.2,70.8
cb794178-0d39-4a1a-bac5-605da6c0d241,3869152,2,69,789,4734,Right Back,Tackle,Won,1,39.6,75.0
9512d3c0-92bc-4aaa-82e6-a1c762b09a79,3869152,2,70,771,4445,Right Back,Aerial Lost,,0,6.1,48.1
bfa7d2d7-5599-4b2d-a3d2-d72ce751397e,3869152,2,71,789,11737,Left Defensive Midfield,Aerial Lost,,0,49.5,53.8
c4fab56d-9501-42ce-95e3-724b79aa1396,3869152,2,71,771,3026,Left Defensive Midfield,Tackle,Success In Play,1,67.4,9.8
9a459e79-e204-43ce-949c-7e7c91674faa,3869152,2,73,789,5668,Center Forward,Aerial Lost,,0,110.0,42.3
f8f23a28-773a-43ca-a6ba-2959d3cdf58b,3869152,2,76,771,2972,Left Wing,Aerial Lost,,0,70.0,25.0
d9a9c3a2-1bd5-4025-a848-f31971cb5441,3869152,2,78,789,11737,Left Defensive Midfield,Aerial Lost,,0,49.5,57.0
635b44e7-c53d-40aa-b627-5d4fe5571354,3869152,2,80,789,50502,Right Wing,Tackle,Lost In Play,0,8.4,63.5
3ea5cadb-910c-48c1-bf51-423d13136c21,3869152,2,80,789,5660,Right Defensive Midfield,Tackle,Lost In Play,0,14.8,56.4
2fecdb8c-8c70-4990-96dc-92244ad8487f,3869152,2,82,789,4734,Right Back,Aerial Lost,,0,25.7,56.0
f33c8244-d2ea-47fe-9985-a4d7ef2e8e6b,3869152,2,89,771,3026,Left Defensive Midfield,Aerial Lost,,0,66.8,39.7
e99ef943-d3d5-48f9-b024-43e6a1d7ece8,3869152,2,91,789,5665,Center Attacking Midfield,Aerial Lost,,0,110.0,47.8
5bca94d7-da7e-4d5c-9e73-8018ab6f5353,3869152,2,92,771,2972,Left Wing,Aerial Lost,,0,68.9,20.7
c322ef6f-977d-4fd6-8be9-044666c693b5,3869152,2,93,771,8519,Left Center Back,Aerial Lost,,0,7.1,40.1
a3bf6c2d-b2d1-4b97-99ec-019c6d2d79d6,3869152,2,94,789,11737,Left Defensive Midfield,Tackle,Success In Play,1,56.7,41.4
28c7b30a-01fa-4714-a85e-73a46b342073,3869117,1,1,941,8118,Left Defensive Midfield,Tackle,Lost Out,0,18.9,2.7
1a77f5bf-f4a1-4162-afd9-2637969567c3,3869117,1,3,941,8118,Left Defensive Midfield,Tackle,Won,1,25.5,31.3
e6525629-4311-4274-91be-222c3d0b2934,3869117,1,4,941,3311,Left Wing Back,Tackle,Lost Out,0,18.5,11.0
7d66d212-a059-4448-9831-0f6faa95cd88,3869117,1,8,941,21809,Right Center Back,Aerial Lost,,0,88.8,44.4
39a7dccd-85ce-4976-8eb5-5654227d7d37,3869117,1,18,1839,18242,Left Center Back,Tackle,Success Out,1,73.8,5.0
e024875e-9387-45dc-b1fb-4cfe4f7ee65f,3869117,1,19,1839,38792,Left Center Midfield,Aerial Lost,,0,71.4,19.4
d54c1e1a-18ca-4d15-8ed0-6a29cd213d57,3869117,1,19,1839,12751,Center Defensive Midfield,Tackle,Won,1,51.2,16.0
0403ff7f-fbbc-47d8-97db-f3b8a2a01d0b,3869117,1,19,1839,8246,Left Wing,Aerial Lost,,0,94.8,32.0
b40c1797-b904-4efd-903b-d87ab0b808a0,3869117,1,21,941,8125,Right Wing Back,Tackle,Success In Play,1,26.4,67.7
b9a74d09-153b-4f79-a41b-8d82394e2178,3869117,1,25,941,3311,Left Wing Back,Tackle,Won,1,42.8,18.0
13187844-5b9f-43bb-8f8d-2694f03e05c9,3869117,1,26,941,6994,Right Defensive Midfield,Tackle,Won,1,26.8,24.5
3dcbd45f-9849-493c-a855-c5a524f16ca1,3869117,1,27,1839,12524,Right Center Back,Tackle,Lost Out,0,3.9,55.5
93044749-7088-45b0-84e2-90537546941f,3869117,1,28,941,3669,Center Back,Aerial Lost,,0,111.3,38.9
ec4975f9-dcff-4a95-a2f5-1efd65062ac9,3869117,1,31,1839,38792,Left Center Midfield,Tackle,Lost Out,0,59.1,4.4
3043334c-7cdf-4e72-a76f-6a4a4387a516,3869117,1,31,941,8118,Left Defensive Midfield,Aerial Lost,,0,73.0,72.3
c6ae24ca-1225-4c11-970d-5bb0a337d2c1,3869117,1,33,1839,4614,Left Back,Aerial Lost,,0,58.2,15.8
ca180c57-75f8-46d8-8b6c-0c8ce20f72e0,3869117,1,34,941,4318,Center Attacking Midfield,Tackle,Success In Play,1,21.3,55.2
7c1ffb03-2aa3-44fd-94e9-2af38c808d28,3869117,1,37,1839,21881,Right Back,Aerial Lost,,0,114.5,47.3
aa0c1cb8-76f1-48cf-b431-adfc6a9fbc3c,3869117,1,38,941,21809,Right Center Back,Tackle,Lost Out,0,20.1,73.6
a1ece474-94fe-4732-8abd-f54e919258ce,3869117,1,39,1839,38792,Left Center Midfield,Aerial Lost,,0,71.7,60.2
bf45981f-6dc6-4e18-a8cd-7b284a579f5d,3869117,1,41,941,20750,Right Center Forward,Aerial Lost,,0,56.5,49.9
355a4554-05ee-4fd5-add5-7cca21a49696,3869117,1,41,1839,8246,Left Wing,Aerial Lost,,0,81.4,34.3
5e2a3257-23ec-4a2e-934d-3a0b891e4b9a,3869117,1,41,1839,21881,Right Back,Aerial Lost,,0,105.4,78.1
eec6fa99-36ca-46f2-b4be-011fa6ba16bc,3869117,2,47,1839,18242,Left Center Back,Tackle,Success In Play,1,40.0,28.8
029b16e6-47cd-4793-842b-c2790a2a509a,3869117,2,47,941,3669,Center Back,Tackle,Success In Play,1,43.0,61.0
cfcbcaea-142b-4651-a855-966a365d4d1f,3869117,2,48,941,3306,Left Center Back,Aerial Lost,,0,11.0,43.6
8a2a3618-620b-4ff1-a2b8-f41833245f36,3869117,2,48,941,3306,Left Center Back,Aerial Lost,,0,11.7,43.1
5c869ca4-ed77-45fb-8085-746304346f28,3869117,2,50,1839,12751,Center Defensive Midfield,Tackle,Success In Play,1,52.1,24.8
f1e1dd33-843c-43c0-bd79-266e67828d85,3869117,2,53,941,2988,Left Center Forward,Aerial Lost,,0,70.0,48.7
540a7df5-0e7a-4131-a50e-1ca1baba8221,3869117,2,59,941,3311,Left Wing Back,Aerial Lost,,0,15.6,29.1
ae8557ea-52fa-412c-91fa-a8ba985f1b72,3869117,2,60,1839,8246,Left Wing,Aerial Lost,,0,83.3,11.2
6583b004-2db5-4a6a-8b0a-94a754c55c89,3869117,2,60,941,8259,Right Center Forward,Tackle,Lost In Play,0,92.4,69.4
31575d04-6d01-43b0-9ac0-0ee881ec9f10,3869117,2,62,941,21809,Right Center Back,Tackle,Lost In Play,0,54.7,59.0
7e1ba6ce-8651-4473-9cc4-a60915983013,3869117,2,62,1839,4614,Left Back,Tackle,Success In Play,1,14.7,24.8
5193eb22-df02-44cb-9116-1f3366f4d896,3869117,2,62,1839,4614,Left Back,Tackle,Success In Play,1,32.5,28.8
162f7ceb-551e-429c-a606-5f909b9641c9,3869117,2,63,941,21809,Right Center Back,Tackle,Won,1,29.3,52.7
2d3cedbe-04c5-4b2b-97f2-3ea62eac7636,3869117,2,66,941,3311,Left Wing Back,Tackle,Lost In Play,0,18.1,3.4
433aa900-c8de-45ab-bdf0-dc4924d5fc75,3869117,2,66,1839,24243,Right Wing,Tackle,Lost In Play,0,100.8,54.2
4d19c39f-971b-4166-9ed5-e6c7fd824239,3869117,2,67,941,3311,Left Wing Back,Tackle,Won,1,12.4,5.4
d406e081-42da-484e-9cd9-adaf7170fdc1,3869117,2,67,941,21809,Right Center Back,Tackle,Won,1,67.7,41.8
d63a267d-73ba-4460-a09b-d2f25de8dfd4,3869117,2,69,941,20750,Center Attacking Midfield,Aerial Lost,,0,75.2,38.3
537d6c20-1cef-46cc-a0e3-dce64dff9675,3869117,2,69,1839,4614,Left Back,Tackle,Lost Out,0,12.6,10.4
4a89fc4b-de82-47a4-b37e-f0288684ec0f,3869117,2,70,1839,18242,Left Center Back,Aerial Lost,,0,8.3,38.8
f3aca65c-7ebc-4d28-afad-3298fc78d4c2,3869117,2,70,1839,38792,Right Center Midfield,Aerial Lost,,0,51.2,73.2
f88618d4-6c65-4f6a-b5bf-5d84c96e92da,3869117,2,70,1839,21881,Right Back,Tackle,Lost In Play,0,21.3,25.1
e823b7af-1e65-44b9-9d90-3e40bab3695b,3869117,2,72,1839,22008,Center Forward,Aerial Lost,,0,69.1,15.1
18f3aaf3-e050-4141-afe4-e46b1ab90f02,3869117,2,72,941,7891,Right Defensive Midfield,Tackle,Lost In Play,0,54.5,60.5
9e2a6e7e-8e85-4308-8044-a885061b7a33,3869117,2,74,941,3311,Left Wing Back,Tackle,Won,1,29.7,7.1
a84e9183-9ea4-4d6d-a7c4-52cb64a531f4,3869117,2,76,1839,24243,Left Center Midfield,Aerial Lost,,0,63.6,18.2
916c7350-0840-4067-aa23-d3f8dc239dd0,3869117,2,76,941,3669,Center Back,Aerial Lost,,0,62.5,70.9
7059ea08-2410-4fed-811f-79eb59bbbe38,3869117,2,77,941,3306,Left Center Back,Aerial Lost,,0,44.4,25.6
31e19374-8d39-4a1e-aad9-14c56c37bf4f,3869117,2,79,941,2988,Left Center Forward,Aerial Lost,,0,89.5,62.6
fee40105-fe70-471f-84ad-9e1cc4624e2a,3869117,2,79,941,8118,Left Defensive Midfield,Aerial Lost,,0,70.9,63.4
4815bda1-1f94-4b2c-9306-9c1f57257f1c,3869117,2,80,1839,3658,Right Back,Tackle,Won,1,33.0,60.3
bc72de0f-4978-4a90-8a0e-e38adfcf69fa,3869117,2,83,1839,8246,Left Wing,Aerial Lost,,0,57.8,14.9
a42b2823-4f4d-4f50-a5fb-cf5b8098dfb9,3869117,2,85,1839,18242,Left Center Back,Aerial Lost,,0,109.1,50.1
31c0b43c-64f0-46a4-9aae-c24bb94c7836,3869117,2,86,941,20750,Center Attacking Midfield,Tackle,Won,1,97.1,72.6
e3a9757a-4d0f-469f-8f3e-f63c733d6427,3869117,2,87,1839,22008,Center Forward,Tackle,Lost In Play,0,37.7,73.0
795509fb-7d81-4201-955a-3251777d9d1d,3869117,2,89,941,21809,Right Center Back,Tackle,Lost In Play,0,20.5,53.8
7a6f9fc3-d44f-4606-8ce0-64cdcbb358d1,3869117,2,89,941,21809,Right Center Back,Tackle,Won,1,21.6,54.7
4533b9ff-5f42-4991-890f-5075b1b2cd40,3869117,2,90,941,3311,Left Wing Back,Aerial Lost,,0,14.1,23.3
78e3608b-76fe-4d14-a3a8-39d4e83e4c11,3869117,2,90,1839,12524,Right Center Back,Aerial Lost,,0,87.0,58.5
629e1970-20bd-4942-bb87-c647c34110fe,3869117,2,91,1839,22008,Center Forward,Aerial Lost,,0,65.1,44.4
09205802-9f44-4882-b7ed-b64fea9b752f,3869117,2,91,1839,23789,Right Back,Aerial Lost,,0,112.6,43.6
b7ae66b7-69df-47c0-bef2-766a4ee0184e,3869117,2,91,941,20750,Center Attacking Midfield,Tackle,Success In Play,1,47.2,4.6
2f1b243d-ab31-44bd-b3d8-139e837e19ef,3869117,2,93,941,3311,Left Wing Back,Tackle,Won,1,15.0,10.1
094247c9-773e-42c8-a9e0-c14a4e59bf4a,3869117,2,94,941,39167,Center Attacking Midfield,Tackle,Lost In Play,0,15.0,5.4
1508f9b7-53cd-4dd6-a0a3-96718483db68,3869117,2,94,941,21809,Right Center Back,Aerial Lost,,0,8.8,39.9
404f7e2a-2cb4-468b-a11b-a9b2a0b90843,3869117,2,95,941,3311,Left Wing Back,Aerial Lost,,0,70.2,27.6
7a788276-d7d9-49fa-9182-c738d1a735f9,3869117,2,96,1839,23789,Right Back,Aerial Lost,,0,20.6,68.1
0dcb61ed-517e-44d1-9b37-dd852a39416e,3857270,1,1,783,7104,Left Wing Back,Tackle,Success In Play,1,78.1,5.0
8da8ade8-ccc8-49f9-a08c-a83fa00f4e8c,3857270,1,7,783,7104,Left Wing Back,Aerial Lost,,0,29.1,15.6
db085d94-6d62-4e16-bd69-1b2f9e515c36,3857270,1,7,783,4319,Left Center Forward,Aerial Lost,,0,75.4,45.4
011edc4b-cc48-4344-a7c9-4730dadbb2b6,3857270,1,9,780,3193,Right Center Midfield,Aerial Lost,,0,63.9,22.1
6fd6ef6b-549f-4535-b77a-fd9883dec050,3857270,1,13,783,4319,Left Center Forward,Aerial Lost,,0,79.9,30.4
b14c4298-9172-45b9-a126-5f803f459e93,3857270,1,15,783,4319,Left Center Forward,Aerial Lost,,0,45.9,4.3
38c2506b-4930-4579-b803-7565790b0a71,3857270,1,20,783,5260,Center Defensive Midfield,Tackle,Lost In Play,0,71.3,73.2
3cf03107-cfff-477a-a074-548a8e9bdaf6,3857270,1,21,783,32478,Right Center Forward,Aerial Lost,,0,70.3,18.7
fdfdf17f-6dd3-4201-9dae-4e3e4146a0e7,3857270,1,22,780,5214,Left Center Midfield,Aerial Lost,,0,51.3,30.8
d36fcab6-03ed-4f39-80fa-707f3b7bf252,3857270,1,22,783,6773,Right Center Midfield,Aerial Lost,,0,68.6,55.6
b3497d5a-1268-4774-a5fc-bd04cba57f97,3857270,1,22,783,5255,Left Center Midfield,Aerial Lost,,0,71.7,45.0
e43e2c57-75fe-4096-bbb7-7ee02e5c86ca,3857270,1,25,783,32478,Right Center Forward,Aerial Lost,,0,71.1,16.3
79871294-abbb-448a-857c-455363635331,3857270,1,27,780,5206,Left Center Back,Aerial Lost,,0,55.1,25.3
4d156fbf-3f8f-4e2d-91c6-71e5ea07ee6b,3857270,1,29,783,5255,Left Center Midfield,Tackle,Won,1,89.4,7.5
5436bb64-4b96-47ac-a3ec-c59a952631d8,3857270,1,30,780,3193,Right Center Midfield,Tackle,Lost Out,0,12.0,77.5
1117e45a-fc26-4d57-bcd0-c8dcb3fc9899,3857270,1,30,783,32478,Right Center Forward,Aerial Lost,,0,55.6,13.9
4b160fc2-aed0-4a60-b71f-09ccb72511d1,3857270,1,31,780,12041,Left Center Forward,Aerial Lost,,0,45.3,32.2
d3a01504-39e1-47db-be34-13794908f67c,3857270,1,31,780,9927,Center Defensive Midfield,Aerial Lost,,0,33.7,60.5
f1677323-bacc-4cea-b924-55b61e7cf956,3857270,1,34,780,5204,Center Attacking Midfield,Aerial Lost,,0,48.8,72.8
59b1fe53-1b12-499a-a452-29e75d815ec0,3857270,1,39,783,32478,Right Center Forward,Aerial Lost,,0,107.2,37.0
1cfeae87-d161-4054-b260-55855832a769,3857270,1,39,783,5260,Center Defensive Midfield,Aerial Lost,,0,68.8,13.4
609ab2f6-e766-42b0-a6b9-1397d36b104a,3857270,1,42,780,5204,Center Attacking Midfield,Tackle,Lost In Play,0,36.7,23.7
835ef480-d9f5-4f92-8727-b4562adbaec8,3857270,1,43,780,5204,Center Attacking Midfield,Aerial Lost,,0,68.3,49.9
63aa5ad4-a734-424d-9587-21786aa70589,3857270,1,45,783,7104,Left Wing Back,Tackle,Lost In Play,0,22.8,28.1
65b30ebb-5394-41b6-ac58-c66b920545a1,3857270,1,46,780,3193,Right Center Midfield,Aerial Lost,,0,49.2,30.1
4890ef22-f20f-4f25-b60f-ffe932cc035f,3857270,1,46,780,3193,Right Center Midfield,Aerial Lost,,0,58.4,20.8
bfe24a4a-4ad0-46d3-8a50-c5869cb66bc5,3857270,2,46,783,6300,Left Center Back,Tackle,Lost In Play,0,58.1,13.7
34fd8792-aae9-4fc1-8139-11df45d17b06,3857270,2,46,780,5204,Center Attacking Midfield,Aerial Lost,,0,72.1,54.9
6008ca28-afd5-4a08-93f6-382c131cfec4,3857270,2,51,780,3193,Right Center Midfield,Aerial Lost,,0,40.7,47.2
46a4fa6a-18c7-4451-8235-80b8b57d9f17,3857270,2,59,783,7104,Left Wing Back,Tackle,Success In Play,1,68.8,2.8
f9e90392-f391-40eb-ae0f-ea11ad2d0bcc,3857270,2,59,780,5207,Center Forward,Aerial Lost,,0,65.1,28.7
0cd2dceb-7d50-4915-92c5-1a2584e00b39,3857270,2,64,783,36288,Right Midfield,Aerial Lost,,0,102.8,73.0
6a56475e-f6fa-482e-a290-b81ad07cbb1c,3857270,2,64,780,5204,Right Wing,Aerial Lost,,0,12.0,46.3
3cda983c-8a8e-4d70-96df-6c4146930349,3857270,2,64,780,12041,Left Wing,Aerial Lost,,0,44.0,23.9
c9fc4c76-1217-41ad-968f-ba626129b126,3857270,2,65,783,5260,Left Defensive Midfield,Aerial Lost,,0,73.7,59.0
c2777fbf-b6c3-4a4d-a49a-868459c7b968,3857270,2,66,783,5258,Left Midfield,Aerial Lost,,0,62.9,36.4
5e345e1f-0a04-4850-a2a6-994c841a98fa,3857270,2,69,783,6773,Right Defensive Midfield,Tackle,Won,1,26.4,76.5
2fc853d8-f539-43ab-8d2e-1e266f0abf16,3857270,2,69,780,20016,Right Center Back,Tackle,Won,1,38.5,59.8
f6e3ce15-ea36-4046-a776-07e934530972,3857270,2,69,783,6300,Left Center Back,Tackle,Success In Play,1,15.1,15.3
a7f9a8d9-dcfe-4317-a191-ae86080aa17e,3857270,2,70,780,3193,Left Center Midfield,Aerial Lost,,0,22.7,23.9
1d4a7a97-bf61-42e8-beb2-4d64ab44fea2,3857270,2,71,780,3193,Left Center Midfield,Tackle,Won,1,13.4,52.2
de40dfbb-30b4-4586-bdc0-cda8faf27347,3857270,2,73,783,5264,Right Back,Aerial Lost,,0,29.0,61.0
9c4660bf-f945-45f7-add6-0dda9968dce9,3857270,2,73,783,7104,Left Back,Tackle,Lost In Play,0,73.0,38.5
eacb05a2-08b2-4348-8598-624e050f1a78,3857270,2,74,780,5214,Center Defensive Midfield,Tackle,Lost In Play,0,17.7,23.7
4dc9c2ea-69a7-4c06-aa33-72c6192e8b10,3857270,2,74,780,5206,Left Center Back,Tackle,Lost In Play,0,27.7,50.8
4119383d-a5f7-4819-8bc9-441496a62415,3857270,2,78,783,5258,Left Midfield,Aerial Lost,,0,79.9,42.2
f8bcfa55-61ca-46f7-a63f-31d439f32dc3,3857270,2,80,783,5246,Right Center Forward,Aerial Lost,,0,111.6,39.6
27136ef7-270a-4ee4-8a5b-22cbb13eb29a,3857270,2,86,780,7005,Right Back,Tackle,Success In Play,1,41.2,63.2
122fa652-7db8-40db-b8a7-dad7bf34fb2d,3857270,2,88,783,5259,Right Center Back,Tackle,Won,1,16.3,31.9
a7cceaf3-d35a-4ddc-892a-f8d67235f837,3857270,2,93,780,5204,Right Wing,Tackle,Won,1,56.1,71.6
0ae5d3ce-ca3e-4b49-9925-7fe3885caef8,3857270,2,93,780,38803,Center Forward,Aerial Lost,,0,67.2,39.7
4b6104e4-7003-459a-928f-8b2a6f6f1f41,3857270,2,94,783,34476,Left Back,Tackle,Lost Out,0,34.0,6.3
42269105-a3a4-468b-8b0b-6c46a4977cf0,3857270,2,94,780,38803,Center Forward,Aerial Lost,,0,71.1,55.5
67c2d3c9-625b-4663-8be2-14e9824779a9,3857270,2,95,783,5260,Left Defensive Midfield,Tackle,Won,1,30.7,13.7
aa979b33-dcaa-4b42-bafa-c1940621248d,3857270,2,96,783,34476,Left Back,Tackle,Lost Out,0,20.5,6.1
ae9f4d6e-5e8e-49d9-83c4-556a3fd1c098,3857270,2,99,780,5204,Right Wing,Aerial Lost,,0,78.6,68.5
07981014-3452-4830-87c8-d743f855a269,3857270,2,99,783,5264,Right Back,Tackle,Won,1,26.5,73.7
abf22a56-1d0e-4ce5-bad4-d1c833e14554,3857263,1,0,770,5562,Center Forward,Aerial Lost,,0,45.1,75.1
ed9020a1-75c5-4015-9fb8-79956e4a54f0,3857263,1,1,770,10287,Center Attacking Midfield,Tackle,Won,1,82.0,67.7
6996bd01-6e21-42cd-8f23-b3bdb43912e7,3857263,1,1,772,5203,Center Defensive Midfield,Tackle,Success In Play,1,37.1,20.3
50a9c2f0-54d4-457d-9d71-7a5e07873845,3857263,1,4,770,5562,Center Forward,Aerial Lost,,0,58.5,52.1
73c24769-f473-4356-bfa8-380f77c9fb11,3857263,1,7,770,10287,Center Attacking Midfield,Tackle,Success In Play,1,27.0,55.0
0d8296e1-9499-45ef-b962-18566a64af9f,3857263,1,8,770,10287,Center Attacking Midfield,Tackle,Lost In Play,0,69.4,23.3
370b734b-5329-4e0c-a9a9-45da6da13743,3857263,1,8,770,12034,Left Back,Tackle,Lost In Play,0,18.5,16.1
e0ad0fa4-4994-4cd3-add6-81eed1364740,3857263,1,11,772,133353,Right Center Midfield,Tackle,Lost In Play,0,65.5,55.6
f03bc636-e93b-45f1-acf7-2901f821d838,3857263,1,12,770,8511,Right Back,Tackle,Success In Play,1,15.1,62.2
37c7e2cc-db32-4009-9679-ae5fd1c5618b,3857263,1,12,772,5211,Left Back,Tackle,Won,1,44.0,8.7
0dcadf7c-3673-4751-a87e-db672ff3acdc,3857263,1,12,770,5579,Right Defensive Midfield,Tackle,Lost In Play,0,74.1,62.8
66f04ed3-15ea-4de9-880a-08bc12063c11,3857263,1,13,772,133353,Right Center Midfield,Tackle,Success In Play,1,27.6,48.4
9f5f5f0f-1fad-4eea-b42e-2603e57c4189,3857263,1,15,772,16532,Left Wing,Tackle,Success In Play,1,76.7,5.4
daf48915-0533-4f55-87fe-ace57692ed24,3857263,1,18,770,12034,Left Back,Tackle,Lost Out,0,47.3,3.1
11c217bd-53d8-4141-bd99-b498aa14ae78,3857263,1,19,770,39565,Left Wing,Aerial Lost,,0,58.5,14.6
01fb121c-8c8a-4958-9f32-e7f5c5b67958,3857263,1,20,770,12034,Left Back,Tackle,Lost In Play,0,18.8,34.2
836065d6-d852-4e73-8bd9-b30ed41b36a3,3857263,1,22,770,3167,Left Center Back,Tackle,Won,1,43.8,4.1
09d8c3e5-2988-42b0-a96c-6d04b3909a2b,3857263,1,24,770,6322,Right Center Back,Tackle,Won,1,75.9,31.0
0e67cc0e-df53-4bbd-a4b9-f3531395f5bd,3857263,1,28,770,5562,Center Forward,Tackle,Success In Play,1,44.4,29.7
37947c05-fd06-4e07-98e3-93a5ff421c76,3857263,1,30,770,6324,Left Defensive Midfield,Tackle,Success In Play,1,79.6,32.7
22ec030d-b06a-4620-838f-d3b2b080efbc,3857263,1,31,770,8511,Right Back,Tackle,Success In Play,1,101.7,70.0
f6fe74a2-9fdc-472a-88d9-01724b2b7967,3857263,1,34,770,6322,Right Center Back,Tackle,Lost Out,0,12.0,58.6
26b04cd0-066e-419e-b8f0-5e35f0921653,3857263,1,37,770,12034,Left Back,Tackle,Won,1,33.5,2.7
cadb3857-4027-4f16-a002-41ba1466b46e,3857263,1,38,770,5562,Center Forward,Aerial Lost,,0,49.8,19.1
ef893418-a711-448e-a698-afecfc463736,3857263,1,42,772,16532,Left Wing,Aerial Lost,,0,98.9,46.9
f127925c-1aec-402f-a30f-bbba4290924f,3857263,1,42,770,8400,Right Wing,Aerial Lost,,0,30.4,47.4
a7fd4727-be4d-4ec6-bfb6-876c8cc4ba45,3857263,1,42,770,8511,Right Back,Tackle,Success In Play,1,23.5,78.5
126c9cc4-752c-464c-a74c-12c4095c6591,3857263,1,45,770,5562,Center Forward,Aerial Lost,,0,23.5,61.1
771d5ab2-0858-4abf-8c33-af49d4c0aafa,3857263,1,45,770,6322,Right Center Back,Tackle,Lost In Play,0,11.3,59.8
6fc92d9b-b620-426a-a16e-dc45ef5bde17,3857263,1,46,770,6324,Left Defensive Midfield,Aerial Lost,,0,8.3,33.2
a2cbd9e9-9e4b-4223-997f-155a98981a21,3857263,2,48,772,5211,Left Back,Tackle,Success In Play,1,70.5,5.7
6eb58365-40b1-4a9b-992b-ca41822b363c,3857263,2,48,770,5579,Right Defensive Midfield,Tackle,Lost Out,0,44.8,77.0
c4940252-2d8a-41c5-bcd1-63d0eba3fa57,3857263,2,50,770,6324,Left Defensive Midfield,Tackle,Success Out,1,79.4,2.4
8697d57b-af89-4ac3-b322-dc623519d6b4,3857263,2,51,770,8511,Right Back,Tackle,Lost Out,0,35.4,66.9
78e346f9-9875-41ca-af5e-f5250560fa3a,3857263,2,52,770,8511,Right Back,Tackle,Success Out,1,11.2,71.4
6d8dce90-6d51-4d8b-b209-389d37743b68,3857263,2,53,772,6765,Right Center Back,Tackle,Lost In Play,0,28.7,76.7
2c5dac59-5eeb-451a-a5dd-800eb62ffff1,3857263,2,53,772,133353,Right Center Midfield,Tackle,Lost In Play,0,39.8,73.4
a4a4a13e-b77c-4f15-b46b-6dae6600b9b3,3857263,2,54,770,6322,Right Center Back,Tackle,Won,1,13.7,2.6
b600a761-39bc-471a-a4b0-15c72f3508dd,3857263,2,56,772,5719,Right Wing,Aerial Lost,,0,33.7,73.4
83a5983b-b8a3-4f64-b45a-75321c3f8f35,3857263,2,56,772,5721,Right Back,Tackle,Success In Play,1,3.5,65.6
d11ab18d-7976-429c-91a2-a9500509cae4,3857263,2,57,772,16532,Left Wing,Aerial Lost,,0,78.4,8.4
01cd83d7-e3b0-4884-99e2-0ed2de8c5cff,3857263,2,63,770,8400,Right Wing,Aerial Lost,,0,116.4,44.3
5f549741-3ffa-4dfc-a600-1bd5450431a6,3857263,2,67,772,5203,Center Defensive Midfield,Tackle,Success In Play,1,36.0,68.8
8a46eafe-3cc0-4187-95a3-c942dd96e495,3857263,2,68,770,10287,Center Attacking Midfield,Tackle,Won,1,84.1,3.4
a921b670-d500-4c1b-9d7a-25550c7becdf,3857263,2,69,770,8546,Center Forward,Aerial Lost,,0,94.9,64.1
d60ec737-6625-4e28-97f9-aa69c6a9f1a3,3857263,2,69,772,5211,Left Back,Tackle,Success In Play,1,2.8,4.8
bab8fd20-30a8-4f03-86ef-81e55f18ecd1,3857263,2,72,772,6765,Right Center Back,Aerial Lost,,0,14.0,52.8
7a44e26f-9d6e-4902-9284-cae8ba15cdb2,3857263,2,72,770,3053,Right Wing,Aerial Lost,,0,106.4,35.1
fad05956-5513-4ad8-b496-25be50eb46b2,3857263,2,75,772,5199,Right Center Midfield,Tackle,Success In Play,1,43.1,62.6
1b74dd42-f45e-4284-8f7e-5ae03ee1e8c4,3857263,2,76,772,68574,Right Wing,Tackle,Success In Play,1,8.6,74.2
77713a54-6994-4893-9207-1fcb7c899d21,3857263,2,78,770,5579,Right Defensive Midfield,Tackle,Lost Out,0,73.8,77.6
bfd09d85-7428-433b-a04c-c07deaa4ec88,3857263,2,78,772,6765,Right Center Back,Tackle,Won,1,14.5,35.8
1c7a9354-c5c6-46d0-b35f-c30034d6a510,3857263,2,78,770,8400,Left Wing,Tackle,Success In Play,1,88.9,19.1
0287dfe4-c9ed-4dba-b28d-9cf3da759238,3857263,2,81,772,5211,Left Back,Aerial Lost,,0,42.8,36.8
ee8d76f0-e82d-425f-9c36-a2498cb9a2f2,3857263,2,84,772,68574,Right Wing,Aerial Lost,,0,89.4,72.9
18c3e7ae-016e-45c1-b71b-0d5c115dfdd2,3857263,2,86,770,8546,Center Forward,Aerial Lost,,0,103.9,18.5
6243248b-4813-4db1-9c5f-db63f18b6770,3857263,2,88,770,24118,Left Back,Tackle,Lost Out,0,5.0,25.8
5b0c32a8-4206-43c1-97d3-c2d1fa9894cb,3857263,2,89,770,6324,Left Defensive Midfield,Tackle,Success In Play,1,15.6,21.1
3f365128-24c5-4055-89e7-396e389f7402,3857263,2,91,770,6322,Right Center Back,Tackle,Won,1,20.7,55.0
bfbf68da-6f10-4c63-b839-e03ac747e939,3857263,2,94,772,39161,Left Back,Tackle,Won,1,4.6,4.4
17ed520b-b8d8-4ef2-9564-9a51e13dfb30,3857263,2,94,772,5203,Center Defensive Midfield,Aerial Lost,,0,29.1,30.1
cbb65bf6-6feb-49da-b3ea-e4050ff4517f,3857263,2,94,770,6324,Left Defensive Midfield,Tackle,Success In Play,1,38.3,14.1
3788e8d7-dfa7-487b-9712-e15504a9fe1f,3857259,1,3,786,6318,Right Wing Back,Aerial Lost,,0,71.5,75.0
0805537b-e560-4610-8c9d-7cba341af6d5,3857259,1,4,2722,3499,Center Forward,Aerial Lost,,0,32.6,11.3
2ce7a4fc-d7c5-4b20-b4a8-64ed8561ca48,3857259,1,4,786,5589,Left Attacking Midfield,Tackle,Success In Play,1,21.0,42.7
f8df6e85-56f2-44f5-bc7a-bf949a482dfc,3857259,1,5,786,27719,Left Center Back,Tackle,Success In Play,1,27.4,20.7
8f442697-0cac-43b1-87c3-473a4a7e67b1,3857259,1,6,2722,3551,Left Wing,Aerial Lost,,0,71.7,16.2
215d2b24-9e0a-4d0d-95d8-d0ebba80d7c2,3857259,1,6,786,6901,Right Defensive Midfield,Aerial Lost,,0,65.9,55.8
1f657e43-d51b-4c5a-8ee0-c9ea5e425cb2,3857259,1,6,2722,7472,Left Center Back,Aerial Lost,,0,62.1,7.7
f1bd5700-63ca-4d6a-b8a1-a351f36c8d99,3857259,1,7,2722,4935,Right Wing,Aerial Lost,,0,79.6,26.3
292295ea-73ff-46f9-aa1c-ecdc9a3db7f2,3857259,1,8,786,4269,Center Forward,Aerial Lost,,0,108.1,45.3
5479b631-2696-4ad6-b8b4-ad5439fbdb4e,3857259,1,9,786,5603,Right Center Back,Tackle,Lost Out,0,69.8,74.4
3a76732d-25ce-40ec-8824-18624a124a10,3857259,1,10,786,6901,Right Defensive Midfield,Tackle,Success In Play,1,95.7,45.3
2d52edf3-6a2f-4cd0-ab02-c79f7ea8dfab,3857259,1,15,786,4269,Center Forward,Aerial Lost,,0,88.8,19.0
7751de98-2ed9-4e7d-8c27-7dba305d4f8a,3857259,1,17,2722,3551,Left Wing,Aerial Lost,,0,78.3,10.2
f9e0baaf-1d96-4d67-bbfa-68da7472e9b7,3857259,1,18,786,4269,Center Forward,Aerial Lost,,0,57.6,35.4
4a21ddf4-e149-49b5-b08d-aaa72f8e70ca,3857259,1,25,2722,3499,Center Forward,Aerial Lost,,0,35.3,58.3
804749d3-002e-438c-aadb-dc8ab366aec4,3857259,1,25,2722,4935,Right Wing,Aerial Lost,,0,85.8,65.8
f46d1050-2bdf-4f14-b9c3-2790c9842bf2,3857259,1,27,786,5603,Right Center Back,Aerial Lost,,0,54.2,63.7
c847abce-b7c8-4555-8b70-a28d55d5f83e,3857259,1,30,786,6901,Right Defensive Midfield,Tackle,Success In Play,1,54.4,23.9
73ad6a4e-393d-460b-bf12-f65ddd219de3,3857259,1,30,2722,16346,Right Back,Tackle,Lost In Play,0,57.8,63.5
27c8855e-0c7e-4e64-853d-d4374cb54f77,3857259,1,34,2722,3141,Right Center Midfield,Aerial Lost,,0,114.5,46.2
ecf2203e-6415-4bad-a44b-192847efb3d4,3857259,1,34,786,6901,Right Defensive Midfield,Aerial Lost,,0,64.0,38.0
55cdc6e9-6d2b-4c06-bd43-87c97473774d,3857259,1,36,786,6318,Right Wing Back,Aerial Lost,,0,54.4,67.1
6f3ef4d7-2574-441b-a718-a344ab8a27cd,3857259,1,37,786,5589,Left Attacking Midfield,Tackle,Won,1,45.0,4.9
43ee497e-f8d2-44f3-be5d-eb70abb7f8d2,3857259,1,37,2722,4935,Right Wing,Tackle,Success Out,1,56.5,77.2
2e741184-7597-45c9-8b1f-1ec1ad6b2c81,3857259,1,38,786,4269,Center Forward,Aerial Lost,,0,110.4,37.8
5cf75b00-d8ad-48bd-ae2f-edf4aba085f7,3857259,1,39,2722,3499,Center Forward,Aerial Lost,,0,71.3,65.6
d432bd4c-8ac9-4270-b925-9e498b6ff8fd,3857259,1,40,786,6901,Right Defensive Midfield,Aerial Lost,,0,79.4,19.2
cc461ba0-617b-4b91-9bbc-310b49b98c49,3857259,1,41,2722,3499,Center Forward,Aerial Lost,,0,82.8,75.0
66aaad86-bb22-467d-a9e8-04f51a3765d6,3857259,1,42,2722,4935,Right Wing,Aerial Lost,,0,53.9,70.1
28cf0d76-3bea-4cfc-863d-cff1800aa793,3857259,1,42,2722,12623,Left Center Midfield,Tackle,Won,1,67.8,53.4
8f37c005-4054-4349-b59e-7c0930985300,3857259,1,43,786,6321,Center Back,Aerial Lost,,0,50.8,29.5
a8d60090-d631-41d2-b92d-726839aaad1a,3857259,1,44,2722,4935,Right Wing,Aerial Lost,,0,61.0,61.6
fd169af6-381d-473c-84c5-54c50de7ddaf,3857259,1,47,786,4269,Center Forward,Tackle,Success Out,1,113.2,75.0
e98a047c-9c3c-4985-8f08-27d0f3f99d02,3857259,1,47,2722,3499,Center Forward,Aerial Lost,,0,31.3,40.8
9af08152-7185-453e-821c-101466cfda86,3857259,1,47,786,4269,Center Forward,Aerial Lost,,0,106.6,36.5
06512524-a637-401e-960c-63121ed6d9b7,3857259,1,49,2722,12623,Left Center Midfield,Aerial Lost,,0,77.0,7.4
4555cc24-c233-4683-9f21-9c87bf933db7,3857259,1,51,786,6318,Right Wing Back,Tackle,Lost Out,0,3.5,62.2
3e87a327-256f-490f-9605-4fcf9fd3a917,3857259,2,45,2722,4935,Right Wing,Aerial Lost,,0,77.2,72.5
7ea39c5f-7784-4c3d-a689-c71960eed6cd,3857259,2,46,2722,3499,Center Forward,Aerial Lost,,0,90.8,53.2
a4702801-cec9-447a-a7c3-0f2bf9145404,3857259,2,47,786,27719,Left Center Back,Tackle,Won,1,23.1,6.6
684ffe2a-a3c6-40bb-a407-37b6b0118592,3857259,2,48,2722,3499,Center Forward,Tackle,Lost In Play,0,80.8,30.8
34ef52af-98c8-459f-aafa-a78feea6616c,3857259,2,48,786,4269,Center Forward,Tackle,Success In Play,1,85.3,29.5
1082bc6a-3aa4-44cc-bc04-7a0375ffc18d,3857259,2,50,2722,3141,Right Center Midfield,Tackle,Lost In Play,0,82.0,43.4
f77edc57-99c9-4ef4-b769-4631d9b24cb4,3857259,2,51,786,4269,Center Forward,Aerial Lost,,0,41.2,25.0
3a1ca5d3-a1c9-43bf-ac3e-8feaaf5f4e90,3857259,2,56,786,4269,Center Forward,Aerial Lost,,0,67.0,40.7
2774ff80-0015-47ee-a7ff-b194577aa3df,3857259,2,57,786,5591,Left Wing Back,Tackle,Lost Out,0,21.9,8.5
4a111918-d3df-44c9-ae67-ea522e86a9e4,3857259,2,59,2722,3551,Left Wing,Aerial Lost,,0,88.6,18.4
bf23ae60-30fb-4e7a-b552-0237ead3befc,3857259,2,61,786,6687,Right Defensive Midfield,Tackle,Won,1,46.0,70.0
a311d310-7e91-423b-b1ed-46a6d552cc35,3857259,2,68,786,10477,Left Center Back,Aerial Lost,,0,34.6,40.0
955f9c4d-40bf-433c-bc0d-53f848784444,3857259,2,69,2722,7472,Left Center Back,Aerial Lost,,0,9.6,34.4
3187a657-050c-4dc1-8b16-6c07f0908d18,3857259,2,71,2722,28966,Right Defensive Midfield,Aerial Lost,,0,41.5,2.2
bb8e50e5-3e02-4faf-a194-c3f17741f2ce,3857259,2,72,786,6321,Center Back,Tackle,Won,1,58.9,68.3
c302a059-1678-4918-bc82-5ba8cc6b2e31,3857259,2,74,786,6318,Right Wing Back,Aerial Lost,,0,28.6,45.2
a13ee416-27fc-4922-a7c3-3716471f488d,3857259,2,75,786,6321,Center Back,Aerial Lost,,0,45.5,39.8
15e7ea3d-96ae-4fe6-b08e-c5544b16415c,3857259,2,76,786,6321,Center Back,Tackle,Success In Play,1,16.9,36.9
c50e9f90-541b-46e6-9ea7-e875ac155b4d,3857259,2,78,2722,11174,Center Attacking Midfield,Aerial Lost,,0,51.2,47.3
31cdb551-2766-442f-9fed-c8eef932c565,3857259,2,79,2722,3499,Center Forward,Aerial Lost,,0,71.0,53.9
a3d0336b-8cc9-4a65-ba4a-b3345c760fc3,3857259,2,79,786,10477,Center Back,Aerial Lost,,0,45.0,32.4
f666e08c-86ed-46de-b54a-7d0bfb34e3b6,3857259,2,81,786,5591,Left Wing Back,Tackle,Success In Play,1,43.8,64.3
717d6a99-5330-4cc6-b9d6-09441590250b,3857259,2,81,786,18737,Left Center Back,Tackle,Won,1,31.5,4.7
7d39ae52-317d-4af2-b21a-499f8fd4e4d9,3857259,2,84,2722,16346,Right Back,Tackle,Success In Play,1,44.1,50.6
37ed9629-a1c2-40f0-9f10-4383f788b797,3857259,2,84,786,3512,Right Center Midfield,Tackle,Lost Out,0,9.5,20.5
43298896-a24d-49db-a5bf-ae36cf479d0d,3857259,2,85,2722,11174,Center Attacking Midfield,Aerial Lost,,0,54.1,58.7
f425d13d-454c-4eb2-866c-2669a3a2f2f0,3857259,2,86,786,5833,Right Wing Back,Aerial Lost,,0,95.8,70.5
c329ad1e-2eec-4c49-b754-56d2675fb039,3857259,2,89,786,6687,Left Center Midfield,Aerial Lost,,0,44.6,67.9
0aa73341-572f-4c2d-8a02-f1e8544ac802,3857259,2,91,2722,28966,Right Defensive Midfield,Tackle,Lost Out,0,46.2,75.6
e94d2a59-a1cc-479f-a012-a3ca403e9f45,3857259,2,91,2722,16346,Right Back,Tackle,Lost Out,0,26.5,73.2
b39a75e1-d29b-4e6f-88bf-f4d00dfe2305,3857259,2,92,2722,28966,Right Defensive Midfield,Aerial Lost,,0,69.1,49.6
3d85f5e3-e6e4-4af5-874b-20ea6a89987f,3857283,1,0,788,5237,Right Wing,Tackle,Won,1,32.3,62.5
8e3ae651-8a36-4585-b12a-6b2081668064,3857283,1,4,782,5642,Left Defensive Midfield,Tackle,Lost In Play,0,30.2,13.8
abad4412-6fee-45c7-9dee-64a92bdabafb,3857283,1,6,782,20005,Right Center Back,Aerial Lost,,0,113.5,39.3
8e4875d9-ec52-4b9c-85f2-3428f46029e1,3857283,1,9,782,3176,Right Back,Aerial Lost,,0,74.4,74.1
22cea998-8a54-4dbc-ace3-f1c1b5ab3e92,3857283,1,11,788,5245,Right Back,Tackle,Lost Out,0,17.0,76.9
b4d5db03-06bb-449b-b5ef-a9b5b9788e57,3857283,1,12,782,3077,Left Center Back,Aerial Lost,,0,111.2,37.3
30028f75-b99d-43be-b64a-9d4d49eece4e,3857283,1,14,788,5234,Center Defensive Midfield,Tackle,Lost In Play,0,17.3,55.9
8c11450c-307e-4c9c-b046-97b85c98a657,3857283,1,16,782,3176,Right Back,Tackle,Success In Play,1,54.8,66.4
ea840a49-113a-418a-893f-fc44c91e2495,3857283,1,18,782,3176,Right Back,Tackle,Success In Play,1,85.0,60.7
d6428f2e-9108-48ba-8cfe-f2dbe21de4bd,3857283,1,18,782,5632,Left Wing,Tackle,Success In Play,1,98.4,22.2
008929f4-873c-412d-ad30-ff2e0bb3896c,3857283,1,19,782,6989,Left Back,Tackle,Won,1,19.2,2.4
4968bb94-fee2-455e-97ca-5c69104b3fd0,3857283,1,19,788,46258,Left Center Midfield,Tackle,Success In Play,1,60.0,12.6
327f16cd-0e11-4fbc-bcde-74dd383032cc,3857283,1,22,782,3457,Center Forward,Aerial Lost,,0,68.4,47.4
786982a3-20e4-47b1-b6fc-48ce68481121,3857283,1,23,788,15890,Left Back,Tackle,Lost Out,0,84.8,41.3
1cbf7c92-69f8-4679-82c5-79fcc7d79b3f,3857283,1,24,788,5219,Left Center Back,Tackle,Success In Play,1,44.0,37.7
a5b13939-795f-4897-97df-9cb126e0e7c7,3857283,1,27,782,5632,Left Wing,Aerial Lost,,0,9.7,27.3
7085844a-f826-4d9c-b303-43f9b8126059,3857283,1,30,782,5632,Left Wing,Tackle,Won,1,28.3,10.8
f68775ec-6abb-4f74-81d8-baf5018b163e,3857283,1,30,788,5234,Center Defensive Midfield,Aerial Lost,,0,76.7,52.4
5b7a2b9e-4f6a-4ac0-9fa6-02559d258a0c,3857283,1,35,788,5245,Right Back,Tackle,Lost Out,0,14.4,69.8
10d1b966-ee7e-4240-9986-451dceafd900,3857283,1,39,788,23774,Right Center Midfield,Tackle,Lost In Play,0,48.2,74.4
ded406cc-568a-4bff-ad66-5f09bb85e17b,3857283,1,40,788,3625,Left Wing,Tackle,Lost In Play,0,43.9,5.7
1ff623dd-7d63-4153-82de-ce3031647e59,3857283,1,41,788,5245,Right Back,Tackle,Lost In Play,0,16.0,58.3
3eb44109-5f38-4c7c-9c5a-5c41d306fbe7,3857283,1,42,788,15890,Left Back,Tackle,Lost Out,0,14.2,5.7
84adb6bd-46e3-4005-8131-daba70a05089,3857283,1,43,782,6989,Left Back,Tackle,Lost In Play,0,70.3,20.5
17f6cc6e-a3d1-4369-925b-ff9444871b22,3857283,1,44,788,5234,Center Defensive Midfield,Tackle,Success In Play,1,32.3,27.4
510be3dd-5a15-496c-98be-c3ce9090faca,3857283,2,46,788,6301,Center Forward,Aerial Lost,,0,71.3,19.6
3bd436fc-05b5-49d2-aa05-799d8d81cf0e,3857283,2,46,788,15890,Left Back,Aerial Lost,,0,53.3,2.1
2b1b9953-2b36-4489-b6e1-22a56ef4c940,3857283,2,46,788,23774,Right Center Midfield,Aerial Lost,,0,54.4,52.8
c9ae3570-09f0-4dcd-b153-331c1ca734a8,3857283,2,47,788,6301,Center Forward,Aerial Lost,,0,74.5,53.0
152ee3dc-18fb-4bf0-903b-f8d801105a60,3857283,2,47,782,6989,Left Back,Tackle,Lost Out,0,30.4,5.5
7067ffa3-0f55-480b-a245-8ee3640792c8,3857283,2,51,788,12149,Right Center Back,Aerial Lost,,0,8.7,39.3
4e22bbe8-114f-4c25-acdd-202a1548f644,3857283,2,52,782,5632,Left Wing,Tackle,Lost In Play,0,75.1,17.1
138e862c-e094-4c96-8eb0-f2f1d2631711,3857283,2,52,782,5642,Left Defensive Midfield,Tackle,Won,1,15.0,7.0
88fa40e5-35a0-4bbb-9962-f8cb2d845c72,3857283,2,53,782,48347,Right Defensive Midfield,Tackle,Success In Play,1,64.0,76.3
d0c7e8a1-d084-44ef-821e-942f421faa6a,3857283,2,54,782,48347,Right Defensive Midfield,Tackle,Lost In Play,0,21.0,60.9
4bbd32cd-762e-47d9-b0c8-080ddcca2b71,3857283,2,55,788,5245,Right Back,Tackle,Success In Play,1,66.2,65.8
1b5db572-86bb-44f7-b7a5-521c24599dd7,3857283,2,57,782,3077,Left Center Back,Aerial Lost,,0,28.7,56.2
aa40faa9-6eca-407b-b53c-0c47c64694aa,3857283,2,57,782,3621,Center Attacking Midfield,Aerial Lost,,0,49.9,48.3
80c6f92c-d6e6-4a35-b5fa-9ec4419c0f6f,3857283,2,57,788,5219,Left Center Back,Tackle,Won,1,33.0,16.4
808c9e46-9eda-4819-89b0-6e1371ef5fde,3857283,2,59,782,48347,Right Defensive Midfield,Tackle,Won,1,39.4,5.1
0061653b-31ba-410e-9db8-f533ac8e0220,3857283,2,60,782,5630,Center Attacking Midfield,Tackle,Lost In Play,0,49.7,76.3
5cf9f4ac-6406-4eb2-b288-3c9c7d2ce254,3857283,2,62,782,5642,Left Defensive Midfield,Tackle,Success In Play,1,61.0,23.9
52f79f5c-4d16-4c66-8da6-b20b54e26b7c,3857283,2,63,788,5237,Right Wing,Aerial Lost,,0,95.0,64.7
4db45468-3ec1-451f-b9af-77f2d93f3c76,3857283,2,64,782,5630,Right Wing,Tackle,Lost In Play,0,41.1,37.8
a8514c42-94fa-4a06-8d46-6f44c2f71e2c,3857283,2,64,788,12149,Right Center Back,Tackle,Lost In Play,0,23.2,47.0
ed633daa-98a6-45ad-bac7-0c638684ff1b,3857283,2,65,788,46258,Left Center Midfield,Aerial Lost,,0,19.3,41.9
4ae32758-e204-4407-bc5c-976af9e7dab5,3857283,2,67,782,3457,Center Forward,Aerial Lost,,0,76.4,25.2
2664ce59-454b-4a5f-9205-8cb74b67c3a5,3857283,2,75,788,5237,Right Wing,Tackle,Lost Out,0,14.8,71.2
37709334-bddc-4d51-9fc0-ca2a9799fd5f,3857283,2,76,782,32688,Center Forward,Aerial Lost,,0,114.9,37.6
224f5535-bcb1-4e35-a751-96aa8e39be5c,3857283,2,77,788,59493,Center Forward,Aerial Lost,,0,80.7,53.8
6a115f01-5b11-42c2-a2df-1e0110a5af78,3857283,2,78,788,5219,Center Back,Tackle,Success In Play,1,32.4,50.6
7f1268ea-175d-4ce7-bfd3-75c15a4eb6c8,3857283,2,78,782,2954,Right Defensive Midfield,Tackle,Success In Play,1,50.1,28.8
36832bbd-b07c-47eb-94cc-0fc8f2138676,3857283,2,79,782,32688,Center Forward,Aerial Lost,,0,93.1,21.8
83be2e63-75bf-4725-9f1a-60b2ac6f72fc,3857283,2,81,782,32688,Center Forward,Aerial Lost,,0,105.1,49.2
55e6f1f7-5660-4225-9681-a7db01459bac,3857283,2,81,788,5237,Right Wing,Aerial Lost,,0,27.4,31.2
0bea7c67-81c9-41dd-b898-a59f58a6df94,3857283,2,81,788,12149,Left Center Back,Aerial Lost,,0,11.0,42.5
0f9fbc94-400b-4c2d-9b42-7a4aac1107d1,3857283,2,82,788,59493,Center Forward,Aerial Lost,,0,79.8,24.7
724022f9-52ef-4b1c-bbb2-62f389279942,3857283,2,82,782,3077,Left Back,Aerial Lost,,0,50.5,24.3
396390aa-0027-46fb-9b0a-637438513de3,3857283,2,82,788,5234,Right Defensive Midfield,Aerial Lost,,0,55.0,57.3
0c5597b2-c6ba-4449-82d6-1da421471694,3857283,2,82,782,16559,Left Wing,Tackle,Won,1,63.8,14.3
69b51d51-462d-42a1-8cc2-c4c697f5edbc,3857283,2,83,788,59493,Center Forward,Aerial Lost,,0,87.3,50.4
0b2697e9-bf8b-4db5-8974-94d691891fb7,3857283,2,85,788,5219,Center Back,Tackle,Lost In Play,0,46.3,33.1
c9ade105-39d5-45b1-9378-cbf9b3956bee,3857283,2,90,782,2954,Right Defensive Midfield,Tackle,Success Out,1,3.3,77.8
47dcc245-0294-4204-87a8-f9b60ee21dbd,3857283,2,91,782,20005,Right Center Back,Aerial Lost,,0,44.5,50.6
a42e24d5-fe9f-4174-9455-4bc7774d4406,3857283,2,94,788,59493,Center Forward,Aerial Lost,,0,81.8,55.3
baf93e60-7666-4c0c-9399-23ccca40e43e,3857283,2,94,788,21736,Left Wing,Tackle,Success In Play,1,63.6,52.8
c491b6e8-8c49-46fa-881c-7d444c0c785d,3857283,2,94,782,5642,Left Center Back,Tackle,Won,1,57.4,24.6
d6e273b7-6cfd-4f28-b540-b50ab02e9ed0,3857283,2,94,788,5237,Right Wing,Tackle,Lost In Play,0,98.0,73.7
9c0be277-7d46-49c7-b306-e0cc8118c210,3857286,1,0,3566,124514,Left Center Midfield,Aerial Lost,,0,95.0,26.0
40dbeebf-21b9-49de-a7ae-14907dae8541,3857286,1,1,3565,23830,Right Defensive Midfield,Tackle,Won,1,41.5,70.5
f4602f1f-5bf8-4fea-af5a-60d73663deac,3857286,1,7,3565,31152,Right Midfield,Aerial Lost,,0,79.6,73.3
f9a0b63c-59c8-4d2e-8817-c717efe90a2b,3857286,1,7,3566,124494,Left Center Back,Aerial Lost,,0,12.5,42.9
add8ed03-499f-457d-b443-7199f04c1370,3857286,1,8,3565,28559,Right Center Forward,Aerial Lost,,0,106.6,48.7
f89f92a5-bb42-4b87-81a1-f7d864271f55,3857286,1,8,3566,124514,Left Center Midfield,Aerial Lost,,0,28.7,14.3
f9dc0c85-295a-4910-83f5-264e5a7e0efd,3857286,1,10,3565,34396,Left Center Forward,Aerial Lost,,0,113.6,54.7
9d6d9036-834d-4c51-9015-cb80b3c9699d,3857286,1,13,3566,124493,Center Back,Aerial Lost,,0,42.2,50.0
dd51e886-c54d-470f-a28e-198f4efa42ef,3857286,1,20,3566,124495,Right Center Forward,Aerial Lost,,0,55.9,5.3
4e1f7f6b-4823-488e-a90f-11b1301f1b98,3857286,1,22,3565,34396,Left Center Forward,Aerial Lost,,0,112.1,29.3
945db8f4-6ed3-444a-810b-ac321434a55a,3857286,1,22,3566,124488,Right Center Midfield,Aerial Lost,,0,25.3,30.5
23471a71-e089-48c7-864c-5ab66d03a32a,3857286,1,23,3565,23830,Right Defensive Midfield,Aerial Lost,,0,71.1,46.8
dbe01bfa-f56a-4f88-8c3e-4567dcd5cb22,3857286,1,24,3565,37737,Right Back,Aerial Lost,,0,39.0,77.6
54da41b0-0d05-439a-bbe8-a56e888ba901,3857286,1,25,3565,28559,Right Center Forward,Aerial Lost,,0,90.5,41.2
ef7e3146-f816-4965-8945-2631c10ca42e,3857286,1,25,3566,124488,Right Center Midfield,Tackle,Success In Play,1,35.6,47.0
766c37b4-c64d-43a8-b5b5-34d54e4e6ec2,3857286,1,25,3565,37737,Right Back,Tackle,Lost Out,0,81.8,77.8
523e29a6-7a8d-4153-956a-31630a2a8a16,3857286,1,28,3565,28559,Right Center Forward,Aerial Lost,,0,99.7,42.9
923c73da-6e3e-4ae3-a15a-28cb5c33fc77,3857286,1,29,3566,124493,Center Back,Tackle,Success In Play,1,31.3,4.6
21598ddd-3e6f-472d-bf53-1012ee10eec4,3857286,1,34,3565,31152,Right Midfield,Aerial Lost,,0,55.2,54.9
4613bceb-2422-4243-b9e2-fe8c48b6cc2a,3857286,1,35,3565,34396,Left Center Forward,Aerial Lost,,0,65.9,53.2
c0d692c0-2269-476b-9a5b-50c227ba6c18,3857286,1,38,3565,24085,Left Back,Tackle,Success In Play,1,23.1,6.2
a1cd40be-1656-4f83-9e69-f8bc14f14750,3857286,1,40,3566,124493,Center Back,Aerial Lost,,0,42.6,20.0
5d1e16dd-a5d0-4599-bab4-24296a4c1e32,3857286,1,40,3565,23830,Right Defensive Midfield,Tackle,Won,1,20.8,62.0
ab072b0e-71f1-4a5e-a7bb-4af0b6684468,3857286,1,40,3566,124900,Left Wing Back,Tackle,Success In Play,1,85.2,2.9
8cede669-8e2a-4c47-8b84-9eeeaeac7cf2,3857286,1,40,3566,124488,Right Center Midfield,Aerial Lost,,0,93.7,28.8
960e1cef-90e6-4eb9-8875-a6ac5cf0f5e6,3857286,1,41,3566,124492,Center Defensive Midfield,Tackle,Success In Play,1,62.9,11.3
beb1bbf8-3c81-4af1-aacb-fdfd4279f94c,3857286,1,44,3565,24085,Left Back,Tackle,Won,1,16.7,4.9
df995ad6-2ddd-4329-9125-76b0fa255b2e,3857286,2,45,3565,37737,Right Back,Tackle,Success In Play,1,37.3,77.4
20e69953-b598-4848-8a5b-e4d878bc5c55,3857286,2,45,3566,124514,Left Center Midfield,Tackle,Success In Play,1,89.5,8.3
33a1d827-c4b5-4384-a52b-2bb17a4d6db8,3857286,2,46,3565,23830,Right Defensive Midfield,Tackle,Success In Play,1,49.5,32.7
2a92ebe6-d487-4c9c-9b32-ca07ca7a9385,3857286,2,48,3565,34396,Left Center Forward,Aerial Lost,,0,76.0,58.1
7b74ebd4-8d1f-4675-8d88-77cc6f89510a,3857286,2,48,3566,124493,Center Back,Aerial Lost,,0,28.1,33.3
47fddd06-2bb2-46ed-a19f-65c1ae9a07ff,3857286,2,48,3565,12803,Left Midfield,Aerial Lost,,0,100.4,42.9
98634f3c-b4ee-4056-a1b6-71537dfa4a3e,3857286,2,50,3566,124495,Right Center Forward,Aerial Lost,,0,69.3,70.3
82837a2d-91c3-44bc-8939-d40998d34ab2,3857286,2,55,3566,124900,Left Wing Back,Tackle,Lost Out,0,3.0,5.9
24bb3104-1460-4c18-bb31-6e07878387cd,3857286,2,56,3565,28559,Right Center Forward,Aerial Lost,,0,73.6,11.7
39a5e395-8a36-45b0-960d-95800e9d673d,3857286,2,61,3565,24085,Left Back,Aerial Lost,,0,13.6,32.6
67c7f178-feb2-40f1-a191-6fef813f3c8d,3857286,2,62,3566,124492,Center Defensive Midfield,Aerial Lost,,0,43.0,19.0
dece24b6-aed4-45b3-bd96-a6a00960f858,3857286,2,64,3565,24085,Left Back,Tackle,Lost Out,0,45.6,3.1
9f91e8a7-29b6-44b2-a97d-66b644076499,3857286,2,68,3566,124494,Left Center Back,Tackle,Won,1,4.7,12.8
67d374a6-9a3b-4492-a0e5-b0862cff141a,3857286,2,69,3566,124495,Right Center Forward,Aerial Lost,,0,59.9,9.2
52e9df94-b8d8-4a1c-b935-899c3fdace26,3857286,2,69,3565,40211,Left Midfield,Tackle,Won,1,31.9,35.4
f8cf7cfd-800f-4059-8b87-8d5520cda0f7,3857286,2,72,3566,124901,Right Center Forward,Tackle,Lost Out,0,19.1,76.1
878d038f-3c3a-4ba5-81c2-db86e710ee6e,3857286,2,74,3565,31152,Right Midfield,Tackle,Lost In Play,0,78.3,73.9
9214cebf-07a8-4eec-98d8-d78538fcbe85,3857286,2,76,3565,34396,Left Center Forward,Aerial Lost,,0,74.3,59.8
49e74ddb-489a-4826-bf74-de6e8c038df3,3857286,2,80,3565,40211,Left Wing,Tackle,Lost In Play,0,84.8,13.0
7789edae-ff69-4e1c-baf7-4cca8ba9092b,3857286,2,81,3565,34396,Center Forward,Aerial Lost,,0,106.2,22.0
30b54691-06d8-42e5-82ba-debe72354679,3857286,2,83,3566,124900,Left Wing Back,Aerial Lost,,0,63.1,18.1
b8837c0d-5a32-44d7-989c-236d350ae593,3857286,2,83,3566,124901,Right Center Forward,Tackle,Lost Out,0,58.0,11.5
93fd3a06-7221-4b2a-88aa-8ae596ec88a3,3857286,2,84,3565,40211,Left Wing,Tackle,Won,1,44.8,2.9
958c30be-e1a2-47a7-84c5-dbdc0596c51f,3857286,2,86,3565,34396,Center Forward,Aerial Lost,,0,81.1,61.8
fa53ceda-7fe7-4cc6-8928-a45dabda95be,3857286,2,88,3565,34396,Center Forward,Aerial Lost,,0,117.5,46.1
c9ad8113-6860-43b8-ae34-84dbed59508b,3857286,2,88,3566,124900,Left Wing Back,Tackle,Won,1,10.3,5.3
fbbb8305-635c-409c-9ebc-612661f7d7f9,3857286,2,89,3565,37737,Right Back,Tackle,Lost Out,0,73.4,73.9
72284d19-083c-43e8-855e-db3be4977fc7,3857286,2,90,3565,31152,Right Wing,Tackle,Won,1,20.8,75.2
d1a6da7f-f8b6-4edb-87e1-a5721d7b87f2,3857286,2,90,3566,124909,Left Center Midfield,Tackle,Success In Play,1,83.0,15.4
4fdc6931-e0ca-43b9-8e21-8c00291f84fa,3857286,2,91,3565,348757,Center Forward,Tackle,Success In Play,1,37.3,2.9
b74cdccb-a33f-42d1-a1e4-a766d68db2b3,3857300,1,2,799,5178,Right Center Midfield,Tackle,Lost In Play,0,70.1,51.2
1ca7fc32-e747-42e5-80ba-8479436d86ad,3857300,1,2,799,5715,Left Center Back,Tackle,Lost In Play,0,61.3,42.6
d8292a97-7940-4ec9-b156-2b1bab722367,3857300,1,5,799,51710,Right Back,Tackle,Lost Out,0,6.2,76.6
a99ec4cf-f22c-4df5-8dfd-7f92e2e56cfe,3857300,1,10,799,51469,Center Forward,Tackle,Success In Play,1,104.6,19.1
597bdf2b-7c33-4911-9fa5-04b0d1348977,3857300,1,11,779,7006,Left Midfield,Tackle,Lost In Play,0,64.9,5.5
5ee708b6-0af8-49ab-959e-7005c83d84f1,3857300,1,14,779,7797,Right Defensive Midfield,Tackle,Won,1,16.2,63.2
1f9f1d76-027f-4fe2-8bbe-d29f1ddc92c3,3857300,1,15,799,51546,Right Center Back,Aerial Lost,,0,114.7,57.9
dbbf755b-4d78-4e99-80ad-48e33e69bde5,3857300,1,15,779,3090,Left Center Back,Tackle,Lost Out,0,22.2,5.4
4b45d2f5-a1bb-4735-aca2-5f440ee11a16,3857300,1,18,779,7006,Left Midfield,Aerial Lost,,0,40.6,12.0
a44f9690-6d66-45a6-812b-3c131a9cbfd8,3857300,1,19,799,5183,Left Back,Tackle,Lost In Play,0,9.1,14.3
691e571a-374a-49a7-a8db-e1a578c900c3,3857300,1,19,799,5183,Left Back,Tackle,Lost Out,0,4.2,4.8
29136a68-a472-41fa-8178-85ab210e058f,3857300,1,19,799,51546,Right Center Back,Tackle,Lost In Play,0,18.0,32.2
1c4c39d2-8a84-4ca8-b7f6-bf23a4290cb3,3857300,1,21,779,7006,Left Midfield,Aerial Lost,,0,67.6,3.4
87333d56-77b2-4bd8-a032-209316710bc2,3857300,1,26,799,51546,Right Center Back,Aerial Lost,,0,47.9,41.7
7a46a104-ebf4-408a-bb27-0c3a7fd3b0eb,3857300,1,31,779,16308,Left Defensive Midfield,Tackle,Lost Out,0,26.6,2.3
4d6c3994-a942-4f9e-b562-67b8484136a3,3857300,1,32,799,51099,Right Midfield,Aerial Lost,,0,106.5,43.3
c5c6dde2-5838-411e-87d4-64fc603c501f,3857300,1,38,779,3090,Left Center Back,Aerial Lost,,0,50.6,7.0
ad1b208b-8eab-4434-b3c5-1a6f62097aba,3857300,1,38,799,51469,Center Forward,Aerial Lost,,0,105.2,36.8
2a47f540-d76c-40b6-8940-049f36d62817,3857300,1,39,799,51710,Right Back,Tackle,Lost Out,0,6.8,53.1
fd3ba1d4-aa0f-47db-a92a-a533f531f4cf,3857300,1,42,779,7797,Right Defensive Midfield,Aerial Lost,,0,37.3,25.5
f53ad5c0-6e51-475e-a603-8ac357f325e7,3857300,1,42,779,29201,Right Back,Tackle,Lost In Play,0,13.8,54.8
06f1b3f8-9ea7-466c-a8d1-745c7ca65950,3857300,1,45,799,5187,Left Midfield,Tackle,Lost In Play,0,20.6,17.4
60861917-868e-45f0-bfd9-507307dfc5dc,3857300,1,49,799,51469,Center Forward,Tackle,Success In Play,1,62.9,9.0
86787458-fe5f-4902-9275-ed0c93bee1f3,3857300,2,47,799,54144,Center Attacking Midfield,Aerial Lost,,0,64.9,21.5
a16087fc-e533-46f5-b0b7-2e429f8321cf,3857300,2,47,779,16308,Left Defensive Midfield,Tackle,Lost In Play,0,49.7,63.5
5122e5fa-bb24-437b-ba81-9d80eb97ad88,3857300,2,50,779,29201,Right Back,Tackle,Won,1,55.2,77.2
70b1b2e3-16e8-4862-9ce1-5b09188afd01,3857300,2,50,799,51710,Right Back,Tackle,Lost In Play,0,115.6,58.8
caccc549-fb26-438e-9a3e-f4d49684341c,3857300,2,52,779,2995,Right Midfield,Tackle,Lost In Play,0,13.5,59.6
f3bb9552-c83e-475c-8372-bd592c924600,3857300,2,55,799,51099,Right Midfield,Aerial Lost,,0,70.9,68.6
f1cf8d0d-4620-438c-a36f-c3a0e9ddf369,3857300,2,55,779,16308,Left Defensive Midfield,Tackle,Success In Play,1,38.5,21.3
090e002e-d286-4c56-b9f9-c90619c19817,3857300,2,56,779,5507,Left Back,Tackle,Lost In Play,0,93.7,14.7
ff0a8c0d-4e94-44fb-8d37-e262f0fb7f41,3857300,2,57,799,51710,Right Back,Aerial Lost,,0,108.9,56.4
a913d8cd-1579-4bd9-9d65-c10c36902eee,3857300,2,59,799,51546,Right Center Back,Tackle,Won,1,25.9,23.5
c0a783e5-574f-4ac8-a122-bf86df19d65f,3857300,2,61,799,51469,Center Forward,Aerial Lost,,0,81.3,5.3
471967d8-f63e-4f48-bc7c-0fc7067ddb73,3857300,2,61,779,5507,Left Back,Tackle,Won,1,27.4,56.9
8869d67f-9f57-4242-a448-4570967893df,3857300,2,66,799,51469,Center Forward,Aerial Lost,,0,70.2,48.5
86372587-7d06-48e5-83bc-ddbb9140fe5d,3857300,2,66,779,27768,Left Center Back,Aerial Lost,,0,56.1,28.8
97b25b9e-54f8-409c-94b4-9a4245b4b55f,3857300,2,67,799,51099,Right Midfield,Tackle,Lost Out,0,13.1,66.0
b6952ce2-bad5-4752-8806-0d2104323c30,3857300,2,68,799,56755,Left Defensive Midfield,Aerial Lost,,0,3.6,49.0
cc7d5cd8-a59e-43ee-8656-77d5716834eb,3857300,2,71,799,5183,Left Back,Tackle,Lost Out,0,45.0,4.4
0083f670-8ac3-4502-9992-cf1ede05c3e0,3857300,2,73,779,19597,Left Back,Aerial Lost,,0,63.6,18.1
690b19d2-2a2b-43d9-a8d4-95ab0fe6afa4,3857300,2,74,799,51469,Center Forward,Aerial Lost,,0,92.5,24.7
3690bf06-4985-4c41-9698-c6fa6d57be1b,3857300,2,75,799,5713,Right Defensive Midfield,Aerial Lost,,0,76.4,69.5
c9812575-d4e9-4373-bfe0-d858f4ff3135,3857300,2,76,799,51469,Center Forward,Aerial Lost,,0,110.0,63.9
a1a11014-071a-4ba9-abe2-e06989f58744,3857300,2,76,779,29560,Left Midfield,Tackle,Won,1,2.6,9.6
59524146-2130-4c1a-b299-aab9c7871d58,3857300,2,77,799,5715,Left Center Back,Tackle,Success In Play,1,17.0,24.3
3a540675-7bdc-4d20-b46c-7287fece0bf0,3857300,2,80,779,38718,Left Defensive Midfield,Aerial Lost,,0,46.9,13.0
f0db5a29-59e1-48b0-a345-a2525a9da3d1,3857300,2,80,799,5715,Left Center Back,Aerial Lost,,0,42.0,40.8
b4780398-92be-4b70-9661-f64c0c036995,3857300,2,82,799,57620,Right Midfield,Aerial Lost,,0,82.0,72.4
402f53fb-7912-49e0-b084-68137e95da99,3857300,2,83,799,51546,Right Center Back,Tackle,Won,1,15.7,73.9
1109c0a4-1b16-4c29-b6dd-edbbfc1502b3,3857300,2,84,779,27768,Left Center Back,Aerial Lost,,0,40.0,20.9
56a330c3-8f3f-4238-aaea-50519f0f24e9,3857300,2,85,799,5183,Left Back,Tackle,Success In Play,1,74.7,19.0
d8f529a8-8a2a-4e88-8c88-c845f32a3395,3857300,2,87,779,27768,Left Center Back,Tackle,Lost In Play,0,27.2,78.2
2b2144fe-b45b-4d08-a638-0d69818e8c0d,3857300,2,88,799,121539,Center Forward,Tackle,Lost In Play,0,39.0,7.6
0ba26237-778c-4b0d-8c41-86be34f1be44,3857300,2,90,799,51710,Right Back,Aerial Lost,,0,10.6,42.3
cb7c3e52-8da5-466e-99bd-51af62df7352,3857300,2,92,799,121539,Center Forward,Aerial Lost,,0,83.9,29.9
4e7d6dee-8fb9-4233-85c6-c42edd61d52d,3857300,2,93,799,5713,Right Defensive Midfield,Tackle,Lost In Play,0,53.7,53.4
7f13482b-431c-4942-9dfc-d9bcb9e0ebb1,3857300,2,99,779,38718,Left Defensive Midfield,Aerial Lost,,0,111.3,43.2
71aa54c7-d3b2-4b60-835f-9942e07f55d9,3857300,2,99,779,5503,Right Center Forward,Aerial Lost,,0,103.4,47.9
b26a0419-450d-4d3e-bfbe-2ee456c2e973,3857300,2,100,799,51710,Right Back,Aerial Lost,,0,7.6,46.9
96f9fa23-aff3-4a43-adc9-f25647f808bd,3857300,2,101,799,5713,Right Defensive Midfield,Aerial Lost,,0,74.7,64.7
0b70cc69-a580-4f68-a7bc-29a53fd1f31a,3857299,1,2,791,5618,Right Defensive Midfield,Tackle,Success In Play,1,45.1,66.3
1f8aef36-9a3a-4517-8c7e-9a7c9eea67dc,3857299,1,3,4885,6383,Right Defensive Midfield,Aerial Lost,,0,108.4,44.5
ff07ee9a-36c8-4c78-b0d4-5076ac20185d,3857299,1,5,791,5618,Right Defensive Midfield,Aerial Lost,,0,27.5,64.9
f65db3b7-9a2d-42b0-bc2b-8d5a3a3e0d8c,3857299,1,10,4885,6383,Right Defensive Midfield,Tackle,Lost Out,0,3.2,66.9
9dae9dec-6092-44f6-ac00-588f6332428b,3857299,1,13,4885,3450,Left Wing,Tackle,Won,1,27.8,5.7
00eaf1f4-3f76-4202-949e-00771fb8181c,3857299,1,14,4885,30519,Left Center Back,Aerial Lost,,0,67.4,8.8
39d46619-f1f0-419e-b63d-762b529cfbc7,3857299,1,14,4885,30519,Left Center Back,Tackle,Lost In Play,0,55.7,18.3
36c495d1-0d88-49ab-9dfa-890fe5e1a9cb,3857299,1,15,4885,6383,Right Defensive Midfield,Tackle,Lost In Play,0,37.2,26.9
b916691d-68ea-4cb7-8ada-35bf9eefc94b,3857299,1,15,4885,33602,Right Back,Aerial Lost,,0,81.3,74.3
c867e4a1-2f94-4b54-82f0-2785990f7112,3857299,1,15,791,3135,Right Wing,Aerial Lost,,0,74.7,60.0
2028d037-e241-42d0-b64c-a5bef5b9a4d6,3857299,1,19,791,3135,Right Wing,Tackle,Lost In Play,0,55.7,62.6
98687e71-7e0f-417e-a2b5-05ad7624482e,3857299,1,19,4885,3709,Right Center Back,Tackle,Success In Play,1,80.7,75.7
dd0e301b-b00e-4cd1-b1f2-385f75901cba,3857299,1,21,791,40542,Center Forward,Aerial Lost,,0,85.3,68.6
3e4d800e-3637-46b9-9f5b-55c74439adf7,3857299,1,21,4885,3450,Left Wing,Tackle,Won,1,43.1,3.9
2773601c-3c27-4e73-b6eb-c6229e3066aa,3857299,1,21,4885,3347,Center Attacking Midfield,Aerial Lost,,0,109.9,35.3
af2ac60a-151a-4c99-87e9-af957504739b,3857299,1,23,4885,3347,Center Attacking Midfield,Aerial Lost,,0,114.8,37.4
de32f0b6-131e-4c56-99d2-22869234887c,3857299,1,26,4885,33602,Right Back,Tackle,Won,1,52.2,66.0
4a39e08d-55e2-401a-afc4-265f383dbf6a,3857299,1,27,791,40538,Left Back,Aerial Lost,,0,4.0,51.7
5ab49fdc-a4b6-4f10-a853-ea847ca1784d,3857299,1,28,4885,3450,Left Wing,Aerial Lost,,0,92.9,18.3
d9c4ff80-6e3e-4b86-9096-f3ac02d95a14,3857299,1,29,4885,17033,Right Wing,Tackle,Won,1,16.6,74.8
fbeb8f65-6ded-4f4f-9b23-920f19419c60,3857299,1,35,4885,33602,Right Back,Tackle,Success In Play,1,21.9,76.5
c6f65ad5-9213-4022-9b8c-14132daa6c5c,3857299,1,37,4885,30519,Left Center Back,Aerial Lost,,0,48.6,20.7
2096487b-48ae-4c60-8b25-6469c3b35367,3857299,1,39,4885,3347,Center Attacking Midfield,Tackle,Success In Play,1,33.5,5.3
7b208652-ca1a-49a4-b530-bdb4a08eb2d1,3857299,1,42,791,23763,Left Defensive Midfield,Aerial Lost,,0,92.8,41.9
395d8ae4-3b22-44a5-b30f-87b85877bb79,3857299,1,42,791,5618,Right Defensive Midfield,Tackle,Success In Play,1,24.3,27.1
26a716e1-4dc9-4b3b-a42e-b566353d7fb9,3857299,1,42,4885,3709,Right Center Back,Tackle,Success In Play,1,10.3,66.1
1aa7d723-74e8-4c27-8826-005ffeac9b92,3857299,1,43,4885,33602,Right Back,Tackle,Won,1,14.4,76.4
140e9c51-3b50-404f-a59e-bd4d76c4514a,3857299,1,44,791,3135,Right Wing,Aerial Lost,,0,111.5,43.4
a6f7ae4f-2b61-48b5-90e3-7e6ef3739e66,3857299,1,44,791,3083,Left Wing,Aerial Lost,,0,104.9,47.0
3a402070-5265-4991-bd28-2651f5422886,3857299,1,45,4885,3347,Center Attacking Midfield,Aerial Lost,,0,73.6,19.2
e41cb17a-bfa7-41b9-b9a2-7e3b4f144088,3857299,1,46,791,43565,Right Center Back,Aerial Lost,,0,54.5,73.8
718f0229-37b8-438c-b8ef-3f8fe1931a82,3857299,1,46,791,40672,Right Back,Tackle,Won,1,9.6,72.1
a619a702-3b71-481d-b366-8de334800a28,3857299,1,47,4885,6393,Center Forward,Tackle,Lost In Play,0,52.8,77.8
e5edbb19-9fb2-4642-8da0-4fe5baa35f82,3857299,1,48,791,43565,Right Center Back,Tackle,Lost Out,0,7.7,54.8
329da44d-b025-42ea-8d0f-eb477a927849,3857299,1,49,791,43565,Right Center Back,Aerial Lost,,0,1.8,43.9
8b5206ac-3393-49e1-b73a-ab561d9c1596,3857299,2,45,4885,3450,Left Wing,Aerial Lost,,0,85.6,8.7
c3e8d1d5-3bf7-4d7a-90fc-ed6a0413da34,3857299,2,46,791,40672,Right Back,Tackle,Success In Play,1,74.7,72.9
4a7a4009-2a49-4441-ac74-0501451cec61,3857299,2,47,4885,31029,Left Defensive Midfield,Tackle,Success In Play,1,46.6,69.7
8a72f330-0fe5-4705-927e-c8f36d8f2b69,3857299,2,47,791,40538,Left Back,Tackle,Lost In Play,0,59.5,11.9
da64c954-46ed-48ac-b10c-e0c1a774f59e,3857299,2,47,791,40538,Left Back,Tackle,Success In Play,1,55.6,6.0
4fbc9a29-b930-4f74-ae6b-7704495e19b4,3857299,2,48,791,5618,Right Defensive Midfield,Tackle,Lost Out,0,58.9,6.2
43321efa-9505-475c-9b36-81308541e7be,3857299,2,49,791,40542,Center Forward,Aerial Lost,,0,31.9,42.3
50d4f126-db5c-4b0c-92bd-b8710663922d,3857299,2,49,791,3083,Left Wing,Tackle,Lost In Play,0,20.2,29.8
2e1430df-d149-4d2e-868a-ae2fad69b19d,3857299,2,52,4885,17033,Right Wing,Aerial Lost,,0,32.7,73.6
f23cbb27-0851-4f16-9dd3-b69a494a9088,3857299,2,52,4885,3347,Center Attacking Midfield,Aerial Lost,,0,76.0,12.2
c3d26705-1cfd-4a0a-97ed-dbacfe337285,3857299,2,53,4885,23615,Left Back,Tackle,Lost Out,0,51.4,1.6
72f3caa5-f7ff-4be8-8dc7-a9da903ee8c9,3857299,2,53,791,40542,Center Forward,Aerial Lost,,0,91.6,61.9
1e8fe172-778a-4c4e-b2c9-681676e0331e,3857299,2,56,4885,3347,Center Attacking Midfield,Aerial Lost,,0,103.3,73.8
7bee13cf-c78c-4299-8f1e-54b040867a18,3857299,2,57,791,22740,Center Attacking Midfield,Tackle,Won,1,96.4,6.2
5b361386-98c2-4266-82cb-09ad9a92241c,3857299,2,60,4885,23615,Left Back,Aerial Lost,,0,4.6,36.4
7a82d059-b70a-4b6b-afe7-afad889b9670,3857299,2,61,4885,3450,Left Wing,Tackle,Success In Play,1,52.0,5.3
7f1e890c-0c2f-4451-a895-82312bfd8454,3857299,2,63,791,23763,Left Defensive Midfield,Aerial Lost,,0,44.5,21.2
ae445d7d-fcd0-47cb-b91d-fca32cca8ee2,3857299,2,66,791,40542,Center Forward,Aerial Lost,,0,94.9,61.4
b4bd2ab8-e00c-425d-89f3-eacb150d3a92,3857299,2,66,4885,31029,Left Defensive Midfield,Aerial Lost,,0,33.1,8.0
d6b195a9-8a49-4e8f-bf59-e2f7b82170d7,3857299,2,67,791,40538,Left Back,Tackle,Lost In Play,0,75.8,13.7
e5140a36-613f-4634-a4a8-87670d009e9c,3857299,2,69,4885,6383,Right Defensive Midfield,Tackle,Lost Out,0,26.0,2.0
efcebcba-6a20-4d0b-84dd-ee41d76b5f8f,3857299,2,70,4885,6393,Center Forward,Aerial Lost,,0,48.7,5.1
f0908ee8-1b8f-4508-9538-30fb9e17ba79,3857299,2,75,791,40542,Center Forward,Aerial Lost,,0,114.4,55.1
a6dc824a-9207-47f0-b121-c6fc72f02195,3857299,2,75,4885,23615,Left Back,Aerial Lost,,0,17.2,21.5
edfd71b7-b5b6-44b7-a14f-b6079d01306f,3857299,2,79,4885,12259,Right Back,Aerial Lost,,0,42.4,72.6
b5a92b3b-dbe3-4e6b-91af-305491332458,3857299,2,80,4885,35658,Left Wing,Aerial Lost,,0,45.2,31.3
4f75e479-2b51-4c29-9ece-03de60d7d4a2,3857299,2,80,791,29966,Center Attacking Midfield,Aerial Lost,,0,102.5,27.9
9eb033d1-757a-4dee-a8a2-ce4d8d7d5796,3857299,2,81,4885,17033,Right Wing,Tackle,Success In Play,1,30.4,73.4
18f83196-3c96-4b82-99b7-945e8ae0eb58,3857299,2,82,4885,30519,Left Center Back,Aerial Lost,,0,111.1,46.6
60ea7279-5b91-4ef8-abff-146a4cd74180,3857299,2,84,791,41711,Right Wing,Aerial Lost,,0,58.2,67.1
06951627-d954-4b57-a7d8-c53018c430ac,3857299,2,85,4885,12259,Right Wing Back,Aerial Lost,,0,8.1,46.9
bb7de728-a381-495c-a42b-687176ab1f72,3857299,2,90,4885,6393,Center Forward,Aerial Lost,,0,34.8,35.9
7ebf6e30-7b81-496d-b996-1404cea1ffb0,3857299,2,90,4885,12325,Left Wing Back,Aerial Lost,,0,7.1,30.8
e898c00b-e703-4fc0-8b65-38727f80a486,3857299,2,91,4885,12325,Left Wing Back,Tackle,Lost In Play,0,80.7,2.6
9de0ad14-e84e-4077-90eb-478ebb4abd4f,3857299,2,93,4885,12259,Right Wing Back,Tackle,Lost In Play,0,10.7,50.4
e798d88d-2e14-4bbb-87b9-8d881f005006,3857299,2,94,791,40542,Center Forward,Aerial Lost,,0,105.3,40.6
bc598a65-3da6-4abe-90e9-ade6f286753e,3857299,2,95,791,40538,Left Back,Aerial Lost,,0,113.5,34.0
a24a923d-68fc-4f77-862d-a5ee65e7429c,3857299,2,95,4885,12325,Left Wing Back,Aerial Lost,,0,7.7,26.1
46c89ab2-37c3-452e-b866-9460a15799ec,3857299,2,98,4885,12259,Right Wing Back,Aerial Lost,,0,23.5,57.8
4fe9ae63-a6b3-48b4-9bd1-fdfe26017042,3857299,2,98,791,29966,Center Attacking Midfield,Aerial Lost,,0,109.8,34.8
0230c855-8399-4dc8-aeff-606a63b99338,3857299,2,98,791,3083,Left Wing,Aerial Lost,,0,111.9,43.8
558ba8e2-fe44-4408-bac3-7b55da7e0428,3857299,2,99,791,40542,Center Forward,Aerial Lost,,0,115.7,48.5
6d4cd95a-5405-49a1-b275-a37f4dbd2a38,3857299,2,100,791,23763,Left Defensive Midfield,Aerial Lost,,0,52.2,11.9
b17ff2f9-b0cc-4962-8856-e5be10d2e5be,3857299,2,100,4885,28616,Left Attacking Midfield,Aerial Lost,,0,70.3,50.2
29124027-c4f0-440d-add0-5e6a13d29f6b,3857299,2,100,791,29966,Center Attacking Midfield,Aerial Lost,,0,68.9,20.3
67e6d26c-00bd-4c6d-a63a-d5f1b71abae6,3857293,1,0,4885,6383,Right Defensive Midfield,Tackle,Success In Play,1,51.5,65.9
ba82532a-b1eb-4394-85eb-14ce7dcc602d,3857293,1,0,4885,3450,Left Wing,Aerial Lost,,0,81.2,18.5
475cb1a1-d0af-41bb-a2db-529e4a6aa1ff,3857293,1,1,4885,3347,Center Attacking Midfield,Tackle,Won,1,43.6,1.3
b03e20b1-3ed0-4609-82fd-23382d111e51,3857293,1,1,783,5246,Right Center Forward,Aerial Lost,,0,99.2,71.5
4471709b-a890-42d9-9715-30443605b31b,3857293,1,3,4885,6393,Right Wing,Tackle,Lost In Play,0,82.3,77.9
5ee0c74a-ebfc-4c0c-96ab-6b388374e017,3857293,1,3,4885,17033,Center Forward,Tackle,Success In Play,1,98.0,77.6
c9233677-567a-48d3-9443-41f0b1021ca2,3857293,1,3,783,5260,Left Defensive Midfield,Tackle,Lost In Play,0,28.9,18.0
f2a6b136-3f55-4862-9d6c-f03fd59609e0,3857293,1,3,783,5258,Left Midfield,Tackle,Success In Play,1,32.3,26.6
24695dec-5053-4eae-b284-311fc934035c,3857293,1,5,4885,45047,Right Back,Tackle,Lost Out,0,20.9,78.5
25789fac-5018-4482-8548-534552b3f0b8,3857293,1,5,783,32478,Left Center Forward,Aerial Lost,,0,98.3,24.5
9e90047f-010d-438a-be5e-48a22111f5af,3857293,1,5,4885,17033,Center Forward,Aerial Lost,,0,39.4,59.7
dc5266d1-69ef-475f-994d-c663540f8498,3857293,1,9,4885,3450,Left Wing,Aerial Lost,,0,63.5,25.2
2ba905a4-76ae-4bfb-b186-74ea0ad8a18f,3857293,1,9,4885,3347,Center Attacking Midfield,Tackle,Lost In Play,0,61.0,59.7
6ad3cf76-47db-4eaf-a606-9ae036582101,3857293,1,10,783,7104,Left Back,Tackle,Success In Play,1,56.8,15.1
e3401b42-88c4-4456-b6b1-6948647b834e,3857293,1,11,4885,17033,Center Forward,Aerial Lost,,0,87.1,9.4
69c8a289-23e5-4a41-ae17-8270d5dfb95e,3857293,1,11,4885,6393,Right Wing,Tackle,Success In Play,1,80.5,40.2
7d5e1f86-0d16-440f-bad6-dfa2bf7ce97b,3857293,1,12,4885,3709,Right Center Back,Aerial Lost,,0,47.1,51.5
d54ac9dd-4a48-49a5-8aea-0eb51c3e696f,3857293,1,12,4885,45047,Right Back,Tackle,Success In Play,1,16.8,44.3
4827ee8b-25ce-4e27-b79e-f18950e010f9,3857293,1,13,783,5260,Left Defensive Midfield,Tackle,Success In Play,1,51.0,14.8
3ae87c31-e019-42eb-8e78-62332acb0404,3857293,1,20,783,5258,Left Midfield,Tackle,Success In Play,1,3.1,14.6
adf9bd4b-2c03-44f0-a3e1-b636e6460c04,3857293,1,21,4885,3347,Center Attacking Midfield,Tackle,Won,1,32.9,77.6
e2739dfe-9713-4c37-b629-a5cff85d941b,3857293,1,22,4885,31029,Left Defensive Midfield,Aerial Lost,,0,58.1,28.1
0c105634-a394-4072-a299-04c742077863,3857293,1,22,4885,6383,Right Defensive Midfield,Tackle,Success In Play,1,51.1,37.1
bf5f5f31-7c50-45db-8502-4177b4a3a3ad,3857293,1,25,783,36288,Right Midfield,Tackle,Success In Play,1,57.3,63.9
ef46ae5d-0551-49d6-9f39-283eff132344,3857293,1,27,783,6773,Right Defensive Midfield,Tackle,Success Out,1,68.8,79.6
4f7f629f-8341-4cfa-81a6-1f214b1e0bf1,3857293,1,27,783,32478,Left Center Forward,Tackle,Success In Play,1,33.0,20.5
d75b326b-24a2-4ce3-8203-e262753c7f9d,3857293,1,28,4885,3347,Center Attacking Midfield,Aerial Lost,,0,110.0,48.3
ac1746e9-8766-45a2-bf99-a5e4e8a2514d,3857293,1,29,783,5260,Left Defensive Midfield,Tackle,Won,1,52.0,16.5
c5f871ba-e134-40e2-96e8-5e1448b73d57,3857293,1,35,783,32478,Left Center Forward,Tackle,Lost Out,0,50.1,73.7
03c34c0d-f405-476d-9d5b-7310ca777bee,3857293,1,35,783,36288,Right Midfield,Tackle,Lost In Play,0,35.4,77.9
82d380d6-5bc0-4442-aa94-e36dfab85132,3857293,1,37,4885,12325,Left Back,Tackle,Lost Out,0,64.7,2.5
e2d892c9-9d2e-42fc-b55d-1c53a2b51bbe,3857293,1,37,783,5258,Left Midfield,Aerial Lost,,0,74.0,43.5
f7d1a080-52fa-4ee5-ada7-b41fd4ad2f2e,3857293,1,38,783,36288,Right Midfield,Aerial Lost,,0,55.8,78.5
405d0de1-ae3b-44ae-abcd-0c8974cb2f68,3857293,1,38,783,5246,Right Center Forward,Tackle,Lost In Play,0,103.1,60.9
2563d24e-d649-4417-b834-ec08e1f4c935,3857293,1,41,783,7104,Left Back,Tackle,Lost In Play,0,13.3,5.7
fc7c0513-9ed7-4d8e-8501-9e3efeba48d2,3857293,1,44,783,6300,Left Center Back,Aerial Lost,,0,111.5,43.1
023bd4c3-863e-4dbc-8935-39c0ea460f67,3857293,1,45,783,5258,Left Midfield,Tackle,Success In Play,1,37.5,4.6
953ed37d-b30a-4550-997b-b468535eae4e,3857293,1,45,4885,6383,Right Defensive Midfield,Tackle,Lost In Play,0,39.0,33.2
6a43175c-311a-45ff-abcf-b85d38cb2cd7,3857293,1,47,4885,3450,Left Wing,Aerial Lost,,0,63.1,33.6
64ed82c2-ef0b-4100-8bae-2e03b587e3ee,3857293,1,49,4885,12325,Left Back,Aerial Lost,,0,13.6,37.6
fa648a3d-8782-42fe-b226-dca8cdb996b2,3857293,1,50,783,32478,Left Center Forward,Aerial Lost,,0,82.9,50.1
8967dfa5-de78-4fc3-b940-75224552b100,3857293,1,50,4885,30519,Left Center Back,Tackle,Success In Play,1,25.7,24.4
3cf2512e-ac2a-44d3-b659-a0e62e6d348b,3857293,1,51,783,32478,Left Center Forward,Aerial Lost,,0,92.6,11.6
544da6e7-99da-470f-9ae1-9fe2e4751af2,3857293,1,51,4885,45047,Right Back,Tackle,Lost In Play,0,32.6,70.5
aef9ad99-fca8-4ce6-bbff-f47950175f5a,3857293,1,51,4885,45047,Right Back,Tackle,Success In Play,1,24.8,70.3
2f48f131-a5d4-4d27-8df9-69e48ba097f6,3857293,1,51,783,7104,Left Back,Tackle,Success In Play,1,25.3,4.0
ad317ffd-d2bf-49ee-bed0-1189b45abedf,3857293,1,53,4885,31029,Left Defensive Midfield,Aerial Lost,,0,63.6,62.5
fcf43a66-6f03-439b-9bb1-877ba61080e5,3857293,2,45,783,5255,Left Defensive Midfield,Tackle,Lost Out,0,55.3,5.0
9033919e-2b1b-42cd-bb08-018b402a0d0a,3857293,2,46,4885,45047,Right Back,Tackle,Success In Play,1,74.4,59.9
7456741a-47f5-4fba-a455-ff517e65dc5c,3857293,2,49,4885,17033,Center Attacking Midfield,Tackle,Success In Play,1,80.5,27.6
3574c3a2-5655-4983-ac32-d36ee756fda9,3857293,2,49,783,5258,Left Midfield,Tackle,Success In Play,1,14.9,7.7
86488b0b-f209-4c3d-bc43-5698ae3cd029,3857293,2,51,783,6773,Right Defensive Midfield,Tackle,Success In Play,1,33.1,15.3
2d4a9939-e65c-4b56-a8da-89f771f6fa12,3857293,2,52,4885,6393,Center Forward,Aerial Lost,,0,109.3,47.3
19ddfc52-8c7c-4a21-9dcb-74830839430b,3857293,2,56,4885,3709,Right Center Back,Tackle,Success In Play,1,12.1,50.6
a41c7bed-d76c-4723-8948-b493cead75b9,3857293,2,59,4885,31029,Left Defensive Midfield,Tackle,Success In Play,1,58.4,24.6
fa9b89f7-864e-4a9d-9b8e-dec788c09b3a,3857293,2,63,4885,3709,Right Center Back,Tackle,Lost Out,0,11.2,78.2
d212aa31-86ff-4039-b83b-d7baaafe61e4,3857293,2,64,783,32478,Left Center Forward,Tackle,Won,1,110.7,11.6
95adc2ca-8958-4193-993d-da986997a1f4,3857293,2,67,783,5264,Right Back,Tackle,Lost Out,0,12.1,68.3
0a43ba77-b4f3-4fe2-9230-6c9214381937,3857293,2,68,4885,3709,Right Center Back,Aerial Lost,,0,114.4,44.9
abc99c18-24f4-4375-95f9-500cd8d4807c,3857293,2,68,783,28729,Right Midfield,Aerial Lost,,0,75.8,58.1
da84824c-4ff2-4a40-bec6-ffab9950dc94,3857293,2,69,4885,45047,Right Back,Tackle,Lost In Play,0,12.3,69.6
0a244bdf-552e-486f-89d5-01752f4c26dd,3857293,2,70,4885,44225,Right Wing,Aerial Lost,,0,90.7,49.9
4d72ed60-3993-483a-b0f9-e4e8f0947711,3857293,2,72,4885,9286,Center Forward,Aerial Lost,,0,88.9,64.5
43960d94-4bf1-4497-afe1-b218df0b1741,3857293,2,72,783,5255,Left Defensive Midfield,Tackle,Lost In Play,0,49.8,55.4
b799e156-29c3-4245-b296-9f05dd693f2d,3857293,2,73,783,5258,Left Midfield,Aerial Lost,,0,65.1,21.6
a903c12c-ae5e-41cf-a6f9-b9917217098e,3857293,2,75,783,5258,Left Midfield,Tackle,Success In Play,1,18.7,26.0
c9b17aae-1e64-4781-a9b5-d29875fd09c7,3857293,2,76,4885,45047,Right Back,Tackle,Success Out,1,16.3,77.4
7ae8bf5e-d37f-408d-9eda-16e7b43530c4,3857293,2,78,4885,44225,Right Wing,Aerial Lost,,0,114.3,49.4
611fbcd9-dc74-42f8-abbc-34565a03920a,3857293,2,80,4885,12325,Left Back,Tackle,Won,1,91.6,46.8
e3645ca0-e3d1-4f15-bf39-ff3a16c26b4e,3857293,2,81,4885,9286,Center Forward,Aerial Lost,,0,117.0,39.1
4e59c752-4c68-4a5c-b41c-37d3f22ac06e,3857293,2,81,783,5255,Left Defensive Midfield,Aerial Lost,,0,6.9,27.1
7bb3018f-63df-4878-8e5c-202fe100c392,3857293,2,81,4885,12325,Left Back,Aerial Lost,,0,114.0,44.2
3e3c3ba3-1741-4543-9511-5ba547f26ecb,3857293,2,82,783,36666,Right Midfield,Tackle,Lost Out,0,16.3,74.8
4ff58fb5-08e0-4de0-8eb2-1852796e69a0,3857293,2,83,4885,6383,Right Defensive Midfield,Tackle,Lost In Play,0,31.9,18.3
1a4b8162-30ac-452c-8b30-dbaece460180,3857293,2,84,783,5255,Left Defensive Midfield,Tackle,Won,1,47.3,23.9
8a94fe24-e6ba-4097-b4cd-9de10990083b,3857293,2,84,4885,28616,Left Defensive Midfield,Tackle,Success In Play,1,55.4,30.1
3b0d16b8-0645-46cb-bda7-cc4201991568,3857293,2,85,783,36666,Right Midfield,Tackle,Success In Play,1,26.8,57.9
2fe01319-4923-4d89-a945-f241654c0dd9,3857293,2,87,783,36666,Right Midfield,Aerial Lost,,0,74.0,15.3
82a1aa43-a3c7-4c28-9e9d-219c3041da4b,3857293,2,90,4885,28616,Left Defensive Midfield,Aerial Lost,,0,75.8,8.1
3d1a5fd4-b24d-4d40-9b6a-ed13c9985251,3857293,2,90,4885,12325,Left Back,Aerial Lost,,0,16.3,22.4
c2e0df52-4758-4431-83fb-e90412d681ac,3857293,2,90,4885,30519,Left Center Back,Aerial Lost,,0,14.4,32.3
48757e3a-5a73-4195-ae4d-4fca0e19020e,3857293,2,90,783,6297,Left Center Forward,Aerial Lost,,0,107.0,44.0
d2acd1f5-b85c-49b5-935c-f1598806d945,3857293,2,91,783,7104,Left Back,Aerial Lost,,0,67.9,35.7
fc25796e-52d0-4de3-9a26-b7d193b3ce8a,3857293,2,93,4885,3709,Right Center Back,Aerial Lost,,0,20.8,48.5
d5cd40a6-6063-47b7-a240-f450c834fd2f,3857293,2,93,783,5259,Right Center Back,Aerial Lost,,0,107.2,45.5
d040b5ba-d46c-473b-8a33-71f8aea7a759,3857293,2,93,4885,9286,Center Forward,Aerial Lost,,0,24.0,39.1
8abbc543-b95d-4f4d-8330-055b7286eabc,3857293,2,93,4885,9286,Center Forward,Aerial Lost,,0,74.5,34.6
04abe288-0eee-4f0d-b229-4f64414062b7,3857293,2,93,783,5264,Right Back,Tackle,Won,1,6.5,67.1
b3a991b8-85e9-4e42-ab16-0f3c5ce4edeb,3857293,2,93,4885,12325,Left Back,Tackle,Won,1,116.6,4.2
5e836626-94cc-41f6-b073-1aa20dfca0bd,3857293,2,94,783,5264,Right Back,Tackle,Success In Play,1,15.0,43.1
85d0f419-78c3-4a9c-88ef-3ae769057553,3857293,2,94,4885,45047,Right Back,Tackle,Lost In Play,0,3.3,66.7
affe9a09-27f0-4d21-afb1-98726ec0156b,3857293,2,97,783,36666,Right Midfield,Aerial Lost,,0,80.7,75.2
67da3155-d7f3-44ed-998c-7483411b0a58,3857293,2,98,783,6773,Left Midfield,Tackle,Lost Out,0,53.3,5.1
b9a3c137-11f7-404f-8ce6-24a7af0387c4,3857293,2,98,783,7104,Left Back,Tackle,Success Out,1,3.5,15.1
eeb0e7ef-fdc5-461b-b7f4-568f7232a4ac,3857293,2,98,4885,30519,Left Center Back,Aerial Lost,,0,46.0,44.2
2c0b3f2b-4bbc-4fb3-8196-672bc3aa7991,3857291,1,0,772,6748,Right Wing,Aerial Lost,,0,99.3,69.5
66e9079e-0b49-492f-8eda-d97e9dc81b91,3857291,1,1,772,5719,Center Forward,Tackle,Success In Play,1,83.1,64.6
b261c7d9-f311-4d20-85ad-8fd7cf2588b9,3857291,1,1,795,5836,Left Back,Tackle,Lost Out,0,9.4,19.2
a62c096a-05ab-49a0-9a74-dacfdf2d5e8c,3857291,1,2,795,132296,Left Center Forward,Aerial Lost,,0,48.1,11.2
ea778fec-d6e3-46e2-936d-4d60db290bf9,3857291,1,2,795,132296,Left Center Forward,Aerial Lost,,0,47.4,14.7
c7a0172c-6302-4ebd-a57a-a4ba0bb49ec3,3857291,1,4,795,5581,Right Center Forward,Aerial Lost,,0,69.1,47.4
140e2a31-ab56-4744-8327-12dc43133a82,3857291,1,5,795,5581,Right Center Forward,Aerial Lost,,0,32.9,75.6
a4d189b8-0239-4914-bcb8-9b2c14b003bb,3857291,1,5,772,5211,Left Back,Tackle,Success In Play,1,75.3,14.3
63900489-b972-4a8d-952b-2e7c0702d155,3857291,1,6,772,5203,Center Defensive Midfield,Tackle,Won,1,79.6,75.8
b03a54a7-f87c-4d95-ab9d-b3eb229adcf3,3857291,1,7,772,16532,Left Wing,Aerial Lost,,0,92.9,8.6
ae0403d7-7c18-4cd8-b01a-249f90d2b8cd,3857291,1,8,772,133353,Right Center Midfield,Aerial Lost,,0,48.7,56.6
deb6654b-71de-4a5a-99f9-97cd7e939dbc,3857291,1,8,795,5582,Right Defensive Midfield,Aerial Lost,,0,67.1,38.4
5585b35a-4131-4e8a-8609-4de321230262,3857291,1,8,795,132271,Right Back,Aerial Lost,,0,65.8,44.0
a8415f6d-c3b4-4792-88df-109fe89e28ea,3857291,1,10,795,5600,Left Center Back,Tackle,Won,1,14.9,17.0
6d8c316c-3933-4723-a1d8-ab2ccffd36f7,3857291,1,12,795,5836,Left Back,Tackle,Success In Play,1,54.3,1.6
b50c560f-99d0-4f0c-b91c-0a8a115c1977,3857291,1,19,795,132728,Left Midfield,Aerial Lost,,0,104.2,24.9
bbb1dbe0-b6cf-4312-9dd6-899aa0e7df1d,3857291,1,19,795,5836,Left Back,Tackle,Success In Play,1,85.9,9.6
d1547fab-1ac7-4014-bdc1-d71c3f25514c,3857291,1,23,795,132296,Left Center Forward,Tackle,Won,1,26.8,69.9
e1c590aa-585c-456d-ab3a-837c1f356557,3857291,1,23,772,5203,Center Defensive Midfield,Tackle,Success In Play,1,94.0,9.6
53a2afa1-69f4-43eb-9156-621416f19bbe,3857291,1,26,795,132271,Right Back,Tackle,Lost Out,0,44.8,76.2
08f5c8e4-efd3-4395-9c97-233f01be8922,3857291,1,31,772,16532,Left Wing,Tackle,Lost Out,0,35.4,3.2
624ed24e-0168-48aa-9659-63c3c1b9d2ef,3857291,1,36,772,4353,Left Center Back,Aerial Lost,,0,77.3,7.3
6c656fb6-8526-4d7d-ab9c-0b1404e9c486,3857291,1,36,772,5211,Left Back,Aerial Lost,,0,76.6,5.5
524baddf-d51e-4b63-99d4-d75e7ac8e820,3857291,1,36,772,133353,Right Center Midfield,Aerial Lost,,0,79.2,27.0
94cb24a7-1957-4d86-8a2b-a10ac9d28d86,3857291,1,36,772,6748,Right Wing,Tackle,Success In Play,1,27.9,66.4
298342b7-50ad-4724-bf25-118691065d9a,3857291,1,36,795,5600,Left Center Back,Tackle,Won,1,68.0,3.7
eb06b26a-4e89-44f2-b976-28954f276106,3857291,1,37,795,132271,Right Center Back,Tackle,Lost In Play,0,87.5,39.2
cec99195-f8c3-4dd7-ac07-0a05a3cbf1c1,3857291,1,40,772,30486,Left Center Midfield,Tackle,Lost In Play,0,31.4,24.3
419257b3-a5dd-4cfe-9abb-e7a37347d310,3857291,1,43,795,5839,Left Center Midfield,Aerial Lost,,0,67.8,18.0
b1cecaab-d8ba-4147-a0da-eb8a14e165b5,3857291,2,45,772,6765,Right Center Back,Aerial Lost,,0,51.3,37.9
03fd4d02-7f82-4b38-b17d-59430b06f1e9,3857291,2,45,795,132728,Left Wing,Aerial Lost,,0,84.9,34.1
376c4f51-1486-4a55-861f-6f0dd23a7a53,3857291,2,45,772,133353,Right Center Midfield,Tackle,Success In Play,1,39.0,38.6
a247b15b-c8e2-4611-84d7-e96a293341f0,3857291,2,45,795,130185,Right Wing Back,Tackle,Lost Out,0,78.8,77.2
e8978d27-a7cf-4755-9ce0-c09eccec1076,3857291,2,46,795,5600,Left Center Back,Tackle,Won,1,79.9,19.6
2a5cc227-7ea3-41f9-8588-d60591ad3cb6,3857291,2,48,772,133353,Right Center Midfield,Aerial Lost,,0,51.5,51.9
0ec6db2f-ce5b-4239-a0cd-62adb57bded8,3857291,2,48,772,5203,Center Defensive Midfield,Tackle,Success In Play,1,37.9,48.3
1926be2e-15d1-4ea6-af07-5b2f3a908446,3857291,2,48,772,30486,Left Center Midfield,Tackle,Won,1,15.5,53.1
ff8bb9b7-1894-4618-9ccf-fbe1a6cf4a69,3857291,2,48,795,130185,Right Wing Back,Tackle,Success In Play,1,9.0,55.5
1cf5d98c-9a51-4920-b215-38de7e74fb87,3857291,2,52,795,5600,Left Center Back,Tackle,Lost In Play,0,27.3,32.9
1aa9c0e9-faa3-4d89-b6a0-d5670a026462,3857291,2,53,795,5600,Left Center Back,Tackle,Lost In Play,0,12.6,31.4
8562ed1e-ba5e-4c96-888b-273f98424b01,3857291,2,55,795,5582,Right Center Midfield,Tackle,Success In Play,1,13.9,55.7
cbfb2cff-043e-41ea-bba5-9ff54c890f3c,3857291,2,56,772,16532,Left Wing,Aerial Lost,,0,115.6,46.7
60b217dd-50a6-44b6-be4a-63cd92c95d93,3857291,2,59,772,5203,Center Defensive Midfield,Aerial Lost,,0,81.7,30.7
f2370155-fa86-4fd9-9720-25447e74e5a9,3857291,2,61,795,5592,Left Wing,Aerial Lost,,0,48.1,7.4
acb946f2-5899-4ead-93d7-2f378b3c9206,3857291,2,61,795,5839,Left Center Midfield,Tackle,Success In Play,1,39.2,18.9
ca728ec2-f7f4-48f6-8639-a1cb529627cf,3857291,2,64,795,5592,Left Wing,Aerial Lost,,0,86.5,18.9
02ed274b-5fb6-4450-bcb8-ba5d88986436,3857291,2,64,772,6583,Left Center Midfield,Aerial Lost,,0,41.1,52.6
097b7fce-7ed4-4fac-99be-bab4a940bb04,3857291,2,67,795,5600,Left Center Back,Tackle,Success In Play,1,21.9,30.4
3152a835-31d4-4eed-b0c3-687614252093,3857291,2,69,772,39161,Left Back,Tackle,Success In Play,1,56.0,11.5
630e9e3f-4fb4-4b3e-91e1-be80c83ee9ef,3857291,2,69,795,184468,Right Wing,Tackle,Lost In Play,0,63.4,68.0
fb971634-c54b-4aed-adbd-199a85a814d3,3857291,2,72,772,4353,Left Center Back,Tackle,Success In Play,1,35.6,7.0
33789cb7-d583-48cb-ab23-d82564e7568a,3857291,2,77,795,6328,Right Center Back,Tackle,Won,1,63.7,50.3
44782b72-746f-43c9-9665-39e6a353666b,3857291,2,79,795,184468,Right Wing,Tackle,Lost In Play,0,88.7,76.1
c67be25d-d9a2-4533-8516-88a6eb67667f,3857291,2,79,772,4353,Left Center Back,Aerial Lost,,0,62.3,16.0
b547fa8d-0832-45bf-8afd-ed877f7a2abf,3857291,2,79,772,133353,Right Center Midfield,Tackle,Lost In Play,0,77.4,36.8
5fc3f91a-8973-4fed-979f-9782a05c577e,3857291,2,82,795,5581,Center Forward,Aerial Lost,,0,69.5,33.2
080a6441-d327-4ca3-a1e2-a61a034cd751,3857291,2,82,795,5581,Center Forward,Tackle,Success In Play,1,59.4,71.6
4ecbfaa8-1c3d-474c-a2a2-a6e40311fa79,3857291,2,84,772,68574,Right Wing,Tackle,Lost In Play,0,89.2,59.8
fae203b9-76e3-4f01-9d8f-0b8414c862f3,3857291,2,84,795,5592,Left Wing,Tackle,Won,1,38.1,16.2
fcb9716f-8c2f-4c29-90c1-b441afd0575b,3857291,2,84,772,133353,Right Center Midfield,Tackle,Lost Out,0,70.4,75.0
c4d2d66f-1955-4492-823f-c66cca5575ec,3857291,2,86,772,3957,Right Back,Aerial Lost,,0,85.4,32.1
987d990b-9e09-4e74-967c-c3a8fc395305,3857291,2,88,772,3957,Right Back,Aerial Lost,,0,51.3,57.6
429cb819-83da-45b1-81eb-049276b47367,3857291,2,88,795,5581,Center Forward,Tackle,Success In Play,1,65.5,17.1
aad164e8-eaa2-40e3-85fd-ed2a3df85916,3857291,2,88,795,15477,Left Wing Back,Tackle,Success In Play,1,47.9,20.1
90933fdb-f487-43b2-8aee-d92e5a348a01,3857291,2,88,795,184468,Right Wing,Aerial Lost,,0,66.6,53.5
24cce843-9bf9-4b05-984d-1e7f71892aa7,3857291,2,94,795,5598,Center Back,Tackle,Success In Play,1,30.4,65.5
4f0c4fca-fadf-4b27-b920-8569c4c06fde,3857291,2,94,795,5592,Left Wing,Aerial Lost,,0,42.9,52.4
39583f2b-5cde-4c79-8445-9e0443dfd673,3857281,1,1,785,29163,Right Back,Aerial Lost,,0,10.6,43.5
88de37b4-3439-4b57-be93-1222e3508612,3857281,1,4,1833,31684,Right Defensive Midfield,Aerial Lost,,0,59.6,26.5
443a8442-e19f-470e-83a4-fc8c96c69313,3857281,1,5,785,5456,Left Center Midfield,Tackle,Won,1,72.5,51.7
b905e755-9d71-4110-829c-d33a32b7ed91,3857281,1,7,785,5463,Right Center Midfield,Tackle,Won,1,49.9,61.8
5feab194-eb96-4d2b-a9fc-992f389aa669,3857281,1,7,1833,11187,Left Defensive Midfield,Aerial Lost,,0,61.9,61.8
f15d920c-54ce-433e-a74a-5c65ccfd757a,3857281,1,7,785,12625,Left Back,Tackle,Lost In Play,0,21.9,4.0
251bf3a6-7099-4d4d-bc25-51d6ca16726e,3857281,1,12,785,22041,Center Forward,Aerial Lost,,0,114.0,37.2
056ec202-4548-4d31-87a1-4936348876ed,3857281,1,14,785,5456,Left Center Midfield,Tackle,Won,1,6.2,49.9
848573d2-36af-4294-8daa-5bd59b7db627,3857281,1,15,1833,23640,Left Center Forward,Tackle,Lost Out,0,66.9,5.7
b0f4397f-8f3f-406c-94b4-9b48ef04fbea,3857281,1,18,1833,12365,Left Midfield,Tackle,Won,1,61.5,3.7
37866286-55be-4820-950b-e0fcfbe79627,3857281,1,23,785,5469,Center Defensive Midfield,Tackle,Lost In Play,0,26.8,20.8
18ec4d39-37ff-4165-83bf-237521beb00f,3857281,1,23,785,5469,Center Defensive Midfield,Tackle,Lost In Play,0,29.6,40.3
877c63b3-7db7-4fe3-a834-5b649f967e2b,3857281,1,23,785,12625,Left Back,Aerial Lost,,0,21.4,5.0
a4b5a2c5-0d91-4946-8917-7c045fbb249f,3857281,1,23,785,5469,Center Defensive Midfield,Tackle,Success In Play,1,20.8,22.0
fee4b243-c311-46ec-af16-0bf99677ee62,3857281,1,23,785,22041,Center Forward,Aerial Lost,,0,33.3,13.7
3d568bb8-1357-4322-b696-da3ce59a5c24,3857281,1,24,785,29163,Right Back,Tackle,Lost Out,0,39.1,76.4
a80d8c94-6d7c-442e-bfbc-4cc85c50dfe5,3857281,1,26,785,22041,Center Forward,Aerial Lost,,0,47.0,65.4
6ec027b6-8244-44ec-8c74-d6f9e12d9a15,3857281,1,27,785,33018,Left Center Back,Tackle,Success In Play,1,11.9,7.4
fe654e2b-f41f-4de5-8daa-652c95583c97,3857281,1,27,1833,44703,Right Back,Tackle,Success In Play,1,15.1,70.1
478e1b69-86fb-4b1a-87ff-362a5ad7c226,3857281,1,28,785,29163,Right Back,Aerial Lost,,0,49.3,71.8
08fff502-fac2-4838-b637-adfba46bee53,3857281,1,28,1833,16459,Right Center Forward,Aerial Lost,,0,86.2,5.7
2f0728e4-d8d8-4ace-bc62-1f56ff83c3a1,3857281,1,29,1833,24024,Right Midfield,Tackle,Won,1,14.5,72.5
b9f29b9d-4afa-4348-a08a-8a8fb8b5d15b,3857281,1,29,1833,16459,Right Center Forward,Aerial Lost,,0,55.4,54.1
f8afc8b2-3b35-4bdc-9cbb-0bb17aa8d428,3857281,1,31,785,29163,Right Back,Aerial Lost,,0,44.9,71.8
a1b717c0-8877-47e9-9095-7e39940bac00,3857281,1,31,1833,24024,Right Midfield,Tackle,Won,1,22.5,57.8
d8c4a000-b32f-43b0-8089-7595696a6897,3857281,1,33,785,5474,Left Wing,Aerial Lost,,0,106.9,42.7
f8448c0c-a7cf-41c2-8c8b-f04063233ca6,3857281,1,34,785,3471,Right Center Back,Tackle,Won,1,92.9,65.5
ac3c4327-c2b4-41be-bd67-656e991cd6c8,3857281,1,35,785,3471,Right Center Back,Aerial Lost,,0,109.6,35.0
314a1ae3-fcab-404e-94c4-f6f854d0d047,3857281,1,37,785,5456,Left Center Midfield,Tackle,Lost Out,0,63.6,5.0
5f9e2474-63bf-46a7-890b-a67c98740707,3857281,1,38,1833,31684,Right Defensive Midfield,Aerial Lost,,0,100.1,38.5
b44fe81c-4946-4931-a064-ee12620c8e89,3857281,1,38,785,5463,Right Center Midfield,Tackle,Success In Play,1,11.5,17.1
4d29212f-4fdc-4a16-ad79-bc45bd771467,3857281,1,39,1833,16120,Left Back,Tackle,Lost Out,0,50.8,4.6
b5b89191-071f-4e4e-94b1-27953238b0f7,3857281,1,42,1833,23640,Left Center Forward,Aerial Lost,,0,65.5,42.4
bff8c213-0be4-467c-b0eb-4395dd29d7c5,3857281,1,42,785,12625,Left Back,Tackle,Won,1,19.2,3.4
11f95057-0e32-46a0-9463-2118aa5d5a86,3857281,1,43,1833,23828,Left Center Back,Tackle,Lost In Play,0,28.2,35.4
91306782-9914-412f-b83e-51543273a239,3857281,2,47,785,12625,Left Back,Tackle,Lost Out,0,84.6,4.5
b7bd9b46-232f-4057-8ea7-b18ba1f491b3,3857281,2,48,1833,12770,Right Center Midfield,Tackle,Lost In Play,0,93.9,58.2
662d8f88-7e0a-4acd-ac06-10a079ee8692,3857281,2,49,785,33018,Left Center Back,Aerial Lost,,0,56.4,10.4
35043dd6-42b3-438e-9276-c86b74f69782,3857281,2,50,785,12625,Left Back,Tackle,Success In Play,1,26.8,21.0
cafd1289-0048-4bca-888e-50cf1b91ec28,3857281,2,55,785,3471,Right Center Back,Tackle,Lost In Play,0,72.2,68.0
be06e14a-1683-4a2c-88ee-77f260b01ea8,3857281,2,58,785,5456,Left Center Midfield,Tackle,Success In Play,1,40.5,34.2
e3cfd386-7ef9-4d81-afa0-193c6d95cf6e,3857281,2,58,785,33018,Left Center Back,Tackle,Success In Play,1,19.3,16.1
5f5c8bf1-bc3d-4253-acd9-2c76674eb97f,3857281,2,60,785,5474,Left Wing,Aerial Lost,,0,99.1,5.3
914a1456-e4b9-4846-a32e-643a1389c0cb,3857281,2,60,785,7693,Center Forward,Tackle,Lost In Play,0,88.8,21.6
aa1968c6-d6c2-4ffe-acb7-bd9b297fd7eb,3857281,2,61,785,33018,Left Center Back,Tackle,Lost Out,0,46.0,6.0
e5eccee1-970f-4704-9564-e215e0ac89de,3857281,2,63,1833,11846,Center Back,Aerial Lost,,0,38.8,58.9
1fe1fbb1-fc84-448a-b508-b65962555010,3857281,2,63,1833,44703,Right Center Back,Aerial Lost,,0,30.9,63.5
44d95db6-e86d-4bcf-b6da-124572274f17,3857281,2,64,785,5474,Left Wing,Aerial Lost,,0,63.5,5.8
3da7b10a-603a-4484-aa61-7dac1ee10357,3857281,2,64,1833,11846,Center Back,Tackle,Lost Out,0,17.7,77.2
4d2d3e59-6f54-421b-9c49-a464d46dfb58,3857281,2,65,785,7693,Center Forward,Aerial Lost,,0,112.6,34.3
baa69300-4b79-404b-a8e2-cc364b538350,3857281,2,66,785,5456,Left Center Midfield,Tackle,Lost In Play,0,45.8,14.3
43d5fe43-ea7a-4529-a853-e97d1aa17c62,3857281,2,73,785,3441,Right Wing,Aerial Lost,,0,25.2,67.5
806dac9b-1e39-4eac-96b6-7ea5a37e5d8d,3857281,2,73,785,12625,Left Back,Aerial Lost,,0,12.0,31.2
edd6196a-8b24-4289-bafe-0e23ae4834cc,3857281,2,74,785,7693,Center Forward,Aerial Lost,,0,77.3,10.4
48a6dd04-a072-4232-973c-c8f4287bb73a,3857281,2,74,785,5474,Left Wing,Aerial Lost,,0,107.5,6.9
5d8602be-adcd-48be-8310-504f468a48a8,3857281,2,74,1833,23828,Left Center Back,Tackle,Lost Out,0,2.8,55.4
e3ef7885-4ddc-4115-a44a-319cecae9f49,3857281,2,76,785,5463,Right Center Midfield,Tackle,Lost In Play,0,44.9,22.1
96a3b3d3-9839-4677-944b-0f88f9d341a1,3857281,2,81,785,3441,Right Wing,Aerial Lost,,0,90.2,56.9
70aa8149-f689-483a-94be-54058fd15342,3857281,2,81,785,7693,Center Forward,Aerial Lost,,0,108.9,48.3
1bb778e2-6062-4612-a654-5edfc439d853,3857281,2,82,1833,133229,Right Defensive Midfield,Tackle,Success In Play,1,56.7,2.2
c8ed7a58-9e08-40ce-8ff8-c2dccfd84e78,3857281,2,83,1833,9922,Center Attacking Midfield,Tackle,Lost In Play,0,76.8,10.1
8b6c25d5-3523-4478-b9aa-d5d137e7ade2,3857281,2,86,1833,23828,Left Center Back,Aerial Lost,,0,99.5,17.3
4cf58228-ba05-4b0a-b2d4-e5a3c2dfce94,3857281,2,87,785,28914,Right Center Midfield,Tackle,Success In Play,1,42.5,75.5
dd2277b8-8a38-4ed6-a196-d05f3d25f99f,3857281,2,87,785,11603,Left Center Midfield,Tackle,Lost Out,0,43.9,4.5
1d2eec2a-157a-48c8-8c4b-14a28ef31758,3857281,2,88,785,11603,Left Center Midfield,Tackle,Success In Play,1,13.5,8.6
b78c64d6-f9f3-4e02-bb24-ce988b4ce347,3857281,2,88,1833,133229,Right Defensive Midfield,Aerial Lost,,0,77.0,76.8
af777062-8d6a-4b98-804c-94b453b6cc04,3857281,2,88,785,11603,Left Center Midfield,Tackle,Won,1,39.6,19.4
f618082b-922c-4c3a-8e29-1ac330ab43af,3857280,1,3,781,25363,Right Wing,Aerial Lost,,0,46.0,77.5
9ccb5c1e-0feb-4a8f-886a-e1a331c58c48,3857280,1,8,781,13620,Right Center Back,Tackle,Won,1,6.2,71.1
5f33cf44-81c2-44aa-8672-3f6d95310310,3857280,1,8,2722,74588,Right Center Back,Tackle,Lost In Play,0,61.9,44.8
07385add-e760-4626-be90-8dd1da24e270,3857280,1,9,2722,16015,Left Midfield,Aerial Lost,,0,82.7,22.5
a6a6b355-ebe4-4cd1-b497-0337fc5cb0ea,3857280,1,10,2722,13454,Left Back,Aerial Lost,,0,52.9,5.0
f7cf354e-ddab-4365-9828-50f100cab2e3,3857280,1,12,781,3247,Left Defensive Midfield,Aerial Lost,,0,50.5,61.8
67e6d152-ce7d-4cfb-8924-8bed636433ac,3857280,1,12,2722,16015,Left Midfield,Aerial Lost,,0,83.0,17.1
cfd0f36a-f7dd-433f-94ac-e4b06fb982c2,3857280,1,12,2722,13454,Left Back,Tackle,Won,1,15.6,4.7
efc8bf1d-d014-4dd1-822b-531c0852db25,3857280,1,13,781,4324,Right Back,Tackle,Success In Play,1,75.6,64.7
29b4860c-3420-4793-b89b-a3dff764de07,3857280,1,14,781,3247,Left Defensive Midfield,Tackle,Won,1,39.5,55.2
3a9bd469-1581-4af4-be47-3f60be0c6ad0,3857280,1,16,781,3202,Center Forward,Aerial Lost,,0,111.3,40.3
2b298807-9e9c-431b-98fb-12726a721d50,3857280,1,17,781,11183,Left Back,Aerial Lost,,0,31.8,17.6
8073e8eb-33b6-403e-ad15-72327d7bff1b,3857280,1,19,2722,7551,Left Center Back,Tackle,Lost In Play,0,66.8,31.8
475261d6-6684-4a3e-82da-5151caa01e57,3857280,1,19,781,3247,Left Defensive Midfield,Tackle,Won,1,9.1,49.4
eb1a3301-4629-42b5-bf37-823b2bce88e7,3857280,1,22,781,3247,Left Defensive Midfield,Aerial Lost,,0,117.5,36.3
b60de124-9afe-4ffb-9715-09b257bf1ed2,3857280,1,22,2722,4935,Right Midfield,Aerial Lost,,0,14.7,55.2
5437e622-63ec-4067-836b-c40ff26d311c,3857280,1,22,781,25104,Center Attacking Midfield,Tackle,Lost Out,0,114.8,16.0
83e963eb-9b1e-4cf4-8b14-7eb8fe992f2e,3857280,1,27,2722,16346,Right Back,Tackle,Won,1,106.8,68.1
558e673b-412e-4f84-ae5b-42eaf6453c87,3857280,1,30,781,4324,Right Back,Tackle,Lost Out,0,33.5,78.1
d93fadbb-1950-4410-8016-f8e3e145d9a0,3857280,1,31,781,9904,Right Defensive Midfield,Aerial Lost,,0,29.5,24.9
5c8fece5-2ea9-4468-9b46-28239a782328,3857280,1,31,781,13620,Right Center Back,Aerial Lost,,0,21.1,29.8
3727a1ee-fa0d-41d6-b067-09b8b7a1be27,3857280,1,34,781,9904,Right Defensive Midfield,Aerial Lost,,0,47.1,44.6
4912067b-08f2-4498-bc7e-216cf5e45f71,3857280,1,34,2722,13454,Left Back,Tackle,Lost Out,0,14.3,3.1
065fd861-9bc8-485f-b5cc-30ebbfad830c,3857280,1,35,2722,3141,Left Defensive Midfield,Tackle,Success In Play,1,56.4,38.3
3744dba9-5715-448b-9e35-defdf9c0b31e,3857280,1,35,781,3247,Left Defensive Midfield,Tackle,Success In Play,1,52.2,39.6
69a3ae1e-1cea-4efa-b490-ae045d856e15,3857280,1,35,781,11183,Left Back,Tackle,Success In Play,1,64.0,36.7
f947c2ef-75b4-474c-a527-9e47e5dc5c77,3857280,1,36,781,25363,Right Wing,Aerial Lost,,0,48.8,76.1
26a89733-ac33-430b-8dde-514ca00f1d47,3857280,1,36,781,3202,Center Forward,Tackle,Success In Play,1,58.3,45.9
70b81ca1-410a-47af-9208-219efa13127f,3857280,1,47,2722,3499,Left Center Forward,Aerial Lost,,0,71.9,17.1
c2bbba82-4b24-4f99-bb27-b70dc077fd6e,3857280,1,47,2722,13454,Left Back,Tackle,Won,1,98.3,17.4
2f9ffdec-7d93-44fb-9e5f-48e731d4be5d,3857280,2,46,781,25104,Center Attacking Midfield,Aerial Lost,,0,66.1,71.1
388fd81f-8808-4ddf-8a9c-dd030253410f,3857280,2,47,2722,3141,Left Defensive Midfield,Aerial Lost,,0,111.2,47.1
50d8842a-4053-41f3-8fc1-953978ce68af,3857280,2,49,2722,11174,Right Center Forward,Aerial Lost,,0,102.3,70.6
ba0b5249-d5c1-4130-8ec1-8647f741b016,3857280,2,50,2722,3499,Left Center Forward,Aerial Lost,,0,111.5,45.7
b31532f7-8a8b-40f0-931e-38d935a8a71c,3857280,2,52,2722,12623,Right Defensive Midfield,Tackle,Lost In Play,0,16.1,44.5
e13a62ba-9277-4e08-aeb8-07808a1a6a87,3857280,2,53,781,25363,Right Wing,Tackle,Lost In Play,0,29.7,57.4
be977ff6-6f39-42e0-8830-1a6d526fab42,3857280,2,55,781,3247,Left Defensive Midfield,Tackle,Won,1,31.1,28.0
40653a6f-53ed-419b-b9e1-508cb453974a,3857280,2,59,781,13620,Right Center Back,Aerial Lost,,0,18.9,28.6
a9fd6b8b-3811-4eba-82a0-3662a0091964,3857280,2,60,2722,7551,Left Center Back,Tackle,Success In Play,1,28.3,9.1
7fb041ac-8801-4456-862d-d061185d168a,3857280,2,60,781,4324,Right Back,Tackle,Success In Play,1,94.2,75.0
c23a8b02-05b6-46d7-abaf-a05c2750e44c,3857280,2,61,2722,12623,Right Defensive Midfield,Tackle,Success In Play,1,24.4,43.1
463e698e-cce8-4790-ae89-f63842451a7f,3857280,2,64,781,3247,Left Defensive Midfield,Aerial Lost,,0,54.5,46.9
73a94fbc-eefc-49c3-9299-73a14ede2a75,3857280,2,65,781,4324,Right Back,Tackle,Success In Play,1,54.8,74.2
416fe981-2b71-414f-b18f-1a71d35ce2ce,3857280,2,65,2722,12623,Right Defensive Midfield,Tackle,Lost Out,0,41.7,8.7
156f57d1-0d53-41c7-af31-6a422cf0b3d5,3857280,2,66,2722,7551,Left Center Back,Tackle,Success In Play,1,15.3,29.3
8b9912ba-9f6f-4dbc-a0ac-0b6f1edcd6aa,3857280,2,68,2722,3551,Left Midfield,Tackle,Success In Play,1,47.0,24.1
7daa1ece-6049-4381-9662-2a376b658735,3857280,2,70,2722,13454,Left Back,Tackle,Won,1,5.6,14.1
ac9ec134-6290-4d18-884d-842314740e1c,3857280,2,70,781,4324,Right Back,Tackle,Success In Play,1,37.9,69.5
5fd20fae-62c8-4b86-98e3-d77a0730e068,3857280,2,70,2722,16346,Right Back,Tackle,Won,1,17.9,49.6
5ea54b2a-d4dc-4933-97f1-202f6c5e24e8,3857280,2,71,2722,16015,Right Midfield,Tackle,Lost In Play,0,25.4,61.5
69e5062e-c99d-4cee-8637-8872430e66ef,3857280,2,72,781,4324,Right Back,Aerial Lost,,0,42.6,72.8
2837d700-6bbe-4c54-bf9e-c89163377874,3857280,2,77,2722,16015,Right Midfield,Tackle,Success In Play,1,21.2,41.6
5051ce8c-34f1-49d8-affa-f78feb0ba47c,3857280,2,80,2722,13454,Left Back,Aerial Lost,,0,110.6,44.3
8a4fe0f4-1d6b-4023-af05-d0da91cacbf6,3857280,2,82,781,25305,Center Forward,Tackle,Success In Play,1,35.6,62.0
491574f3-ff37-4cfc-ae42-5a4b6e5a316d,3857280,2,83,2722,3499,Left Center Forward,Tackle,Success In Play,1,31.5,69.8
98bcc8b5-907b-4543-9992-f026843cb170,3857280,2,85,2722,11174,Right Center Forward,Aerial Lost,,0,87.5,27.0
78c2ee21-dc45-45a7-a369-b235efb9bf71,3857280,2,87,781,3247,Left Defensive Midfield,Aerial Lost,,0,43.1,16.7
96319610-b7b2-443a-9bfb-f07002971969,3857280,2,87,2722,13454,Left Back,Tackle,Lost Out,0,8.7,22.7
df6a235c-7448-4ee3-85bf-b1582b17a63e,3857280,2,88,781,3247,Left Defensive Midfield,Aerial Lost,,0,48.2,35.2
c11c099a-944d-4cc7-a17f-65ab8e0e06ca,3857280,2,89,781,11493,Left Center Back,Tackle,Success In Play,1,21.5,2.5
574592ef-25e3-41c0-aa89-3fac7c5efdb3,3857280,2,94,781,10595,Right Wing,Aerial Lost,,0,55.7,63.8
297ba2a0-fdbe-41d9-bad5-adaba93c1408,3857280,2,95,781,3247,Left Defensive Midfield,Aerial Lost,,0,57.0,73.5
05f69826-11e3-4081-999e-f093ac838e7e,3857280,2,98,781,29976,Left Wing,Aerial Lost,,0,109.2,26.7
ea33881c-2b86-4e38-b132-5bbdc057d61c,3857279,1,1,792,33477,Left Center Midfield,Aerial Lost,,0,4.8,49.2
caa4f628-c8e8-4565-a502-131465d29a05,3857279,1,1,771,3026,Left Defensive Midfield,Tackle,Lost Out,0,84.2,1.8
4639e923-bb54-4f9b-8aba-eed8538c13a2,3857279,1,2,771,10481,Right Defensive Midfield,Tackle,Lost In Play,0,53.0,19.3
a8d434ad-6723-424c-b420-0cf13f56b2d1,3857279,1,3,771,5487,Center Attacking Midfield,Tackle,Lost Out,0,14.7,75.7
299eb7c9-247e-4746-b974-b4ecfe4e0a3b,3857279,1,3,771,5487,Center Attacking Midfield,Tackle,Lost In Play,0,33.4,19.6
0aba25c0-2431-4638-9e27-4d36447d0d48,3857279,1,5,792,33492,Center Forward,Aerial Lost,,0,73.2,62.8
8482fc54-331c-4485-bf28-a3ff5d7a5966,3857279,1,8,771,8519,Left Center Back,Tackle,Lost Out,0,25.4,67.7
efe10b54-0ef6-4b41-b3d6-8a09c154a78c,3857279,1,11,771,3604,Center Forward,Aerial Lost,,0,78.0,42.0
c8418502-b8ec-4742-903e-f53e9b55839f,3857279,1,14,792,5490,Right Center Midfield,Aerial Lost,,0,63.8,70.5
e85ec6e9-c98c-4c0f-a209-baccf33ec448,3857279,1,15,771,10481,Right Defensive Midfield,Tackle,Lost In Play,0,54.3,30.9
8b88e364-a8c3-4aba-9a93-96b05a0332ac,3857279,1,17,771,10481,Right Defensive Midfield,Tackle,Success In Play,1,40.4,68.3
506ec4e6-bb6d-4f80-9229-952fb1d6e5a2,3857279,1,17,771,6704,Left Back,Tackle,Won,1,7.7,4.4
2014dad2-7c93-4bfe-abae-c277ee01f5ea,3857279,1,20,792,33492,Center Forward,Aerial Lost,,0,74.9,42.3
8d63011b-fb43-46bb-b571-b0ebb494cbed,3857279,1,21,771,6704,Left Back,Tackle,Won,1,42.4,4.0
ad7f9932-b2f4-459f-9745-4ad407296e92,3857279,1,21,792,5481,Right Midfield,Tackle,Won,1,80.1,72.9
d8a507a9-b1a5-4df5-b529-92167edfca71,3857279,1,23,792,33572,Right Back,Tackle,Won,1,2.0,68.3
1ffbced4-4628-4702-9fa1-4a566e9174f0,3857279,1,24,792,33492,Center Forward,Aerial Lost,,0,52.9,64.0
1810d330-10cd-4c39-a5a6-e82b88c099fd,3857279,1,24,771,5477,Right Wing,Aerial Lost,,0,68.7,52.0
df3beae4-e998-4e7e-96ac-c35491906862,3857279,1,25,792,8346,Left Midfield,Tackle,Won,1,19.2,9.3
26c2f431-a5c0-4d2b-a4b4-a4eae47dd131,3857279,1,28,792,5490,Right Center Midfield,Aerial Lost,,0,7.9,40.5
06ff277b-2cab-493c-bdfd-93a2fe3675da,3857279,1,31,771,3026,Left Defensive Midfield,Tackle,Success In Play,1,97.1,7.8
36828fab-2800-4121-8c77-1846ec955f0d,3857279,1,32,792,5490,Right Center Midfield,Aerial Lost,,0,82.8,53.6
d0ac676f-bc4a-413a-9e68-846d9a7db28b,3857279,1,33,792,3281,Center Defensive Midfield,Tackle,Lost Out,0,81.5,66.7
616100c5-1917-45a2-9874-d00bdafa529d,3857279,1,36,792,5481,Right Midfield,Aerial Lost,,0,62.7,74.2
f2a54b16-b92c-4bbd-bbf0-6407425f5974,3857279,1,40,771,6704,Left Back,Aerial Lost,,0,57.9,13.4
40754655-f77b-4fc2-aa8e-3191f3fff477,3857279,1,41,792,5479,Left Back,Tackle,Won,1,16.9,9.4
3c657bb6-cb67-42fb-9875-1b8f448fae47,3857279,1,42,771,6704,Left Back,Aerial Lost,,0,47.3,14.7
869b56dc-0c7d-4544-8b51-47e33f3699ad,3857279,1,42,771,8519,Left Center Back,Aerial Lost,,0,34.8,11.4
bf641cd9-388d-4d0d-bd13-a57dadde141f,3857279,1,48,792,3281,Center Defensive Midfield,Aerial Lost,,0,73.7,8.3
89cfeeae-533a-4a69-a784-f20d2ef67eb6,3857279,1,49,792,33477,Left Center Midfield,Tackle,Success In Play,1,31.3,7.6
93cd1bda-3946-4de4-9517-c885265d92a5,3857279,1,51,792,33572,Right Back,Tackle,Won,1,13.8,69.2
19c58ba0-ba60-4014-abbc-afa35280d146,3857279,2,46,792,33572,Right Back,Tackle,Won,1,56.9,75.7
186e826c-20d9-4bda-b926-1224fbb48f3a,3857279,2,46,771,8519,Left Center Back,Tackle,Lost In Play,0,3.0,7.2
4bf3c2ee-e36a-4ed4-93fe-3a528680df5b,3857279,2,51,771,5476,Right Back,Aerial Lost,,0,108.4,49.1
e8f5e575-37b7-4fef-9b94-03e56810aa13,3857279,2,56,792,5490,Right Center Midfield,Tackle,Lost In Play,0,62.7,20.3
77949b6a-7297-4fe0-ab20-65a755a96b89,3857279,2,56,792,9430,Center Forward,Aerial Lost,,0,71.5,15.4
a0062281-1fef-4f93-8903-bd668283c98a,3857279,2,57,771,6704,Left Back,Aerial Lost,,0,109.7,31.6
9e22be7a-e8e9-42aa-b50f-2b0b685a6660,3857279,2,59,771,3026,Left Defensive Midfield,Tackle,Success In Play,1,80.7,8.8
7426f1f2-f0f1-411f-a3ec-6c1e8bdc62cb,3857279,2,62,792,5490,Right Center Midfield,Tackle,Lost Out,0,1.6,54.1
c83381cb-157e-4b90-8f52-30471692b3a8,3857279,2,62,792,33495,Left Center Back,Aerial Lost,,0,7.1,40.2
dc037ea1-e2d1-437b-b08c-2645940351b0,3857279,2,63,771,3026,Left Defensive Midfield,Aerial Lost,,0,57.4,10.2
806060bf-55fb-4a49-817a-ff002bebcd53,3857279,2,67,792,22293,Right Center Back,Aerial Lost,,0,6.7,38.0
aa23b06e-009d-463e-8b16-3415c34b47b2,3857279,2,69,771,11135,Right Center Back,Tackle,Won,1,28.7,72.1
f6b8cb85-6067-44f1-8120-438ab6b341b7,3857279,2,74,792,33572,Right Back,Tackle,Won,1,8.5,67.2
16840e5e-fca2-4004-af98-a91946c7e5f7,3857279,2,76,771,5487,Center Attacking Midfield,Aerial Lost,,0,70.0,69.6
50a8848f-bf13-4c3e-99ac-adbea754ea7b,3857279,2,77,792,9430,Center Forward,Aerial Lost,,0,104.4,17.7
a55c94b3-6ab0-4276-91c4-073ada846bc0,3857279,2,78,792,227697,Right Midfield,Aerial Lost,,0,99.1,46.3
2ef7053a-2fbf-41b9-8277-b3817bed8f96,3857279,2,79,771,8519,Left Center Back,Tackle,Won,1,38.8,51.5
d044e44f-d89f-4c08-8cd8-e98b4619e11f,3857279,2,82,792,3281,Center Defensive Midfield,Tackle,Success In Play,1,24.3,40.6
03e3db41-a06f-472a-ae86-c0aba108cbb4,3857279,2,82,771,6704,Left Back,Tackle,Won,1,51.4,3.3
d34db7c2-3e32-4a7f-ab5e-844fd920adda,3857279,2,82,771,3026,Left Defensive Midfield,Tackle,Success In Play,1,74.6,30.9
305e40ad-c76f-4e5b-ae9d-7367d28e798f,3857279,2,85,771,5487,Center Attacking Midfield,Tackle,Success In Play,1,51.1,51.8
3b62a995-dac5-4e78-8232-4e0dd2e9f743,3857279,2,87,771,11990,Right Defensive Midfield,Tackle,Success In Play,1,57.8,3.1
41fa3c07-850f-449d-ba2d-011c61f3eacf,3857279,2,89,771,2972,Center Forward,Aerial Lost,,0,77.9,45.5
cae554dc-c3cd-4e55-9a9c-6af62be657fb,3857279,2,90,792,24475,Right Midfield,Aerial Lost,,0,7.3,48.0
cde7c7f5-96ab-41ac-a517-5d6564ae3ca5,3857279,2,92,792,33495,Left Center Back,Tackle,Success Out,1,7.1,20.3
bbacda47-4e9e-41e7-98e4-cc6064ee05c3,3857279,2,93,792,24475,Right Midfield,Aerial Lost,,0,63.0,70.2
29dfaf95-b7ee-4ee4-b052-ba8dc72bd9d6,3857262,1,2,791,3083,Left Wing,Tackle,Lost Out,0,64.7,3.6
12414d93-6a74-4ab8-ae53-3d66ad0032f8,3857262,1,6,780,143854,Left Center Back,Aerial Lost,,0,30.9,55.5
8e9db598-354c-456e-842d-2b637b0ef681,3857262,1,7,791,40542,Center Forward,Aerial Lost,,0,86.6,73.7
6d36c3b2-199f-4764-9ff2-6479f83e7dfe,3857262,1,8,780,4272,Left Wing,Aerial Lost,,0,35.4,14.4
8357be72-0607-4fa4-8060-869de2343615,3857262,1,10,791,5618,Center Defensive Midfield,Aerial Lost,,0,92.0,3.8
d50a41c5-723e-47a8-886c-abeee9bba32f,3857262,1,15,791,40542,Center Forward,Aerial Lost,,0,90.3,63.6
801bb6d2-bdf8-4bc9-bbf9-7205b0d8ee40,3857262,1,15,780,16028,Right Back,Tackle,Lost Out,0,7.6,56.5
576586fd-5491-4181-9d7e-41ca6f7568aa,3857262,1,21,780,16028,Right Back,Tackle,Success In Play,1,2.0,58.2
16348792-abe8-49fb-9136-b44dcd232da7,3857262,1,21,780,5207,Center Forward,Aerial Lost,,0,59.6,34.3
edf5955b-3868-40d2-a969-72a8abe690cd,3857262,1,23,791,40542,Center Forward,Aerial Lost,,0,37.4,70.5
a66daf60-c11c-43ed-b2e2-f7bee8014778,3857262,1,24,780,143854,Left Center Back,Aerial Lost,,0,35.0,10.5
54c6eb79-2ada-4ba2-b065-f9ac428fadc2,3857262,1,25,780,143854,Left Center Back,Aerial Lost,,0,15.7,57.9
db550797-4405-4b17-bc3c-592011d89199,3857262,1,30,780,20016,Right Center Back,Tackle,Lost In Play,0,19.5,43.9
8d8cc769-3620-4951-846a-79e6b5ca74d9,3857262,1,31,780,143854,Left Center Back,Aerial Lost,,0,36.0,22.4
07c16394-2d3e-4ea5-b67b-9924c5ccedcd,3857262,1,31,780,7005,Left Back,Tackle,Won,1,22.3,7.8
2e26f3a6-2eff-4b33-b89c-6ba0c9283576,3857262,1,31,791,5618,Center Defensive Midfield,Tackle,Lost In Play,0,70.4,63.1
1c289c5e-df5e-4cc6-9120-a57fdb38207b,3857262,1,38,780,4272,Left Wing,Aerial Lost,,0,76.3,8.2
4efc17ee-ad15-477a-87f5-1381891111ab,3857262,1,38,791,23763,Right Center Midfield,Tackle,Won,1,28.3,53.1
065bac22-a49c-44dd-b732-80fee8adca22,3857262,1,38,791,5623,Right Wing,Tackle,Won,1,36.1,73.3
4dc3216c-cfe4-4526-a7b9-54a9f4e863c6,3857262,1,38,780,143854,Left Center Back,Tackle,Lost Out,0,38.6,7.5
0e5fb458-9459-4860-80b9-e0057817c88a,3857262,1,41,780,4272,Left Wing,Tackle,Success Out,1,78.8,6.0
2486ab29-4294-4b6b-81ea-280097a66d07,3857262,1,42,791,5623,Right Wing,Aerial Lost,,0,90.3,53.4
2f4c2afb-6384-493d-876f-cba2d0e8f8d6,3857262,1,43,791,40538,Left Back,Tackle,Won,1,6.4,23.3
fd2dca5d-4978-44ed-884b-29236cfc77b0,3857262,1,45,780,143854,Left Center Back,Aerial Lost,,0,32.2,16.9
be1d8e37-50c6-4090-9eaa-bbc41e98f07d,3857262,1,45,791,5623,Right Wing,Aerial Lost,,0,99.8,59.4
dc5ad79f-807a-4e9c-baac-ac0e064a3662,3857262,1,45,780,9927,Center Defensive Midfield,Aerial Lost,,0,30.5,25.7
e9673d8d-d3ea-4d37-9330-157e3cd2fac8,3857262,1,46,791,5604,Left Center Back,Tackle,Lost In Play,0,17.2,35.1
e1bd4420-189e-453f-b633-0991b6577247,3857262,2,47,780,16028,Right Back,Aerial Lost,,0,33.7,73.5
0c888a98-575d-4e92-853d-8bee0fedc8ed,3857262,2,50,780,7005,Left Back,Aerial Lost,,0,46.9,8.5
0c9f3df6-4d4f-4931-af5d-3c40ed4652c3,3857262,2,56,780,4272,Left Wing,Aerial Lost,,0,57.4,35.9
80926ea4-4a73-4bfa-8063-75a2f005fe56,3857262,2,58,791,3083,Right Wing,Tackle,Won,1,3.1,66.2
099226d0-3a44-4a6d-9cb5-2410527da7fe,3857262,2,59,791,23763,Right Center Midfield,Tackle,Success In Play,1,46.5,72.3
4705bfef-c80f-451c-914d-ccfdb0c06f85,3857262,2,61,780,34639,Left Center Midfield,Tackle,Success In Play,1,95.7,20.8
b61d8f8c-b9c7-4aa4-881b-6c29285171f1,3857262,2,62,791,40672,Right Back,Tackle,Success In Play,1,9.0,58.3
e00edf63-0260-4ccf-abac-58978a42b70f,3857262,2,66,780,18360,Center Defensive Midfield,Aerial Lost,,0,37.1,2.4
d4152d5b-1455-47b6-ab55-b3c7cea5552a,3857262,2,68,791,40564,Right Center Back,Aerial Lost,,0,58.0,58.6
56ee607b-0611-4e42-98c6-e63dcd62d3e3,3857262,2,71,791,40538,Left Back,Tackle,Lost In Play,0,94.7,38.9
f69dfa45-7d5a-4305-b48f-5e97035b84e1,3857262,2,72,780,12169,Center Defensive Midfield,Aerial Lost,,0,43.2,19.3
7ebc8a1f-43cb-4cf0-a8d0-a774a0884ff4,3857262,2,73,780,5218,Center Forward,Aerial Lost,,0,82.5,58.0
7dc174bd-394d-4953-9f90-932d86445ec4,3857262,2,74,780,4272,Right Center Midfield,Tackle,Lost Out,0,72.6,77.7
28c2436e-effb-44cf-bf42-32fce5908d96,3857262,2,74,791,5604,Left Center Back,Aerial Lost,,0,33.2,21.1
0b6f6149-afe9-408f-991d-c5628d590de0,3857262,2,74,780,10868,Right Wing,Aerial Lost,,0,84.8,61.7
5ae8be54-ca93-4123-b977-4ff93a7de321,3857262,2,74,791,5618,Center Defensive Midfield,Tackle,Success In Play,1,22.5,34.8
727e4b94-adf7-44dd-a90e-4396dd7e9cb8,3857262,2,74,780,34639,Left Center Midfield,Tackle,Success In Play,1,92.4,47.9
b831f26a-9181-4f64-aa69-ca071947b1f6,3857262,2,75,791,40538,Left Back,Aerial Lost,,0,22.7,9.3
4bf3d76a-a53b-46f8-b111-2b6d46839435,3857262,2,80,780,16028,Right Back,Tackle,Lost Out,0,63.1,76.3
35f7b7ea-6909-4bfc-aa0c-ec81c54ed19a,3857262,2,81,791,29966,Left Center Forward,Aerial Lost,,0,100.7,32.5
83ea6df8-cf6e-440b-ab6d-f848df38c604,3857262,2,82,780,5218,Center Forward,Aerial Lost,,0,58.9,57.6
6e23620e-9e0b-456e-a806-1a4fe282c5ea,3857262,2,82,780,10868,Right Wing,Aerial Lost,,0,62.8,50.7
2f93e962-9c69-47a2-9743-e2ea9ac80292,3857262,2,83,791,29966,Left Center Forward,Aerial Lost,,0,99.4,55.9
b8efd8a9-16e6-4068-96b3-4702e63981ad,3857262,2,85,780,20016,Right Center Back,Aerial Lost,,0,8.7,36.4
5c041e6e-dc8c-49d0-9a82-08b30f0e7b83,3857262,2,85,780,20016,Right Center Back,Aerial Lost,,0,113.6,35.0
42b2180a-9a50-4200-b4fb-c51a957f6897,3857262,2,87,780,5214,Right Center Midfield,Tackle,Won,1,26.8,39.5
0787b95e-5720-4943-9f67-ab85b5fac346,3857262,2,90,780,20016,Right Center Back,Aerial Lost,,0,115.4,32.1
eeb6ad9b-fd40-4031-950d-2e139637884a,3857262,2,95,791,3083,Right Wing,Aerial Lost,,0,77.9,67.7
35469b25-ccf8-42c7-abaa-bde6692dbd49,3857262,2,96,780,12169,Center Defensive Midfield,Aerial Lost,,0,63.8,76.4
e34b39e0-849b-4ff4-b571-a1b852bd0434,3857262,2,96,780,7005,Left Back,Tackle,Lost Out,0,43.7,5.7
7d5b4f53-b02b-45cb-b610-b58d460e6a3d,3857262,2,96,780,5218,Center Forward,Aerial Lost,,0,68.1,12.9
