match_id,player_id,team_id,jersey_number,position_name,is_starting_xi
3857276,3625,788,17,Left Wing,1
3857276,3634,788,11,Left Center Midfield,1
3857276,5219,788,6,Left Center Back,1
3857276,5233,788,12,,0
3857276,5234,788,4,Center Defensive Midfield,1
3857276,5237,788,7,Right Wing,1
3857276,5245,788,2,Right Back,1
3857276,6301,788,19,Center Forward,1
3857276,6785,788,1,Goalkeeper,1
3857276,7459,788,18,Right Center Midfield,0
3857276,12149,788,5,Right Center Back,1
3857276,15890,788,3,Left Back,1
3857276,21214,788,13,,0
3857276,21736,788,14,Left Wing,0
3857276,23774,788,15,Left Center Midfield,0
3857276,31295,788,25,,0
3857276,46258,788,8,Right Center Midfield,1
3857276,59493,788,9,Right Wing,0
3857276,67700,788,24,,0
3857276,102668,788,26,Right Wing Back,0
3857276,131037,788,10,,0
3857276,139011,788,22,,0
3857276,139016,788,20,,0
3857276,149714,788,16,,0
3857276,156734,788,23,,0
3857276,296254,788,21,,0
3857276,4106,1833,12,,0
3857276,9036,1833,24,Left Midfield,0
3857276,9922,1833,10,Center Attacking Midfield,1
3857276,11187,1833,7,,0
3857276,11846,1833,5,Right Center Back,1
3857276,12365,1833,19,Right Midfield,1
3857276,12770,1833,21,Right Defensive Midfield,1
3857276,12779,1833,6,,0
3857276,13885,1833,8,,0
3857276,15958,1833,18,Goalkeeper,1
3857276,16120,1833,22,Left Midfield,0
3857276,16252,1833,14,Left Defensive Midfield,1
3857276,16459,1833,17,Center Forward,1
3857276,23363,1833,23,,0
3857276,23640,1833,20,Center Forward,0
3857276,23760,1833,25,,0
3857276,23828,1833,4,Left Center Back,1
3857276,24024,1833,11,Left Midfield,1
3857276,26348,1833,9,,0
3857276,29758,1833,3,Left Back,1
3857276,31684,1833,13,Left Defensive Midfield,0
3857276,35707,1833,26,,0
3857276,36794,1833,1,,0
3857276,44703,1833,2,Right Back,1
3857276,49259,1833,16,,0
3857276,133229,1833,15,Left Back,0
3857271,3205,768,2,,0
3857271,3233,768,10,Left Wing,1
3857271,3244,768,5,Right Center Back,1
3857271,3308,768,12,Right Back,1
3857271,3318,768,11,Right Wing,0
3857271,3336,768,6,Left Center Back,1
3857271,3382,768,3,Left Back,1
3857271,3468,768,1,Goalkeeper,1
3857271,3474,768,13,,0
3857271,3532,768,8,,0
3857271,3616,768,24,Center Forward,0
3857271,3664,768,18,,0
3857271,3943,768,4,Left Defensive Midfield,1
3857271,4354,768,20,Center Attacking Midfield,0
3857271,4706,768,14,,0
3857271,7843,768,19,Center Attacking Midfield,1
3857271,9638,768,7,Left Wing,0
3857271,9905,768,25,,0
3857271,9928,768,16,,0
3857271,10955,768,9,Center Forward,1
3857271,10956,768,15,Left Center Back,0
3857271,22084,768,17,Right Wing,1
3857271,22783,768,23,,0
3857271,22809,768,21,,0
3857271,29399,768,26,,0
3857271,30714,768,22,Right Defensive Midfield,1
3857271,5220,797,8,Right Center Back,1
3857271,5222,797,15,Center Back,1
3857271,5224,797,20,Right Defensive Midfield,0
3857271,5226,797,9,Center Forward,1
3857271,5227,797,1,Goalkeeper,1
3857271,5228,797,19,Left Center Back,1
3857271,5230,797,3,Left Wing,1
3857271,5231,797,10,,0
3857271,5235,797,23,,0
3857271,5239,797,7,Right Wing,1
3857271,5240,797,14,,0
3857271,5241,797,11,,0
3857271,5720,797,5,Left Wing Back,1
3857271,5722,797,6,Left Defensive Midfield,0
3857271,11224,797,22,,0
3857271,23538,797,2,Right Wing Back,1
3857271,23874,797,17,Right Attacking Midfield,0
3857271,124161,797,16,Left Wing Back,0
3857271,124167,797,21,Right Defensive Midfield,1
3857271,124175,797,13,Right Center Back,0
3857271,124177,797,4,,0
3857271,124183,797,12,,0
3857271,125818,797,18,Left Defensive Midfield,1
3857271,125823,797,24,Goalkeeper,0
3857271,326758,797,25,,0
3857296,2954,782,8,Right Defensive Midfield,0
3857296,3077,782,5,Left Center Back,1
3857296,3089,782,7,Right Wing,1
3857296,3176,782,15,Right Back,1
3857296,3289,782,9,Center Forward,0
3857296,3457,782,23,,0
3857296,3509,782,1,Goalkeeper,1
3857296,3539,782,12,,0
3857296,3621,782,10,Right Back,0
3857296,5630,782,14,Center Attacking Midfield,1
3857296,5632,782,16,Center Attacking Midfield,0
3857296,5633,782,11,Left Wing,1
3857296,5642,782,6,Left Defensive Midfield,1
3857296,6331,782,19,Right Defensive Midfield,1
3857296,6989,782,21,Left Back,1
3857296,8240,782,13,,0
3857296,8854,782,4,,0
3857296,16275,782,24,,0
3857296,16281,782,20,,0
3857296,16559,782,17,Center Forward,1
3857296,20005,782,2,Right Center Back,1
3857296,23650,782,25,Center Attacking Midfield,0
3857296,32688,782,22,,0
3857296,43913,782,3,,0
3857296,114832,782,26,,0
3857296,3441,785,13,,0
3857296,3471,785,6,Right Center Back,1
3857296,5456,785,8,Left Center Midfield,1
3857296,5460,785,9,Right Wing,1
3857296,5463,785,10,Right Center Midfield,1
3857296,5468,785,21,,0
3857296,5469,785,11,Center Defensive Midfield,1
3857296,5474,785,4,Left Wing,1
3857296,7693,785,16,Center Forward,0
3857296,8654,785,17,,0
3857296,11127,785,3,,0
3857296,11603,785,15,Right Wing,0
3857296,12625,785,19,Left Back,1
3857296,16527,785,18,,0
3857296,16531,785,1,Goalkeeper,1
3857296,22041,785,14,Center Forward,1
3857296,28835,785,23,,0
3857296,28914,785,7,Left Center Midfield,0
3857296,29163,785,22,Right Back,1
3857296,29342,785,12,,0
3857296,32602,785,26,,0
3857296,32689,785,5,,0
3857296,33018,785,20,Left Center Back,1
3857296,37148,785,24,,0
3857296,39490,785,25,,0
3857296,49337,785,2,,0
3857274,2988,941,10,Left Center Forward,0
3857274,3264,941,18,,0
3857274,3306,941,5,Left Center Back,1
3857274,3311,941,17,Left Wing Back,1
3857274,3669,941,4,Center Back,1
3857274,4318,941,14,Center Attacking Midfield,1
3857274,6994,941,15,Right Defensive Midfield,0
3857274,7745,941,11,Center Attacking Midfield,0
3857274,7787,941,6,,0
3857274,7829,941,19,Right Center Forward,0
3857274,7838,941,1,,0
3857274,7891,941,20,Right Defensive Midfield,1
3857274,8069,941,3,,0
3857274,8118,941,21,Left Defensive Midfield,1
3857274,8124,941,16,,0
3857274,8125,941,22,Right Wing Back,1
3857274,8259,941,7,Left Center Forward,1
3857274,8326,941,23,Goalkeeper,1
3857274,16185,941,13,,0
3857274,20033,941,9,,0
3857274,20750,941,8,Right Center Forward,1
3857274,21547,941,12,,0
3857274,21809,941,2,Right Center Back,1
3857274,21879,941,24,,0
3857274,32712,941,26,,0
3857274,39167,941,25,,0
3857274,12583,3565,8,,0
3857274,12803,3565,10,Right Attacking Midfield,0
3857274,15486,3565,18,,0
3857274,23830,3565,20,Right Defensive Midfield,1
3857274,24085,3565,7,Left Wing Back,1
3857274,25083,3565,14,,0
3857274,25352,3565,4,,0
3857274,28511,3565,15,,0
3857274,28559,3565,13,Left Attacking Midfield,1
3857274,30111,3565,2,Center Back,1
3857274,31152,3565,19,Right Attacking Midfield,1
3857274,32677,3565,22,,0
3857274,34194,3565,9,,0
3857274,34396,3565,11,Center Forward,1
3857274,36148,3565,5,,0
3857274,37522,3565,1,Goalkeeper,1
3857274,37726,3565,23,Left Defensive Midfield,1
3857274,37737,3565,17,Right Wing Back,1
3857274,37742,3565,12,,0
3857274,37945,3565,21,,0
3857274,38004,3565,3,Left Center Back,1
3857274,40211,3565,16,Center Forward,0
3857274,41593,3565,6,,0
3857274,51969,3565,25,Right Center Back,1
3857274,91090,3565,24,,0
3857274,348757,3565,26,Center Forward,0
3857255,3175,778,1,,0
3857255,3300,778,22,Center Back,1
3857255,3530,778,19,,0
3857255,5690,778,5,Left Wing Back,1
3857255,5693,778,7,,0
3857255,8361,778,8,Right Wing,0
3857255,8776,778,10,,0
3857255,8949,778,18,Center Forward,0
3857255,9411,778,15,Left Wing,1
3857255,23527,778,14,Right Wing Back,1
3857255,23721,778,6,Right Defensive Midfield,0
3857255,23730,778,16,Left Wing,0
3857255,25719,778,12,Goalkeeper,1
3857255,29366,778,23,,0
3857255,29595,778,4,Right Center Back,1
3857255,30628,778,25,Center Forward,1
3857255,31090,778,11,Right Wing,1
3857255,37122,778,24,,0
3857255,37208,778,17,Right Defensive Midfield,1
3857255,37209,778,2,,0
3857255,37211,778,9,Left Wing Back,0
3857255,37215,778,3,Left Center Back,1
3857255,37221,778,13,Left Defensive Midfield,1
3857255,38285,778,21,,0
3857255,95272,778,26,,0
3857255,100436,778,20,,0
3857255,3477,772,7,Center Forward,1
3857255,3957,772,2,Right Back,1
3857255,4127,772,13,,0
3857255,4353,772,24,,0
3857255,5199,772,8,,0
3857255,5203,772,5,Center Defensive Midfield,1
3857255,5211,772,18,Left Back,0
3857255,5719,772,10,Center Forward,0
3857255,5721,772,20,Right Back,0
3857255,6583,772,19,,0
3857255,6720,772,22,,0
3857255,6748,772,11,Right Wing,0
3857255,6765,772,16,Right Center Back,1
3857255,6840,772,6,,0
3857255,6892,772,4,Left Center Back,1
3857255,9843,772,1,,0
3857255,11748,772,23,Goalkeeper,1
3857255,16532,772,21,Left Wing,1
3857255,30486,772,26,Left Center Midfield,1
3857255,30756,772,25,Right Center Midfield,0
3857255,31953,772,3,,0
3857255,35641,772,15,,0
3857255,39161,772,14,Left Back,1
3857255,50494,772,17,,0
3857255,68574,772,12,Right Wing,1
3857255,133353,772,9,Right Center Midfield,1
3857272,3205,768,2,,0
3857272,3233,768,10,Left Wing,1
3857272,3244,768,5,Right Center Back,1
3857272,3308,768,12,Right Back,1
3857272,3318,768,11,Right Wing,0
3857272,3336,768,6,Left Center Back,1
3857272,3382,768,3,Left Back,1
3857272,3468,768,1,Goalkeeper,1
3857272,3474,768,13,,0
3857272,3532,768,8,Right Defensive Midfield,0
3857272,3616,768,24,,0
3857272,3664,768,18,,0
3857272,3943,768,4,Left Defensive Midfield,1
3857272,4354,768,20,,0
3857272,4706,768,14,,0
3857272,7843,768,19,Center Attacking Midfield,1
3857272,9638,768,7,Left Wing,0
3857272,9905,768,25,,0
3857272,9928,768,16,,0
3857272,10955,768,9,Center Forward,1
3857272,10956,768,15,,0
3857272,22084,768,17,Right Wing,1
3857272,22783,768,23,,0
3857272,22809,768,21,,0
3857272,29399,768,26,,0
3857272,30714,768,22,Right Defensive Midfield,1
3857272,3377,1839,21,Right Center Forward,1
3857272,3658,1839,22,,0
3857272,4614,1839,5,Left Back,1
3857272,6806,1839,18,Right Back,0
3857272,8246,1839,10,Left Midfield,1
3857272,8526,1839,8,Right Midfield,1
3857272,12352,1839,1,Goalkeeper,1
3857272,12524,1839,3,Right Center Back,1
3857272,12746,1839,25,,0
3857272,12751,1839,4,Right Defensive Midfield,1
3857272,12757,1839,15,,0
3857272,13035,1839,23,,0
3857272,13442,1839,17,,0
3857272,15971,1839,20,,0
3857272,18242,1839,13,Left Center Back,1
3857272,21201,1839,12,,0
3857272,21881,1839,2,Right Back,1
3857272,22008,1839,19,Left Center Forward,1
3857272,22168,1839,24,Left Center Forward,0
3857272,22433,1839,9,,0
3857272,23789,1839,16,,0
3857272,24243,1839,11,Right Midfield,0
3857272,33274,1839,14,,0
3857272,34339,1839,7,Right Center Forward,0
3857272,36830,1839,26,,0
3857272,38792,1839,6,Left Defensive Midfield,1
3857278,3377,1839,21,Right Wing,1
3857278,3658,1839,22,,0
3857278,4614,1839,5,Left Back,1
3857278,6806,1839,18,Right Back,0
3857278,8246,1839,10,Left Wing,1
3857278,8526,1839,8,Left Center Midfield,1
3857278,12352,1839,1,Goalkeeper,1
3857278,12524,1839,3,Right Center Forward,0
3857278,12746,1839,25,,0
3857278,12751,1839,4,Center Defensive Midfield,1
3857278,12757,1839,15,,0
3857278,13035,1839,23,Left Defensive Midfield,0
3857278,13442,1839,17,,0
3857278,15971,1839,20,Right Center Back,1
3857278,18242,1839,13,Left Center Back,1
3857278,21201,1839,12,,0
3857278,21881,1839,2,Right Back,1
3857278,22008,1839,19,Left Center Forward,0
3857278,22168,1839,24,Center Forward,1
3857278,22433,1839,9,,0
3857278,23789,1839,16,,0
3857278,24243,1839,11,Left Wing,0
3857278,33274,1839,14,,0
3857278,34339,1839,7,,0
3857278,36830,1839,26,,0
3857278,38792,1839,6,Right Center Midfield,1
3857278,5220,797,8,Left Center Back,1
3857278,5222,797,15,,0
3857278,5224,797,20,Center Forward,1
3857278,5226,797,9,Center Attacking Midfield,1
3857278,5227,797,1,Goalkeeper,1
3857278,5228,797,19,Right Center Back,1
3857278,5230,797,3,Left Midfield,1
3857278,5231,797,10,Right Wing,0
3857278,5235,797,23,Right Back,1
3857278,5240,797,14,Left Wing,0
3857278,5241,797,11,,0
3857278,5720,797,5,Left Back,1
3857278,5722,797,6,Left Defensive Midfield,1
3857278,11224,797,22,,0
3857278,23538,797,2,,0
3857278,23874,797,17,Right Midfield,1
3857278,124161,797,16,Right Center Midfield,0
3857278,124167,797,21,Right Defensive Midfield,1
3857278,124175,797,13,,0
3857278,124177,797,4,,0
3857278,124183,797,12,,0
3857278,125818,797,18,Left Center Midfield,0
3857278,125823,797,24,,0
3857278,326758,797,25,Left Back,0
3857277,3441,785,13,Right Wing,1
3857277,3471,785,6,Right Center Back,1
3857277,5456,785,8,Left Center Midfield,1
3857277,5460,785,9,Center Forward,1
3857277,5463,785,10,Right Center Midfield,1
3857277,5468,785,21,,0
3857277,5469,785,11,Center Defensive Midfield,1
3857277,5474,785,4,Left Wing,1
3857277,7693,785,16,,0
3857277,8654,785,17,,0
3857277,11127,785,3,,0
3857277,11603,785,15,Right Wing,0
3857277,12625,785,19,Left Back,1
3857277,16527,785,18,Right Wing,0
3857277,16531,785,1,Goalkeeper,1
3857277,22041,785,14,Center Forward,0
3857277,28835,785,23,,0
3857277,28914,785,7,Left Center Midfield,0
3857277,29163,785,22,Right Back,1
3857277,29342,785,12,,0
3857277,32602,785,26,,0
3857277,32689,785,5,,0
3857277,33018,785,20,Left Center Back,1
3857277,37148,785,24,,0
3857277,39490,785,25,,0
3857277,49337,785,2,,0
3857277,3625,788,17,Left Midfield,1
3857277,3634,788,11,Right Center Midfield,0
3857277,5219,788,6,Left Center Back,1
3857277,5233,788,12,,0
3857277,5234,788,4,Center Defensive Midfield,1
3857277,5237,788,7,Right Midfield,1
3857277,5245,788,2,Right Back,1
3857277,6301,788,19,Center Forward,1
3857277,6785,788,1,Goalkeeper,1
3857277,7459,788,18,,0
3857277,12149,788,5,Right Center Back,1
3857277,15890,788,3,Left Back,1
3857277,21214,788,13,,0
3857277,21736,788,14,,0
3857277,23774,788,15,Left Center Midfield,1
3857277,31295,788,25,Left Back,0
3857277,46258,788,8,Right Center Midfield,1
3857277,59493,788,9,Center Forward,0
3857277,67700,788,24,,0
3857277,102668,788,26,,0
3857277,131037,788,10,,0
3857277,139011,788,22,,0
3857277,139016,788,20,,0
3857277,149714,788,16,Left Midfield,0
3857277,156734,788,23,,0
3857277,296254,788,21,,0
3857273,3086,907,4,Left Center Back,1
3857273,3488,907,1,Goalkeeper,1
3857273,3517,907,10,Right Center Midfield,1
3857273,3839,907,17,,0
3857273,3853,907,13,Left Center Forward,1
3857273,4584,907,21,,0
3857273,4767,907,5,Right Center Back,1
3857273,4774,907,14,Right Wing Back,1
3857273,4934,907,15,Center Defensive Midfield,1
3857273,6399,907,11,Right Center Forward,1
3857273,9540,907,8,Left Center Midfield,1
3857273,9914,907,12,Goalkeeper,0
3857273,10928,907,2,,0
3857273,10931,907,7,Right Defensive Midfield,0
3857273,10932,907,18,,0
3857273,11250,907,6,Center Back,1
3857273,11252,907,20,Left Center Midfield,0
3857273,12014,907,19,,0
3857273,21446,907,26,,0
3857273,22074,907,16,,0
3857273,29377,907,9,Right Wing Back,0
3857273,33121,907,24,,0
3857273,33144,907,23,,0
3857273,34794,907,3,Left Wing Back,1
3857273,50528,907,22,,0
3857273,82257,907,25,,0
3857273,5220,797,8,Left Center Back,1
3857273,5222,797,15,Left Defensive Midfield,0
3857273,5224,797,20,Center Forward,1
3857273,5226,797,9,Center Attacking Midfield,1
3857273,5227,797,1,,0
3857273,5228,797,19,Right Center Back,1
3857273,5230,797,3,Left Midfield,1
3857273,5231,797,10,Center Forward,0
3857273,5235,797,23,Right Back,1
3857273,5239,797,7,Right Midfield,0
3857273,5240,797,14,,0
3857273,5241,797,11,,0
3857273,5720,797,5,Left Back,1
3857273,5722,797,6,Right Defensive Midfield,1
3857273,11224,797,22,,0
3857273,23538,797,2,,0
3857273,23874,797,17,Right Midfield,1
3857273,124161,797,16,Left Midfield,0
3857273,124167,797,21,Left Defensive Midfield,1
3857273,124175,797,13,,0
3857273,124177,797,4,,0
3857273,124183,797,12,,0
3857273,125818,797,18,Right Defensive Midfield,0
3857273,125823,797,24,Goalkeeper,1
3857273,326758,797,25,,0
3857275,2972,771,26,,0
3857275,3009,771,10,Right Wing,0
3857275,3026,771,14,Left Center Midfield,0
3857275,3099,771,1,,0
3857275,3379,771,23,,0
3857275,3543,771,16,Goalkeeper,1
3857275,3604,771,9,,0
3857275,4445,771,5,,0
3857275,5476,771,2,,0
3857275,5477,771,11,Right Wing,0
3857275,5485,771,4,Right Center Back,1
3857275,5487,771,7,Right Center Midfield,0
3857275,6704,771,22,,0
3857275,7153,771,15,Left Center Midfield,1
3857275,7345,771,6,Left Wing,1
3857275,7439,771,3,Right Back,1
3857275,8217,771,20,Right Wing,1
3857275,8519,771,18,,0
3857275,10481,771,8,Center Defensive Midfield,1
3857275,11135,771,24,Left Center Back,1
3857275,11990,771,13,Right Center Midfield,1
3857275,17592,771,17,Right Center Back,0
3857275,22097,771,12,Center Forward,1
3857275,24778,771,25,Left Back,1
3857275,3196,777,10,Center Forward,1
3857275,3557,777,23,,0
3857275,3767,777,17,Right Defensive Midfield,1
3857275,5647,777,12,Left Wing Back,1
3857275,5650,777,13,,0
3857275,5651,777,4,Right Center Back,1
3857275,5653,777,26,,0
3857275,5655,777,6,,0
3857275,6342,777,1,,0
3857275,6347,777,18,Left Attacking Midfield,0
3857275,9236,777,20,,0
3857275,16352,777,9,Center Forward,0
3857275,23910,777,7,,0
3857275,25582,777,5,Center Back,1
3857275,30681,777,24,Right Attacking Midfield,0
3857275,32450,777,3,Left Center Back,1
3857275,35592,777,25,Right Attacking Midfield,1
3857275,44955,777,14,Left Defensive Midfield,1
3857275,50988,777,8,,0
3857275,68749,777,19,,0
3857275,102816,777,15,Left Attacking Midfield,1
3857275,105943,777,16,Goalkeeper,1
3857275,105944,777,21,Right Wing Back,1
3857275,128793,777,11,,0
3857275,136296,777,22,,0
3857275,163049,777,2,,0
3857261,3086,907,4,Left Back,1
3857261,3517,907,10,Center Attacking Midfield,1
3857261,3839,907,17,,0
3857261,3853,907,13,Center Forward,1
3857261,4584,907,21,,0
3857261,4767,907,5,Right Center Back,1
3857261,4774,907,14,Right Back,0
3857261,4934,907,15,Left Defensive Midfield,1
3857261,6399,907,11,Right Wing,1
3857261,9540,907,8,Left Wing,0
3857261,9914,907,12,Goalkeeper,1
3857261,10928,907,2,,0
3857261,10931,907,7,Right Defensive Midfield,1
3857261,10932,907,18,,0
3857261,11250,907,6,Left Center Back,1
3857261,11252,907,20,Left Wing,1
3857261,12014,907,19,,0
3857261,21446,907,26,,0
3857261,22074,907,16,Left Back,0
3857261,29377,907,9,Right Wing,0
3857261,33121,907,24,,0
3857261,33144,907,23,,0
3857261,34794,907,3,Right Back,1
3857261,50528,907,22,,0
3857261,82257,907,25,Right Defensive Midfield,0
3857261,3205,768,2,Right Back,1
3857261,3233,768,10,,0
3857261,3244,768,5,Right Center Back,1
3857261,3308,768,12,Left Back,0
3857261,3318,768,11,Left Wing,1
3857261,3336,768,6,Left Center Back,1
3857261,3382,768,3,Left Back,1
3857261,3468,768,1,Goalkeeper,1
3857261,3474,768,13,,0
3857261,3532,768,8,Right Center Midfield,1
3857261,3616,768,24,Center Forward,0
3857261,3664,768,18,Right Back,0
3857261,3943,768,4,Center Defensive Midfield,1
3857261,4354,768,20,Right Wing,1
3857261,4706,768,14,Center Defensive Midfield,0
3857261,7843,768,19,,0
3857261,9638,768,7,Right Wing,0
3857261,9905,768,25,,0
3857261,9928,768,16,,0
3857261,10955,768,9,Center Forward,1
3857261,10956,768,15,,0
3857261,22084,768,17,,0
3857261,22783,768,23,,0
3857261,29399,768,26,,0
3857261,30714,768,22,Left Center Midfield,1
3857290,3141,2722,8,Right Center Midfield,1
3857290,3499,2722,13,Center Forward,1
3857290,3551,2722,12,Left Wing,1
3857290,3639,2722,7,Left Wing,0
3857290,4935,2722,20,Right Wing,1
3857290,7426,2722,21,Right Center Back,1
3857290,7472,2722,3,Left Center Back,1
3857290,7551,2722,24,,0
3857290,8064,2722,23,Goalkeeper,1
3857290,8591,2722,14,Center Defensive Midfield,1
3857290,10530,2722,22,,0
3857290,11174,2722,10,Center Forward,0
3857290,12623,2722,15,,0
3857290,13454,2722,25,Left Back,1
3857290,15326,2722,16,,0
3857290,16014,2722,9,,0
3857290,16015,2722,6,Right Wing,0
3857290,16346,2722,19,Right Back,1
3857290,21456,2722,17,,0
3857290,28966,2722,5,Left Center Midfield,0
3857290,30016,2722,18,Left Center Midfield,1
3857290,33813,2722,2,,0
3857290,44842,2722,1,,0
3857290,46903,2722,11,,0
3857290,74588,2722,4,,0
3857290,349913,2722,26,,0
3857290,3500,773,10,Left Defensive Midfield,1
3857290,3533,773,23,Right Wing,1
3857290,3913,773,2,,0
3857290,5537,773,22,,0
3857290,5538,773,6,,0
3857290,5543,773,9,Center Forward,0
3857290,5544,773,13,Left Back,1
3857290,5545,773,7,Center Forward,1
3857290,5549,773,5,Right Center Back,1
3857290,5550,773,1,Goalkeeper,1
3857290,6983,773,8,Right Defensive Midfield,1
3857290,7796,773,3,Right Back,1
3857290,8561,773,20,Center Attacking Midfield,0
3857290,8814,773,4,Left Center Back,1
3857290,16016,773,14,,0
3857290,16022,773,16,,0
3857290,16026,773,15,Center Attacking Midfield,1
3857290,17974,773,21,,0
3857290,29003,773,12,,0
3857290,29006,773,19,Right Wing,0
3857290,29012,773,18,Left Back,0
3857290,30401,773,17,Left Wing,1
3857290,41655,773,26,,0
3857290,46313,773,24,,0
3857290,50436,773,25,Left Wing,0
3857298,2989,4885,23,Center Back,1
3857298,3347,4885,10,Right Center Forward,1
3857298,3450,4885,9,Right Center Forward,0
3857298,3709,4885,18,Right Center Back,1
3857298,6383,4885,5,Right Center Midfield,1
3857298,6393,4885,19,Left Center Forward,1
3857298,8108,4885,1,Goalkeeper,1
3857298,9286,4885,25,Center Back,0
3857298,9859,4885,6,,0
3857298,12259,4885,3,,0
3857298,12325,4885,17,Left Wing Back,1
3857298,16555,4885,15,,0
3857298,17033,4885,20,Left Center Midfield,1
3857298,23615,4885,14,,0
3857298,28616,4885,8,Center Defensive Midfield,0
3857298,30519,4885,4,Left Center Back,1
3857298,31029,4885,21,Center Defensive Midfield,1
3857298,33602,4885,2,Right Wing Back,0
3857298,35658,4885,22,,0
3857298,43891,4885,24,,0
3857298,44225,4885,11,Left Center Midfield,0
3857298,45047,4885,26,Right Wing Back,1
3857298,52091,4885,16,,0
3857298,136305,4885,13,,0
3857298,136306,4885,7,,0
3857298,147563,4885,12,,0
3857298,3193,780,10,Right Center Midfield,1
3857298,4272,780,17,Right Wing,0
3857298,5204,780,8,Right Wing,1
3857298,5205,780,1,,0
3857298,5206,780,4,Right Center Back,1
3857298,5207,780,7,Center Forward,1
3857298,5209,780,5,Left Back,1
3857298,5214,780,14,Left Center Midfield,0
3857298,5218,780,9,,0
3857298,7005,780,20,Right Back,1
3857298,9927,780,18,Center Defensive Midfield,1
3857298,10868,780,21,,0
3857298,11184,780,25,Left Center Midfield,1
3857298,12041,780,11,Left Wing,1
3857298,12169,780,6,Left Defensive Midfield,0
3857298,13621,780,13,Left Center Back,1
3857298,16028,780,2,,0
3857298,18360,780,15,Center Defensive Midfield,0
3857298,18866,780,12,,0
3857298,20016,780,3,,0
3857298,32975,780,22,Goalkeeper,1
3857298,34639,780,16,,0
3857298,38803,780,26,Center Forward,0
3857298,40874,780,23,,0
3857298,143854,780,24,,0
3857285,2941,787,18,Left Wing,1
3857285,3404,787,21,Right Back,1
3857285,3436,787,5,Center Attacking Midfield,1
3857285,3675,787,12,,0
3857285,3684,787,8,Right Defensive Midfield,1
3857285,4506,787,6,Left Defensive Midfield,1
3857285,5675,787,3,Right Center Back,1
3857285,7379,787,16,Goalkeeper,1
3857285,8553,787,22,Left Back,1
3857285,8870,787,23,,0
3857285,10603,787,25,,0
3857285,13314,787,19,,0
3857285,15970,787,4,Left Center Back,1
3857285,17456,787,1,,0
3857285,20611,787,9,Center Forward,1
3857285,20758,787,15,Right Wing,1
3857285,21026,787,26,Right Center Midfield,0
3857285,31751,787,11,,0
3857285,32915,787,14,Left Back,0
3857285,34893,787,24,,0
3857285,39595,787,2,,0
3857285,50497,787,7,Right Wing,0
3857285,50498,787,17,,0
3857285,80484,787,13,,0
3857285,88123,787,20,Center Forward,0
3857285,312414,787,10,,0
3857285,2988,941,10,Right Center Forward,0
3857285,3264,941,18,Right Center Forward,1
3857285,3306,941,5,Left Center Back,1
3857285,3311,941,17,Left Wing Back,1
3857285,3669,941,4,Center Back,1
3857285,4318,941,14,Right Center Forward,0
3857285,6994,941,15,Right Center Forward,0
3857285,7745,941,11,Right Defensive Midfield,1
3857285,7787,941,6,,0
3857285,7829,941,19,,0
3857285,7838,941,1,,0
3857285,7891,941,20,Right Defensive Midfield,0
3857285,8069,941,3,Right Center Back,1
3857285,8118,941,21,Left Defensive Midfield,1
3857285,8124,941,16,,0
3857285,8125,941,22,Right Wing Back,1
3857285,8259,941,7,Left Center Forward,1
3857285,8326,941,23,Goalkeeper,1
3857285,16185,941,13,,0
3857285,20033,941,9,,0
3857285,20750,941,8,Center Attacking Midfield,1
3857285,21547,941,12,,0
3857285,21809,941,2,,0
3857285,21879,941,24,,0
3857285,32712,941,26,,0
3857285,39167,941,25,,0
3857282,3086,907,4,Left Center Back,1
3857282,3488,907,1,Goalkeeper,1
3857282,3517,907,10,Right Center Midfield,1
3857282,3839,907,17,,0
3857282,3853,907,13,Left Center Forward,0
3857282,4584,907,21,,0
3857282,4767,907,5,Right Center Back,1
3857282,4774,907,14,Right Wing Back,1
3857282,4934,907,15,Center Defensive Midfield,1
3857282,6399,907,11,Right Center Forward,1
3857282,9540,907,8,Left Center Midfield,1
3857282,9914,907,12,,0
3857282,10928,907,2,,0
3857282,10931,907,7,,0
3857282,10932,907,18,,0
3857282,11250,907,6,Center Back,1
3857282,11252,907,20,Left Center Forward,1
3857282,12014,907,19,,0
3857282,21446,907,26,,0
3857282,22074,907,16,Left Defensive Midfield,0
3857282,29377,907,9,Left Wing Back,0
3857282,33121,907,24,,0
3857282,33144,907,23,,0
3857282,34794,907,3,Left Wing Back,1
3857282,50528,907,22,Left Midfield,0
3857282,82257,907,25,,0
3857282,3377,1839,21,Right Wing,1
3857282,3658,1839,22,Right Back,0
3857282,4614,1839,5,Left Back,1
3857282,6806,1839,18,,0
3857282,8246,1839,10,Left Wing,1
3857282,8526,1839,8,Right Center Midfield,1
3857282,12352,1839,1,Goalkeeper,1
3857282,12524,1839,3,Right Center Back,1
3857282,12746,1839,25,,0
3857282,12751,1839,4,Center Defensive Midfield,1
3857282,12757,1839,15,,0
3857282,13035,1839,23,Left Center Midfield,0
3857282,13442,1839,17,,0
3857282,15971,1839,20,,0
3857282,18242,1839,13,Left Center Back,1
3857282,21201,1839,12,,0
3857282,21881,1839,2,Right Back,1
3857282,22008,1839,19,Center Forward,0
3857282,22168,1839,24,Center Forward,1
3857282,22433,1839,9,,0
3857282,23789,1839,16,Right Wing,0
3857282,24243,1839,11,Right Center Midfield,0
3857282,33274,1839,14,,0
3857282,34339,1839,7,,0
3857282,36830,1839,26,,0
3857282,38792,1839,6,Left Center Midfield,1
3857297,3034,789,15,Right Center Back,1
3857297,3637,789,10,Left Defensive Midfield,1
3857297,4626,789,5,,0
3857297,4664,789,19,,0
3857297,4682,789,25,,0
3857297,4685,789,3,,0
3857297,4734,789,2,Right Back,1
3857297,5660,789,20,Right Midfield,1
3857297,5665,789,7,Right Center Forward,1
3857297,5667,789,11,,0
3857297,5668,789,9,Left Center Forward,1
3857297,5669,789,1,Goalkeeper,1
3857297,5673,789,18,Left Back,1
3857297,7979,789,24,Left Midfield,1
3857297,8021,789,17,,0
3857297,8704,789,4,,0
3857297,8714,789,8,,0
3857297,8836,789,16,,0
3857297,11508,789,12,,0
3857297,11737,789,6,Right Defensive Midfield,1
3857297,12493,789,23,Left Center Forward,0
3857297,24413,789,22,,0
3857297,28453,789,26,,0
3857297,31955,789,13,Center Attacking Midfield,0
3857297,44166,789,14,Left Center Back,1
3857297,50502,789,21,,0
3857297,5173,799,14,,0
3857297,5187,799,10,Left Wing,1
3857297,5188,799,19,Center Attacking Midfield,0
3857297,5191,799,6,Left Back,1
3857297,5713,799,23,Right Defensive Midfield,1
3857297,5714,799,21,Goalkeeper,1
3857297,5715,799,5,Left Center Back,1
3857297,51094,799,4,Right Center Back,1
3857297,51096,799,15,,0
3857297,51099,799,9,Right Wing,1
3857297,51103,799,3,,0
3857297,51469,799,11,Center Forward,1
3857297,51546,799,17,,0
3857297,51632,799,16,Center Attacking Midfield,1
3857297,51663,799,1,,0
3857297,51705,799,20,Left Defensive Midfield,0
3857297,51710,799,12,Right Back,1
3857297,54144,799,18,Center Attacking Midfield,0
3857297,54149,799,22,,0
3857297,56755,799,8,Left Defensive Midfield,1
3857297,57620,799,2,Right Back,0
3857297,74623,799,24,Center Forward,0
3857297,121539,799,25,,0
3857294,2988,941,10,Left Center Forward,1
3857294,3264,941,18,Left Center Forward,0
3857294,3306,941,5,Left Center Back,1
3857294,3311,941,17,Left Wing Back,1
3857294,3669,941,4,Center Back,1
3857294,4318,941,14,Center Attacking Midfield,1
3857294,6994,941,15,Right Defensive Midfield,1
3857294,7745,941,11,Center Attacking Midfield,0
3857294,7787,941,6,,0
3857294,7829,941,19,Right Center Forward,0
3857294,7838,941,1,,0
3857294,7891,941,20,Right Defensive Midfield,0
3857294,8069,941,3,,0
3857294,8118,941,21,Left Defensive Midfield,1
3857294,8124,941,16,,0
3857294,8125,941,22,Right Wing Back,1
3857294,8259,941,7,,0
3857294,8326,941,23,Goalkeeper,1
3857294,16185,941,13,,0
3857294,20033,941,9,,0
3857294,20750,941,8,Right Center Forward,1
3857294,21547,941,12,,0
3857294,21809,941,2,Right Center Back,1
3857294,21879,941,24,Left Defensive Midfield,0
3857294,32712,941,26,,0
3857294,39167,941,25,,0
3857294,40784,3566,11,Left Center Forward,1
3857294,124488,3566,10,Right Center Midfield,1
3857294,124490,3566,7,Right Center Midfield,0
3857294,124492,3566,12,Center Defensive Midfield,0
3857294,124493,3566,16,Center Back,1
3857294,124494,3566,3,Left Center Back,1
3857294,124495,3566,19,Right Center Forward,1
3857294,124496,3566,1,,0
3857294,124500,3566,23,Center Defensive Midfield,1
3857294,124503,3566,15,,0
3857294,124504,3566,5,,0
3857294,124506,3566,2,Right Center Back,1
3857294,124510,3566,22,Goalkeeper,1
3857294,124512,3566,13,Right Wing Back,0
3857294,124514,3566,6,Left Center Midfield,1
3857294,124526,3566,20,,0
3857294,124899,3566,17,Right Wing Back,1
3857294,124900,3566,14,Left Wing Back,1
3857294,124901,3566,9,Right Center Forward,0
3857294,124909,3566,4,,0
3857294,126962,3566,25,,0
3857294,130272,3566,21,,0
3857294,146267,3566,18,,0
3857294,149463,3566,8,Left Center Midfield,0
3857294,150429,3566,26,,0
3857294,157455,3566,24,,0
3857266,2972,771,26,Center Forward,0
3857266,3009,771,10,Left Wing,1
3857266,3026,771,14,Left Defensive Midfield,1
3857266,3099,771,1,Goalkeeper,1
3857266,3379,771,23,,0
3857266,3543,771,16,,0
3857266,3604,771,9,Center Forward,1
3857266,4445,771,5,Right Back,1
3857266,5476,771,2,,0
3857266,5477,771,11,Right Wing,1
3857266,5485,771,4,Right Center Back,1
3857266,5487,771,7,Center Attacking Midfield,1
3857266,6704,771,22,Left Back,1
3857266,7153,771,15,,0
3857266,7345,771,6,,0
3857266,7439,771,3,,0
3857266,8217,771,20,Right Wing,0
3857266,8519,771,18,Left Center Back,1
3857266,10481,771,8,Right Defensive Midfield,1
3857266,11135,771,24,Right Center Back,0
3857266,11990,771,13,Center Attacking Midfield,0
3857266,17592,771,17,,0
3857266,22097,771,12,,0
3857266,24778,771,25,,0
3857266,3043,776,10,Left Defensive Midfield,1
3857266,3570,776,23,Right Defensive Midfield,1
3857266,3815,776,1,Goalkeeper,1
3857266,3959,776,6,Center Back,1
3857266,4447,776,9,Center Forward,0
3857266,5524,776,17,,0
3857266,5534,776,4,,0
3857266,5536,776,20,,0
3857266,5732,776,21,Center Forward,1
3857266,6302,776,12,Left Wing,0
3857266,6797,776,18,,0
3857266,7097,776,15,Right Wing,0
3857266,8247,776,2,Right Center Back,1
3857266,12420,776,22,,0
3857266,16190,776,13,Right Wing Back,1
3857266,16294,776,24,,0
3857266,16554,776,5,Left Wing Back,1
3857266,17042,776,11,,0
3857266,17043,776,3,Left Center Back,1
3857266,18722,776,7,,0
3857266,21261,776,19,,0
3857266,24443,776,14,Left Wing,1
3857266,24547,776,26,Right Wing Back,0
3857266,27038,776,16,,0
3857266,27569,776,25,Right Wing,1
3857284,3053,770,19,,0
3857284,3167,770,2,Right Center Back,1
3857284,4440,770,12,,0
3857284,5555,770,17,,0
3857284,5562,770,13,Center Attacking Midfield,1
3857284,5570,770,1,Goalkeeper,1
3857284,5579,770,6,Right Defensive Midfield,1
3857284,6322,770,15,Right Back,1
3857284,6324,770,8,Left Defensive Midfield,0
3857284,8227,770,11,Center Attacking Midfield,0
3857284,8400,770,10,Right Wing,1
3857284,8507,770,16,,0
3857284,8511,770,5,,0
3857284,8546,770,9,Center Forward,0
3857284,8804,770,18,Center Attacking Midfield,0
3857284,8808,770,4,,0
3857284,8945,770,20,,0
3857284,8966,770,7,Center Forward,1
3857284,10287,770,21,Left Defensive Midfield,1
3857284,12034,770,3,Left Back,1
3857284,20055,770,22,,0
3857284,24118,770,23,Left Center Back,1
3857284,24916,770,25,,0
3857284,35609,770,24,,0
3857284,38837,770,26,Left Wing,0
3857284,39565,770,14,Left Wing,1
3857284,3175,778,1,,0
3857284,3300,778,22,Left Center Back,1
3857284,3530,778,19,Right Back,1
3857284,5690,778,5,Left Back,1
3857284,5693,778,7,,0
3857284,8361,778,8,Left Defensive Midfield,0
3857284,8776,778,10,Right Wing Back,0
3857284,8949,778,18,Center Forward,0
3857284,9411,778,15,Center Attacking Midfield,1
3857284,23527,778,14,Right Wing,1
3857284,23721,778,6,Right Defensive Midfield,1
3857284,23730,778,16,Left Center Back,0
3857284,25719,778,12,Goalkeeper,1
3857284,29366,778,23,,0
3857284,29595,778,4,Right Center Back,1
3857284,30628,778,25,Center Forward,1
3857284,31090,778,11,Left Wing,1
3857284,37122,778,24,,0
3857284,37208,778,17,Left Defensive Midfield,1
3857284,37209,778,2,,0
3857284,37211,778,9,Left Wing Back,0
3857284,37215,778,3,,0
3857284,37221,778,13,,0
3857284,38285,778,21,,0
3857284,95272,778,26,,0
3857284,100436,778,20,,0
3857254,3043,776,10,Left Center Midfield,1
3857254,3570,776,23,Right Center Midfield,1
3857254,3815,776,1,Goalkeeper,1
3857254,3959,776,6,Left Center Back,1
3857254,4447,776,9,,0
3857254,5524,776,17,,0
3857254,5527,776,8,Center Defensive Midfield,1
3857254,5534,776,4,Center Back,1
3857254,5536,776,20,,0
3857254,5732,776,21,Center Forward,0
3857254,6302,776,12,Left Center Forward,1
3857254,6797,776,18,,0
3857254,7097,776,15,,0
3857254,8247,776,2,Right Center Back,1
3857254,12420,776,22,,0
3857254,16190,776,13,Right Wing Back,1
3857254,16294,776,24,,0
3857254,16554,776,5,Left Wing Back,1
3857254,17042,776,11,Right Center Forward,1
3857254,17043,776,3,,0
3857254,18722,776,7,Center Back,0
3857254,21261,776,19,,0
3857254,24443,776,14,Center Defensive Midfield,0
3857254,24547,776,26,,0
3857254,27038,776,16,,0
3857254,27569,776,25,Right Attacking Midfield,0
3857254,3196,777,10,,0
3857254,3557,777,23,Right Wing,0
3857254,3767,777,17,Right Defensive Midfield,1
3857254,5647,777,12,,0
3857254,5650,777,13,Left Defensive Midfield,0
3857254,5651,777,4,Center Back,1
3857254,5653,777,26,,0
3857254,5655,777,6,Right Center Back,1
3857254,6342,777,1,,0
3857254,6347,777,18,,0
3857254,9236,777,20,Right Wing Back,1
3857254,16352,777,9,Center Forward,1
3857254,23910,777,7,Left Wing,1
3857254,25582,777,5,,0
3857254,30681,777,24,Left Wing Back,1
3857254,32450,777,3,Left Center Back,1
3857254,35592,777,25,Right Wing,1
3857254,44955,777,14,Left Defensive Midfield,1
3857254,50988,777,8,Left Wing,0
3857254,68749,777,19,,0
3857254,102816,777,15,,0
3857254,105943,777,16,Goalkeeper,1
3857254,105944,777,21,Right Wing Back,0
3857254,128793,777,11,Center Forward,0
3857254,136296,777,22,,0
3857254,163049,777,2,,0
3857265,3034,789,15,Right Center Back,1
3857265,3637,789,10,Center Defensive Midfield,1
3857265,4626,789,5,,0
3857265,4664,789,19,Left Center Midfield,1
3857265,4682,789,25,,0
3857265,4685,789,3,,0
3857265,4734,789,2,Right Back,1
3857265,5660,789,20,Right Center Midfield,1
3857265,5665,789,7,Center Attacking Midfield,0
3857265,5667,789,11,,0
3857265,5668,789,9,Center Forward,1
3857265,5669,789,1,Goalkeeper,1
3857265,5673,789,18,Left Back,1
3857265,7979,789,24,Left Midfield,0
3857265,8021,789,17,,0
3857265,8704,789,4,,0
3857265,8714,789,8,,0
3857265,8836,789,16,,0
3857265,11508,789,12,,0
3857265,11737,789,6,Left Defensive Midfield,0
3857265,12493,789,23,,0
3857265,24413,789,22,,0
3857265,28453,789,26,,0
3857265,31955,789,13,Right Midfield,1
3857265,44166,789,14,Left Center Back,1
3857265,50502,789,21,Left Midfield,1
3857265,5563,794,18,,0
3857265,5567,794,4,Center Defensive Midfield,1
3857265,5568,794,9,Center Forward,0
3857265,5571,794,22,Right Wing,1
3857265,5573,794,15,Left Center Back,1
3857265,5575,794,16,Right Center Midfield,1
3857265,5576,794,23,Left Back,1
3857265,5577,794,13,Goalkeeper,1
3857265,11388,794,2,,0
3857265,15452,794,21,Left Wing,0
3857265,15872,794,14,,0
3857265,26280,794,17,,0
3857265,26297,794,8,Right Center Midfield,0
3857265,26301,794,10,Left Wing,1
3857265,26318,794,11,,0
3857265,26336,794,5,,0
3857265,26368,794,3,Right Center Back,1
3857265,26375,794,25,,0
3857265,26386,794,7,,0
3857265,26389,794,1,,0
3857265,26400,794,20,Center Forward,1
3857265,26406,794,19,Right Back,1
3857265,27896,794,6,,0
3857265,28522,794,12,,0
3857265,28825,794,24,Left Center Midfield,1
3857265,30500,794,26,,0
3857301,2941,787,18,Right Wing,1
3857301,3404,787,21,Right Back,1
3857301,3436,787,5,Left Defensive Midfield,1
3857301,3675,787,12,,0
3857301,3684,787,8,,0
3857301,4506,787,6,Right Defensive Midfield,1
3857301,5675,787,3,Right Center Back,1
3857301,7379,787,16,Goalkeeper,1
3857301,8553,787,22,Left Center Back,1
3857301,8870,787,23,,0
3857301,10603,787,25,,0
3857301,13314,787,19,Center Forward,1
3857301,15970,787,4,Left Back,0
3857301,17456,787,1,,0
3857301,20611,787,9,Center Attacking Midfield,1
3857301,20758,787,15,Left Wing,1
3857301,21026,787,26,,0
3857301,31751,787,11,Left Wing,0
3857301,32915,787,14,Left Back,1
3857301,34893,787,24,,0
3857301,39595,787,2,,0
3857301,50497,787,7,,0
3857301,50498,787,17,Right Center Midfield,0
3857301,80484,787,13,Left Wing,0
3857301,88123,787,20,Center Forward,0
3857301,312414,787,10,,0
3857301,40784,3566,11,Left Center Forward,1
3857301,124488,3566,10,Left Center Midfield,1
3857301,124490,3566,7,,0
3857301,124492,3566,12,Right Center Midfield,1
3857301,124493,3566,16,Center Back,1
3857301,124494,3566,3,Left Center Back,1
3857301,124495,3566,19,Right Center Forward,1
3857301,124496,3566,1,,0
3857301,124500,3566,23,Center Defensive Midfield,1
3857301,124504,3566,5,Left Wing Back,0
3857301,124506,3566,2,Right Center Back,1
3857301,124510,3566,22,Goalkeeper,1
3857301,124512,3566,13,,0
3857301,124514,3566,6,Right Center Midfield,0
3857301,124526,3566,20,,0
3857301,124899,3566,17,Right Wing Back,1
3857301,124900,3566,14,Left Wing Back,1
3857301,124901,3566,9,Left Center Midfield,0
3857301,124909,3566,4,Right Center Back,0
3857301,126962,3566,25,,0
3857301,130272,3566,21,,0
3857301,146267,3566,18,,0
3857301,149463,3566,8,,0
3857301,150429,3566,26,,0
3857301,157455,3566,24,,0
3857268,2954,782,8,Right Defensive Midfield,1
3857268,3077,782,5,Left Center Back,1
3857268,3089,782,7,Right Attacking Midfield,1
3857268,3176,782,15,Left Wing Back,0
3857268,3289,782,9,,0
3857268,3457,782,23,Center Forward,1
3857268,3509,782,1,Goalkeeper,1
3857268,3539,782,12,,0
3857268,3621,782,10,Left Attacking Midfield,1
3857268,5630,782,14,,0
3857268,5632,782,16,,0
3857268,5633,782,11,Left Wing Back,1
3857268,5642,782,6,Left Defensive Midfield,1
3857268,6331,782,19,Right Center Back,1
3857268,6989,782,21,Right Wing Back,1
3857268,8240,782,13,,0
3857268,8854,782,4,,0
3857268,16275,782,24,Center Forward,0
3857268,16281,782,20,,0
3857268,16559,782,17,Left Attacking Midfield,0
3857268,20005,782,2,Center Back,1
3857268,23650,782,25,,0
3857268,32688,782,22,,0
3857268,43913,782,3,,0
3857268,48347,782,18,Right Defensive Midfield,0
3857268,114832,782,26,,0
3857268,4106,1833,12,,0
3857268,9036,1833,24,,0
3857268,9922,1833,10,Left Attacking Midfield,1
3857268,11187,1833,7,Left Defensive Midfield,1
3857268,11846,1833,5,Center Back,1
3857268,12365,1833,19,Left Wing Back,1
3857268,12770,1833,21,Left Defensive Midfield,0
3857268,12779,1833,6,,0
3857268,13885,1833,8,,0
3857268,15958,1833,18,Goalkeeper,1
3857268,16120,1833,22,Right Wing Back,1
3857268,16252,1833,14,,0
3857268,16459,1833,17,Left Attacking Midfield,0
3857268,23363,1833,23,Right Wing Back,0
3857268,23640,1833,20,Center Forward,1
3857268,23760,1833,25,,0
3857268,23828,1833,4,Left Center Back,1
3857268,24024,1833,11,Right Attacking Midfield,1
3857268,26348,1833,9,,0
3857268,29758,1833,3,Right Wing Back,0
3857268,31684,1833,13,Right Defensive Midfield,1
3857268,35707,1833,26,,0
3857268,36794,1833,1,,0
3857268,44703,1833,2,Right Center Back,1
3857268,49259,1833,16,,0
3857268,133229,1833,15,Right Defensive Midfield,0
3857269,3063,781,2,,0
3857269,3067,781,23,,0
3857269,3202,781,18,Center Forward,0
3857269,3247,781,15,,0
3857269,3280,781,9,Center Forward,1
3857269,3295,781,3,Left Center Back,1
3857269,4324,781,13,,0
3857269,4372,781,4,Right Center Back,1
3857269,5539,781,5,Center Defensive Midfield,1
3857269,5547,781,1,Goalkeeper,1
3857269,6945,781,6,Left Back,1
3857269,9904,781,8,Right Center Midfield,1
3857269,10595,781,11,Right Wing,1
3857269,11183,781,16,Left Back,0
3857269,11493,781,24,,0
3857269,13620,781,14,Right Back,1
3857269,18395,781,20,Left Wing,1
3857269,22600,781,7,Left Center Midfield,1
3857269,25101,781,12,,0
3857269,25104,781,21,Center Attacking Midfield,0
3857269,25142,781,17,Right Defensive Midfield,0
3857269,25154,781,22,,0
3857269,25305,781,25,,0
3857269,25363,781,19,Right Midfield,0
3857269,29976,781,26,,0
3857269,3500,773,10,Left Defensive Midfield,1
3857269,3533,773,23,,0
3857269,3913,773,2,Left Wing,0
3857269,5537,773,22,,0
3857269,5538,773,6,,0
3857269,5543,773,9,Center Forward,0
3857269,5544,773,13,Left Back,1
3857269,5545,773,7,Center Forward,1
3857269,5549,773,5,Right Center Back,1
3857269,5550,773,1,Goalkeeper,1
3857269,6983,773,8,Right Defensive Midfield,1
3857269,7796,773,3,Right Back,1
3857269,8561,773,20,Right Back,0
3857269,8814,773,4,Left Center Back,1
3857269,12326,773,11,Right Wing,0
3857269,16016,773,14,Center Attacking Midfield,0
3857269,16022,773,16,,0
3857269,16026,773,15,Center Attacking Midfield,1
3857269,17974,773,21,,0
3857269,29003,773,12,,0
3857269,29012,773,18,,0
3857269,30401,773,17,Left Wing,1
3857269,41655,773,26,,0
3857269,46313,773,24,,0
3857269,50436,773,25,Right Wing,1
3869321,2988,941,10,Left Center Forward,1
3869321,3264,941,18,,0
3869321,3306,941,5,Left Center Back,1
3869321,3311,941,17,Left Wing Back,1
3869321,3669,941,4,Center Back,1
3869321,4318,941,14,,0
3869321,6994,941,15,Right Defensive Midfield,1
3869321,7745,941,11,Center Attacking Midfield,0
3869321,7787,941,6,,0
3869321,7829,941,19,Center Attacking Midfield,0
3869321,7838,941,1,,0
3869321,7891,941,20,Right Defensive Midfield,0
3869321,8069,941,3,,0
3869321,8118,941,21,Left Defensive Midfield,1
3869321,8124,941,16,,0
3869321,8125,941,22,Right Wing Back,1
3869321,8259,941,7,Right Center Forward,1
3869321,8326,941,23,Goalkeeper,1
3869321,16185,941,13,,0
3869321,20033,941,9,Left Wing Back,0
3869321,20750,941,8,Center Attacking Midfield,1
3869321,21547,941,12,Left Midfield,0
3869321,21809,941,2,Right Center Back,1
3869321,21879,941,24,,0
3869321,32712,941,26,,0
3869321,39167,941,25,,0
3869321,2995,779,11,Left Center Back,0
3869321,3090,779,19,Center Back,1
3869321,5503,779,10,Right Center Forward,1
3869321,5507,779,3,Left Back,0
3869321,5743,779,21,,0
3869321,6312,779,1,,0
3869321,6377,779,15,,0
3869321,6694,779,12,,0
3869321,6909,779,23,Goalkeeper,1
3869321,7006,779,17,,0
3869321,7161,779,6,Right Center Back,0
3869321,7797,779,7,Right Center Midfield,1
3869321,11456,779,22,Left Wing,0
3869321,16308,779,5,Center Defensive Midfield,0
3869321,19597,779,8,Left Wing Back,1
3869321,20572,779,13,Right Center Back,1
3869321,21081,779,2,,0
3869321,26404,779,18,,0
3869321,27768,779,25,Left Center Back,1
3869321,27886,779,20,Left Center Midfield,1
3869321,28263,779,4,Right Wing Back,0
3869321,28268,779,14,,0
3869321,28637,779,16,,0
3869321,29201,779,26,Right Wing Back,1
3869321,29560,779,9,Left Center Forward,1
3869321,38718,779,24,Center Defensive Midfield,1
3857292,3053,770,19,Right Wing,1
3857292,3167,770,2,Left Center Back,1
3857292,4440,770,12,,0
3857292,5555,770,17,,0
3857292,5562,770,13,Center Forward,1
3857292,5570,770,1,Goalkeeper,1
3857292,5579,770,6,Right Back,1
3857292,6322,770,15,Right Center Back,1
3857292,6324,770,8,Right Defensive Midfield,1
3857292,8227,770,11,Left Back,0
3857292,8400,770,10,Left Wing,1
3857292,8507,770,16,Right Back,0
3857292,8511,770,5,,0
3857292,8546,770,9,Left Defensive Midfield,0
3857292,8804,770,18,,0
3857292,8808,770,4,Center Back,0
3857292,8945,770,20,,0
3857292,8966,770,7,Left Center Forward,0
3857292,10287,770,21,Left Defensive Midfield,1
3857292,12034,770,3,Left Back,1
3857292,20055,770,22,,0
3857292,24118,770,23,,0
3857292,24916,770,25,,0
3857292,35609,770,24,,0
3857292,38837,770,26,,0
3857292,39565,770,14,Center Attacking Midfield,1
3857292,5581,795,12,Right Wing,1
3857292,5582,795,5,Right Defensive Midfield,1
3857292,5592,795,10,,0
3857292,5595,795,11,Center Forward,1
3857292,5597,795,1,Goalkeeper,1
3857292,5598,795,6,Center Back,1
3857292,5836,795,8,Left Wing Back,1
3857292,5839,795,17,Left Defensive Midfield,1
3857292,6328,795,19,Right Center Back,1
3857292,15477,795,22,Left Wing,0
3857292,27163,795,3,Left Center Back,1
3857292,97291,795,23,,0
3857292,108340,795,20,Left Wing,1
3857292,130185,795,4,Right Wing Back,1
3857292,130194,795,18,,0
3857292,132271,795,16,,0
3857292,132296,795,7,Left Wing Back,0
3857292,132497,795,13,,0
3857292,132728,795,9,Right Wing,0
3857292,132743,795,21,,0
3857292,132756,795,14,Right Wing Back,0
3857292,132772,795,2,,0
3857292,135271,795,24,Left Defensive Midfield,0
3857292,184468,795,26,,0
3857292,283799,795,25,,0
3857295,3175,778,1,,0
3857295,3300,778,22,Left Center Back,1
3857295,3530,778,19,,0
3857295,5690,778,5,Left Back,1
3857295,5693,778,7,,0
3857295,8361,778,8,Right Midfield,1
3857295,8776,778,10,Right Wing Back,0
3857295,8949,778,18,Center Forward,0
3857295,9411,778,15,Left Center Forward,1
3857295,23527,778,14,Right Wing,0
3857295,23721,778,6,Right Defensive Midfield,1
3857295,23730,778,16,,0
3857295,25719,778,12,Goalkeeper,1
3857295,29366,778,23,,0
3857295,29595,778,4,Right Center Back,1
3857295,30628,778,25,,0
3857295,31090,778,11,,0
3857295,37122,778,24,Left Midfield,1
3857295,37208,778,17,,0
3857295,37209,778,2,Right Back,1
3857295,37211,778,9,Right Wing Back,0
3857295,37215,778,3,,0
3857295,37221,778,13,Left Defensive Midfield,1
3857295,38285,778,21,Right Center Forward,1
3857295,95272,778,26,Left Center Back,0
3857295,100436,778,20,,0
3857295,5581,795,12,Left Wing,1
3857295,5582,795,5,Right Defensive Midfield,1
3857295,5592,795,10,,0
3857295,5595,795,11,,0
3857295,5597,795,1,Goalkeeper,1
3857295,5598,795,6,Right Center Back,1
3857295,5600,795,15,Left Center Back,1
3857295,5836,795,8,Left Wing Back,1
3857295,5839,795,17,Left Defensive Midfield,1
3857295,6328,795,19,Center Back,1
3857295,15477,795,22,,0
3857295,27163,795,3,,0
3857295,97291,795,23,,0
3857295,108340,795,20,Right Wing,0
3857295,130185,795,4,Right Wing Back,1
3857295,130194,795,18,,0
3857295,132271,795,16,,0
3857295,132296,795,7,Center Forward,1
3857295,132497,795,13,Right Wing,1
3857295,132728,795,9,Center Forward,0
3857295,132743,795,21,,0
3857295,132756,795,14,Right Defensive Midfield,0
3857295,132772,795,2,Center Forward,0
3857295,135271,795,24,,0
3857295,184468,795,26,,0
3857295,283799,795,25,,0
3869685,2972,771,26,Center Forward,0
3869685,3009,771,10,Left Wing,1
3869685,3026,771,14,Left Defensive Midfield,1
3869685,3099,771,1,Goalkeeper,1
3869685,3379,771,23,,0
3869685,3543,771,16,,0
3869685,3604,771,9,Center Forward,1
3869685,4445,771,5,Right Back,1
3869685,5476,771,2,,0
3869685,5477,771,11,Right Wing,1
3869685,5485,771,4,Right Center Back,1
3869685,5487,771,7,Center Attacking Midfield,1
3869685,6704,771,22,Left Back,1
3869685,7153,771,15,,0
3869685,7345,771,6,,0
3869685,7439,771,3,Right Back,0
3869685,8217,771,20,Center Attacking Midfield,0
3869685,8519,771,18,Left Center Back,1
3869685,10481,771,8,Right Defensive Midfield,1
3869685,11135,771,24,Right Center Back,0
3869685,11990,771,13,Left Defensive Midfield,0
3869685,17592,771,17,,0
3869685,22097,771,12,Right Wing,0
3869685,24778,771,25,Left Back,0
3869685,2995,779,11,Left Wing,1
3869685,3090,779,19,Left Center Back,1
3869685,5503,779,10,Right Wing,1
3869685,5507,779,3,Left Back,1
3869685,5743,779,21,Left Wing Back,0
3869685,6312,779,1,,0
3869685,6377,779,15,,0
3869685,6694,779,12,,0
3869685,6909,779,23,Goalkeeper,1
3869685,7006,779,17,,0
3869685,7161,779,6,Left Center Midfield,0
3869685,7797,779,7,Right Center Midfield,1
3869685,11456,779,22,Center Forward,0
3869685,16308,779,5,Right Center Midfield,0
3869685,19597,779,8,Left Wing,0
3869685,20572,779,13,Right Center Back,1
3869685,21081,779,2,,0
3869685,26404,779,18,,0
3869685,27768,779,25,,0
3869685,27886,779,20,Left Center Midfield,1
3869685,28263,779,4,Right Back,0
3869685,28268,779,14,,0
3869685,28637,779,16,,0
3869685,29201,779,26,Right Back,1
3869685,29560,779,9,Center Forward,1
3869685,38718,779,24,Center Defensive Midfield,1
3869684,3441,785,13,Right Wing,0
3869684,3471,785,6,,0
3869684,5456,785,8,Left Defensive Midfield,1
3869684,5460,785,9,Center Attacking Midfield,1
3869684,5463,785,10,Right Defensive Midfield,1
3869684,5468,785,21,,0
3869684,5469,785,11,,0
3869684,5474,785,4,Left Back,1
3869684,7693,785,16,Center Forward,0
3869684,8654,785,17,,0
3869684,11127,785,3,,0
3869684,11603,785,15,Center Attacking Midfield,0
3869684,12625,785,19,,0
3869684,16527,785,18,Left Wing,1
3869684,16531,785,1,Goalkeeper,1
3869684,22041,785,14,Center Forward,1
3869684,28835,785,23,,0
3869684,28914,785,7,Right Wing,1
3869684,29163,785,22,,0
3869684,29342,785,12,,0
3869684,32602,785,26,Left Wing,0
3869684,32689,785,5,,0
3869684,33018,785,20,Left Center Back,1
3869684,37148,785,24,Right Center Back,1
3869684,39490,785,25,,0
3869684,49337,785,2,Right Back,1
3869684,3625,788,17,Left Wing,1
3869684,3634,788,11,Left Center Midfield,1
3869684,5219,788,6,,0
3869684,5233,788,12,,0
3869684,5234,788,4,Center Defensive Midfield,1
3869684,5237,788,7,Right Wing,1
3869684,5245,788,2,Right Back,1
3869684,6301,788,19,Center Forward,1
3869684,6785,788,1,Goalkeeper,1
3869684,7459,788,18,Right Center Back,1
3869684,12149,788,5,,0
3869684,21214,788,13,Right Wing,0
3869684,21736,788,14,,0
3869684,23774,788,15,Right Center Back,0
3869684,31295,788,25,Left Back,1
3869684,46258,788,8,Left Center Midfield,0
3869684,59493,788,9,,0
3869684,67700,788,24,Left Center Back,0
3869684,102668,788,26,,0
3869684,131037,788,10,Left Wing,0
3869684,139011,788,22,,0
3869684,139016,788,20,Left Center Back,1
3869684,149714,788,16,,0
3869684,156734,788,23,Right Center Midfield,1
3869684,296254,788,21,,0
3857256,3500,773,10,Left Defensive Midfield,1
3857256,3533,773,23,Right Wing,1
3857256,3913,773,2,Center Attacking Midfield,0
3857256,5537,773,22,Right Center Back,1
3857256,5538,773,6,Right Wing,0
3857256,5543,773,9,,0
3857256,5544,773,13,Left Back,1
3857256,5545,773,7,Center Forward,1
3857256,5549,773,5,Left Center Back,1
3857256,6983,773,8,Right Defensive Midfield,1
3857256,7796,773,3,Right Back,1
3857256,8561,773,20,,0
3857256,12326,773,11,,0
3857256,16016,773,14,,0
3857256,16022,773,16,Left Wing,0
3857256,16026,773,15,Center Attacking Midfield,1
3857256,17974,773,21,Goalkeeper,1
3857256,29003,773,12,,0
3857256,29006,773,19,Center Forward,0
3857256,29012,773,18,,0
3857256,30401,773,17,Left Wing,1
3857256,41655,773,26,,0
3857256,50436,773,25,,0
3857256,3512,786,26,,0
3857256,3831,786,10,Center Attacking Midfield,1
3857256,4269,786,9,Left Center Forward,1
3857256,5589,786,20,Left Defensive Midfield,1
3857256,5591,786,17,Left Wing Back,1
3857256,5603,786,4,Right Center Back,1
3857256,5833,786,7,Right Wing Back,0
3857256,6318,786,14,Right Wing Back,1
3857256,6319,786,11,Right Center Forward,0
3857256,6321,786,5,Center Back,1
3857256,6687,786,16,Right Defensive Midfield,1
3857256,6698,786,1,,0
3857256,6901,786,6,Left Defensive Midfield,0
3857256,7117,786,21,Center Attacking Midfield,0
3857256,7145,786,22,,0
3857256,7993,786,25,,0
3857256,10477,786,13,,0
3857256,15731,786,12,,0
3857256,16489,786,8,Center Back,0
3857256,18015,786,18,Right Center Forward,1
3857256,18737,786,15,,0
3857256,20600,786,23,Goalkeeper,1
3857256,24267,786,19,,0
3857256,27719,786,2,Left Center Back,1
3857256,30179,786,24,,0
3857256,43666,786,3,,0
3869151,2995,779,11,,0
3869151,3090,779,19,Left Center Back,1
3869151,5503,779,10,Center Forward,1
3869151,5507,779,3,Left Wing Back,0
3869151,5743,779,21,,0
3869151,6312,779,1,,0
3869151,6377,779,15,,0
3869151,6694,779,12,,0
3869151,6909,779,23,Goalkeeper,1
3869151,7006,779,17,Left Wing,1
3869151,7161,779,6,,0
3869151,7797,779,7,Right Center Midfield,1
3869151,11456,779,22,Left Center Forward,0
3869151,16308,779,5,,0
3869151,19597,779,8,Left Back,1
3869151,20572,779,13,Right Center Back,1
3869151,21081,779,2,,0
3869151,26404,779,18,,0
3869151,27768,779,25,Right Midfield,0
3869151,27886,779,20,Left Center Midfield,1
3869151,28263,779,4,Left Center Midfield,0
3869151,28268,779,14,Right Wing Back,0
3869151,28637,779,16,,0
3869151,29201,779,26,Right Back,1
3869151,29560,779,9,Right Wing,1
3869151,38718,779,24,Center Defensive Midfield,1
3869151,3240,792,1,Goalkeeper,1
3869151,3281,792,13,Left Defensive Midfield,1
3869151,5479,792,16,Left Back,1
3869151,5481,792,7,Right Midfield,1
3869151,5490,792,22,Left Center Forward,1
3869151,8346,792,23,Left Wing,0
3869151,8859,792,10,Right Defensive Midfield,0
3869151,9430,792,25,,0
3869151,9980,792,9,Left Center Forward,0
3869151,15957,792,2,Right Back,1
3869151,16549,792,18,,0
3869151,22293,792,19,Right Center Back,1
3869151,22371,792,8,,0
3869151,24475,792,11,,0
3869151,28370,792,5,Right Back,0
3869151,33446,792,20,,0
3869151,33465,792,24,,0
3869151,33477,792,14,Left Midfield,1
3869151,33488,792,26,Right Defensive Midfield,1
3869151,33492,792,15,Right Center Forward,1
3869151,33495,792,4,Left Center Back,1
3869151,33502,792,17,,0
3869151,33564,792,12,,0
3869151,33572,792,3,,0
3869151,36158,792,6,,0
3869151,227697,792,21,Right Center Forward,0
3857257,3043,776,10,Left Center Midfield,1
3857257,3570,776,23,Center Defensive Midfield,1
3857257,3815,776,1,Goalkeeper,1
3857257,3959,776,6,Left Center Back,1
3857257,4447,776,9,Center Forward,1
3857257,5524,776,17,,0
3857257,5534,776,4,,0
3857257,5536,776,20,,0
3857257,5732,776,21,Right Center Forward,0
3857257,6302,776,12,Center Forward,0
3857257,6797,776,18,,0
3857257,7097,776,15,,0
3857257,8247,776,2,Right Center Back,1
3857257,12420,776,22,,0
3857257,16190,776,13,Right Back,1
3857257,16294,776,24,Right Wing,0
3857257,16554,776,5,Left Back,1
3857257,17042,776,11,Right Wing,1
3857257,17043,776,3,,0
3857257,18722,776,7,Right Center Midfield,1
3857257,21261,776,19,,0
3857257,24443,776,14,Right Center Midfield,0
3857257,24547,776,26,Right Back,0
3857257,27038,776,16,,0
3857257,27569,776,25,Left Wing,1
3857257,3240,792,1,Goalkeeper,1
3857257,3281,792,13,Right Defensive Midfield,1
3857257,5479,792,16,Left Back,1
3857257,5481,792,7,Right Midfield,1
3857257,5490,792,22,Left Defensive Midfield,1
3857257,8346,792,23,Left Midfield,1
3857257,8859,792,10,Left Wing,0
3857257,9430,792,25,,0
3857257,9980,792,9,Center Forward,0
3857257,15957,792,2,Right Back,1
3857257,16549,792,18,,0
3857257,22293,792,19,Right Center Back,1
3857257,22371,792,8,Left Wing,0
3857257,24475,792,11,,0
3857257,28370,792,5,,0
3857257,33446,792,20,,0
3857257,33465,792,24,,0
3857257,33477,792,14,Right Center Forward,1
3857257,33488,792,26,Left Midfield,0
3857257,33492,792,15,Left Center Forward,1
3857257,33495,792,4,Left Center Back,1
3857257,33502,792,17,,0
3857257,33564,792,12,,0
3857257,33572,792,3,,0
3857257,36158,792,6,,0
3857257,227697,792,21,,0
3857258,3063,781,2,Right Back,1
3857258,3067,781,23,,0
3857258,3202,781,18,Center Forward,0
3857258,3247,781,15,,0
3857258,3280,781,9,Center Forward,1
3857258,3295,781,3,Left Center Back,1
3857258,4320,781,10,Center Attacking Midfield,1
3857258,4324,781,13,,0
3857258,4372,781,4,Right Center Back,1
3857258,5539,781,5,Left Defensive Midfield,1
3857258,5547,781,1,Goalkeeper,1
3857258,6945,781,6,Left Back,1
3857258,9904,781,8,Right Defensive Midfield,0
3857258,10595,781,11,Right Wing,1
3857258,11183,781,16,,0
3857258,11493,781,24,,0
3857258,13620,781,14,,0
3857258,18395,781,20,Left Wing,1
3857258,22600,781,7,Right Defensive Midfield,1
3857258,25101,781,12,,0
3857258,25104,781,21,Left Wing,0
3857258,25142,781,17,,0
3857258,25154,781,22,,0
3857258,25305,781,25,,0
3857258,25363,781,19,Center Attacking Midfield,0
3857258,29976,781,26,Right Wing,0
3857258,3512,786,26,,0
3857258,3831,786,10,Right Attacking Midfield,1
3857258,4269,786,9,Center Forward,1
3857258,5589,786,20,Left Attacking Midfield,1
3857258,5591,786,17,,0
3857258,5603,786,4,Right Center Back,1
3857258,5833,786,7,Right Wing Back,0
3857258,6318,786,14,Right Wing Back,1
3857258,6319,786,11,,0
3857258,6321,786,5,Center Back,1
3857258,6687,786,16,Right Defensive Midfield,1
3857258,6698,786,1,,0
3857258,6901,786,6,Left Center Forward,0
3857258,7117,786,21,,0
3857258,7145,786,22,Right Defensive Midfield,0
3857258,7993,786,25,Left Wing Back,1
3857258,10477,786,13,,0
3857258,15731,786,12,,0
3857258,16489,786,8,Left Defensive Midfield,1
3857258,18015,786,18,Left Wing Back,0
3857258,18737,786,15,,0
3857258,20600,786,23,Goalkeeper,1
3857258,24267,786,19,,0
3857258,27719,786,2,Left Center Back,1
3857258,30179,786,24,Left Defensive Midfield,0
3857258,43666,786,3,,0
3857288,3196,777,10,Left Center Midfield,0
3857288,3557,777,23,Right Attacking Midfield,1
3857288,3767,777,17,Right Defensive Midfield,1
3857288,5647,777,12,,0
3857288,5650,777,13,Right Center Midfield,0
3857288,5651,777,4,Center Back,1
3857288,5653,777,26,,0
3857288,5655,777,6,Right Center Back,1
3857288,6342,777,1,,0
3857288,6347,777,18,,0
3857288,9236,777,20,Right Wing Back,1
3857288,16352,777,9,Center Forward,1
3857288,23910,777,7,Left Attacking Midfield,1
3857288,25582,777,5,,0
3857288,30681,777,24,Left Wing Back,1
3857288,32450,777,3,Left Center Back,1
3857288,35592,777,25,,0
3857288,44955,777,14,Left Defensive Midfield,1
3857288,50988,777,8,,0
3857288,68749,777,19,,0
3857288,102816,777,15,,0
3857288,105943,777,16,Goalkeeper,1
3857288,105944,777,21,Right Back,0
3857288,128793,777,11,Center Forward,0
3857288,136296,777,22,,0
3857288,163049,777,2,,0
3857288,3240,792,1,Goalkeeper,1
3857288,3281,792,13,Left Defensive Midfield,1
3857288,5479,792,16,Left Back,1
3857288,5481,792,7,Right Midfield,1
3857288,5490,792,22,Right Defensive Midfield,1
3857288,8346,792,23,Left Midfield,1
3857288,8859,792,10,Left Center Forward,0
3857288,9430,792,25,,0
3857288,9980,792,9,Right Center Forward,0
3857288,15957,792,2,Right Back,0
3857288,16549,792,18,,0
3857288,22293,792,19,Right Center Back,1
3857288,22371,792,8,,0
3857288,24475,792,11,Left Midfield,0
3857288,28370,792,5,Right Back,1
3857288,33446,792,20,,0
3857288,33465,792,24,,0
3857288,33477,792,14,Left Center Forward,1
3857288,33488,792,26,Right Midfield,0
3857288,33492,792,15,Right Center Forward,1
3857288,33495,792,4,Left Center Back,1
3857288,33502,792,17,,0
3857288,33564,792,12,,0
3857288,36158,792,6,,0
3857288,227697,792,21,,0
3857267,2941,787,18,Left Wing,1
3857267,3404,787,21,Right Back,1
3857267,3436,787,5,Center Attacking Midfield,1
3857267,3675,787,12,,0
3857267,3684,787,8,,0
3857267,4506,787,6,Right Defensive Midfield,0
3857267,5675,787,3,Right Center Back,1
3857267,7379,787,16,Goalkeeper,1
3857267,8553,787,22,Left Center Back,1
3857267,8870,787,23,,0
3857267,10603,787,25,,0
3857267,13314,787,19,,0
3857267,15970,787,4,Right Wing,0
3857267,17456,787,1,,0
3857267,20611,787,9,Center Forward,1
3857267,20758,787,15,,0
3857267,21026,787,26,Left Defensive Midfield,1
3857267,31751,787,11,Right Defensive Midfield,1
3857267,32915,787,14,Left Back,1
3857267,34893,787,24,,0
3857267,39595,787,2,,0
3857267,50497,787,7,,0
3857267,50498,787,17,,0
3857267,80484,787,13,Right Wing,1
3857267,88123,787,20,Right Wing,0
3857267,312414,787,10,,0
3857267,12583,3565,8,Center Defensive Midfield,1
3857267,12803,3565,10,,0
3857267,15486,3565,18,,0
3857267,24085,3565,7,Left Back,1
3857267,25083,3565,14,,0
3857267,25352,3565,4,,0
3857267,28511,3565,15,,0
3857267,28559,3565,13,Left Wing,1
3857267,30111,3565,2,Right Center Back,1
3857267,31152,3565,19,Right Wing,1
3857267,32677,3565,22,,0
3857267,34194,3565,9,,0
3857267,34396,3565,11,Center Forward,1
3857267,36148,3565,5,Right Defensive Midfield,0
3857267,37522,3565,1,Goalkeeper,1
3857267,37726,3565,23,Left Center Midfield,1
3857267,37737,3565,17,Right Back,1
3857267,37742,3565,12,,0
3857267,37945,3565,21,Right Center Midfield,1
3857267,38004,3565,3,Left Center Back,1
3857267,40211,3565,16,Left Midfield,0
3857267,41593,3565,6,,0
3857267,51969,3565,25,Right Back,0
3857267,91090,3565,24,Right Center Forward,0
3857267,348757,3565,26,,0
3857287,3083,791,7,Left Wing,1
3857287,3135,791,22,,0
3857287,5604,791,19,Left Center Back,1
3857287,5618,791,5,Left Defensive Midfield,1
3857287,5619,791,21,,0
3857287,5620,791,11,,0
3857287,5623,791,10,Center Attacking Midfield,1
3857287,5986,791,14,,0
3857287,22067,791,25,,0
3857287,22740,791,18,Right Wing,0
3857287,23264,791,8,,0
3857287,23763,791,6,Right Defensive Midfield,1
3857287,29966,791,16,Center Forward,1
3857287,37641,791,1,Goalkeeper,1
3857287,40538,791,3,Left Back,1
3857287,40542,791,9,Center Forward,0
3857287,40550,791,12,,0
3857287,40558,791,13,Center Attacking Midfield,0
3857287,40564,791,20,,0
3857287,40578,791,23,,0
3857287,40664,791,26,,0
3857287,40672,791,15,Right Back,1
3857287,41495,791,2,,0
3857287,41711,791,17,Right Wing,1
3857287,43565,791,4,Right Center Back,1
3857287,99479,791,24,,0
3857287,4319,783,21,Center Forward,0
3857287,5246,783,9,Center Forward,1
3857287,5248,783,22,Right Back,1
3857287,5249,783,3,Right Center Back,1
3857287,5255,783,5,Left Center Midfield,1
3857287,5258,783,10,,0
3857287,5259,783,2,Left Center Back,1
3857287,5260,783,6,Center Defensive Midfield,1
3857287,5264,783,13,Right Midfield,0
3857287,5266,783,14,,0
3857287,5267,783,1,,0
3857287,6297,783,18,,0
3857287,6300,783,19,,0
3857287,6773,783,15,Right Center Midfield,1
3857287,7104,783,16,Left Back,1
3857287,26323,783,12,,0
3857287,28729,783,7,Left Midfield,0
3857287,32478,783,11,Left Wing,1
3857287,33099,783,26,,0
3857287,34476,783,17,Left Back,0
3857287,36288,783,8,Right Wing,1
3857287,36659,783,25,,0
3857287,36666,783,24,,0
3857287,36710,783,23,Goalkeeper,1
3857287,44649,783,20,,0
3869486,3193,780,10,Right Center Midfield,1
3869486,4272,780,17,,0
3869486,5204,780,8,Right Wing,1
3869486,5205,780,1,,0
3869486,5206,780,4,Left Center Back,1
3869486,5207,780,7,Center Defensive Midfield,0
3869486,5209,780,5,Left Back,1
3869486,5214,780,14,,0
3869486,5218,780,9,,0
3869486,7005,780,20,Left Back,0
3869486,9927,780,18,Center Defensive Midfield,1
3869486,10868,780,21,Right Back,0
3869486,11184,780,25,Left Center Midfield,1
3869486,12041,780,11,Left Wing,1
3869486,12169,780,6,,0
3869486,16028,780,2,Right Back,1
3869486,18360,780,15,Center Attacking Midfield,0
3869486,18866,780,12,,0
3869486,20016,780,3,Right Center Back,1
3869486,32975,780,22,Goalkeeper,1
3869486,34639,780,16,Right Defensive Midfield,0
3869486,38803,780,26,Center Forward,1
3869486,40874,780,23,,0
3869486,143854,780,24,,0
3869486,3625,788,17,Left Midfield,1
3869486,3634,788,11,,0
3869486,5219,788,6,Left Center Back,1
3869486,5233,788,12,,0
3869486,5234,788,4,Center Defensive Midfield,1
3869486,5237,788,7,Right Midfield,1
3869486,5245,788,2,Right Back,1
3869486,6301,788,19,Center Forward,1
3869486,6785,788,1,Goalkeeper,1
3869486,7459,788,18,Right Center Back,1
3869486,21214,788,13,,0
3869486,21736,788,14,Right Wing,0
3869486,23774,788,15,Left Center Midfield,1
3869486,31295,788,25,Left Back,1
3869486,46258,788,8,Right Center Midfield,1
3869486,59493,788,9,,0
3869486,67700,788,24,Center Forward,0
3869486,102668,788,26,Right Defensive Midfield,0
3869486,131037,788,10,,0
3869486,139011,788,22,,0
3869486,139016,788,20,Left Center Back,0
3869486,149714,788,16,,0
3869486,156734,788,23,,0
3869486,296254,788,21,Left Center Midfield,0
3857260,5173,799,14,,0
3857260,5187,799,10,Left Midfield,1
3857260,5188,799,19,Right Wing Back,0
3857260,5713,799,23,Left Center Forward,1
3857260,5714,799,21,Goalkeeper,1
3857260,5715,799,5,Left Back,1
3857260,51094,799,4,Right Center Back,1
3857260,51096,799,15,Right Defensive Midfield,1
3857260,51099,799,9,Right Midfield,1
3857260,51103,799,3,Right Defensive Midfield,0
3857260,51469,799,11,Right Center Forward,1
3857260,51470,799,26,Left Back,0
3857260,51546,799,17,Left Center Back,1
3857260,51632,799,16,,0
3857260,51663,799,1,,0
3857260,51705,799,20,Center Forward,0
3857260,51710,799,12,Left Defensive Midfield,1
3857260,54144,799,18,,0
3857260,54149,799,22,,0
3857260,57620,799,2,Right Back,1
3857260,74623,799,24,,0
3857260,121539,799,25,,0
3857260,5563,794,18,,0
3857260,5567,794,4,Right Defensive Midfield,1
3857260,5568,794,9,Center Forward,0
3857260,5571,794,22,Right Wing,1
3857260,5573,794,15,Left Center Back,1
3857260,5575,794,16,,0
3857260,5576,794,23,Left Back,1
3857260,5577,794,13,Goalkeeper,1
3857260,11388,794,2,,0
3857260,15452,794,21,Right Wing,0
3857260,15872,794,14,,0
3857260,26280,794,17,Center Attacking Midfield,1
3857260,26297,794,8,Center Attacking Midfield,0
3857260,26301,794,10,Left Wing,1
3857260,26318,794,11,Right Defensive Midfield,0
3857260,26336,794,5,,0
3857260,26368,794,3,Right Center Back,1
3857260,26375,794,25,,0
3857260,26386,794,7,,0
3857260,26389,794,1,,0
3857260,26400,794,20,Center Forward,1
3857260,26406,794,19,Right Back,1
3857260,27896,794,6,,0
3857260,28522,794,12,,0
3857260,28825,794,24,Left Defensive Midfield,1
3857260,30500,794,26,Right Back,0
3857264,2995,779,11,Right Wing,1
3857264,3090,779,19,Left Center Back,1
3857264,5503,779,10,Center Forward,1
3857264,5507,779,3,Left Back,0
3857264,5743,779,21,,0
3857264,6312,779,1,,0
3857264,6377,779,15,,0
3857264,6694,779,12,,0
3857264,6909,779,23,Goalkeeper,1
3857264,7006,779,17,,0
3857264,7161,779,6,Left Center Midfield,0
3857264,7797,779,7,Right Center Midfield,1
3857264,11456,779,22,Center Forward,0
3857264,16308,779,5,Right Wing,0
3857264,19597,779,8,Left Back,1
3857264,20572,779,13,Right Center Back,1
3857264,21081,779,2,,0
3857264,26404,779,18,,0
3857264,27768,779,25,,0
3857264,27886,779,20,Left Center Midfield,1
3857264,28263,779,4,,0
3857264,28268,779,14,,0
3857264,28637,779,16,Left Wing,0
3857264,29201,779,26,Right Back,1
3857264,29560,779,9,Left Wing,1
3857264,38718,779,24,Center Defensive Midfield,1
3857264,3034,789,15,Right Center Back,1
3857264,3637,789,10,Left Defensive Midfield,1
3857264,4626,789,5,,0
3857264,4664,789,19,,0
3857264,4682,789,25,,0
3857264,4685,789,3,Left Back,0
3857264,4734,789,2,Right Back,1
3857264,5660,789,20,Right Midfield,1
3857264,5665,789,7,,0
3857264,5667,789,11,,0
3857264,5668,789,9,Right Center Forward,1
3857264,5669,789,1,Goalkeeper,1
3857264,5673,789,18,Left Back,1
3857264,7979,789,24,Left Midfield,1
3857264,8021,789,17,,0
3857264,8704,789,4,,0
3857264,8714,789,8,Right Defensive Midfield,0
3857264,8836,789,16,Left Center Forward,1
3857264,11508,789,12,,0
3857264,11737,789,6,Right Defensive Midfield,1
3857264,12493,789,23,Left Defensive Midfield,0
3857264,24413,789,22,,0
3857264,28453,789,26,Right Midfield,0
3857264,31955,789,13,Left Midfield,0
3857264,44166,789,14,Left Center Back,1
3857264,50502,789,21,,0
3857289,2995,779,11,Right Midfield,1
3857289,3090,779,19,Right Center Back,1
3857289,5503,779,10,Right Center Forward,1
3857289,5507,779,3,,0
3857289,5743,779,21,,0
3857289,6312,779,1,,0
3857289,6377,779,15,,0
3857289,6694,779,12,,0
3857289,6909,779,23,Goalkeeper,1
3857289,7006,779,17,,0
3857289,7161,779,6,,0
3857289,7797,779,7,Right Defensive Midfield,1
3857289,11456,779,22,Left Center Forward,1
3857289,16308,779,5,,0
3857289,19597,779,8,Left Back,1
3857289,20572,779,13,Right Midfield,0
3857289,21081,779,2,,0
3857289,26404,779,18,Left Defensive Midfield,1
3857289,27768,779,25,Left Center Back,1
3857289,27886,779,20,Left Midfield,1
3857289,28263,779,4,Right Back,1
3857289,28268,779,14,Left Midfield,0
3857289,28637,779,16,,0
3857289,29201,779,26,Right Back,0
3857289,29560,779,9,Left Center Forward,0
3857289,38718,779,24,Left Defensive Midfield,0
3857289,5563,794,18,Left Center Midfield,1
3857289,5567,794,4,,0
3857289,5568,794,9,Right Wing Back,0
3857289,5571,794,22,Right Center Forward,1
3857289,5573,794,15,Left Center Back,1
3857289,5575,794,16,Center Defensive Midfield,1
3857289,5576,794,23,Left Wing Back,1
3857289,5577,794,13,Goalkeeper,1
3857289,11388,794,2,Right Center Back,1
3857289,15452,794,21,Right Center Forward,0
3857289,15872,794,14,Left Center Midfield,0
3857289,26280,794,17,,0
3857289,26297,794,8,,0
3857289,26301,794,10,Left Center Forward,1
3857289,26318,794,11,,0
3857289,26336,794,5,,0
3857289,26368,794,3,Center Back,1
3857289,26375,794,25,Left Wing,0
3857289,26386,794,7,,0
3857289,26389,794,1,,0
3857289,26400,794,20,,0
3857289,26406,794,19,,0
3857289,27896,794,6,,0
3857289,28522,794,12,,0
3857289,28825,794,24,Right Center Midfield,1
3857289,30500,794,26,Right Wing Back,1
3869254,3193,780,10,Right Center Midfield,1
3869254,4272,780,17,,0
3869254,5204,780,8,Right Wing,1
3869254,5205,780,1,,0
3869254,5206,780,4,Left Center Back,1
3869254,5207,780,7,Left Wing,0
3869254,5209,780,5,Left Back,1
3869254,5214,780,14,Center Defensive Midfield,1
3869254,5218,780,9,,0
3869254,7005,780,20,,0
3869254,9927,780,18,Right Center Midfield,0
3869254,10868,780,21,Center Forward,0
3869254,11184,780,25,Left Center Midfield,1
3869254,12041,780,11,Left Wing,1
3869254,12169,780,6,,0
3869254,16028,780,2,Right Back,1
3869254,18360,780,15,Right Wing,0
3869254,18866,780,12,,0
3869254,20016,780,3,Right Center Back,1
3869254,32975,780,22,Goalkeeper,1
3869254,34639,780,16,Left Center Midfield,0
3869254,38803,780,26,Center Forward,1
3869254,40874,780,23,,0
3869254,143854,780,24,,0
3869254,3500,773,10,Center Defensive Midfield,1
3869254,3533,773,23,Left Center Forward,1
3869254,3913,773,2,Right Wing Back,1
3869254,5537,773,22,Center Back,1
3869254,5538,773,6,Left Center Midfield,0
3869254,5543,773,9,Right Center Midfield,0
3869254,5544,773,13,Left Center Back,1
3869254,5545,773,7,Right Center Forward,1
3869254,5549,773,5,Right Center Back,1
3869254,5550,773,1,Goalkeeper,1
3869254,6983,773,8,Left Center Midfield,1
3869254,8561,773,20,,0
3869254,8814,773,4,,0
3869254,12326,773,11,,0
3869254,16016,773,14,,0
3869254,16022,773,16,,0
3869254,16026,773,15,Right Center Midfield,1
3869254,17974,773,21,,0
3869254,29003,773,12,,0
3869254,29006,773,19,Left Midfield,0
3869254,29012,773,18,Center Back,0
3869254,30401,773,17,Left Wing Back,1
3869254,41655,773,26,Left Center Forward,0
3869254,46313,773,24,,0
3869254,50436,773,25,,0
3869118,2941,787,18,Left Wing,1
3869118,3404,787,21,Right Back,1
3869118,3675,787,12,Left Back,0
3869118,4506,787,6,Left Defensive Midfield,1
3869118,5675,787,3,Right Center Back,1
3869118,7379,787,16,Goalkeeper,1
3869118,8553,787,22,Left Center Back,1
3869118,8870,787,23,,0
3869118,10603,787,25,,0
3869118,13314,787,19,Right Wing,0
3869118,15970,787,4,,0
3869118,17456,787,1,,0
3869118,20611,787,9,Center Forward,1
3869118,20758,787,15,Right Wing,1
3869118,21026,787,26,Right Defensive Midfield,0
3869118,31751,787,11,Right Defensive Midfield,1
3869118,32915,787,14,Left Back,1
3869118,34893,787,24,,0
3869118,39595,787,2,,0
3869118,50497,787,7,,0
3869118,50498,787,17,Right Wing,0
3869118,80484,787,13,Center Attacking Midfield,1
3869118,88123,787,20,Center Attacking Midfield,0
3869118,312414,787,10,,0
3869118,3205,768,2,Right Back,1
3869118,3244,768,5,Right Center Back,1
3869118,3308,768,12,,0
3869118,3318,768,11,Right Wing,0
3869118,3336,768,6,Left Center Back,1
3869118,3382,768,3,Left Back,1
3869118,3468,768,1,Goalkeeper,1
3869118,3474,768,13,,0
3869118,3532,768,8,Right Center Midfield,1
3869118,3616,768,24,,0
3869118,3664,768,18,,0
3869118,3943,768,4,Center Defensive Midfield,1
3869118,4354,768,20,Left Wing,1
3869118,4706,768,14,Right Center Midfield,0
3869118,7843,768,19,Left Center Midfield,0
3869118,9638,768,7,Left Wing,0
3869118,9905,768,25,,0
3869118,9928,768,16,,0
3869118,10955,768,9,Center Forward,1
3869118,10956,768,15,Right Center Back,0
3869118,22084,768,17,Right Wing,1
3869118,22783,768,23,,0
3869118,29399,768,26,,0
3869118,30714,768,22,Left Center Midfield,1
3869519,2995,779,11,,0
3869519,3090,779,19,Left Center Back,1
3869519,5503,779,10,Right Center Forward,1
3869519,5507,779,3,Left Back,1
3869519,5743,779,21,Left Center Forward,0
3869519,6312,779,1,,0
3869519,6377,779,15,Left Center Midfield,0
3869519,6694,779,12,,0
3869519,6909,779,23,Goalkeeper,1
3869519,7161,779,6,,0
3869519,7797,779,7,Right Midfield,1
3869519,11456,779,22,,0
3869519,16308,779,5,Right Defensive Midfield,1
3869519,20572,779,13,Right Center Back,1
3869519,21081,779,2,Right Wing Back,0
3869519,26404,779,18,,0
3869519,27768,779,25,Right Defensive Midfield,0
3869519,27886,779,20,Left Midfield,1
3869519,28268,779,14,Right Center Midfield,0
3869519,28637,779,16,,0
3869519,29201,779,26,Right Back,1
3869519,29560,779,9,Left Center Forward,1
3869519,38718,779,24,Left Defensive Midfield,1
3869519,3441,785,13,Right Wing,0
3869519,3471,785,6,Right Center Back,1
3869519,5456,785,8,Left Center Midfield,1
3869519,5460,785,9,Center Forward,1
3869519,5463,785,10,Right Center Midfield,1
3869519,5468,785,21,,0
3869519,5469,785,11,Center Defensive Midfield,1
3869519,5474,785,4,Left Wing,1
3869519,7693,785,16,Center Forward,0
3869519,8654,785,17,,0
3869519,11127,785,3,,0
3869519,11603,785,15,Right Wing,1
3869519,12625,785,19,Left Back,1
3869519,16527,785,18,Left Wing,0
3869519,16531,785,1,Goalkeeper,1
3869519,22041,785,14,Center Attacking Midfield,0
3869519,28835,785,23,,0
3869519,28914,785,7,Right Defensive Midfield,0
3869519,29163,785,22,Right Back,1
3869519,29342,785,12,,0
3869519,32602,785,26,,0
3869519,32689,785,5,,0
3869519,33018,785,20,Left Center Back,1
3869519,37148,785,24,,0
3869519,39490,785,25,,0
3869519,49337,785,2,,0
3869354,2972,771,26,,0
3869354,3009,771,10,Left Wing,1
3869354,3026,771,14,Left Defensive Midfield,1
3869354,3099,771,1,Goalkeeper,1
3869354,3379,771,23,,0
3869354,3543,771,16,,0
3869354,3604,771,9,Center Forward,1
3869354,4445,771,5,Right Back,1
3869354,5476,771,2,,0
3869354,5477,771,11,Right Wing,1
3869354,5485,771,4,Right Center Back,1
3869354,5487,771,7,Center Attacking Midfield,1
3869354,6704,771,22,Left Back,1
3869354,7153,771,15,,0
3869354,7345,771,6,,0
3869354,7439,771,3,,0
3869354,8217,771,20,Right Wing,0
3869354,8519,771,18,Left Center Back,1
3869354,10481,771,8,Right Defensive Midfield,1
3869354,11135,771,24,,0
3869354,11990,771,13,,0
3869354,17592,771,17,,0
3869354,22097,771,12,,0
3869354,24778,771,25,,0
3869354,3205,768,2,Right Back,1
3869354,3233,768,10,Right Wing,0
3869354,3244,768,5,Right Center Back,1
3869354,3308,768,12,,0
3869354,3318,768,11,Left Wing,0
3869354,3336,768,6,Left Center Back,1
3869354,3382,768,3,Left Back,1
3869354,3468,768,1,Goalkeeper,1
3869354,3474,768,13,,0
3869354,3532,768,8,Right Center Midfield,1
3869354,3616,768,24,,0
3869354,3664,768,18,,0
3869354,3943,768,4,Center Defensive Midfield,1
3869354,4354,768,20,Left Wing,1
3869354,4706,768,14,,0
3869354,7843,768,19,Right Center Midfield,0
3869354,9638,768,7,Right Center Back,0
3869354,9905,768,25,,0
3869354,9928,768,16,,0
3869354,10955,768,9,Center Forward,1
3869354,10956,768,15,,0
3869354,22084,768,17,Right Wing,1
3869354,22783,768,23,,0
3869354,29399,768,26,,0
3869354,30714,768,22,Left Center Midfield,1
3869552,2972,771,26,Center Forward,0
3869552,3009,771,10,Left Wing,1
3869552,3099,771,1,Goalkeeper,1
3869552,3379,771,23,,0
3869552,3543,771,16,,0
3869552,3604,771,9,Center Forward,1
3869552,4445,771,5,Right Back,1
3869552,5476,771,2,,0
3869552,5477,771,11,Right Wing,1
3869552,5485,771,4,Right Center Back,1
3869552,5487,771,7,Center Attacking Midfield,1
3869552,6704,771,22,Left Back,1
3869552,7153,771,15,,0
3869552,7345,771,6,,0
3869552,7439,771,3,,0
3869552,8217,771,20,,0
3869552,8519,771,18,,0
3869552,10481,771,8,Right Defensive Midfield,1
3869552,11135,771,24,Left Center Back,1
3869552,11990,771,13,Left Defensive Midfield,1
3869552,17592,771,17,,0
3869552,22097,771,12,Right Wing,0
3869552,24778,771,25,,0
3869552,3625,788,17,Left Wing,1
3869552,3634,788,11,,0
3869552,5219,788,6,Center Back,1
3869552,5233,788,12,,0
3869552,5234,788,4,Right Defensive Midfield,1
3869552,5237,788,7,Right Wing,1
3869552,5245,788,2,Right Wing Back,1
3869552,6301,788,19,Center Forward,1
3869552,6785,788,1,Goalkeeper,1
3869552,7459,788,18,Left Center Back,1
3869552,12149,788,5,,0
3869552,15890,788,3,Left Wing Back,1
3869552,21214,788,13,,0
3869552,21736,788,14,Left Wing,0
3869552,23774,788,15,Center Back,0
3869552,31295,788,25,Left Back,0
3869552,46258,788,8,Left Defensive Midfield,1
3869552,59493,788,9,Center Forward,0
3869552,67700,788,24,,0
3869552,102668,788,26,,0
3869552,131037,788,10,,0
3869552,139011,788,22,,0
3869552,139016,788,20,Right Center Back,1
3869552,149714,788,16,Left Center Midfield,0
3869552,156734,788,23,,0
3869420,3063,781,2,Left Back,1
3869420,3067,781,23,,0
3869420,3247,781,15,,0
3869420,3280,781,9,Center Forward,1
3869420,3295,781,3,Left Center Back,1
3869420,4320,781,10,Center Attacking Midfield,1
3869420,4324,781,13,,0
3869420,4372,781,4,Right Center Back,1
3869420,5539,781,5,Left Defensive Midfield,1
3869420,5547,781,1,Goalkeeper,1
3869420,6945,781,6,Right Back,0
3869420,9904,781,8,Right Defensive Midfield,0
3869420,10595,781,11,Right Midfield,1
3869420,11493,781,24,,0
3869420,13620,781,14,Right Back,1
3869420,18395,781,20,Left Midfield,1
3869420,22600,781,7,Right Defensive Midfield,1
3869420,25101,781,12,,0
3869420,25104,781,21,Left Midfield,0
3869420,25142,781,17,,0
3869420,25154,781,22,,0
3869420,25305,781,25,Center Forward,0
3869420,25363,781,19,Right Midfield,0
3869420,29976,781,26,,0
3869420,3441,785,13,Right Midfield,0
3869420,3471,785,6,Right Center Back,1
3869420,5456,785,8,Left Center Midfield,1
3869420,5460,785,9,Center Forward,1
3869420,5463,785,10,Right Center Midfield,1
3869420,5468,785,21,,0
3869420,5469,785,11,Center Defensive Midfield,1
3869420,5474,785,4,Left Wing,1
3869420,7693,785,16,Right Center Forward,0
3869420,8654,785,17,Left Center Forward,0
3869420,11127,785,3,,0
3869420,11603,785,15,Right Wing,1
3869420,12625,785,19,Left Back,1
3869420,16527,785,18,Left Midfield,0
3869420,16531,785,1,Goalkeeper,1
3869420,22041,785,14,,0
3869420,28835,785,23,,0
3869420,28914,785,7,Left Center Midfield,0
3869420,29163,785,22,Right Back,1
3869420,29342,785,12,,0
3869420,32602,785,26,,0
3869420,32689,785,5,,0
3869420,33018,785,20,Left Center Back,1
3869420,37148,785,24,,0
3869420,39490,785,25,,0
3869420,49337,785,2,,0
3869220,3477,772,7,Center Forward,0
3869220,3957,772,2,,0
3869220,4127,772,13,,0
3869220,4353,772,24,Left Center Back,1
3869220,5199,772,8,,0
3869220,5203,772,5,Center Defensive Midfield,1
3869220,5211,772,18,Left Back,1
3869220,5719,772,10,Center Forward,1
3869220,5721,772,20,,0
3869220,6583,772,19,Left Center Midfield,0
3869220,6720,772,22,Right Wing,0
3869220,6748,772,11,Right Wing,1
3869220,6765,772,16,Right Center Back,1
3869220,6840,772,6,Right Back,1
3869220,6892,772,4,,0
3869220,9843,772,1,,0
3869220,11748,772,23,Goalkeeper,1
3869220,16532,772,21,Left Wing,1
3869220,30486,772,26,Left Center Midfield,1
3869220,30756,772,25,Left Wing,0
3869220,31953,772,3,,0
3869220,35641,772,15,,0
3869220,39161,772,14,Left Back,0
3869220,50494,772,17,,0
3869220,68574,772,12,Right Wing,0
3869220,133353,772,9,Right Center Midfield,1
3869220,3625,788,17,Left Wing,1
3869220,3634,788,11,Left Defensive Midfield,0
3869220,5219,788,6,Left Center Back,1
3869220,5233,788,12,,0
3869220,5234,788,4,Center Defensive Midfield,1
3869220,5237,788,7,Right Wing,1
3869220,5245,788,2,Right Back,1
3869220,6301,788,19,Center Forward,1
3869220,6785,788,1,Goalkeeper,1
3869220,7459,788,18,Right Center Back,0
3869220,12149,788,5,Right Center Back,1
3869220,15890,788,3,Left Back,1
3869220,21214,788,13,,0
3869220,21736,788,14,,0
3869220,23774,788,15,Left Center Midfield,1
3869220,31295,788,25,Left Wing Back,0
3869220,46258,788,8,Right Center Midfield,1
3869220,59493,788,9,,0
3869220,67700,788,24,Right Center Midfield,0
3869220,102668,788,26,,0
3869220,131037,788,10,,0
3869220,139011,788,22,,0
3869220,139016,788,20,,0
3869220,149714,788,16,Left Wing,0
3869220,156734,788,23,,0
3869220,296254,788,21,Center Forward,0
3869219,3175,778,1,,0
3869219,3300,778,22,Center Back,1
3869219,3530,778,19,Left Wing,0
3869219,5690,778,5,Left Wing Back,1
3869219,5693,778,7,,0
3869219,8361,778,8,Right Wing,1
3869219,8776,778,10,Right Wing,0
3869219,8949,778,18,Center Forward,0
3869219,9411,778,15,Left Wing,1
3869219,23527,778,14,Right Wing Back,1
3869219,23721,778,6,Right Defensive Midfield,1
3869219,23730,778,16,Right Center Back,1
3869219,25719,778,12,Goalkeeper,1
3869219,29366,778,23,,0
3869219,30628,778,25,Center Forward,1
3869219,37122,778,24,,0
3869219,37208,778,17,Left Defensive Midfield,0
3869219,37209,778,2,,0
3869219,37211,778,9,Left Wing Back,0
3869219,37215,778,3,Left Center Back,1
3869219,37221,778,13,Left Defensive Midfield,1
3869219,38285,778,21,,0
3869219,95272,778,26,,0
3869219,100436,778,20,,0
3869219,3441,785,13,Left Center Midfield,0
3869219,3471,785,6,Right Center Back,1
3869219,5456,785,8,Left Center Midfield,1
3869219,5460,785,9,Right Wing,1
3869219,5463,785,10,Right Center Midfield,1
3869219,5468,785,21,,0
3869219,5469,785,11,Center Defensive Midfield,1
3869219,5474,785,4,Left Wing,1
3869219,7693,785,16,Center Forward,1
3869219,8654,785,17,Center Forward,0
3869219,11127,785,3,Left Back,1
3869219,11603,785,15,Left Wing,0
3869219,16527,785,18,Left Wing,0
3869219,16531,785,1,Goalkeeper,1
3869219,22041,785,14,Center Forward,0
3869219,28835,785,23,,0
3869219,28914,785,7,Right Center Midfield,0
3869219,29163,785,22,Right Back,1
3869219,29342,785,12,,0
3869219,32602,785,26,,0
3869219,32689,785,5,,0
3869219,33018,785,20,Left Center Back,1
3869219,37148,785,24,,0
3869219,39490,785,25,,0
3869253,3063,781,2,Left Back,1
3869253,3067,781,23,,0
3869253,3247,781,15,,0
3869253,3280,781,9,Center Forward,1
3869253,3295,781,3,Left Center Back,1
3869253,4320,781,10,Center Attacking Midfield,1
3869253,4324,781,13,Right Back,0
3869253,4372,781,4,Right Center Back,1
3869253,5539,781,5,Left Defensive Midfield,1
3869253,5547,781,1,Goalkeeper,1
3869253,9904,781,8,,0
3869253,10595,781,11,Right Wing,1
3869253,11493,781,24,Left Back,0
3869253,13620,781,14,Right Back,1
3869253,18395,781,20,Left Wing,1
3869253,22600,781,7,Right Defensive Midfield,1
3869253,25101,781,12,Goalkeeper,0
3869253,25104,781,21,Center Attacking Midfield,0
3869253,25142,781,17,,0
3869253,25154,781,22,,0
3869253,25305,781,25,,0
3869253,25363,781,19,,0
3869253,29976,781,26,Left Wing,0
3869253,3083,791,7,Left Center Forward,1
3869253,3135,791,22,,0
3869253,5604,791,19,Left Center Back,1
3869253,5618,791,5,Right Defensive Midfield,1
3869253,5619,791,21,,0
3869253,5620,791,11,Left Midfield,1
3869253,5623,791,10,Right Midfield,1
3869253,5986,791,14,Left Back,0
3869253,22067,791,25,,0
3869253,22740,791,18,Left Center Midfield,0
3869253,23264,791,8,Right Center Midfield,0
3869253,23763,791,6,Left Defensive Midfield,1
3869253,29966,791,16,Center Forward,0
3869253,37641,791,1,Goalkeeper,1
3869253,40538,791,3,Left Back,1
3869253,40542,791,9,Right Center Forward,1
3869253,40550,791,12,,0
3869253,40558,791,13,Center Defensive Midfield,0
3869253,40564,791,20,,0
3869253,40578,791,23,,0
3869253,40664,791,26,,0
3869253,40672,791,15,Right Back,1
3869253,41495,791,2,,0
3869253,41711,791,17,,0
3869253,43565,791,4,Right Center Back,1
3869253,99479,791,24,,0
3869152,2972,771,26,Center Forward,0
3869152,3009,771,10,Left Wing,1
3869152,3026,771,14,Left Defensive Midfield,1
3869152,3099,771,1,Goalkeeper,1
3869152,3379,771,23,,0
3869152,3543,771,16,,0
3869152,3604,771,9,Center Forward,1
3869152,4445,771,5,Right Back,1
3869152,5476,771,2,,0
3869152,5477,771,11,Right Wing,1
3869152,5485,771,4,Right Center Back,1
3869152,5487,771,7,Center Attacking Midfield,1
3869152,6704,771,22,Left Back,1
3869152,7153,771,15,,0
3869152,7345,771,6,,0
3869152,7439,771,3,Right Back,0
3869152,8217,771,20,Right Wing,0
3869152,8519,771,18,Left Center Back,1
3869152,10481,771,8,Right Defensive Midfield,1
3869152,11135,771,24,,0
3869152,11990,771,13,Right Defensive Midfield,0
3869152,17592,771,17,,0
3869152,22097,771,12,,0
3869152,24778,771,25,,0
3869152,3034,789,15,Right Center Back,1
3869152,3637,789,10,Center Defensive Midfield,1
3869152,4626,789,5,Left Center Back,0
3869152,4664,789,19,Left Center Midfield,1
3869152,4682,789,25,,0
3869152,4685,789,3,,0
3869152,4734,789,2,Right Back,1
3869152,5660,789,20,Right Center Midfield,1
3869152,5665,789,7,Left Center Midfield,0
3869152,5667,789,11,Left Wing,0
3869152,5668,789,9,Center Forward,1
3869152,5669,789,1,Goalkeeper,1
3869152,5673,789,18,Left Back,1
3869152,7979,789,24,Left Midfield,1
3869152,8021,789,17,,0
3869152,8704,789,4,,0
3869152,8714,789,8,,0
3869152,8836,789,16,,0
3869152,11508,789,12,,0
3869152,11737,789,6,Left Defensive Midfield,0
3869152,12493,789,23,,0
3869152,24413,789,22,,0
3869152,28453,789,26,,0
3869152,31955,789,13,Right Midfield,1
3869152,44166,789,14,Left Center Back,1
3869152,50502,789,21,Right Wing,0
3869117,2988,941,10,Left Center Forward,1
3869117,3264,941,18,,0
3869117,3306,941,5,Left Center Back,1
3869117,3311,941,17,Left Wing Back,1
3869117,3669,941,4,Center Back,1
3869117,4318,941,14,Center Attacking Midfield,1
3869117,6994,941,15,Right Defensive Midfield,1
3869117,7745,941,11,,0
3869117,7787,941,6,,0
3869117,7829,941,19,Center Attacking Midfield,0
3869117,7838,941,1,,0
3869117,7891,941,20,Center Attacking Midfield,0
3869117,8069,941,3,Left Center Back,0
3869117,8118,941,21,Left Defensive Midfield,1
3869117,8124,941,16,,0
3869117,8125,941,22,Right Wing Back,1
3869117,8259,941,7,Right Defensive Midfield,0
3869117,8326,941,23,Goalkeeper,1
3869117,16185,941,13,,0
3869117,20033,941,9,,0
3869117,20750,941,8,Right Center Forward,1
3869117,21547,941,12,,0
3869117,21809,941,2,Right Center Back,1
3869117,21879,941,24,,0
3869117,32712,941,26,,0
3869117,39167,941,25,Left Center Forward,0
3869117,3377,1839,21,Right Wing,1
3869117,3658,1839,22,Right Back,0
3869117,4614,1839,5,Left Back,1
3869117,6806,1839,18,,0
3869117,8246,1839,10,Left Wing,1
3869117,8526,1839,8,Left Center Midfield,1
3869117,12352,1839,1,Goalkeeper,1
3869117,12524,1839,3,Right Center Back,1
3869117,12746,1839,25,,0
3869117,12751,1839,4,Center Defensive Midfield,1
3869117,12757,1839,15,,0
3869117,13035,1839,23,,0
3869117,13442,1839,17,,0
3869117,15971,1839,20,,0
3869117,18242,1839,13,Left Center Back,1
3869117,21201,1839,12,,0
3869117,21881,1839,2,Right Back,1
3869117,22008,1839,19,Right Center Midfield,0
3869117,22168,1839,24,,0
3869117,22433,1839,9,Center Forward,1
3869117,23789,1839,16,Left Back,0
3869117,24243,1839,11,Right Wing,0
3869117,33274,1839,14,,0
3869117,34339,1839,7,Center Forward,0
3869117,36830,1839,26,,0
3869117,38792,1839,6,Right Center Midfield,1
3857270,3193,780,10,Right Center Midfield,1
3857270,4272,780,17,,0
3857270,5204,780,8,Center Attacking Midfield,1
3857270,5205,780,1,,0
3857270,5206,780,4,Left Center Back,1
3857270,5207,780,7,Right Center Forward,1
3857270,5209,780,5,Left Back,0
3857270,5214,780,14,Left Center Midfield,1
3857270,5218,780,9,,0
3857270,7005,780,20,Right Back,1
3857270,9927,780,18,Center Defensive Midfield,1
3857270,10868,780,21,,0
3857270,12041,780,11,Left Center Forward,1
3857270,12169,780,6,Center Defensive Midfield,0
3857270,16028,780,2,,0
3857270,18360,780,15,Center Defensive Midfield,0
3857270,18866,780,12,,0
3857270,20016,780,3,Right Center Back,1
3857270,32975,780,22,Goalkeeper,1
3857270,34639,780,16,,0
3857270,38803,780,26,Center Forward,0
3857270,40874,780,23,Right Wing,0
3857270,41092,780,19,Left Back,1
3857270,143854,780,24,,0
3857270,4319,783,21,Left Center Forward,1
3857270,5246,783,9,Right Center Forward,0
3857270,5248,783,22,,0
3857270,5249,783,3,Center Back,1
3857270,5255,783,5,Left Center Midfield,1
3857270,5258,783,10,Left Center Midfield,0
3857270,5259,783,2,Right Center Back,1
3857270,5260,783,6,Center Defensive Midfield,1
3857270,5264,783,13,Right Wing Back,1
3857270,5266,783,14,,0
3857270,5267,783,1,,0
3857270,6297,783,18,Left Center Forward,0
3857270,6300,783,19,Left Center Back,1
3857270,6773,783,15,Right Center Midfield,1
3857270,7104,783,16,Left Wing Back,1
3857270,26323,783,12,,0
3857270,28729,783,7,,0
3857270,32478,783,11,Right Center Forward,1
3857270,33099,783,26,,0
3857270,34476,783,17,Left Back,0
3857270,36288,783,8,Center Back,0
3857270,36659,783,25,,0
3857270,36666,783,24,,0
3857270,36710,783,23,Goalkeeper,1
3857270,44649,783,20,,0
3857263,3053,770,19,Center Attacking Midfield,0
3857263,3167,770,2,Left Center Back,1
3857263,4440,770,12,,0
3857263,5555,770,17,,0
3857263,5562,770,13,Center Forward,1
3857263,5570,770,1,Goalkeeper,1
3857263,5579,770,6,Right Defensive Midfield,1
3857263,6322,770,15,Right Center Back,1
3857263,6324,770,8,Left Defensive Midfield,1
3857263,8227,770,11,,0
3857263,8400,770,10,Right Wing,1
3857263,8507,770,16,Right Back,0
3857263,8511,770,5,Right Back,1
3857263,8546,770,9,Center Forward,0
3857263,8804,770,18,Left Wing,0
3857263,8808,770,4,,0
3857263,8945,770,20,,0
3857263,8966,770,7,,0
3857263,10287,770,21,Center Attacking Midfield,1
3857263,12034,770,3,Left Back,1
3857263,20055,770,22,,0
3857263,24118,770,23,Left Back,0
3857263,24916,770,25,,0
3857263,35609,770,24,,0
3857263,38837,770,26,,0
3857263,39565,770,14,Left Wing,1
3857263,3477,772,7,Right Wing,0
3857263,3957,772,2,,0
3857263,4127,772,13,,0
3857263,4353,772,24,Left Center Back,1
3857263,5199,772,8,Right Wing,0
3857263,5203,772,5,Center Defensive Midfield,1
3857263,5211,772,18,Left Back,1
3857263,5719,772,10,Center Forward,1
3857263,5721,772,20,Right Back,1
3857263,6583,772,19,,0
3857263,6720,772,22,,0
3857263,6748,772,11,Right Wing,1
3857263,6765,772,16,Right Center Back,1
3857263,6840,772,6,,0
3857263,6892,772,4,,0
3857263,9843,772,1,,0
3857263,11748,772,23,Goalkeeper,1
3857263,16532,772,21,Left Wing,1
3857263,30486,772,26,Left Center Midfield,1
3857263,30756,772,25,,0
3857263,31953,772,3,,0
3857263,35641,772,15,,0
3857263,39161,772,14,Left Back,0
3857263,50494,772,17,,0
3857263,68574,772,12,Right Center Midfield,0
3857263,133353,772,9,Right Center Midfield,1
3857259,3141,2722,8,Right Center Midfield,1
3857259,3499,2722,13,Center Forward,1
3857259,3551,2722,12,Left Wing,1
3857259,3639,2722,7,Left Wing,0
3857259,4935,2722,20,Right Wing,1
3857259,7426,2722,21,Right Center Back,1
3857259,7472,2722,3,Left Center Back,1
3857259,7551,2722,24,,0
3857259,8591,2722,14,Left Defensive Midfield,0
3857259,10530,2722,22,,0
3857259,11174,2722,10,Center Defensive Midfield,0
3857259,12623,2722,15,Left Center Midfield,1
3857259,13454,2722,25,Left Back,1
3857259,15326,2722,16,Goalkeeper,1
3857259,16014,2722,9,,0
3857259,16015,2722,6,,0
3857259,16346,2722,19,Right Back,1
3857259,21456,2722,17,,0
3857259,28966,2722,5,Right Defensive Midfield,0
3857259,30016,2722,18,Center Defensive Midfield,1
3857259,33813,2722,2,,0
3857259,44842,2722,1,,0
3857259,46903,2722,11,Left Wing,0
3857259,74588,2722,4,,0
3857259,349913,2722,26,,0
3857259,3512,786,26,Right Center Midfield,0
3857259,3831,786,10,Right Attacking Midfield,1
3857259,4269,786,9,Center Forward,1
3857259,5589,786,20,Left Attacking Midfield,1
3857259,5591,786,17,Left Wing Back,1
3857259,5603,786,4,Right Center Back,1
3857259,5833,786,7,Right Wing Back,0
3857259,6318,786,14,Right Wing Back,1
3857259,6319,786,11,,0
3857259,6321,786,5,Center Back,1
3857259,6687,786,16,Left Defensive Midfield,1
3857259,6698,786,1,,0
3857259,6901,786,6,Right Defensive Midfield,1
3857259,7117,786,21,Left Wing Back,0
3857259,7145,786,22,,0
3857259,7993,786,25,,0
3857259,10477,786,13,Left Center Back,0
3857259,15731,786,12,,0
3857259,16489,786,8,,0
3857259,18015,786,18,,0
3857259,18737,786,15,Center Back,0
3857259,20600,786,23,Goalkeeper,1
3857259,24267,786,19,,0
3857259,27719,786,2,Left Center Back,1
3857259,30179,786,24,,0
3857259,43666,786,3,,0
3857283,2954,782,8,Right Defensive Midfield,0
3857283,3077,782,5,Left Center Back,1
3857283,3089,782,7,Right Wing,1
3857283,3176,782,15,Right Back,1
3857283,3289,782,9,Right Back,0
3857283,3457,782,23,Center Forward,1
3857283,3509,782,1,Goalkeeper,1
3857283,3539,782,12,,0
3857283,3621,782,10,Center Attacking Midfield,1
3857283,5630,782,14,Center Attacking Midfield,0
3857283,5632,782,16,Left Wing,1
3857283,5633,782,11,,0
3857283,5642,782,6,Left Defensive Midfield,1
3857283,6331,782,19,,0
3857283,6989,782,21,Left Back,1
3857283,8240,782,13,,0
3857283,8854,782,4,,0
3857283,16275,782,24,,0
3857283,16281,782,20,,0
3857283,16559,782,17,Left Wing,0
3857283,20005,782,2,Right Center Back,1
3857283,23650,782,25,,0
3857283,32688,782,22,Center Forward,0
3857283,43913,782,3,,0
3857283,48347,782,18,Right Defensive Midfield,1
3857283,114832,782,26,,0
3857283,3625,788,17,Left Wing,1
3857283,3634,788,11,Right Back,0
3857283,5219,788,6,Left Center Back,1
3857283,5233,788,12,Goalkeeper,1
3857283,5234,788,4,Center Defensive Midfield,1
3857283,5237,788,7,Right Wing,1
3857283,5245,788,2,Right Back,1
3857283,6301,788,19,Center Forward,1
3857283,6785,788,1,,0
3857283,7459,788,18,Left Center Midfield,0
3857283,12149,788,5,Right Center Back,1
3857283,15890,788,3,Left Back,1
3857283,21214,788,13,,0
3857283,21736,788,14,Left Wing,0
3857283,23774,788,15,Right Center Midfield,1
3857283,31295,788,25,Right Center Midfield,0
3857283,46258,788,8,Left Center Midfield,1
3857283,59493,788,9,Center Forward,0
3857283,67700,788,24,,0
3857283,102668,788,26,,0
3857283,131037,788,10,,0
3857283,139011,788,22,,0
3857283,139016,788,20,,0
3857283,149714,788,16,,0
3857283,156734,788,23,,0
3857283,296254,788,21,,0
3857286,12583,3565,8,,0
3857286,12803,3565,10,Left Midfield,1
3857286,15486,3565,18,,0
3857286,23830,3565,20,Right Defensive Midfield,1
3857286,24085,3565,7,Left Back,1
3857286,25083,3565,14,,0
3857286,25352,3565,4,,0
3857286,28511,3565,15,,0
3857286,28559,3565,13,Right Center Forward,1
3857286,30111,3565,2,Right Center Back,1
3857286,31152,3565,19,Right Midfield,1
3857286,32677,3565,22,,0
3857286,34194,3565,9,,0
3857286,34396,3565,11,Left Center Forward,1
3857286,36148,3565,5,Right Center Forward,0
3857286,37522,3565,1,Goalkeeper,1
3857286,37726,3565,23,Left Defensive Midfield,1
3857286,37737,3565,17,Right Back,1
3857286,37742,3565,12,,0
3857286,37945,3565,21,Left Defensive Midfield,0
3857286,38004,3565,3,Left Center Back,1
3857286,40211,3565,16,Left Midfield,0
3857286,41593,3565,6,,0
3857286,51969,3565,25,,0
3857286,91090,3565,24,,0
3857286,348757,3565,26,Center Forward,0
3857286,40784,3566,11,Left Center Forward,1
3857286,124488,3566,10,Right Center Midfield,1
3857286,124490,3566,7,,0
3857286,124492,3566,12,Center Defensive Midfield,1
3857286,124493,3566,16,Center Back,1
3857286,124494,3566,3,Left Center Back,1
3857286,124495,3566,19,Right Center Forward,1
3857286,124496,3566,1,Goalkeeper,1
3857286,124500,3566,23,,0
3857286,124503,3566,15,Right Center Back,1
3857286,124504,3566,5,,0
3857286,124506,3566,2,Right Wing Back,1
3857286,124510,3566,22,,0
3857286,124512,3566,13,,0
3857286,124514,3566,6,Left Center Midfield,1
3857286,124526,3566,20,,0
3857286,124899,3566,17,,0
3857286,124900,3566,14,Left Wing Back,1
3857286,124901,3566,9,Right Center Forward,0
3857286,124909,3566,4,Right Center Midfield,0
3857286,126962,3566,25,,0
3857286,130272,3566,21,,0
3857286,146267,3566,18,,0
3857286,149463,3566,8,,0
3857286,150429,3566,26,,0
3857286,157455,3566,24,,0
3857300,2995,779,11,Right Midfield,1
3857300,3090,779,19,Left Center Back,1
3857300,5503,779,10,Right Center Forward,1
3857300,5507,779,3,Left Back,1
3857300,5743,779,21,,0
3857300,6312,779,1,,0
3857300,6377,779,15,,0
3857300,6694,779,12,,0
3857300,6909,779,23,Goalkeeper,1
3857300,7006,779,17,Left Midfield,1
3857300,7161,779,6,,0
3857300,7797,779,7,Right Defensive Midfield,1
3857300,11456,779,22,Left Center Forward,1
3857300,16308,779,5,Left Defensive Midfield,1
3857300,19597,779,8,Left Back,0
3857300,20572,779,13,Right Center Back,1
3857300,21081,779,2,,0
3857300,26404,779,18,,0
3857300,27768,779,25,Right Center Back,0
3857300,27886,779,20,,0
3857300,28263,779,4,,0
3857300,28268,779,14,,0
3857300,28637,779,16,,0
3857300,29201,779,26,Right Back,1
3857300,29560,779,9,Left Midfield,0
3857300,38718,779,24,Left Defensive Midfield,0
3857300,5173,799,14,,0
3857300,5178,799,7,Right Center Midfield,1
3857300,5183,799,13,Left Back,1
3857300,5187,799,10,Left Midfield,1
3857300,5188,799,19,,0
3857300,5191,799,6,Left Midfield,0
3857300,5713,799,23,Left Center Midfield,1
3857300,5714,799,21,Goalkeeper,1
3857300,5715,799,5,Left Center Back,1
3857300,51094,799,4,Center Attacking Midfield,0
3857300,51096,799,15,,0
3857300,51099,799,9,Right Midfield,1
3857300,51103,799,3,,0
3857300,51469,799,11,Center Forward,1
3857300,51470,799,26,,0
3857300,51546,799,17,Right Center Back,1
3857300,51632,799,16,,0
3857300,51663,799,1,,0
3857300,51705,799,20,,0
3857300,51710,799,12,Right Back,1
3857300,54144,799,18,Right Center Midfield,0
3857300,54149,799,22,,0
3857300,56755,799,8,Center Defensive Midfield,1
3857300,57620,799,2,Center Forward,0
3857300,74623,799,24,,0
3857300,121539,799,25,Center Forward,0
3857299,2989,4885,23,Right Wing,0
3857299,3347,4885,10,Center Attacking Midfield,1
3857299,3450,4885,9,Left Wing,1
3857299,3709,4885,18,Right Center Back,1
3857299,6383,4885,5,Right Defensive Midfield,1
3857299,6393,4885,19,Center Forward,1
3857299,8108,4885,1,Goalkeeper,1
3857299,9286,4885,25,,0
3857299,9859,4885,6,,0
3857299,12259,4885,3,Right Back,0
3857299,12325,4885,17,Left Wing Back,0
3857299,16555,4885,15,,0
3857299,17033,4885,20,Right Wing,1
3857299,23615,4885,14,Left Back,1
3857299,28616,4885,8,Center Attacking Midfield,0
3857299,30519,4885,4,Left Center Back,1
3857299,31029,4885,21,Left Defensive Midfield,1
3857299,33602,4885,2,Right Back,1
3857299,35658,4885,22,Left Wing,0
3857299,43891,4885,24,,0
3857299,44225,4885,11,,0
3857299,45047,4885,26,,0
3857299,52091,4885,16,,0
3857299,136305,4885,13,,0
3857299,136306,4885,7,,0
3857299,147563,4885,12,,0
3857299,3083,791,7,Left Wing,1
3857299,3135,791,22,Right Wing,1
3857299,5604,791,19,Left Center Back,1
3857299,5618,791,5,Right Defensive Midfield,1
3857299,5619,791,21,,0
3857299,5620,791,11,,0
3857299,5623,791,10,,0
3857299,5986,791,14,,0
3857299,22067,791,25,Center Attacking Midfield,1
3857299,22740,791,18,Center Attacking Midfield,0
3857299,23264,791,8,,0
3857299,23763,791,6,Left Defensive Midfield,1
3857299,29966,791,16,Right Defensive Midfield,0
3857299,37641,791,1,Goalkeeper,1
3857299,40538,791,3,Left Back,1
3857299,40542,791,9,Center Forward,1
3857299,40550,791,12,,0
3857299,40558,791,13,,0
3857299,40564,791,20,Right Center Back,0
3857299,40578,791,23,,0
3857299,40664,791,26,,0
3857299,40672,791,15,Right Back,1
3857299,41495,791,2,,0
3857299,41711,791,17,Right Wing,0
3857299,43565,791,4,Right Center Back,1
3857299,99479,791,24,,0
3857293,2989,4885,23,,0
3857293,3347,4885,10,Center Attacking Midfield,1
3857293,3450,4885,9,Left Wing,1
3857293,3709,4885,18,Right Center Back,1
3857293,6383,4885,5,Right Defensive Midfield,1
3857293,6393,4885,19,Right Wing,1
3857293,8108,4885,1,Goalkeeper,1
3857293,9286,4885,25,Center Forward,0
3857293,9859,4885,6,,0
3857293,12259,4885,3,,0
3857293,12325,4885,17,Left Back,1
3857293,16555,4885,15,,0
3857293,17033,4885,20,Center Forward,1
3857293,23615,4885,14,,0
3857293,28616,4885,8,Left Defensive Midfield,0
3857293,30519,4885,4,Left Center Back,1
3857293,31029,4885,21,Left Defensive Midfield,1
3857293,33602,4885,2,,0
3857293,35658,4885,22,Left Wing,0
3857293,43891,4885,24,,0
3857293,44225,4885,11,Right Wing,0
3857293,45047,4885,26,Right Back,1
3857293,52091,4885,16,,0
3857293,136305,4885,13,,0
3857293,136306,4885,7,Center Attacking Midfield,0
3857293,147563,4885,12,,0
3857293,4319,783,21,Right Center Forward,0
3857293,5246,783,9,Right Center Forward,1
3857293,5248,783,22,,0
3857293,5249,783,3,,0
3857293,5255,783,5,Left Defensive Midfield,0
3857293,5258,783,10,Left Midfield,1
3857293,5259,783,2,Right Center Back,1
3857293,5260,783,6,Left Defensive Midfield,1
3857293,5264,783,13,Right Back,1
3857293,5266,783,14,,0
3857293,5267,783,1,,0
3857293,6297,783,18,Left Center Forward,0
3857293,6300,783,19,Left Center Back,1
3857293,6773,783,15,Right Defensive Midfield,1
3857293,7104,783,16,Left Back,1
3857293,26323,783,12,,0
3857293,28729,783,7,Right Midfield,0
3857293,32478,783,11,Left Center Forward,1
3857293,33099,783,26,,0
3857293,34476,783,17,,0
3857293,36288,783,8,Right Midfield,1
3857293,36659,783,25,,0
3857293,36666,783,24,Left Midfield,0
3857293,36710,783,23,Goalkeeper,1
3857293,44649,783,20,,0
3857291,3477,772,7,Right Wing,0
3857291,3957,772,2,Right Back,1
3857291,4127,772,13,,0
3857291,4353,772,24,Left Center Back,1
3857291,5199,772,8,Center Defensive Midfield,0
3857291,5203,772,5,Center Defensive Midfield,1
3857291,5211,772,18,Left Back,1
3857291,5719,772,10,Center Forward,1
3857291,5721,772,20,,0
3857291,6583,772,19,Left Center Midfield,0
3857291,6720,772,22,,0
3857291,6748,772,11,Right Wing,1
3857291,6765,772,16,Right Center Back,1
3857291,6840,772,6,,0
3857291,6892,772,4,,0
3857291,9843,772,1,,0
3857291,11748,772,23,Goalkeeper,1
3857291,16532,772,21,Left Wing,1
3857291,30486,772,26,Left Center Midfield,1
3857291,30756,772,25,,0
3857291,31953,772,3,,0
3857291,35641,772,15,,0
3857291,39161,772,14,Left Back,0
3857291,50494,772,17,,0
3857291,68574,772,12,Right Wing,0
3857291,133353,772,9,Right Center Midfield,1
3857291,5581,795,12,Right Center Forward,1
3857291,5582,795,5,Right Defensive Midfield,1
3857291,5592,795,10,Left Wing,0
3857291,5595,795,11,,0
3857291,5597,795,1,Goalkeeper,1
3857291,5598,795,6,Right Center Back,1
3857291,5600,795,15,Left Center Back,1
3857291,5836,795,8,Left Back,1
3857291,5839,795,17,Left Defensive Midfield,1
3857291,6328,795,19,Right Center Back,0
3857291,15477,795,22,Left Wing Back,0
3857291,27163,795,3,,0
3857291,97291,795,23,,0
3857291,108340,795,20,Right Center Midfield,0
3857291,130185,795,4,Right Midfield,1
3857291,130194,795,18,,0
3857291,132271,795,16,Right Back,1
3857291,132296,795,7,Left Center Forward,1
3857291,132497,795,13,,0
3857291,132728,795,9,Left Midfield,1
3857291,132743,795,21,,0
3857291,132756,795,14,,0
3857291,132772,795,2,,0
3857291,135271,795,24,,0
3857291,184468,795,26,Right Wing,0
3857291,283799,795,25,,0
3857281,3441,785,13,Right Wing,0
3857281,3471,785,6,Right Center Back,1
3857281,5456,785,8,Left Center Midfield,1
3857281,5460,785,9,Right Wing,1
3857281,5463,785,10,Right Center Midfield,1
3857281,5469,785,11,Center Defensive Midfield,1
3857281,5474,785,4,Left Wing,1
3857281,7693,785,16,Center Forward,0
3857281,8654,785,17,,0
3857281,11127,785,3,,0
3857281,11603,785,15,Right Center Midfield,0
3857281,12625,785,19,Left Back,1
3857281,16527,785,18,Left Wing,0
3857281,16531,785,1,Goalkeeper,1
3857281,22041,785,14,Center Forward,1
3857281,28835,785,23,,0
3857281,28914,785,7,Right Center Midfield,0
3857281,29163,785,22,Right Back,1
3857281,29342,785,12,,0
3857281,32602,785,26,,0
3857281,32689,785,5,,0
3857281,33018,785,20,Left Center Back,1
3857281,37148,785,24,,0
3857281,39490,785,25,,0
3857281,49337,785,2,,0
3857281,4106,1833,12,,0
3857281,9036,1833,24,,0
3857281,9922,1833,10,Left Wing Back,0
3857281,11187,1833,7,Left Defensive Midfield,1
3857281,11846,1833,5,Right Center Back,1
3857281,12365,1833,19,Left Midfield,1
3857281,12770,1833,21,Right Center Midfield,0
3857281,12779,1833,6,,0
3857281,13885,1833,8,,0
3857281,15958,1833,18,Goalkeeper,1
3857281,16120,1833,22,Left Back,1
3857281,16252,1833,14,,0
3857281,16459,1833,17,Right Center Forward,1
3857281,23363,1833,23,,0
3857281,23640,1833,20,Left Center Forward,1
3857281,23760,1833,25,,0
3857281,23828,1833,4,Left Center Back,1
3857281,24024,1833,11,Right Midfield,1
3857281,26348,1833,9,Left Center Forward,0
3857281,29758,1833,3,Center Defensive Midfield,0
3857281,31684,1833,13,Right Defensive Midfield,1
3857281,35707,1833,26,,0
3857281,36794,1833,1,,0
3857281,44703,1833,2,Right Back,1
3857281,49259,1833,16,,0
3857281,133229,1833,15,Left Center Midfield,0
3857280,3067,781,23,Goalkeeper,1
3857280,3202,781,18,Center Forward,1
3857280,3247,781,15,Left Defensive Midfield,1
3857280,3280,781,9,,0
3857280,3295,781,3,,0
3857280,4324,781,13,Right Back,1
3857280,4372,781,4,Left Back,0
3857280,5539,781,5,,0
3857280,5547,781,1,,0
3857280,9904,781,8,Right Defensive Midfield,1
3857280,10595,781,11,Right Wing,0
3857280,11183,781,16,Left Back,1
3857280,11493,781,24,Left Center Back,1
3857280,13620,781,14,Right Center Back,1
3857280,18395,781,20,,0
3857280,22600,781,7,,0
3857280,25101,781,12,,0
3857280,25104,781,21,Center Attacking Midfield,1
3857280,25142,781,17,Right Defensive Midfield,0
3857280,25154,781,22,Center Attacking Midfield,0
3857280,25305,781,25,Center Forward,0
3857280,25363,781,19,Right Wing,1
3857280,29976,781,26,Left Wing,1
3857280,3141,2722,8,Left Defensive Midfield,1
3857280,3499,2722,13,Left Center Forward,1
3857280,3551,2722,12,Right Midfield,0
3857280,3639,2722,7,,0
3857280,4935,2722,20,Right Midfield,1
3857280,7551,2722,24,Left Center Back,1
3857280,8591,2722,14,,0
3857280,10530,2722,22,Right Defensive Midfield,0
3857280,11174,2722,10,Right Center Forward,1
3857280,12623,2722,15,Right Defensive Midfield,1
3857280,13454,2722,25,Left Back,1
3857280,15326,2722,16,Goalkeeper,1
3857280,16014,2722,9,,0
3857280,16015,2722,6,Left Midfield,1
3857280,16346,2722,19,Right Back,1
3857280,21456,2722,17,,0
3857280,28966,2722,5,,0
3857280,33813,2722,2,Right Midfield,0
3857280,44842,2722,1,,0
3857280,46903,2722,11,,0
3857280,74588,2722,4,Right Center Back,1
3857280,349913,2722,26,,0
3857279,2972,771,26,Center Forward,0
3857279,3009,771,10,Left Wing,1
3857279,3026,771,14,Left Defensive Midfield,1
3857279,3099,771,1,Goalkeeper,1
3857279,3379,771,23,,0
3857279,3543,771,16,,0
3857279,3604,771,9,Center Forward,1
3857279,4445,771,5,Right Back,0
3857279,5476,771,2,Right Back,1
3857279,5477,771,11,Right Wing,1
3857279,5484,771,21,Left Back,1
3857279,5485,771,4,,0
3857279,5487,771,7,Center Attacking Midfield,1
3857279,6704,771,22,Left Back,0
3857279,7153,771,15,,0
3857279,7345,771,6,,0
3857279,7439,771,3,,0
3857279,8217,771,20,Right Wing,0
3857279,8519,771,18,Left Center Back,1
3857279,10481,771,8,Right Defensive Midfield,1
3857279,11135,771,24,Right Center Back,1
3857279,11990,771,13,Right Defensive Midfield,0
3857279,17592,771,17,,0
3857279,22097,771,12,,0
3857279,24778,771,25,,0
3857279,3240,792,1,Goalkeeper,1
3857279,3281,792,13,Center Defensive Midfield,1
3857279,5479,792,16,Left Back,1
3857279,5481,792,7,Right Midfield,1
3857279,5490,792,22,Right Center Midfield,1
3857279,8346,792,23,Left Midfield,1
3857279,8859,792,10,,0
3857279,9430,792,25,Center Forward,0
3857279,9980,792,9,,0
3857279,15957,792,2,Right Back,0
3857279,16549,792,18,,0
3857279,22293,792,19,Right Center Back,1
3857279,22371,792,8,,0
3857279,24475,792,11,Left Center Midfield,0
3857279,28370,792,5,,0
3857279,33446,792,20,,0
3857279,33465,792,24,,0
3857279,33477,792,14,Left Center Midfield,1
3857279,33488,792,26,Left Center Midfield,0
3857279,33492,792,15,Center Forward,1
3857279,33495,792,4,Left Center Back,1
3857279,33502,792,17,,0
3857279,33564,792,12,,0
3857279,33572,792,3,Right Back,1
3857279,36158,792,6,,0
3857279,227697,792,21,Left Midfield,0
3857262,3083,791,7,Left Wing,1
3857262,3135,791,22,,0
3857262,5604,791,19,Left Center Back,1
3857262,5618,791,5,Center Defensive Midfield,1
3857262,5619,791,21,,0
3857262,5620,791,11,Left Wing,0
3857262,5623,791,10,Right Wing,1
3857262,5986,791,14,,0
3857262,22067,791,25,,0
3857262,22740,791,18,Left Center Midfield,1
3857262,23264,791,8,,0
3857262,23763,791,6,Right Center Midfield,1
3857262,29966,791,16,Left Center Midfield,0
3857262,37641,791,1,Goalkeeper,1
3857262,40538,791,3,Left Back,1
3857262,40542,791,9,Center Forward,1
3857262,40550,791,12,,0
3857262,40558,791,13,Left Center Back,0
3857262,40564,791,20,Right Center Back,1
3857262,40578,791,23,,0
3857262,40664,791,26,,0
3857262,40672,791,15,Right Back,1
3857262,41495,791,2,,0
3857262,41711,791,17,,0
3857262,43565,791,4,,0
3857262,99479,791,24,Right Center Forward,0
3857262,3193,780,10,Left Center Midfield,0
3857262,4272,780,17,Left Wing,1
3857262,5204,780,8,,0
3857262,5205,780,1,,0
3857262,5206,780,4,,0
3857262,5207,780,7,Center Forward,1
3857262,5209,780,5,,0
3857262,5214,780,14,Right Center Midfield,0
3857262,5218,780,9,Center Forward,0
3857262,7005,780,20,Left Back,1
3857262,9927,780,18,Center Defensive Midfield,1
3857262,10868,780,21,Right Wing,1
3857262,12041,780,11,,0
3857262,12169,780,6,Right Center Midfield,0
3857262,16028,780,2,Right Back,1
3857262,18360,780,15,Center Defensive Midfield,0
3857262,18866,780,12,,0
3857262,20016,780,3,Right Center Back,1
3857262,32975,780,22,Goalkeeper,1
3857262,34639,780,16,Left Center Midfield,1
3857262,38803,780,26,,0
3857262,40874,780,23,Right Center Midfield,1
3857262,143854,780,24,Left Center Back,1
