match_id,possession_seq,team_id,start_minute,start_second
3857276,1,1833,0,0
3857276,2,788,0,0
3857276,3,788,1,10
3857276,4,1833,1,28
3857276,5,788,1,39
3857276,6,1833,1,54
3857276,7,788,2,15
3857276,8,1833,2,41
3857276,9,1833,4,51
3857276,10,1833,5,11
3857276,11,788,5,33
3857276,12,1833,5,49
3857276,13,1833,6,15
3857276,14,1833,6,25
3857276,15,788,6,38
3857276,16,788,8,18
3857276,17,788,9,5
3857276,18,1833,9,35
3857276,19,788,9,36
3857276,20,788,10,21
3857276,21,788,10,39
3857276,22,1833,10,57
3857276,23,788,11,30
3857276,24,1833,11,34
3857276,25,1833,12,5
3857276,26,788,12,11
3857276,27,1833,12,42
3857276,28,788,13,8
3857276,29,788,13,49
3857276,30,1833,13,55
3857276,31,788,14,35
3857276,32,1833,15,17
3857276,33,1833,16,17
3857276,34,788,16,36
3857276,35,1833,17,43
3857276,36,788,19,22
3857276,37,1833,19,52
3857276,38,788,20,27
3857276,39,788,22,1
3857276,40,788,22,12
3857276,41,1833,24,3
3857276,42,788,24,56
3857276,43,1833,25,7
3857276,44,788,25,38
3857276,45,788,26,30
3857276,46,1833,26,34
3857276,47,1833,26,46
3857276,48,788,27,48
3857276,49,788,28,10
3857276,50,788,29,0
3857276,51,1833,29,15
3857276,52,1833,29,26
3857276,53,788,29,58
3857276,54,1833,30,20
3857276,55,788,31,29
3857276,56,1833,31,36
3857276,57,788,32,16
3857276,58,1833,34,55
3857276,59,788,35,15
3857276,60,1833,35,32
3857276,61,788,36,4
3857276,62,1833,36,7
3857276,63,788,36,18
3857276,64,1833,36,43
3857276,65,788,37,55
3857276,66,788,38,34
3857276,67,1833,39,34
3857276,68,788,40,33
3857276,69,1833,40,38
3857276,70,1833,41,41
3857276,71,1833,41,58
3857276,72,788,42,46
3857276,73,1833,43,38
3857276,74,788,43,56
3857276,75,1833,44,4
3857276,76,788,44,53
3857276,77,1833,44,56
3857276,78,788,45,32
3857276,79,788,46,0
3857276,80,788,47,15
3857276,81,1833,48,6
3857276,82,788,49,9
3857276,83,788,49,42
3857276,84,1833,49,55
3857276,85,1833,50,1
3857276,86,1833,45,0
3857276,87,788,45,23
3857276,88,788,45,57
3857276,89,1833,46,24
3857276,90,788,46,34
3857276,91,1833,47,6
3857276,92,788,47,18
3857276,93,1833,48,20
3857276,94,788,48,33
3857276,95,1833,48,50
3857276,96,1833,49,17
3857276,97,1833,49,40
3857276,98,788,50,22
3857276,99,1833,50,32
3857276,100,1833,50,42
3857276,101,788,52,41
3857276,102,1833,52,41
3857276,103,788,52,56
3857276,104,788,53,33
3857276,105,1833,53,47
3857276,106,1833,54,35
3857276,107,1833,55,48
3857276,108,788,56,32
3857276,109,1833,56,55
3857276,110,788,57,31
3857276,111,1833,57,37
3857276,112,788,58,13
3857276,113,1833,60,38
3857276,114,788,60,38
3857276,115,1833,61,10
3857276,116,788,61,15
3857276,117,1833,61,34
3857276,118,788,63,21
3857276,119,1833,63,32
3857276,120,1833,65,4
3857276,121,788,66,40
3857276,122,1833,66,54
3857276,123,788,68,1
3857276,124,1833,69,0
3857276,125,1833,70,18
3857276,126,1833,70,53
3857276,127,788,71,51
3857276,128,788,72,4
3857276,129,788,72,31
3857276,130,1833,73,3
3857276,131,1833,73,45
3857276,132,1833,74,30
3857276,133,1833,76,8
3857276,134,788,77,2
3857276,135,1833,77,4
3857276,136,1833,77,15
3857276,137,788,78,27
3857276,138,1833,78,33
3857276,139,788,79,9
3857276,140,1833,79,21
3857276,141,788,80,16
3857276,142,788,80,30
3857276,143,1833,80,34
3857276,144,1833,80,54
3857276,145,1833,81,2
3857276,146,1833,81,58
3857276,147,788,82,32
3857276,148,1833,82,37
3857276,149,788,83,46
3857276,150,788,85,22
3857276,151,1833,85,44
3857276,152,1833,86,40
3857276,153,788,86,44
3857276,154,1833,87,13
3857276,155,1833,87,24
3857276,156,788,87,52
3857276,157,788,88,28
3857276,158,1833,88,33
3857276,159,1833,88,55
3857276,160,788,89,13
3857276,161,1833,89,31
3857276,162,1833,89,48
3857276,163,1833,90,57
3857276,164,1833,91,46
3857276,165,1833,91,51
3857276,166,788,92,51
3857276,167,788,93,10
3857276,168,1833,93,14
3857276,169,788,93,42
3857276,170,1833,93,51
3857271,1,768,0,0
3857271,2,797,0,0
3857271,3,768,0,7
3857271,4,768,2,45
3857271,5,797,3,56
3857271,6,768,4,26
3857271,7,768,6,22
3857271,8,768,7,11
3857271,9,797,15,39
3857271,10,768,15,42
3857271,11,768,19,15
3857271,12,797,20,9
3857271,13,797,20,38
3857271,14,797,21,33
3857271,15,768,21,45
3857271,16,768,22,1
3857271,17,768,22,57
3857271,18,797,23,37
3857271,19,768,23,41
3857271,20,797,24,12
3857271,21,768,24,15
3857271,22,768,24,43
3857271,23,768,25,17
3857271,24,797,25,18
3857271,25,768,25,35
3857271,26,797,26,44
3857271,27,768,26,49
3857271,28,797,26,59
3857271,29,797,27,13
3857271,30,768,27,30
3857271,31,768,28,2
3857271,32,797,29,46
3857271,33,797,30,1
3857271,34,768,30,6
3857271,35,768,31,45
3857271,36,797,31,55
3857271,37,797,32,52
3857271,38,768,33,1
3857271,39,797,35,23
3857271,40,797,36,26
3857271,41,768,37,0
3857271,42,768,37,50
3857271,43,797,38,49
3857271,44,768,38,58
3857271,45,797,39,12
3857271,46,768,39,30
3857271,47,797,40,26
3857271,48,768,40,29
3857271,49,768,42,43
3857271,50,797,42,46
3857271,51,797,44,32
3857271,52,768,44,50
3857271,53,797,46,31
3857271,54,768,46,42
3857271,55,768,47,15
3857271,56,768,48,31
3857271,57,797,49,36
3857271,58,768,49,44
3857271,59,797,52,1
3857271,60,768,52,8
3857271,61,797,52,21
3857271,62,768,52,29
3857271,63,797,54,12
3857271,64,797,54,31
3857271,65,768,54,34
3857271,66,797,54,55
3857271,67,768,55,29
3857271,68,768,55,49
3857271,69,768,56,23
3857271,70,768,57,7
3857271,71,768,58,9
3857271,72,768,45,0
3857271,73,797,45,44
3857271,74,797,46,4
3857271,75,768,46,41
3857271,76,797,47,29
3857271,77,768,47,38
3857271,78,768,50,11
3857271,79,797,51,23
3857271,80,768,51,30
3857271,81,797,51,44
3857271,82,797,52,13
3857271,83,768,52,35
3857271,84,768,53,44
3857271,85,768,54,20
3857271,86,797,54,55
3857271,87,768,54,56
3857271,88,768,56,11
3857271,89,797,56,26
3857271,90,768,56,35
3857271,91,797,56,51
3857271,92,768,57,19
3857271,93,768,57,41
3857271,94,797,58,8
3857271,95,768,58,32
3857271,96,768,59,13
3857271,97,768,59,44
3857271,98,797,60,8
3857271,99,768,60,47
3857271,100,797,60,56
3857271,101,768,61,15
3857271,102,797,61,26
3857271,103,797,62,52
3857271,104,768,63,20
3857271,105,797,63,37
3857271,106,797,64,15
3857271,107,768,67,54
3857271,108,797,68,21
3857271,109,768,70,27
3857271,110,797,71,50
3857271,111,768,72,11
3857271,112,768,73,15
3857271,113,797,73,46
3857271,114,768,74,9
3857271,115,768,75,44
3857271,116,797,76,15
3857271,117,768,76,46
3857271,118,768,78,31
3857271,119,797,81,23
3857271,120,797,81,45
3857271,121,768,81,50
3857271,122,768,83,50
3857271,123,797,84,21
3857271,124,768,84,27
3857271,125,768,85,15
3857271,126,797,85,55
3857271,127,797,86,10
3857271,128,768,86,37
3857271,129,797,87,4
3857271,130,768,87,35
3857271,131,797,90,7
3857271,132,797,90,48
3857271,133,768,91,3
3857271,134,768,91,25
3857271,135,797,93,3
3857271,136,768,93,25
3857271,137,768,94,2
3857271,138,797,94,57
3857271,139,768,95,24
3857271,140,797,95,35
3857271,141,768,95,58
3857271,142,768,96,31
3857271,143,797,97,7
3857271,144,768,97,32
3857271,145,797,97,35
3857271,146,797,98,8
3857271,147,797,99,0
3857271,148,797,102,30
3857271,149,768,103,3
3857296,1,785,0,0
3857296,2,785,0,0
3857296,3,782,0,26
3857296,4,785,0,37
3857296,5,785,1,27
3857296,6,782,1,35
3857296,7,785,2,0
3857296,8,782,2,4
3857296,9,785,3,5
3857296,10,785,3,16
3857296,11,782,3,57
3857296,12,785,4,26
3857296,13,782,4,38
3857296,14,785,5,54
3857296,15,785,6,47
3857296,16,785,7,39
3857296,17,782,8,12
3857296,18,782,8,29
3857296,19,785,9,9
3857296,20,782,9,21
3857296,21,785,9,46
3857296,22,782,10,19
3857296,23,782,11,30
3857296,24,785,11,48
3857296,25,782,12,47
3857296,26,785,13,28
3857296,27,785,14,26
3857296,28,782,18,2
3857296,29,785,18,15
3857296,30,785,18,41
3857296,31,782,19,7
3857296,32,785,19,16
3857296,33,785,19,44
3857296,34,782,20,26
3857296,35,785,20,32
3857296,36,785,21,18
3857296,37,782,21,22
3857296,38,782,22,11
3857296,39,785,22,52
3857296,40,785,23,21
3857296,41,782,23,48
3857296,42,785,24,55
3857296,43,785,26,38
3857296,44,782,27,4
3857296,45,785,27,16
3857296,46,785,27,46
3857296,47,782,28,41
3857296,48,785,28,50
3857296,49,782,29,11
3857296,50,785,31,4
3857296,51,785,31,51
3857296,52,782,32,41
3857296,53,782,33,46
3857296,54,782,34,11
3857296,55,785,35,7
3857296,56,782,35,26
3857296,57,785,35,35
3857296,58,782,36,3
3857296,59,785,36,10
3857296,60,782,36,58
3857296,61,785,37,12
3857296,62,785,38,33
3857296,63,782,39,4
3857296,64,785,39,58
3857296,65,782,40,5
3857296,66,782,42,36
3857296,67,785,43,19
3857296,68,782,43,32
3857296,69,785,43,47
3857296,70,782,45,15
3857296,71,785,45,42
3857296,72,782,46,14
3857296,73,785,46,26
3857296,74,782,46,48
3857296,75,785,47,29
3857296,76,785,47,46
3857296,77,785,48,29
3857296,78,782,45,0
3857296,79,782,47,51
3857296,80,785,48,2
3857296,81,785,48,16
3857296,82,785,49,46
3857296,83,782,50,1
3857296,84,785,51,6
3857296,85,782,51,29
3857296,86,785,51,55
3857296,87,785,53,16
3857296,88,785,54,8
3857296,89,782,54,18
3857296,90,782,54,48
3857296,91,785,55,0
3857296,92,782,55,53
3857296,93,785,55,59
3857296,94,785,56,19
3857296,95,785,58,14
3857296,96,785,58,46
3857296,97,782,59,1
3857296,98,785,60,32
3857296,99,785,61,9
3857296,100,782,61,13
3857296,101,785,62,20
3857296,102,785,64,2
3857296,103,782,64,4
3857296,104,785,64,14
3857296,105,782,64,36
3857296,106,785,65,52
3857296,107,785,66,22
3857296,108,782,67,9
3857296,109,782,67,19
3857296,110,782,67,40
3857296,111,782,67,56
3857296,112,785,68,11
3857296,113,785,68,25
3857296,114,782,69,13
3857296,115,782,69,40
3857296,116,785,70,32
3857296,117,785,71,52
3857296,118,782,72,40
3857296,119,782,73,10
3857296,120,785,73,15
3857296,121,782,73,31
3857296,122,785,73,48
3857296,123,785,74,23
3857296,124,785,74,46
3857296,125,782,74,59
3857296,126,785,75,34
3857296,127,782,75,46
3857296,128,785,76,6
3857296,129,785,76,38
3857296,130,782,76,39
3857296,131,785,76,44
3857296,132,782,76,57
3857296,133,782,77,39
3857296,134,785,78,25
3857296,135,785,79,18
3857296,136,785,79,36
3857296,137,782,79,50
3857296,138,785,80,7
3857296,139,785,81,32
3857296,140,782,81,48
3857296,141,785,82,16
3857296,142,782,82,57
3857296,143,785,83,45
3857296,144,785,84,24
3857296,145,782,84,32
3857296,146,782,85,9
3857296,147,785,86,50
3857296,148,785,87,23
3857296,149,782,87,27
3857296,150,782,88,34
3857296,151,785,88,36
3857296,152,782,89,14
3857296,153,785,90,13
3857296,154,782,90,16
3857296,155,782,91,13
3857296,156,785,91,48
3857296,157,782,91,59
3857296,158,785,92,38
3857296,159,782,92,41
3857296,160,785,92,46
3857296,161,782,93,18
3857296,162,785,93,25
3857296,163,782,93,53
3857274,1,941,0,0
3857274,2,3565,0,0
3857274,3,941,0,38
3857274,4,3565,0,41
3857274,5,941,0,57
3857274,6,3565,2,8
3857274,7,3565,2,20
3857274,8,941,2,37
3857274,9,3565,4,13
3857274,10,941,4,17
3857274,11,941,4,45
3857274,12,3565,5,59
3857274,13,3565,6,16
3857274,14,3565,6,34
3857274,15,3565,9,22
3857274,16,941,9,50
3857274,17,3565,9,52
3857274,18,3565,10,28
3857274,19,941,10,45
3857274,20,3565,11,50
3857274,21,3565,12,16
3857274,22,941,13,23
3857274,23,941,13,54
3857274,24,3565,14,3
3857274,25,941,14,34
3857274,26,941,17,43
3857274,27,941,18,15
3857274,28,941,18,37
3857274,29,941,19,0
3857274,30,3565,19,1
3857274,31,3565,19,29
3857274,32,941,20,51
3857274,33,3565,20,56
3857274,34,3565,21,31
3857274,35,3565,21,59
3857274,36,941,22,42
3857274,37,3565,23,15
3857274,38,3565,24,18
3857274,39,3565,26,8
3857274,40,941,26,34
3857274,41,3565,26,39
3857274,42,3565,28,0
3857274,43,3565,28,9
3857274,44,3565,28,20
3857274,45,941,28,48
3857274,46,3565,29,13
3857274,47,941,29,17
3857274,48,941,30,7
3857274,49,3565,30,48
3857274,50,941,30,52
3857274,51,941,31,8
3857274,52,3565,31,41
3857274,53,3565,32,28
3857274,54,941,32,58
3857274,55,941,33,51
3857274,56,3565,34,31
3857274,57,941,35,19
3857274,58,941,36,22
3857274,59,3565,36,24
3857274,60,941,37,21
3857274,61,941,37,51
3857274,62,3565,38,1
3857274,63,941,38,20
3857274,64,941,38,44
3857274,65,941,39,30
3857274,66,3565,39,36
3857274,67,3565,41,3
3857274,68,941,41,38
3857274,69,3565,41,40
3857274,70,941,41,55
3857274,71,941,42,42
3857274,72,3565,42,58
3857274,73,3565,43,6
3857274,74,941,43,12
3857274,75,3565,43,22
3857274,76,941,44,25
3857274,77,3565,44,43
3857274,78,941,45,13
3857274,79,941,45,38
3857274,80,3565,46,0
3857274,81,3565,46,47
3857274,82,3565,47,46
3857274,83,941,48,57
3857274,84,941,45,0
3857274,85,3565,45,31
3857274,86,3565,45,57
3857274,87,3565,46,17
3857274,88,3565,46,19
3857274,89,941,46,20
3857274,88,3565,46,23
3857274,89,941,46,23
3857274,90,3565,47,0
3857274,91,941,47,10
3857274,92,3565,47,50
3857274,93,3565,48,19
3857274,94,941,48,21
3857274,95,3565,48,38
3857274,96,941,50,19
3857274,97,941,51,46
3857274,98,941,52,39
3857274,99,3565,52,57
3857274,100,941,53,8
3857274,101,941,53,24
3857274,102,941,53,46
3857274,103,3565,54,47
3857274,104,3565,55,12
3857274,105,941,55,43
3857274,106,3565,56,5
3857274,107,941,56,10
3857274,108,941,57,39
3857274,109,3565,57,46
3857274,110,3565,58,30
3857274,111,3565,59,19
3857274,112,941,59,34
3857274,113,941,60,25
3857274,114,3565,61,18
3857274,115,941,61,36
3857274,116,3565,62,4
3857274,117,941,62,11
3857274,118,3565,62,45
3857274,119,941,63,21
3857274,120,3565,63,53
3857274,121,941,63,57
3857274,122,3565,65,40
3857274,123,3565,66,16
3857274,124,941,66,46
3857274,125,941,67,24
3857274,126,941,67,44
3857274,127,3565,67,48
3857274,128,941,68,1
3857274,129,3565,69,11
3857274,130,941,69,34
3857274,131,3565,70,40
3857274,132,941,70,46
3857274,133,3565,71,46
3857274,134,941,72,2
3857274,135,3565,72,26
3857274,136,941,72,34
3857274,137,941,72,45
3857274,138,3565,74,0
3857274,139,941,74,13
3857274,140,3565,74,48
3857274,141,941,75,7
3857274,142,3565,75,55
3857274,143,3565,76,51
3857274,144,3565,77,34
3857274,145,3565,79,10
3857274,146,3565,80,17
3857274,147,941,80,30
3857274,148,3565,80,44
3857274,149,941,81,37
3857274,150,3565,83,15
3857274,151,3565,84,0
3857274,152,941,84,2
3857274,153,941,84,47
3857274,154,941,85,45
3857274,155,3565,86,34
3857274,156,941,89,41
3857274,157,3565,89,50
3857274,158,3565,89,51
3857274,159,3565,90,20
3857274,160,941,90,27
3857274,161,941,90,50
3857274,162,3565,91,9
3857274,163,3565,91,51
3857274,164,941,92,9
3857274,165,3565,92,43
3857274,166,3565,93,19
3857274,167,3565,93,57
3857274,168,3565,94,43
3857274,169,941,95,4
3857274,170,3565,95,21
3857274,171,941,95,35
3857255,1,778,0,0
3857255,2,772,0,0
3857255,3,772,0,12
3857255,4,778,1,56
3857255,5,772,2,7
3857255,6,778,2,22
3857255,7,772,2,45
3857255,8,778,6,29
3857255,9,778,6,42
3857255,10,772,6,54
3857255,11,778,7,3
3857255,12,772,7,46
3857255,13,772,8,47
3857255,14,778,9,8
3857255,15,772,9,10
3857255,16,778,12,2
3857255,17,772,12,14
3857255,18,772,12,42
3857255,19,772,14,14
3857255,20,778,16,35
3857255,21,772,16,48
3857255,22,778,17,42
3857255,23,778,18,5
3857255,24,772,18,15
3857255,25,772,18,46
3857255,26,772,20,14
3857255,27,778,20,35
3857255,28,772,20,50
3857255,29,778,21,34
3857255,30,772,21,41
3857255,31,778,22,35
3857255,32,778,22,39
3857255,33,772,22,50
3857255,34,778,24,47
3857255,35,772,25,15
3857255,36,778,25,42
3857255,37,772,25,48
3857255,38,778,26,23
3857255,39,772,26,32
3857255,40,772,27,19
3857255,41,778,27,59
3857255,42,772,28,6
3857255,43,778,29,49
3857255,44,772,30,38
3857255,45,772,32,20
3857255,46,772,32,46
3857255,47,778,33,54
3857255,48,772,34,29
3857255,49,778,34,58
3857255,50,778,36,16
3857255,51,772,36,19
3857255,52,772,36,40
3857255,53,772,38,49
3857255,54,772,39,53
3857255,55,778,42,57
3857255,56,772,43,3
3857255,57,772,44,1
3857255,58,772,45,1
3857255,59,772,46,11
3857255,60,778,45,0
3857255,61,778,45,37
3857255,62,772,46,10
3857255,63,778,46,14
3857255,64,778,47,2
3857255,65,772,47,19
3857255,66,778,47,44
3857255,67,772,49,3
3857255,68,772,49,26
3857255,69,778,50,1
3857255,70,772,53,32
3857255,71,778,53,58
3857255,72,778,54,18
3857255,73,778,56,20
3857255,74,772,56,35
3857255,75,778,58,22
3857255,76,772,58,36
3857255,77,778,60,36
3857255,78,778,61,11
3857255,79,772,61,14
3857255,80,778,61,41
3857255,81,772,61,46
3857255,82,778,61,57
3857255,83,772,62,5
3857255,84,778,62,51
3857255,85,772,63,3
3857255,86,772,63,22
3857255,87,778,63,48
3857255,88,778,64,27
3857255,89,772,64,42
3857255,90,778,65,1
3857255,91,778,65,31
3857255,92,772,65,58
3857255,93,772,66,14
3857255,94,778,68,54
3857255,95,772,68,55
3857255,96,772,69,17
3857255,97,778,69,43
3857255,98,772,70,8
3857255,99,778,70,38
3857255,100,772,70,40
3857255,101,778,72,8
3857255,102,772,72,24
3857255,103,772,73,32
3857255,104,772,74,9
3857255,105,778,74,46
3857255,106,772,74,52
3857255,107,778,75,35
3857255,108,772,75,46
3857255,109,772,78,13
3857255,110,778,81,13
3857255,111,778,81,35
3857255,112,778,82,20
3857255,113,772,82,22
3857255,114,772,82,26
3857255,115,772,82,44
3857255,116,778,82,49
3857255,117,772,82,55
3857255,118,778,83,27
3857255,119,772,83,39
3857255,120,772,85,20
3857255,121,772,86,37
3857255,122,778,89,32
3857255,123,778,89,59
3857255,124,772,90,0
3857255,125,772,90,15
3857255,126,772,90,39
3857255,127,778,92,9
3857255,128,772,92,23
3857255,129,772,93,32
3857255,130,772,94,27
3857255,131,778,96,1
3857255,132,772,96,37
3857272,1,768,0,0
3857272,2,768,0,0
3857272,3,768,1,1
3857272,4,1839,1,5
3857272,5,1839,2,4
3857272,6,1839,2,38
3857272,7,768,2,40
3857272,8,768,3,8
3857272,9,1839,3,21
3857272,10,768,3,57
3857272,11,768,4,45
3857272,12,1839,6,3
3857272,13,768,6,39
3857272,14,1839,6,43
3857272,15,768,7,38
3857272,16,768,8,41
3857272,17,768,9,54
3857272,18,1839,10,49
3857272,19,768,10,55
3857272,20,768,11,51
3857272,21,1839,12,32
3857272,22,768,12,45
3857272,23,1839,14,2
3857272,24,768,15,4
3857272,25,1839,15,42
3857272,26,768,16,43
3857272,27,1839,16,49
3857272,28,768,17,8
3857272,29,768,17,25
3857272,30,1839,18,58
3857272,31,768,19,0
3857272,32,1839,19,16
3857272,33,768,19,46
3857272,34,768,22,37
3857272,35,1839,23,56
3857272,36,1839,24,12
3857272,37,768,25,44
3857272,38,768,26,5
3857272,39,1839,26,23
3857272,40,1839,26,48
3857272,41,1839,27,19
3857272,42,768,28,8
3857272,43,768,28,18
3857272,44,768,28,32
3857272,45,1839,28,54
3857272,46,1839,30,18
3857272,47,768,30,47
3857272,48,768,31,15
3857272,49,1839,31,51
3857272,50,768,32,44
3857272,51,768,33,52
3857272,52,1839,35,37
3857272,53,1839,35,59
3857272,54,768,36,59
3857272,55,1839,37,15
3857272,56,768,37,16
3857272,57,1839,37,23
3857272,58,1839,38,3
3857272,59,1839,38,41
3857272,60,768,38,57
3857272,61,1839,39,18
3857272,62,768,39,43
3857272,63,1839,40,31
3857272,64,1839,41,21
3857272,65,1839,41,38
3857272,66,768,42,50
3857272,67,1839,43,13
3857272,68,768,43,43
3857272,69,1839,45,4
3857272,70,768,45,8
3857272,71,768,46,13
3857272,72,1839,46,15
3857272,73,1839,45,0
3857272,74,1839,46,12
3857272,75,1839,46,22
3857272,76,768,47,46
3857272,77,1839,48,5
3857272,78,768,48,52
3857272,79,768,50,5
3857272,80,1839,50,23
3857272,81,1839,50,40
3857272,82,768,51,9
3857272,83,768,51,34
3857272,84,768,51,47
3857272,85,1839,52,31
3857272,86,1839,53,50
3857272,87,768,53,57
3857272,88,768,55,15
3857272,89,1839,55,41
3857272,90,1839,56,0
3857272,91,768,56,56
3857272,92,1839,57,1
3857272,93,1839,58,29
3857272,94,768,58,54
3857272,95,1839,59,13
3857272,96,1839,59,55
3857272,97,1839,60,34
3857272,98,1839,62,31
3857272,99,1839,63,37
3857272,100,1839,64,16
3857272,101,768,64,44
3857272,102,1839,65,38
3857272,103,768,65,42
3857272,104,1839,65,47
3857272,105,1839,66,19
3857272,106,768,68,26
3857272,107,1839,69,52
3857272,108,1839,70,16
3857272,109,768,71,38
3857272,110,768,72,46
3857272,111,1839,73,58
3857272,112,768,74,27
3857272,113,1839,78,3
3857272,114,768,78,36
3857272,115,768,79,32
3857272,116,1839,79,47
3857272,117,1839,80,1
3857272,118,768,80,32
3857272,119,1839,81,8
3857272,120,768,82,43
3857272,121,1839,83,14
3857272,122,768,84,28
3857272,123,1839,85,8
3857272,124,768,85,14
3857272,125,768,86,17
3857272,126,1839,86,44
3857272,127,1839,86,55
3857272,128,768,88,31
3857272,129,1839,88,44
3857272,130,768,89,30
3857272,131,768,89,58
3857272,132,768,90,48
3857272,133,1839,90,52
3857272,134,1839,91,5
3857272,135,768,91,33
3857272,136,768,92,49
3857272,137,1839,93,23
3857272,138,1839,94,24
3857278,1,797,0,0
3857278,2,797,0,0
3857278,3,797,0,46
3857278,4,1839,1,12
3857278,5,797,1,25
3857278,6,797,1,58
3857278,7,1839,2,0
3857278,8,1839,2,53
3857278,9,1839,3,37
3857278,10,1839,3,46
3857278,11,797,4,11
3857278,12,797,5,30
3857278,13,1839,5,37
3857278,14,797,7,11
3857278,15,1839,7,25
3857278,16,1839,8,14
3857278,17,797,9,13
3857278,18,1839,9,21
3857278,19,1839,9,55
3857278,20,797,10,56
3857278,21,1839,11,10
3857278,22,797,12,0
3857278,23,1839,12,4
3857278,24,797,12,35
3857278,25,1839,13,28
3857278,26,797,13,48
3857278,27,1839,14,49
3857278,28,1839,15,27
3857278,29,797,16,4
3857278,30,1839,16,10
3857278,31,797,18,3
3857278,32,1839,19,9
3857278,33,1839,19,21
3857278,34,797,19,29
3857278,35,797,19,58
3857278,36,1839,20,29
3857278,37,797,21,3
3857278,38,1839,21,15
3857278,39,1839,21,32
3857278,40,797,23,48
3857278,41,1839,23,55
3857278,42,797,24,53
3857278,43,1839,25,10
3857278,44,1839,26,35
3857278,45,797,27,11
3857278,46,797,27,35
3857278,47,1839,28,17
3857278,48,797,29,28
3857278,49,797,30,20
3857278,50,1839,30,34
3857278,51,1839,31,59
3857278,52,797,32,0
3857278,53,1839,32,2
3857278,54,1839,32,31
3857278,55,797,33,9
3857278,56,1839,33,41
3857278,57,797,34,24
3857278,58,1839,34,46
3857278,59,1839,35,57
3857278,60,1839,36,21
3857278,61,797,37,13
3857278,62,1839,37,18
3857278,63,797,40,58
3857278,64,1839,41,19
3857278,65,1839,42,8
3857278,66,797,42,10
3857278,67,797,43,5
3857278,68,1839,43,29
3857278,69,797,43,39
3857278,70,797,43,56
3857278,71,1839,44,11
3857278,72,797,44,25
3857278,73,1839,46,16
3857278,74,797,46,29
3857278,75,1839,47,14
3857278,76,797,47,20
3857278,77,1839,47,49
3857278,78,797,48,0
3857278,79,1839,48,11
3857278,80,797,48,39
3857278,81,1839,48,57
3857278,82,1839,50,18
3857278,83,797,50,36
3857278,84,1839,50,49
3857278,85,797,51,38
3857278,86,1839,52,2
3857278,87,1839,45,0
3857278,88,797,45,30
3857278,89,1839,45,47
3857278,90,797,45,55
3857278,91,1839,46,13
3857278,92,797,46,45
3857278,93,797,47,3
3857278,94,1839,47,14
3857278,95,1839,48,38
3857278,96,1839,49,18
3857278,97,797,49,48
3857278,98,1839,50,1
3857278,99,797,50,5
3857278,100,797,50,31
3857278,101,1839,51,34
3857278,102,797,52,3
3857278,103,1839,53,22
3857278,104,797,53,35
3857278,105,1839,54,33
3857278,106,1839,56,2
3857278,107,1839,56,49
3857278,108,797,57,38
3857278,109,1839,58,13
3857278,110,1839,58,36
3857278,111,797,58,43
3857278,112,797,59,4
3857278,113,1839,59,10
3857278,114,1839,59,44
3857278,115,1839,60,30
3857278,116,797,60,32
3857278,117,797,60,46
3857278,118,1839,61,17
3857278,119,1839,61,52
3857278,120,797,62,33
3857278,121,797,63,27
3857278,122,797,63,28
3857278,123,1839,63,29
3857278,124,1839,64,51
3857278,125,797,65,1
3857278,126,1839,65,19
3857278,127,1839,65,57
3857278,128,797,66,3
3857278,129,1839,66,22
3857278,130,1839,66,54
3857278,131,1839,68,45
3857278,132,797,68,53
3857278,133,797,69,31
3857278,134,1839,71,9
3857278,135,797,71,48
3857278,136,1839,72,6
3857278,137,797,72,36
3857278,138,1839,72,41
3857278,139,797,73,0
3857278,140,1839,73,12
3857278,141,797,75,33
3857278,142,1839,76,6
3857278,143,1839,77,11
3857278,144,797,77,14
3857278,145,797,77,50
3857278,146,797,78,10
3857278,147,1839,78,34
3857278,148,797,78,36
3857278,149,1839,79,31
3857278,150,797,79,37
3857278,151,797,81,33
3857278,152,797,82,51
3857278,153,797,83,0
3857278,154,797,83,16
3857278,155,797,84,58
3857278,156,1839,86,14
3857278,157,797,86,57
3857278,158,797,87,29
3857278,159,797,87,43
3857278,160,797,88,24
3857278,161,1839,88,30
3857278,162,1839,88,56
3857278,163,1839,89,28
3857278,164,797,90,2
3857278,165,797,91,38
3857278,166,797,92,27
3857278,167,1839,93,6
3857278,168,797,93,11
3857278,169,797,93,32
3857278,170,1839,94,6
3857278,171,1839,94,20
3857278,172,797,94,22
3857278,173,1839,95,5
3857278,174,797,95,15
3857278,175,1839,95,23
3857278,176,1839,96,3
3857278,177,1839,96,40
3857278,178,797,96,42
3857278,179,797,97,21
3857278,180,797,99,5
3857278,181,1839,99,16
3857278,182,797,99,27
3857278,183,797,99,32
3857277,1,788,0,0
3857277,2,788,0,0
3857277,3,785,0,23
3857277,4,788,1,37
3857277,5,785,1,46
3857277,6,785,2,9
3857277,7,785,2,26
3857277,8,785,2,48
3857277,9,788,2,52
3857277,10,785,3,9
3857277,11,785,3,47
3857277,12,788,4,23
3857277,13,785,5,10
3857277,14,788,6,21
3857277,15,785,7,1
3857277,16,788,7,50
3857277,17,785,8,25
3857277,18,785,8,48
3857277,19,788,9,47
3857277,20,785,10,0
3857277,21,788,10,40
3857277,22,788,10,58
3857277,23,785,12,2
3857277,24,788,12,10
3857277,25,785,12,56
3857277,26,785,13,52
3857277,27,788,14,3
3857277,28,785,14,27
3857277,29,788,14,42
3857277,30,785,14,49
3857277,31,785,15,50
3857277,32,788,16,42
3857277,33,788,17,12
3857277,34,785,17,46
3857277,35,788,17,54
3857277,36,788,18,0
3857277,37,788,20,7
3857277,38,785,20,19
3857277,39,785,21,14
3857277,40,788,22,24
3857277,41,788,23,49
3857277,42,785,25,6
3857277,43,785,26,15
3857277,44,785,26,45
3857277,45,788,27,59
3857277,46,788,28,42
3857277,47,788,29,12
3857277,48,785,29,23
3857277,49,785,29,50
3857277,50,788,30,28
3857277,51,785,31,5
3857277,52,785,32,23
3857277,53,788,32,37
3857277,54,785,32,44
3857277,55,785,33,37
3857277,56,788,33,49
3857277,57,788,34,28
3857277,58,785,35,2
3857277,59,788,35,4
3857277,60,788,35,39
3857277,61,785,36,3
3857277,62,788,36,19
3857277,63,788,36,47
3857277,64,785,37,25
3857277,65,785,37,44
3857277,66,788,37,52
3857277,67,785,38,5
3857277,68,788,39,3
3857277,69,788,39,19
3857277,70,788,40,48
3857277,71,785,40,49
3857277,72,785,43,2
3857277,73,788,43,5
3857277,74,785,43,57
3857277,75,788,44,10
3857277,76,785,44,23
3857277,77,785,44,33
3857277,78,785,46,7
3857277,79,785,46,44
3857277,80,788,47,10
3857277,81,785,45,0
3857277,82,785,46,15
3857277,83,788,46,17
3857277,84,785,46,26
3857277,85,785,47,2
3857277,86,785,47,22
3857277,87,788,48,12
3857277,88,788,48,45
3857277,89,785,49,1
3857277,90,785,49,36
3857277,91,785,50,11
3857277,92,788,50,20
3857277,93,785,50,31
3857277,94,785,51,51
3857277,95,788,51,56
3857277,96,788,54,51
3857277,97,785,54,51
3857277,98,788,54,51
3857277,99,785,54,57
3857277,100,788,55,54
3857277,101,788,56,3
3857277,102,785,56,17
3857277,103,785,56,48
3857277,104,788,57,21
3857277,105,785,57,43
3857277,106,788,57,51
3857277,107,788,60,8
3857277,108,785,60,13
3857277,109,785,60,40
3857277,110,788,61,24
3857277,111,785,62,2
3857277,112,788,62,32
3857277,113,788,64,4
3857277,114,788,64,59
3857277,115,788,65,8
3857277,116,785,65,18
3857277,117,785,65,32
3857277,118,788,66,0
3857277,119,785,66,6
3857277,120,788,66,28
3857277,121,785,66,41
3857277,122,785,69,19
3857277,123,785,70,36
3857277,124,785,71,22
3857277,125,785,72,10
3857277,126,788,72,12
3857277,127,785,72,23
3857277,128,788,74,18
3857277,129,785,74,29
3857277,130,785,75,5
3857277,131,785,75,55
3857277,132,788,76,41
3857277,133,785,76,47
3857277,134,785,78,0
3857277,135,785,78,59
3857277,136,785,80,1
3857277,137,788,81,28
3857277,138,785,81,33
3857277,139,788,82,22
3857277,140,788,82,46
3857277,141,785,82,49
3857277,142,785,83,5
3857277,143,788,83,52
3857277,144,788,84,34
3857277,145,785,84,38
3857277,146,788,84,45
3857277,147,788,85,5
3857277,148,785,86,31
3857277,149,788,86,48
3857277,150,785,87,4
3857277,151,785,87,31
3857277,152,788,87,50
3857277,153,785,87,57
3857277,154,788,89,21
3857277,155,785,89,23
3857277,156,788,89,27
3857277,157,788,90,8
3857277,158,785,90,25
3857277,159,788,90,57
3857277,160,785,91,41
3857277,161,788,92,10
3857277,162,788,92,32
3857277,163,785,92,40
3857277,164,785,92,59
3857277,165,785,93,29
3857277,166,785,94,59
3857277,167,785,95,46
3857273,1,907,0,0
3857273,2,907,0,0
3857273,3,797,0,15
3857273,4,797,0,37
3857273,5,907,1,3
3857273,6,797,1,23
3857273,7,907,1,46
3857273,8,797,2,34
3857273,9,907,2,51
3857273,10,797,2,54
3857273,11,797,3,29
3857273,12,907,3,50
3857273,13,797,4,58
3857273,14,797,5,46
3857273,15,907,5,49
3857273,16,797,6,2
3857273,17,907,6,38
3857273,18,907,6,51
3857273,19,797,7,33
3857273,20,797,7,53
3857273,21,907,8,9
3857273,22,797,8,29
3857273,23,907,8,34
3857273,24,907,8,54
3857273,25,797,9,53
3857273,26,907,9,57
3857273,27,907,10,14
3857273,28,907,13,1
3857273,29,907,13,29
3857273,30,907,13,46
3857273,31,797,14,28
3857273,32,907,14,29
3857273,33,797,14,34
3857273,34,907,16,6
3857273,35,797,16,37
3857273,36,907,16,41
3857273,37,907,18,42
3857273,38,797,19,0
3857273,39,797,19,35
3857273,40,907,20,8
3857273,41,797,20,39
3857273,42,907,20,53
3857273,43,907,21,0
3857273,44,907,21,27
3857273,45,797,21,32
3857273,46,797,22,34
3857273,47,907,23,3
3857273,48,907,24,36
3857273,49,907,25,26
3857273,50,907,27,49
3857273,51,907,28,35
3857273,52,797,28,59
3857273,53,907,29,3
3857273,54,907,31,22
3857273,55,797,31,48
3857273,56,907,32,15
3857273,57,797,33,44
3857273,58,797,34,0
3857273,59,907,34,35
3857273,60,797,34,44
3857273,61,907,35,23
3857273,62,797,37,0
3857273,63,907,37,4
3857273,64,797,37,15
3857273,65,797,37,53
3857273,66,907,38,7
3857273,67,797,39,9
3857273,68,797,40,7
3857273,69,907,40,21
3857273,70,907,41,44
3857273,71,797,41,46
3857273,72,907,42,9
3857273,73,797,42,34
3857273,74,907,42,56
3857273,75,797,43,55
3857273,76,907,44,20
3857273,77,907,45,20
3857273,78,907,45,28
3857273,79,797,46,2
3857273,80,907,47,10
3857273,81,797,47,23
3857273,82,797,48,46
3857273,83,907,49,25
3857273,84,797,45,1
3857273,85,907,45,10
3857273,86,797,45,43
3857273,87,907,46,20
3857273,88,907,47,3
3857273,89,797,47,11
3857273,90,907,47,27
3857273,91,797,50,5
3857273,92,907,50,22
3857273,93,907,50,40
3857273,94,797,50,48
3857273,95,907,51,10
3857273,96,907,51,17
3857273,97,907,51,58
3857273,98,797,52,0
3857273,99,907,52,6
3857273,100,797,52,57
3857273,101,907,53,3
3857273,102,907,54,2
3857273,103,797,54,16
3857273,104,907,54,24
3857273,105,797,54,50
3857273,106,797,55,21
3857273,107,797,56,17
3857273,108,907,56,29
3857273,109,907,57,12
3857273,110,907,59,50
3857273,111,797,61,14
3857273,112,907,61,48
3857273,113,797,61,55
3857273,114,797,62,47
3857273,115,907,62,49
3857273,116,797,63,30
3857273,117,797,64,29
3857273,118,907,64,32
3857273,119,907,64,54
3857273,120,907,65,29
3857273,121,907,66,4
3857273,122,797,66,14
3857273,123,907,66,23
3857273,124,907,67,50
3857273,125,797,68,45
3857273,126,907,69,18
3857273,127,797,69,32
3857273,128,797,70,26
3857273,129,797,71,37
3857273,130,907,71,55
3857273,131,797,72,16
3857273,132,797,72,39
3857273,133,797,73,43
3857273,134,907,74,45
3857273,135,907,77,24
3857273,136,907,77,36
3857273,137,907,77,43
3857273,138,797,78,7
3857273,139,907,78,11
3857273,140,907,78,58
3857273,141,797,79,0
3857273,142,907,79,9
3857273,143,797,80,2
3857273,144,907,80,4
3857273,145,907,80,44
3857273,146,907,82,19
3857273,147,907,82,19
3857273,148,907,83,23
3857273,149,797,83,37
3857273,150,797,87,27
3857273,151,907,88,35
3857273,152,797,88,52
3857273,153,907,89,0
3857273,154,797,89,59
3857273,155,907,90,23
3857273,156,907,91,0
3857273,157,797,91,7
3857273,158,907,92,5
3857273,159,797,92,14
3857273,160,907,92,19
3857273,161,907,92,58
3857273,162,797,93,1
3857273,163,797,93,14
3857273,164,797,93,25
3857273,165,797,93,30
3857273,166,907,94,10
3857273,167,907,95,4
3857273,168,797,95,26
3857273,169,797,96,59
3857273,170,797,97,13
3857273,171,907,99,39
3857273,172,907,100,17
3857273,173,797,100,27
3857273,174,907,102,6
3857275,1,777,0,0
3857275,2,777,0,0
3857275,3,771,0,21
3857275,4,771,1,1
3857275,5,777,1,3
3857275,6,777,1,33
3857275,7,771,1,54
3857275,8,771,2,58
3857275,9,777,3,12
3857275,10,777,3,32
3857275,11,777,3,51
3857275,12,777,4,31
3857275,13,771,5,20
3857275,14,771,5,58
3857275,15,771,6,40
3857275,16,777,7,36
3857275,17,771,8,37
3857275,18,771,8,51
3857275,19,777,9,20
3857275,20,777,9,59
3857275,21,777,10,21
3857275,22,771,11,13
3857275,23,777,11,20
3857275,24,777,11,56
3857275,25,771,12,12
3857275,26,777,12,29
3857275,27,771,13,8
3857275,28,777,13,15
3857275,29,777,13,26
3857275,30,777,14,3
3857275,31,771,14,4
3857275,32,771,14,47
3857275,33,771,15,8
3857275,34,777,15,13
3857275,35,777,15,54
3857275,36,771,16,45
3857275,37,771,17,14
3857275,38,771,18,5
3857275,39,771,18,14
3857275,40,777,19,14
3857275,41,771,19,49
3857275,42,777,20,7
3857275,43,771,20,43
3857275,44,777,20,47
3857275,45,771,21,1
3857275,46,771,21,24
3857275,47,777,22,6
3857275,48,771,22,20
3857275,49,777,23,0
3857275,50,771,23,24
3857275,51,777,23,50
3857275,52,777,24,20
3857275,53,777,24,31
3857275,54,771,24,33
3857275,55,777,25,21
3857275,56,771,26,38
3857275,57,771,28,2
3857275,58,777,28,44
3857275,59,777,29,6
3857275,60,771,29,12
3857275,61,771,29,25
3857275,62,777,30,10
3857275,63,777,31,3
3857275,64,777,31,27
3857275,65,771,32,1
3857275,66,777,32,10
3857275,67,777,32,51
3857275,68,777,33,9
3857275,69,777,33,40
3857275,70,777,34,23
3857275,71,777,35,10
3857275,72,771,35,33
3857275,73,777,35,54
3857275,74,771,36,51
3857275,75,771,40,9
3857275,76,777,41,14
3857275,77,771,41,20
3857275,78,777,41,40
3857275,79,771,42,29
3857275,80,777,42,47
3857275,81,777,43,30
3857275,82,771,43,42
3857275,83,777,44,18
3857275,84,777,44,37
3857275,85,777,45,44
3857275,86,771,45,46
3857275,87,777,45,58
3857275,88,771,46,30
3857275,89,777,46,48
3857275,90,771,45,1
3857275,91,777,45,15
3857275,92,777,45,57
3857275,93,777,46,31
3857275,94,777,46,45
3857275,95,771,46,51
3857275,96,771,47,55
3857275,97,771,48,25
3857275,98,777,48,40
3857275,99,777,49,5
3857275,100,771,49,52
3857275,101,777,50,30
3857275,102,771,50,53
3857275,103,777,51,13
3857275,104,771,53,0
3857275,105,777,53,25
3857275,106,771,53,26
3857275,107,771,53,45
3857275,108,771,54,19
3857275,109,771,54,40
3857275,110,777,54,42
3857275,111,771,54,59
3857275,112,777,55,25
3857275,113,777,55,38
3857275,114,771,55,58
3857275,115,777,56,44
3857275,116,771,56,52
3857275,117,777,57,12
3857275,118,771,59,15
3857275,119,777,59,56
3857275,120,771,60,38
3857275,121,771,63,18
3857275,122,777,63,19
3857275,123,771,63,19
3857275,124,777,63,45
3857275,125,771,63,52
3857275,126,777,64,35
3857275,127,771,64,42
3857275,128,777,65,57
3857275,129,771,65,59
3857275,130,777,66,3
3857275,131,771,66,15
3857275,132,771,67,34
3857275,133,777,67,49
3857275,134,777,68,32
3857275,135,771,68,41
3857275,136,777,69,34
3857275,137,771,69,52
3857275,138,771,70,7
3857275,139,777,71,13
3857275,140,771,71,30
3857275,141,777,72,40
3857275,142,771,72,49
3857275,143,777,73,13
3857275,144,777,74,2
3857275,145,771,74,10
3857275,146,771,74,28
3857275,147,771,76,38
3857275,148,771,77,17
3857275,149,771,78,11
3857275,150,771,79,21
3857275,151,771,79,54
3857275,152,771,81,6
3857275,153,777,81,32
3857275,154,771,81,40
3857275,155,771,82,9
3857275,156,771,83,3
3857275,157,777,83,56
3857275,158,771,83,58
3857275,159,777,85,2
3857275,160,771,85,9
3857275,161,777,85,25
3857275,162,771,85,46
3857275,163,771,86,27
3857275,164,777,87,11
3857275,165,771,87,17
3857275,166,771,88,27
3857275,167,771,89,36
3857275,168,771,90,7
3857275,169,777,90,47
3857275,170,771,90,50
3857275,171,771,92,32
3857275,172,771,92,46
3857275,173,771,93,18
3857275,174,771,93,59
3857275,175,777,94,44
3857275,176,771,94,49
3857275,177,777,95,1
3857275,178,771,95,21
3857275,179,771,96,5
3857275,180,777,96,40
3857275,181,771,96,47
3857275,182,771,97,33
3857275,183,777,102,5
3857275,184,771,102,15
3857261,1,907,0,0
3857261,2,907,0,0
3857261,3,907,0,21
3857261,4,907,0,39
3857261,5,768,0,46
3857261,6,907,1,3
3857261,7,768,1,5
3857261,8,907,1,9
3857261,9,768,1,27
3857261,10,907,4,51
3857261,11,768,5,9
3857261,12,907,5,27
3857261,13,768,5,42
3857261,14,907,6,29
3857261,15,907,6,40
3857261,16,768,7,8
3857261,17,907,7,10
3857261,18,768,7,24
3857261,19,907,7,48
3857261,20,768,8,32
3857261,21,907,9,12
3857261,22,768,9,17
3857261,23,907,10,5
3857261,24,768,10,11
3857261,25,907,12,2
3857261,26,768,12,19
3857261,27,768,13,58
3857261,28,907,14,45
3857261,29,768,14,54
3857261,30,768,15,31
3857261,31,768,17,56
3857261,32,907,18,33
3857261,33,907,18,53
3857261,34,768,19,14
3857261,35,768,20,50
3857261,36,768,22,5
3857261,37,768,22,54
3857261,38,768,25,10
3857261,39,907,25,10
3857261,40,768,25,12
3857261,41,768,26,4
3857261,42,768,26,16
3857261,43,907,27,7
3857261,44,907,27,33
3857261,45,907,27,44
3857261,46,768,27,50
3857261,47,907,27,57
3857261,48,907,28,27
3857261,49,768,28,37
3857261,50,768,29,29
3857261,51,907,29,48
3857261,52,768,29,56
3857261,53,907,31,21
3857261,54,768,31,24
3857261,55,907,31,36
3857261,56,768,32,1
3857261,57,907,32,44
3857261,58,768,32,50
3857261,59,768,36,10
3857261,60,907,36,44
3857261,61,768,36,56
3857261,62,907,37,52
3857261,63,768,38,15
3857261,64,907,39,2
3857261,65,907,39,16
3857261,66,768,39,19
3857261,67,768,40,28
3857261,68,768,40,59
3857261,69,768,41,18
3857261,70,907,43,0
3857261,71,768,43,4
3857261,72,768,43,22
3857261,73,768,44,23
3857261,74,907,44,28
3857261,75,768,44,35
3857261,76,907,45,2
3857261,77,768,45,28
3857261,78,907,45,40
3857261,79,907,45,56
3857261,80,768,46,56
3857261,81,768,47,52
3857261,82,907,47,57
3857261,83,768,48,28
3857261,84,907,48,36
3857261,85,907,48,36
3857261,86,907,49,30
3857261,87,768,49,59
3857261,88,768,45,0
3857261,89,907,45,36
3857261,90,768,45,40
3857261,91,907,46,19
3857261,92,768,46,54
3857261,93,768,49,17
3857261,94,907,50,33
3857261,95,768,50,48
3857261,96,907,52,9
3857261,97,768,52,24
3857261,98,768,52,50
3857261,99,907,53,13
3857261,100,907,53,26
3857261,101,768,54,42
3857261,102,907,55,3
3857261,103,907,55,39
3857261,104,768,56,16
3857261,105,768,59,5
3857261,106,907,59,26
3857261,107,768,60,30
3857261,108,768,62,21
3857261,109,907,62,43
3857261,110,907,63,47
3857261,111,907,63,48
3857261,112,768,63,49
3857261,111,907,63,51
3857261,112,768,63,51
3857261,113,907,64,4
3857261,114,907,65,3
3857261,115,907,65,21
3857261,116,768,65,44
3857261,117,907,65,50
3857261,118,907,66,21
3857261,119,768,66,56
3857261,120,907,68,43
3857261,121,768,69,53
3857261,122,907,70,0
3857261,123,907,70,32
3857261,124,768,71,9
3857261,125,768,72,2
3857261,126,907,72,4
3857261,127,907,73,18
3857261,128,768,74,4
3857261,129,768,75,25
3857261,130,907,75,27
3857261,131,768,75,36
3857261,132,907,75,56
3857261,133,907,76,22
3857261,134,768,76,34
3857261,135,907,77,22
3857261,136,907,78,46
3857261,137,768,78,57
3857261,138,907,80,21
3857261,139,768,80,27
3857261,140,768,80,27
3857261,141,907,81,37
3857261,142,907,82,59
3857261,143,907,83,10
3857261,144,768,84,3
3857261,145,907,85,17
3857261,146,768,85,42
3857261,147,907,86,5
3857261,148,768,86,41
3857261,149,768,87,32
3857261,150,768,87,41
3857261,151,768,88,18
3857261,152,768,89,37
3857261,153,768,90,49
3857261,154,907,91,21
3857261,155,768,91,26
3857261,156,768,92,25
3857261,157,768,93,55
3857290,1,773,0,0
3857290,2,773,0,0
3857290,3,773,1,10
3857290,4,2722,1,21
3857290,5,773,1,37
3857290,6,773,3,5
3857290,7,2722,3,43
3857290,8,773,3,47
3857290,9,773,4,23
3857290,10,2722,4,48
3857290,11,773,5,38
3857290,12,2722,6,30
3857290,13,773,6,41
3857290,14,2722,7,1
3857290,15,773,7,32
3857290,16,773,8,0
3857290,17,2722,8,46
3857290,18,773,8,48
3857290,19,2722,9,5
3857290,20,773,9,56
3857290,21,2722,10,17
3857290,22,773,11,13
3857290,23,2722,11,30
3857290,24,773,12,7
3857290,25,2722,13,15
3857290,26,773,13,19
3857290,27,2722,13,37
3857290,28,773,14,17
3857290,29,773,15,15
3857290,30,2722,15,31
3857290,31,773,15,46
3857290,32,2722,16,26
3857290,33,773,16,50
3857290,34,2722,18,34
3857290,35,2722,19,30
3857290,36,773,19,58
3857290,37,773,20,32
3857290,38,773,20,52
3857290,39,773,21,21
3857290,40,2722,21,54
3857290,41,773,22,27
3857290,42,2722,22,44
3857290,43,2722,23,59
3857290,44,773,24,52
3857290,45,2722,25,19
3857290,46,773,25,58
3857290,47,773,26,36
3857290,48,2722,26,59
3857290,49,773,27,20
3857290,50,2722,27,31
3857290,51,773,27,47
3857290,52,773,28,31
3857290,53,2722,28,40
3857290,54,2722,29,55
3857290,55,2722,30,12
3857290,56,773,31,50
3857290,57,773,32,49
3857290,58,2722,33,47
3857290,59,773,34,11
3857290,60,773,34,40
3857290,61,2722,35,13
3857290,62,773,36,0
3857290,63,2722,36,30
3857290,64,773,37,38
3857290,65,2722,38,43
3857290,66,773,38,59
3857290,67,773,39,39
3857290,68,2722,40,15
3857290,69,2722,41,25
3857290,70,773,42,24
3857290,71,2722,42,43
3857290,72,773,43,11
3857290,73,2722,43,26
3857290,74,773,44,9
3857290,75,2722,44,12
3857290,76,773,44,44
3857290,77,773,45,48
3857290,78,2722,46,37
3857290,79,2722,47,44
3857290,80,2722,45,1
3857290,81,2722,45,38
3857290,82,773,45,56
3857290,83,773,47,3
3857290,84,2722,48,43
3857290,85,2722,49,34
3857290,86,2722,50,4
3857290,87,773,50,12
3857290,88,773,50,24
3857290,89,2722,50,35
3857290,90,773,51,39
3857290,91,2722,51,54
3857290,92,2722,53,9
3857290,93,773,53,12
3857290,94,773,55,17
3857290,95,2722,55,59
3857290,96,2722,57,23
3857290,97,773,57,31
3857290,98,2722,57,53
3857290,99,773,58,6
3857290,100,2722,58,9
3857290,101,2722,58,23
3857290,102,2722,59,11
3857290,103,773,60,41
3857290,104,2722,61,2
3857290,105,773,61,30
3857290,106,773,62,35
3857290,107,2722,62,50
3857290,108,773,63,19
3857290,109,2722,63,27
3857290,110,2722,63,49
3857290,111,773,64,34
3857290,112,2722,64,36
3857290,113,2722,65,24
3857290,114,773,65,27
3857290,115,773,65,36
3857290,116,773,66,30
3857290,117,773,67,5
3857290,118,2722,67,21
3857290,119,2722,68,10
3857290,120,2722,68,34
3857290,121,2722,68,53
3857290,122,773,69,34
3857290,123,773,70,26
3857290,124,2722,71,26
3857290,125,773,71,40
3857290,126,2722,71,49
3857290,127,2722,74,10
3857290,128,773,75,16
3857290,129,2722,75,18
3857290,130,773,75,30
3857290,131,773,76,27
3857290,132,2722,76,41
3857290,133,773,76,56
3857290,134,2722,77,11
3857290,135,2722,77,27
3857290,136,773,77,49
3857290,137,2722,78,13
3857290,138,2722,78,28
3857290,139,773,78,46
3857290,140,2722,78,53
3857290,141,773,79,27
3857290,142,2722,79,40
3857290,143,773,81,5
3857290,144,2722,81,18
3857290,145,773,81,44
3857290,146,773,82,35
3857290,147,2722,82,40
3857290,148,2722,83,38
3857290,149,773,84,13
3857290,150,773,84,51
3857290,151,2722,85,9
3857290,152,773,86,5
3857290,153,2722,86,16
3857290,154,2722,86,55
3857290,155,773,87,23
3857290,156,2722,87,32
3857290,157,773,87,56
3857290,158,2722,88,3
3857290,159,2722,88,7
3857290,160,773,88,54
3857290,161,2722,88,59
3857290,162,773,89,7
3857290,163,773,89,59
3857290,164,773,92,33
3857290,165,2722,93,6
3857290,166,773,93,54
3857290,167,773,94,38
3857290,168,773,95,28
3857290,169,2722,95,47
3857298,1,780,0,0
3857298,2,780,0,0
3857298,3,4885,1,28
3857298,4,4885,2,2
3857298,5,780,2,26
3857298,6,780,2,50
3857298,7,780,4,7
3857298,8,4885,4,33
3857298,9,4885,4,57
3857298,10,780,4,59
3857298,11,780,5,8
3857298,12,4885,5,40
3857298,13,780,5,45
3857298,14,4885,6,52
3857298,15,780,6,59
3857298,16,4885,7,55
3857298,17,780,8,23
3857298,18,4885,9,6
3857298,19,780,9,24
3857298,20,4885,10,8
3857298,21,4885,10,29
3857298,22,780,10,40
3857298,23,780,10,56
3857298,24,4885,11,12
3857298,25,780,11,41
3857298,26,780,12,22
3857298,27,4885,13,9
3857298,28,780,13,17
3857298,29,4885,14,25
3857298,30,4885,14,46
3857298,31,780,15,24
3857298,32,4885,17,11
3857298,33,780,17,26
3857298,34,780,19,23
3857298,35,4885,19,51
3857298,36,780,20,15
3857298,37,4885,20,44
3857298,38,4885,21,7
3857298,39,780,21,40
3857298,40,4885,22,31
3857298,41,4885,23,6
3857298,42,780,23,11
3857298,43,4885,23,36
3857298,44,4885,24,0
3857298,45,780,24,5
3857298,46,4885,24,42
3857298,47,4885,25,32
3857298,48,780,25,59
3857298,49,4885,26,9
3857298,50,780,26,42
3857298,51,4885,28,9
3857298,52,780,28,55
3857298,53,780,30,5
3857298,54,4885,30,11
3857298,55,4885,30,50
3857298,56,780,31,10
3857298,57,780,31,33
3857298,58,780,32,37
3857298,59,780,33,0
3857298,60,4885,33,7
3857298,61,780,33,33
3857298,62,780,33,44
3857298,63,4885,34,12
3857298,64,780,34,33
3857298,65,780,35,17
3857298,66,4885,35,38
3857298,67,4885,35,46
3857298,68,4885,36,51
3857298,69,4885,37,36
3857298,70,780,37,57
3857298,71,4885,38,41
3857298,72,780,38,45
3857298,73,4885,39,25
3857298,74,780,39,31
3857298,75,4885,40,30
3857298,76,780,40,57
3857298,77,4885,42,28
3857298,78,780,42,33
3857298,79,780,42,44
3857298,80,4885,43,5
3857298,81,4885,43,19
3857298,82,780,43,33
3857298,83,4885,44,42
3857298,84,780,44,50
3857298,85,780,45,27
3857298,86,4885,46,20
3857298,87,780,46,26
3857298,88,4885,45,0
3857298,89,4885,45,29
3857298,90,780,45,38
3857298,91,4885,46,10
3857298,92,780,46,23
3857298,93,780,46,47
3857298,94,4885,47,12
3857298,95,4885,47,57
3857298,96,780,48,9
3857298,97,780,48,59
3857298,98,4885,49,27
3857298,99,780,49,58
3857298,100,4885,50,29
3857298,101,780,50,43
3857298,102,780,51,18
3857298,103,780,51,38
3857298,104,4885,51,50
3857298,105,4885,52,56
3857298,106,780,53,8
3857298,107,4885,53,23
3857298,108,780,53,33
3857298,109,4885,53,37
3857298,110,4885,54,2
3857298,111,780,55,58
3857298,112,780,58,52
3857298,113,4885,59,39
3857298,114,780,59,43
3857298,115,4885,59,52
3857298,116,4885,60,57
3857298,117,780,61,14
3857298,118,780,64,20
3857298,119,4885,65,42
3857298,120,4885,65,58
3857298,121,780,66,30
3857298,122,4885,67,1
3857298,123,780,67,26
3857298,124,4885,67,36
3857298,125,780,68,31
3857298,126,4885,68,41
3857298,127,780,69,25
3857298,128,780,69,49
3857298,129,4885,70,43
3857298,130,780,71,5
3857298,131,4885,71,29
3857298,132,780,71,43
3857298,133,4885,71,46
3857298,134,780,73,30
3857298,135,4885,73,43
3857298,136,780,73,51
3857298,137,4885,74,10
3857298,138,780,74,28
3857298,139,4885,76,46
3857298,140,780,76,47
3857298,141,4885,76,48
3857298,142,780,76,57
3857298,143,4885,78,37
3857298,144,780,78,46
3857298,145,4885,79,6
3857298,146,780,79,12
3857298,147,4885,80,46
3857298,148,4885,81,26
3857298,149,4885,81,59
3857298,150,780,82,4
3857298,151,4885,82,37
3857298,152,780,82,57
3857298,153,4885,83,8
3857298,154,780,83,56
3857298,155,4885,83,56
3857298,156,780,84,49
3857298,157,4885,84,57
3857298,158,780,85,38
3857298,159,4885,87,51
3857298,160,780,87,53
3857298,161,4885,88,0
3857298,162,4885,88,15
3857298,163,780,89,17
3857298,164,4885,89,27
3857298,165,4885,90,58
3857298,166,780,92,6
3857298,167,4885,92,12
3857298,168,780,93,6
3857298,169,780,93,47
3857298,170,4885,93,50
3857298,171,780,93,57
3857298,172,4885,94,9
3857298,173,780,94,20
3857298,174,4885,94,26
3857298,175,4885,94,34
3857298,176,780,94,50
3857298,177,780,95,50
3857298,178,780,96,15
3857298,179,780,97,6
3857298,180,4885,97,9
3857298,181,4885,97,30
3857298,182,780,98,6
3857298,183,780,98,29
3857298,184,4885,98,47
3857298,185,780,99,16
3857285,1,787,0,0
3857285,2,941,0,0
3857285,3,787,0,40
3857285,4,787,1,33
3857285,5,941,2,14
3857285,6,941,3,41
3857285,7,787,4,1
3857285,8,787,4,40
3857285,9,787,6,47
3857285,10,941,7,40
3857285,11,787,7,52
3857285,12,941,8,21
3857285,13,787,8,43
3857285,14,941,9,4
3857285,15,787,9,17
3857285,16,941,9,38
3857285,17,787,9,49
3857285,18,941,10,40
3857285,19,787,10,40
3857285,20,941,11,20
3857285,21,941,12,3
3857285,22,787,12,4
3857285,23,941,12,44
3857285,24,787,12,46
3857285,25,941,13,11
3857285,26,787,13,28
3857285,27,941,14,3
3857285,28,787,14,46
3857285,29,787,15,9
3857285,30,941,15,19
3857285,31,941,15,39
3857285,32,787,17,5
3857285,33,787,18,8
3857285,34,941,18,12
3857285,35,941,18,36
3857285,36,787,19,18
3857285,37,787,19,42
3857285,38,941,19,42
3857285,39,787,20,5
3857285,40,941,20,35
3857285,41,941,22,7
3857285,42,787,22,43
3857285,43,941,23,8
3857285,44,787,23,11
3857285,45,941,23,32
3857285,46,787,23,51
3857285,47,787,24,22
3857285,48,787,25,0
3857285,49,941,25,16
3857285,50,787,25,24
3857285,51,941,25,33
3857285,52,941,26,36
3857285,53,787,27,6
3857285,54,787,27,29
3857285,55,941,28,51
3857285,56,941,29,21
3857285,57,787,30,22
3857285,58,941,31,48
3857285,59,787,31,54
3857285,60,787,32,37
3857285,61,941,32,52
3857285,62,941,32,58
3857285,63,787,33,35
3857285,64,787,33,43
3857285,65,941,33,59
3857285,66,941,35,30
3857285,67,941,35,48
3857285,68,787,36,20
3857285,69,787,37,7
3857285,70,941,38,57
3857285,71,787,39,37
3857285,72,787,41,27
3857285,73,941,42,5
3857285,74,787,43,22
3857285,75,941,43,33
3857285,76,941,44,37
3857285,77,941,44,56
3857285,78,941,45,38
3857285,79,787,46,49
3857285,80,941,47,41
3857285,81,787,45,1
3857285,82,941,45,41
3857285,83,941,46,5
3857285,84,941,47,49
3857285,85,787,48,7
3857285,86,941,49,9
3857285,87,941,49,18
3857285,88,941,50,8
3857285,89,787,50,10
3857285,90,941,50,47
3857285,91,941,51,29
3857285,92,941,52,5
3857285,93,941,52,38
3857285,94,787,53,3
3857285,95,787,53,23
3857285,96,787,54,23
3857285,97,787,54,38
3857285,98,941,54,58
3857285,99,941,55,22
3857285,100,787,55,45
3857285,101,787,56,41
3857285,102,941,57,8
3857285,103,787,57,28
3857285,104,941,58,8
3857285,105,941,60,41
3857285,106,941,61,47
3857285,107,941,62,26
3857285,108,787,63,7
3857285,109,941,63,59
3857285,110,787,64,23
3857285,111,787,65,14
3857285,112,941,65,35
3857285,113,787,66,56
3857285,114,941,67,29
3857285,115,787,68,13
3857285,116,787,71,43
3857285,117,941,71,43
3857285,118,787,71,44
3857285,119,941,72,7
3857285,120,787,72,19
3857285,121,941,73,15
3857285,122,787,73,43
3857285,123,941,74,4
3857285,124,787,74,18
3857285,125,941,74,35
3857285,126,787,74,48
3857285,127,941,75,11
3857285,128,941,76,11
3857285,129,787,77,17
3857285,130,941,77,37
3857285,131,941,78,20
3857285,132,787,79,1
3857285,133,787,79,30
3857285,134,787,79,45
3857285,135,941,79,47
3857285,136,941,80,19
3857285,137,787,80,49
3857285,138,941,81,55
3857285,139,787,82,19
3857285,140,787,82,44
3857285,141,941,82,44
3857285,142,787,82,46
3857285,143,787,83,19
3857285,144,941,83,30
3857285,145,787,85,2
3857285,146,787,85,25
3857285,147,787,86,6
3857285,148,787,86,45
3857285,149,941,86,55
3857285,150,941,88,7
3857285,151,787,88,8
3857285,152,941,88,42
3857285,153,941,88,52
3857285,154,941,89,40
3857285,155,941,90,12
3857285,156,787,90,17
3857285,157,941,91,31
3857285,158,787,91,35
3857285,159,941,92,2
3857285,160,787,92,5
3857285,161,787,92,31
3857285,162,941,93,41
3857285,163,941,94,39
3857285,164,787,95,7
3857285,165,941,96,24
3857285,166,787,96,39
3857285,167,787,96,59
3857285,168,941,97,12
3857285,169,787,97,31
3857285,170,787,97,42
3857285,171,941,97,54
3857285,172,787,99,20
3857285,173,787,99,45
3857282,1,1839,0,0
3857282,2,1839,0,0
3857282,3,1839,0,13
3857282,4,907,0,38
3857282,5,907,0,54
3857282,6,1839,0,58
3857282,7,907,1,27
3857282,8,1839,1,29
3857282,9,1839,2,32
3857282,10,907,2,47
3857282,11,1839,3,11
3857282,12,1839,4,11
3857282,13,907,5,7
3857282,14,1839,5,11
3857282,15,907,6,21
3857282,16,907,6,39
3857282,17,1839,7,10
3857282,18,1839,8,26
3857282,19,907,9,32
3857282,20,1839,9,45
3857282,21,907,10,25
3857282,22,907,11,14
3857282,23,907,11,56
3857282,24,907,13,38
3857282,25,1839,14,21
3857282,26,907,14,24
3857282,27,1839,14,34
3857282,28,907,15,46
3857282,29,907,16,38
3857282,30,1839,16,51
3857282,31,907,18,10
3857282,32,1839,18,14
3857282,33,907,18,57
3857282,34,1839,19,31
3857282,35,907,20,3
3857282,36,1839,21,20
3857282,37,1839,22,30
3857282,38,907,23,22
3857282,39,1839,23,50
3857282,40,907,24,2
3857282,41,907,24,47
3857282,42,1839,25,2
3857282,43,907,25,17
3857282,44,1839,25,47
3857282,45,907,25,49
3857282,46,907,26,7
3857282,47,1839,26,28
3857282,48,1839,26,43
3857282,49,907,27,4
3857282,50,1839,27,22
3857282,51,907,29,0
3857282,52,1839,29,18
3857282,53,907,30,26
3857282,54,907,31,3
3857282,55,1839,31,8
3857282,56,1839,33,5
3857282,57,1839,33,39
3857282,58,1839,34,19
3857282,59,907,34,55
3857282,60,1839,35,0
3857282,61,907,36,27
3857282,62,1839,37,29
3857282,63,907,37,54
3857282,64,907,38,37
3857282,65,1839,38,52
3857282,66,1839,39,44
3857282,67,907,40,9
3857282,68,907,40,34
3857282,69,907,41,5
3857282,70,1839,41,9
3857282,71,1839,42,19
3857282,72,907,42,26
3857282,73,907,44,27
3857282,74,1839,45,4
3857282,75,1839,47,19
3857282,76,907,48,3
3857282,77,1839,48,32
3857282,78,907,45,1
3857282,79,1839,45,13
3857282,80,1839,45,51
3857282,81,907,46,33
3857282,82,1839,46,56
3857282,83,907,47,10
3857282,84,907,47,42
3857282,85,1839,47,48
3857282,86,907,48,7
3857282,87,907,48,45
3857282,88,907,49,17
3857282,89,1839,49,44
3857282,90,907,50,8
3857282,91,907,50,38
3857282,92,907,51,12
3857282,93,1839,51,26
3857282,94,907,51,38
3857282,95,1839,52,15
3857282,96,907,52,36
3857282,97,1839,53,14
3857282,98,907,53,16
3857282,99,907,53,46
3857282,100,1839,54,35
3857282,101,907,54,40
3857282,102,1839,55,1
3857282,103,907,55,44
3857282,104,907,56,29
3857282,105,1839,56,42
3857282,106,907,56,44
3857282,107,907,57,39
3857282,108,1839,58,4
3857282,109,907,58,16
3857282,110,1839,59,30
3857282,111,907,59,34
3857282,112,907,59,43
3857282,113,1839,60,40
3857282,114,907,61,41
3857282,115,907,61,55
3857282,116,1839,62,31
3857282,117,907,62,39
3857282,118,907,63,46
3857282,119,907,64,33
3857282,120,1839,65,27
3857282,121,907,66,5
3857282,122,1839,66,20
3857282,123,1839,69,12
3857282,124,907,69,24
3857282,125,1839,69,28
3857282,126,1839,69,40
3857282,127,907,69,52
3857282,128,1839,70,1
3857282,129,907,71,18
3857282,130,1839,71,20
3857282,131,907,71,58
3857282,132,1839,72,45
3857282,133,907,74,12
3857282,134,1839,74,17
3857282,135,907,74,57
3857282,136,1839,75,42
3857282,137,1839,76,31
3857282,138,907,76,43
3857282,139,1839,78,38
3857282,140,907,78,39
3857282,141,1839,78,55
3857282,142,907,79,18
3857282,143,907,79,46
3857282,144,907,81,33
3857282,145,1839,82,32
3857282,146,1839,83,4
3857282,147,907,83,8
3857282,148,907,83,41
3857282,149,907,84,17
3857282,150,907,84,34
3857282,151,1839,84,57
3857282,152,1839,86,7
3857282,153,907,86,30
3857282,154,907,87,43
3857282,155,1839,87,51
3857282,156,1839,88,2
3857282,157,907,88,26
3857282,158,1839,88,36
3857282,159,1839,88,39
3857282,160,1839,90,12
3857282,161,1839,93,0
3857282,162,907,93,0
3857282,163,1839,93,2
3857282,164,907,93,23
3857282,165,1839,94,53
3857282,166,1839,95,10
3857282,167,1839,95,35
3857282,168,907,96,35
3857282,169,1839,96,50
3857282,170,907,96,59
3857282,171,1839,97,55
3857282,172,1839,98,4
3857282,173,1839,98,53
3857282,174,907,99,42
3857282,175,907,100,29
3857282,176,1839,100,31
3857297,1,789,0,0
3857297,2,789,0,0
3857297,3,799,0,9
3857297,4,799,0,37
3857297,5,799,1,20
3857297,6,789,1,34
3857297,7,799,1,46
3857297,8,789,1,58
3857297,9,799,2,44
3857297,10,799,3,23
3857297,11,789,3,31
3857297,12,789,3,57
3857297,13,799,4,10
3857297,14,799,4,50
3857297,15,789,5,11
3857297,16,799,5,47
3857297,17,799,6,36
3857297,18,799,7,54
3857297,19,789,9,11
3857297,20,799,9,32
3857297,21,789,10,4
3857297,22,799,10,6
3857297,23,789,10,25
3857297,24,789,11,12
3857297,25,799,11,50
3857297,26,799,12,49
3857297,27,789,13,42
3857297,28,799,13,53
3857297,29,799,14,15
3857297,30,799,15,9
3857297,31,799,16,58
3857297,32,789,17,0
3857297,33,789,17,51
3857297,34,789,18,7
3857297,35,789,18,29
3857297,36,789,18,44
3857297,37,799,19,16
3857297,38,799,21,16
3857297,39,789,21,16
3857297,40,799,21,17
3857297,41,789,21,56
3857297,42,789,22,8
3857297,43,799,22,35
3857297,44,789,23,15
3857297,45,789,23,37
3857297,46,789,24,22
3857297,47,799,24,30
3857297,48,789,24,53
3857297,49,789,25,34
3857297,50,789,26,1
3857297,51,799,26,5
3857297,52,799,27,24
3857297,53,799,27,53
3857297,54,789,27,56
3857297,55,789,28,27
3857297,56,799,28,46
3857297,57,789,29,6
3857297,58,799,29,40
3857297,59,789,30,15
3857297,60,799,30,25
3857297,61,799,31,27
3857297,62,789,32,34
3857297,63,789,33,13
3857297,64,789,34,26
3857297,65,799,37,42
3857297,66,789,37,47
3857297,67,799,38,13
3857297,68,789,38,43
3857297,69,799,39,57
3857297,70,789,40,7
3857297,71,799,40,56
3857297,72,789,41,17
3857297,73,799,41,25
3857297,74,789,41,42
3857297,75,799,41,52
3857297,76,799,45,35
3857297,77,799,46,33
3857297,78,789,46,56
3857297,79,799,47,0
3857297,80,789,48,20
3857297,81,799,49,4
3857297,82,799,49,17
3857297,83,799,50,1
3857297,84,799,50,19
3857297,85,789,50,50
3857297,86,799,51,52
3857297,87,789,52,42
3857297,88,799,53,40
3857297,89,789,54,46
3857297,90,799,54,53
3857297,91,799,45,0
3857297,92,789,45,34
3857297,93,799,45,41
3857297,94,799,46,44
3857297,95,799,47,41
3857297,96,789,48,26
3857297,97,789,48,58
3857297,98,799,49,0
3857297,99,799,50,3
3857297,100,789,50,4
3857297,101,799,50,4
3857297,102,799,50,43
3857297,103,789,51,12
3857297,104,799,51,26
3857297,105,789,52,26
3857297,106,789,53,5
3857297,107,799,53,29
3857297,108,789,54,5
3857297,109,799,54,15
3857297,110,789,55,25
3857297,111,799,55,28
3857297,112,799,56,0
3857297,113,789,56,31
3857297,114,789,56,55
3857297,115,799,57,35
3857297,116,789,59,55
3857297,117,799,59,58
3857297,118,789,60,33
3857297,119,799,60,51
3857297,120,799,61,13
3857297,121,789,62,20
3857297,122,799,62,33
3857297,123,799,63,1
3857297,124,789,63,22
3857297,125,799,63,39
3857297,126,789,63,42
3857297,127,789,64,8
3857297,128,789,64,57
3857297,129,799,65,46
3857297,130,789,65,56
3857297,131,789,66,20
3857297,132,799,66,23
3857297,133,799,67,52
3857297,134,789,68,30
3857297,135,799,69,9
3857297,136,789,69,10
3857297,137,799,69,24
3857297,138,799,69,34
3857297,139,789,70,48
3857297,140,789,71,13
3857297,141,789,72,0
3857297,142,789,72,22
3857297,143,799,72,57
3857297,144,799,73,34
3857297,145,799,74,18
3857297,146,789,75,27
3857297,147,799,76,22
3857297,148,789,77,14
3857297,149,799,77,23
3857297,150,789,78,22
3857297,151,799,78,26
3857297,152,799,78,58
3857297,153,799,79,18
3857297,154,789,80,11
3857297,155,799,80,15
3857297,156,789,80,41
3857297,157,799,81,4
3857297,158,799,82,57
3857297,159,789,83,31
3857297,160,799,84,18
3857297,161,799,85,9
3857297,162,789,85,51
3857297,163,799,86,0
3857297,164,789,86,58
3857297,165,799,87,9
3857297,166,789,87,28
3857297,167,799,87,38
3857297,168,789,88,23
3857297,169,789,89,2
3857297,170,789,90,13
3857297,171,799,90,29
3857297,172,789,90,54
3857297,173,789,91,37
3857297,174,799,92,1
3857297,175,789,93,29
3857297,176,799,94,51
3857297,177,789,94,51
3857297,178,789,94,52
3857297,179,799,95,12
3857297,180,799,95,37
3857297,181,789,96,18
3857297,182,789,96,34
3857297,183,799,96,37
3857294,1,941,0,0
3857294,2,941,0,0
3857294,3,3566,0,48
3857294,4,941,0,55
3857294,5,3566,2,24
3857294,6,941,2,33
3857294,7,941,2,54
3857294,8,3566,3,1
3857294,9,941,3,10
3857294,10,3566,3,42
3857294,11,941,3,51
3857294,12,3566,4,27
3857294,13,941,4,35
3857294,14,941,5,59
3857294,15,941,5,59
3857294,16,3566,6,0
3857294,17,941,6,45
3857294,18,3566,6,52
3857294,19,941,7,5
3857294,20,3566,8,34
3857294,21,3566,9,19
3857294,22,3566,9,30
3857294,23,3566,9,48
3857294,24,941,9,55
3857294,25,3566,10,14
3857294,26,3566,10,36
3857294,27,941,10,45
3857294,28,3566,11,1
3857294,29,941,11,10
3857294,30,941,11,48
3857294,31,3566,12,33
3857294,32,941,12,35
3857294,33,941,12,50
3857294,34,941,13,16
3857294,35,3566,14,20
3857294,36,3566,14,43
3857294,37,941,14,50
3857294,38,941,15,48
3857294,39,3566,16,27
3857294,40,941,16,31
3857294,41,3566,17,30
3857294,42,941,17,32
3857294,43,941,18,13
3857294,44,3566,18,31
3857294,45,941,18,41
3857294,46,941,19,10
3857294,47,3566,20,45
3857294,48,941,20,56
3857294,49,3566,21,8
3857294,50,941,21,15
3857294,51,3566,22,2
3857294,52,3566,23,17
3857294,53,3566,24,5
3857294,54,941,24,15
3857294,55,3566,24,49
3857294,56,941,24,55
3857294,57,3566,25,19
3857294,58,941,25,40
3857294,59,3566,27,12
3857294,60,3566,27,47
3857294,61,941,28,32
3857294,62,941,28,43
3857294,63,3566,30,49
3857294,64,941,30,59
3857294,65,3566,31,41
3857294,66,3566,31,59
3857294,67,3566,32,56
3857294,68,3566,33,26
3857294,69,3566,34,34
3857294,70,941,36,35
3857294,71,941,38,48
3857294,72,3566,39,27
3857294,73,941,39,55
3857294,74,3566,40,39
3857294,75,941,41,24
3857294,76,941,41,47
3857294,77,3566,41,58
3857294,78,3566,42,24
3857294,79,941,43,9
3857294,80,941,43,28
3857294,81,941,45,11
3857294,82,3566,46,9
3857294,83,941,46,30
3857294,84,3566,47,40
3857294,85,941,47,51
3857294,86,3566,45,0
3857294,87,3566,45,52
3857294,88,3566,46,6
3857294,89,941,46,28
3857294,90,3566,47,8
3857294,91,941,47,56
3857294,92,3566,50,11
3857294,93,941,50,19
3857294,94,3566,51,9
3857294,95,3566,51,46
3857294,96,941,51,52
3857294,97,3566,52,31
3857294,98,941,52,42
3857294,99,3566,54,10
3857294,100,3566,54,53
3857294,101,941,56,17
3857294,102,3566,56,23
3857294,103,941,56,40
3857294,104,941,56,51
3857294,105,3566,56,59
3857294,106,3566,57,51
3857294,107,941,58,28
3857294,108,3566,59,17
3857294,109,941,60,30
3857294,110,3566,60,36
3857294,111,3566,61,12
3857294,112,941,61,41
3857294,113,941,61,57
3857294,114,3566,62,18
3857294,115,941,62,31
3857294,116,3566,64,9
3857294,117,941,64,16
3857294,118,3566,64,49
3857294,119,3566,66,0
3857294,120,3566,66,20
3857294,121,941,66,48
3857294,122,3566,67,1
3857294,123,941,67,13
3857294,124,3566,69,10
3857294,125,941,69,35
3857294,126,3566,70,22
3857294,127,941,70,25
3857294,128,3566,70,32
3857294,129,3566,72,11
3857294,130,3566,72,18
3857294,131,941,72,23
3857294,132,941,72,42
3857294,133,941,73,21
3857294,134,3566,74,7
3857294,135,941,75,5
3857294,136,3566,75,36
3857294,137,941,75,58
3857294,138,3566,76,1
3857294,139,941,76,13
3857294,140,941,76,17
3857294,141,3566,78,47
3857294,142,941,82,18
3857294,143,3566,83,50
3857294,144,941,83,57
3857294,145,3566,84,53
3857294,146,941,86,7
3857294,147,3566,86,39
3857294,148,3566,87,5
3857294,149,941,87,46
3857294,150,3566,88,37
3857294,151,3566,89,2
3857294,152,3566,89,45
3857294,153,941,89,49
3857294,154,3566,91,50
3857294,155,941,91,55
3857294,156,3566,92,10
3857294,157,941,92,23
3857294,158,3566,92,50
3857294,159,3566,93,28
3857294,160,941,94,23
3857266,1,771,0,0
3857266,2,776,0,0
3857266,3,776,0,14
3857266,4,776,1,33
3857266,5,776,1,47
3857266,6,776,2,56
3857266,7,771,3,21
3857266,8,776,3,34
3857266,9,771,3,52
3857266,10,776,4,23
3857266,11,776,4,54
3857266,12,771,4,59
3857266,13,776,5,22
3857266,14,771,6,23
3857266,15,771,7,42
3857266,16,771,9,15
3857266,17,776,9,23
3857266,18,771,10,13
3857266,19,771,11,55
3857266,20,771,12,33
3857266,21,776,13,22
3857266,22,771,13,51
3857266,23,776,15,16
3857266,24,771,15,46
3857266,25,776,16,12
3857266,26,771,16,22
3857266,27,776,16,39
3857266,28,771,17,42
3857266,29,776,17,59
3857266,30,776,18,48
3857266,31,771,18,56
3857266,32,771,20,13
3857266,33,776,20,24
3857266,34,771,20,32
3857266,35,776,21,23
3857266,36,776,21,51
3857266,37,771,23,45
3857266,38,776,24,12
3857266,39,771,25,28
3857266,40,776,25,46
3857266,41,776,26,27
3857266,42,771,26,28
3857266,43,776,26,29
3857266,44,776,26,50
3857266,45,776,27,24
3857266,46,776,27,43
3857266,47,771,28,17
3857266,48,776,28,31
3857266,49,776,28,58
3857266,50,771,29,35
3857266,51,776,29,55
3857266,52,776,30,50
3857266,53,771,32,2
3857266,54,771,32,12
3857266,55,776,32,34
3857266,56,771,32,42
3857266,57,771,33,46
3857266,58,771,34,54
3857266,59,776,35,8
3857266,60,771,35,56
3857266,61,776,37,4
3857266,62,771,38,8
3857266,63,771,38,23
3857266,64,776,39,11
3857266,65,771,39,24
3857266,66,776,39,56
3857266,67,771,40,11
3857266,68,771,40,56
3857266,69,776,41,14
3857266,70,771,41,50
3857266,71,776,43,53
3857266,72,771,44,27
3857266,73,776,44,31
3857266,74,771,45,17
3857266,75,776,45,21
3857266,76,771,45,26
3857266,77,776,46,28
3857266,78,771,47,5
3857266,79,776,47,55
3857266,80,771,47,59
3857266,81,771,45,0
3857266,82,771,45,32
3857266,83,771,46,20
3857266,84,771,46,58
3857266,85,771,47,12
3857266,86,776,47,40
3857266,87,771,48,32
3857266,88,776,48,51
3857266,89,776,49,16
3857266,90,771,49,20
3857266,91,776,49,40
3857266,92,776,51,11
3857266,93,771,51,15
3857266,94,776,52,37
3857266,95,771,52,59
3857266,96,776,53,28
3857266,97,776,54,46
3857266,98,771,55,9
3857266,99,776,55,27
3857266,100,771,55,48
3857266,101,771,56,39
3857266,102,771,57,8
3857266,103,771,57,41
3857266,104,771,58,45
3857266,105,776,59,25
3857266,106,771,60,7
3857266,107,776,60,25
3857266,108,776,62,7
3857266,109,771,62,54
3857266,110,771,63,9
3857266,111,776,63,25
3857266,112,776,63,38
3857266,113,776,63,55
3857266,114,771,64,16
3857266,115,776,64,23
3857266,116,771,65,19
3857266,117,776,65,25
3857266,118,776,65,35
3857266,119,776,67,13
3857266,120,771,68,20
3857266,121,771,68,40
3857266,122,771,69,20
3857266,123,771,69,56
3857266,124,776,69,58
3857266,125,771,70,37
3857266,126,776,70,53
3857266,127,776,73,4
3857266,128,771,74,26
3857266,129,776,74,48
3857266,130,771,74,52
3857266,131,771,76,0
3857266,132,771,77,0
3857266,133,771,77,36
3857266,134,771,78,12
3857266,135,771,78,54
3857266,136,776,79,24
3857266,137,776,80,10
3857266,138,771,81,0
3857266,139,776,81,9
3857266,140,771,82,20
3857266,141,776,82,21
3857266,142,771,83,16
3857266,143,776,83,23
3857266,144,771,84,34
3857266,145,776,86,31
3857266,146,776,87,40
3857266,147,771,88,19
3857266,148,776,90,19
3857266,149,776,90,21
3857266,150,771,90,28
3857266,151,776,91,0
3857266,152,771,91,11
3857266,153,771,92,16
3857266,154,776,92,24
3857266,155,771,93,58
3857266,156,776,94,51
3857266,157,771,94,57
3857266,158,771,95,47
3857266,159,776,95,50
3857266,160,776,96,33
3857284,1,770,0,0
3857284,2,770,0,0
3857284,3,778,0,5
3857284,4,770,0,10
3857284,5,778,0,57
3857284,6,770,1,14
3857284,7,770,1,23
3857284,8,770,1,47
3857284,9,770,2,21
3857284,10,778,3,14
3857284,11,770,3,26
3857284,12,770,3,39
3857284,13,778,4,2
3857284,14,778,4,42
3857284,15,778,5,11
3857284,16,770,5,14
3857284,17,770,5,34
3857284,18,770,6,9
3857284,19,778,6,53
3857284,20,770,7,57
3857284,21,770,8,42
3857284,22,770,9,19
3857284,23,778,10,18
3857284,24,770,10,24
3857284,25,778,11,2
3857284,26,770,11,10
3857284,27,770,11,50
3857284,28,770,15,4
3857284,29,770,15,57
3857284,30,778,16,24
3857284,31,770,16,38
3857284,32,778,16,50
3857284,33,770,17,6
3857284,34,770,18,16
3857284,35,778,19,13
3857284,36,770,19,16
3857284,37,778,20,39
3857284,38,770,20,50
3857284,39,778,20,56
3857284,40,778,21,40
3857284,41,770,22,7
3857284,42,770,23,3
3857284,43,770,24,51
3857284,44,770,25,10
3857284,45,770,25,38
3857284,46,770,26,54
3857284,47,778,27,32
3857284,48,778,27,54
3857284,49,770,28,5
3857284,50,770,28,59
3857284,51,778,29,7
3857284,52,770,29,17
3857284,53,770,29,26
3857284,54,770,32,35
3857284,55,778,33,24
3857284,56,770,33,32
3857284,57,778,33,50
3857284,58,778,33,59
3857284,59,770,34,36
3857284,60,778,34,42
3857284,61,778,35,22
3857284,62,770,35,51
3857284,63,770,36,20
3857284,64,778,36,48
3857284,65,770,37,0
3857284,66,778,39,6
3857284,67,770,39,54
3857284,68,778,40,39
3857284,69,778,40,45
3857284,70,770,40,55
3857284,71,778,41,36
3857284,72,770,41,40
3857284,73,770,41,56
3857284,74,778,42,4
3857284,75,770,42,30
3857284,76,770,42,49
3857284,77,778,44,59
3857284,78,778,45,37
3857284,79,778,46,4
3857284,80,770,46,5
3857284,81,770,47,16
3857284,82,778,50,2
3857284,83,778,45,0
3857284,84,770,45,23
3857284,85,770,45,36
3857284,86,770,46,7
3857284,87,778,47,1
3857284,88,770,47,43
3857284,89,778,47,47
3857284,90,778,48,5
3857284,91,770,48,14
3857284,92,770,48,23
3857284,93,778,49,20
3857284,94,778,50,12
3857284,95,770,50,30
3857284,96,778,51,12
3857284,97,770,51,17
3857284,98,778,51,26
3857284,99,778,52,0
3857284,100,770,52,41
3857284,101,778,52,43
3857284,102,770,53,23
3857284,103,778,53,34
3857284,104,770,54,32
3857284,105,778,55,4
3857284,106,770,55,27
3857284,107,770,56,50
3857284,108,778,56,57
3857284,109,770,57,28
3857284,110,770,57,55
3857284,111,778,59,42
3857284,112,770,59,49
3857284,113,778,59,57
3857284,114,770,60,47
3857284,115,770,61,57
3857284,116,778,62,56
3857284,117,770,63,12
3857284,118,770,63,22
3857284,119,778,63,26
3857284,120,770,64,4
3857284,121,778,64,9
3857284,122,770,64,31
3857284,123,778,64,57
3857284,124,778,65,7
3857284,125,778,66,0
3857284,126,778,67,5
3857284,127,778,68,22
3857284,128,770,68,26
3857284,129,778,69,4
3857284,130,770,69,30
3857284,131,770,70,57
3857284,132,770,71,19
3857284,133,778,71,54
3857284,134,778,72,18
3857284,135,770,73,12
3857284,136,778,73,35
3857284,137,778,73,58
3857284,138,770,76,13
3857284,139,778,77,8
3857284,140,770,78,23
3857284,141,770,79,44
3857284,142,778,80,13
3857284,143,770,80,31
3857284,144,770,81,42
3857284,145,770,82,1
3857284,146,778,82,3
3857284,147,778,82,36
3857284,148,770,84,4
3857284,149,770,84,35
3857284,150,770,85,5
3857284,151,770,85,56
3857284,152,778,86,29
3857284,153,770,86,30
3857284,154,770,87,32
3857284,155,778,87,34
3857284,156,770,87,45
3857284,157,770,88,6
3857284,158,770,89,10
3857284,159,778,89,43
3857284,160,770,89,53
3857284,161,770,91,36
3857284,162,778,92,5
3857284,163,770,92,21
3857284,164,770,93,15
3857284,165,770,93,43
3857284,166,778,94,17
3857284,167,770,94,34
3857284,168,778,95,12
3857284,169,770,95,29
3857284,170,778,96,3
3857284,171,770,96,5
3857284,172,770,97,14
3857284,173,770,97,55
3857254,1,776,0,0
3857254,2,776,0,0
3857254,3,776,0,41
3857254,4,776,1,3
3857254,5,777,1,39
3857254,6,776,2,6
3857254,7,776,2,50
3857254,8,777,2,50
3857254,9,776,2,51
3857254,10,776,3,33
3857254,11,777,3,37
3857254,12,776,3,45
3857254,13,777,3,52
3857254,14,776,5,50
3857254,15,776,6,41
3857254,16,777,7,8
3857254,17,777,7,31
3857254,18,776,7,54
3857254,19,777,8,23
3857254,20,777,8,55
3857254,21,777,9,38
3857254,22,777,10,2
3857254,23,777,10,38
3857254,24,777,11,46
3857254,25,776,12,14
3857254,26,777,12,22
3857254,27,776,13,1
3857254,28,776,13,21
3857254,29,777,13,42
3857254,30,777,14,21
3857254,31,776,14,38
3857254,32,777,15,14
3857254,33,776,15,23
3857254,34,776,15,39
3857254,35,777,16,18
3857254,36,776,16,43
3857254,37,777,16,56
3857254,38,777,17,40
3857254,39,776,18,26
3857254,40,776,18,53
3857254,41,776,20,8
3857254,42,776,21,17
3857254,43,776,21,56
3857254,44,777,22,10
3857254,45,777,22,21
3857254,46,776,23,8
3857254,47,776,23,19
3857254,48,777,24,21
3857254,49,777,25,3
3857254,50,776,25,14
3857254,51,776,26,50
3857254,52,777,27,2
3857254,53,777,27,51
3857254,54,776,28,12
3857254,55,777,28,18
3857254,56,777,28,46
3857254,57,776,28,50
3857254,58,777,28,57
3857254,59,776,29,4
3857254,60,777,29,23
3857254,61,776,29,28
3857254,62,776,30,1
3857254,63,776,31,1
3857254,64,777,31,22
3857254,65,776,31,38
3857254,66,776,32,51
3857254,67,777,32,59
3857254,68,777,33,15
3857254,69,776,33,43
3857254,70,777,34,42
3857254,71,776,35,5
3857254,72,776,35,27
3857254,73,777,35,50
3857254,74,776,36,9
3857254,75,777,36,38
3857254,76,776,36,44
3857254,77,777,36,53
3857254,78,777,38,11
3857254,79,776,38,37
3857254,80,777,40,2
3857254,81,776,40,19
3857254,82,777,40,36
3857254,83,777,41,25
3857254,84,776,41,25
3857254,85,777,41,26
3857254,86,777,41,55
3857254,87,777,42,43
3857254,88,776,43,15
3857254,89,777,43,24
3857254,90,776,43,44
3857254,91,776,44,26
3857254,92,777,45,41
3857254,93,776,45,43
3857254,94,777,46,23
3857254,95,776,46,29
3857254,96,776,47,36
3857254,97,776,48,49
3857254,98,776,49,13
3857254,99,776,49,39
3857254,100,777,45,1
3857254,101,777,45,44
3857254,102,776,46,0
3857254,103,777,46,40
3857254,104,776,46,46
3857254,105,777,48,35
3857254,106,776,48,38
3857254,107,777,50,14
3857254,108,777,50,49
3857254,109,777,51,37
3857254,110,777,51,57
3857254,111,777,52,38
3857254,112,776,53,33
3857254,113,777,55,11
3857254,114,776,55,27
3857254,115,777,57,8
3857254,116,776,57,40
3857254,117,777,58,28
3857254,118,777,59,16
3857254,119,776,59,51
3857254,120,776,60,43
3857254,121,777,60,47
3857254,122,776,60,57
3857254,123,777,61,24
3857254,124,777,62,6
3857254,125,777,62,32
3857254,126,776,62,42
3857254,127,777,62,47
3857254,128,777,63,31
3857254,129,777,64,37
3857254,130,776,64,52
3857254,131,776,65,0
3857254,132,777,66,51
3857254,133,776,67,2
3857254,134,776,67,18
3857254,135,777,67,39
3857254,136,776,67,53
3857254,137,776,69,12
3857254,138,777,69,53
3857254,139,776,70,7
3857254,140,777,71,11
3857254,141,776,71,42
3857254,142,777,71,47
3857254,143,777,72,14
3857254,144,776,72,48
3857254,145,777,72,54
3857254,146,776,73,3
3857254,147,777,74,3
3857254,148,776,74,9
3857254,149,776,74,25
3857254,150,777,74,46
3857254,151,776,74,55
3857254,152,777,75,54
3857254,153,776,76,4
3857254,154,777,76,49
3857254,155,776,77,5
3857254,156,777,77,10
3857254,157,777,77,45
3857254,158,776,77,55
3857254,159,776,78,4
3857254,160,777,78,29
3857254,161,776,78,30
3857254,162,777,80,1
3857254,163,776,80,7
3857254,164,777,81,32
3857254,165,776,81,37
3857254,166,776,81,50
3857254,167,777,82,13
3857254,168,776,82,28
3857254,169,777,83,34
3857254,170,776,84,7
3857254,171,776,85,35
3857254,172,777,86,0
3857254,173,776,86,39
3857254,174,776,87,54
3857254,175,776,88,2
3857254,176,777,88,47
3857254,177,776,88,56
3857254,178,777,89,13
3857254,179,776,89,35
3857254,180,776,89,54
3857254,181,776,90,26
3857254,182,776,91,7
3857254,183,777,91,10
3857254,184,777,91,21
3857254,185,776,91,32
3857254,186,776,92,13
3857254,187,777,94,47
3857254,188,776,94,50
3857254,189,777,95,16
3857254,190,776,95,29
3857254,191,776,96,16
3857254,192,777,96,35
3857254,193,776,96,57
3857254,194,777,97,33
3857265,1,794,0,0
3857265,2,794,0,0
3857265,3,794,0,53
3857265,4,789,1,7
3857265,5,794,1,14
3857265,6,794,1,38
3857265,7,794,2,43
3857265,8,789,3,43
3857265,9,789,4,10
3857265,10,794,4,40
3857265,11,794,4,58
3857265,12,789,5,41
3857265,13,789,6,44
3857265,14,789,7,11
3857265,15,789,7,29
3857265,16,794,9,4
3857265,17,789,9,4
3857265,18,794,9,5
3857265,19,789,9,28
3857265,20,789,10,9
3857265,21,789,10,18
3857265,22,794,10,31
3857265,23,794,11,35
3857265,24,789,12,22
3857265,25,789,12,50
3857265,26,794,13,39
3857265,27,794,14,6
3857265,28,789,14,22
3857265,29,789,15,4
3857265,30,794,15,27
3857265,31,789,16,6
3857265,32,794,16,8
3857265,33,794,17,7
3857265,34,789,17,48
3857265,35,794,18,17
3857265,36,789,19,8
3857265,37,794,20,13
3857265,38,789,20,28
3857265,39,789,20,59
3857265,40,794,21,19
3857265,41,789,22,50
3857265,42,794,22,54
3857265,43,789,23,55
3857265,44,794,24,40
3857265,45,789,24,47
3857265,46,789,24,54
3857265,47,794,24,59
3857265,48,794,25,14
3857265,49,789,26,13
3857265,50,794,26,21
3857265,51,794,26,36
3857265,52,789,27,44
3857265,53,789,29,38
3857265,54,789,30,10
3857265,55,794,30,21
3857265,56,794,31,48
3857265,57,794,32,11
3857265,58,789,32,39
3857265,59,794,33,37
3857265,60,789,34,32
3857265,61,789,34,43
3857265,62,789,34,57
3857265,63,789,35,34
3857265,64,789,36,2
3857265,65,794,36,5
3857265,66,789,36,19
3857265,67,789,37,14
3857265,68,789,37,24
3857265,69,794,37,39
3857265,70,794,39,20
3857265,71,789,40,30
3857265,72,794,41,28
3857265,73,789,41,30
3857265,74,789,42,1
3857265,75,794,42,23
3857265,76,794,43,13
3857265,77,794,44,52
3857265,78,789,44,55
3857265,79,794,45,22
3857265,80,789,46,38
3857265,81,794,46,54
3857265,82,789,45,0
3857265,83,794,45,35
3857265,84,789,45,37
3857265,85,794,46,2
3857265,86,789,46,8
3857265,87,794,46,18
3857265,88,789,46,34
3857265,89,794,47,7
3857265,90,789,47,49
3857265,91,789,48,10
3857265,92,789,49,9
3857265,93,794,49,23
3857265,94,794,50,5
3857265,95,789,50,6
3857265,96,794,50,14
3857265,97,794,51,25
3857265,98,789,52,6
3857265,99,789,52,34
3857265,100,794,52,48
3857265,101,789,53,4
3857265,102,789,57,23
3857265,103,789,58,3
3857265,104,794,58,12
3857265,105,794,58,58
3857265,106,789,59,14
3857265,107,789,60,29
3857265,108,789,60,43
3857265,109,794,60,53
3857265,110,789,61,52
3857265,111,794,62,45
3857265,112,794,63,5
3857265,113,794,63,39
3857265,114,789,63,53
3857265,115,789,64,29
3857265,116,794,64,39
3857265,117,794,65,7
3857265,118,789,66,24
3857265,119,794,66,46
3857265,120,794,67,59
3857265,121,789,68,36
3857265,122,789,69,7
3857265,123,794,69,42
3857265,124,794,69,51
3857265,125,789,71,20
3857265,126,789,72,2
3857265,127,794,72,14
3857265,128,794,72,29
3857265,129,794,73,2
3857265,130,789,73,23
3857265,131,789,74,13
3857265,132,789,74,30
3857265,133,794,74,44
3857265,134,794,75,39
3857265,135,789,76,0
3857265,136,789,76,34
3857265,137,794,76,45
3857265,138,789,76,56
3857265,139,794,77,55
3857265,140,794,79,13
3857265,141,794,79,43
3857265,142,789,80,12
3857265,143,789,80,26
3857265,144,789,81,20
3857265,145,794,81,30
3857265,146,794,83,12
3857265,147,794,84,9
3857265,148,789,84,15
3857265,149,794,85,11
3857265,150,789,85,16
3857265,151,794,85,47
3857265,152,789,85,54
3857265,153,794,86,4
3857265,154,789,87,15
3857265,155,794,88,3
3857265,156,789,88,34
3857265,157,794,89,38
3857265,158,789,89,38
3857265,159,794,90,2
3857265,160,794,90,52
3857265,161,789,91,32
3857265,162,794,92,6
3857265,163,789,93,1
3857265,164,794,93,19
3857265,165,789,93,24
3857265,166,794,93,53
3857265,167,794,94,7
3857265,168,794,94,45
3857265,169,789,95,5
3857265,170,794,95,40
3857265,171,789,96,11
3857265,172,794,96,19
3857301,1,3566,0,0
3857301,2,3566,0,0
3857301,3,3566,0,16
3857301,4,787,1,4
3857301,5,787,1,27
3857301,6,3566,2,35
3857301,7,787,3,4
3857301,8,3566,4,16
3857301,9,787,4,30
3857301,10,3566,4,57
3857301,11,787,5,2
3857301,12,3566,5,15
3857301,13,787,5,58
3857301,14,3566,7,3
3857301,15,787,7,12
3857301,16,787,7,48
3857301,17,3566,8,30
3857301,18,787,8,36
3857301,19,3566,8,40
3857301,20,3566,9,24
3857301,21,787,10,10
3857301,22,787,12,36
3857301,23,3566,13,13
3857301,24,3566,14,16
3857301,25,787,14,56
3857301,26,787,16,1
3857301,27,3566,18,9
3857301,28,3566,18,40
3857301,29,3566,19,0
3857301,30,787,19,4
3857301,31,787,19,32
3857301,32,3566,20,35
3857301,33,787,20,40
3857301,34,787,21,52
3857301,35,3566,22,27
3857301,36,3566,22,40
3857301,37,787,22,56
3857301,38,787,23,15
3857301,39,3566,24,6
3857301,40,787,24,15
3857301,41,3566,24,53
3857301,42,787,25,42
3857301,43,3566,25,48
3857301,44,787,26,17
3857301,45,787,27,16
3857301,46,787,27,25
3857301,47,3566,28,28
3857301,48,787,28,43
3857301,49,3566,28,57
3857301,50,787,29,9
3857301,51,3566,29,18
3857301,52,3566,32,9
3857301,53,787,32,34
3857301,54,787,32,50
3857301,55,3566,33,5
3857301,56,787,34,19
3857301,57,3566,34,38
3857301,58,787,34,42
3857301,59,3566,34,45
3857301,60,3566,35,11
3857301,61,787,35,22
3857301,62,787,35,53
3857301,63,3566,37,1
3857301,64,3566,37,20
3857301,65,3566,37,38
3857301,66,787,38,3
3857301,67,3566,38,39
3857301,68,787,38,39
3857301,69,3566,39,13
3857301,70,787,39,41
3857301,71,3566,41,36
3857301,72,787,42,23
3857301,73,3566,43,17
3857301,74,3566,43,35
3857301,75,787,44,53
3857301,76,3566,45,19
3857301,77,787,45,43
3857301,78,3566,45,56
3857301,79,787,46,5
3857301,80,787,47,16
3857301,81,787,47,29
3857301,82,3566,47,53
3857301,83,3566,48,51
3857301,84,787,49,18
3857301,85,3566,49,26
3857301,86,787,50,1
3857301,87,3566,50,36
3857301,88,787,50,43
3857301,89,787,45,0
3857301,90,3566,45,5
3857301,91,787,45,38
3857301,92,3566,45,50
3857301,93,787,46,16
3857301,94,3566,46,34
3857301,95,787,46,52
3857301,96,787,47,50
3857301,97,3566,48,51
3857301,98,3566,49,0
3857301,99,3566,50,6
3857301,100,3566,50,43
3857301,101,787,51,5
3857301,102,3566,51,33
3857301,103,3566,52,7
3857301,104,787,52,41
3857301,105,3566,53,40
3857301,106,3566,54,55
3857301,107,787,55,50
3857301,108,3566,56,9
3857301,109,3566,56,27
3857301,110,787,56,34
3857301,111,3566,56,41
3857301,112,787,56,56
3857301,113,3566,58,18
3857301,114,787,58,52
3857301,115,787,59,9
3857301,116,3566,59,26
3857301,117,787,59,54
3857301,118,3566,60,1
3857301,119,3566,60,31
3857301,120,787,61,16
3857301,121,3566,61,24
3857301,122,787,61,41
3857301,123,3566,61,53
3857301,124,3566,62,33
3857301,125,3566,62,54
3857301,126,787,64,2
3857301,127,3566,65,16
3857301,128,787,65,28
3857301,129,3566,65,40
3857301,130,3566,66,45
3857301,131,3566,67,28
3857301,132,3566,67,43
3857301,133,787,68,30
3857301,134,3566,69,3
3857301,135,3566,69,29
3857301,136,787,70,1
3857301,137,3566,71,3
3857301,138,3566,72,10
3857301,139,3566,72,42
3857301,140,787,74,18
3857301,141,3566,74,24
3857301,142,787,74,38
3857301,143,3566,75,1
3857301,144,3566,75,13
3857301,145,3566,75,30
3857301,146,3566,76,22
3857301,147,3566,77,9
3857301,148,787,78,28
3857301,149,787,79,23
3857301,150,787,79,50
3857301,151,787,80,51
3857301,152,3566,81,1
3857301,153,787,81,18
3857301,154,787,82,26
3857301,155,787,82,45
3857301,156,3566,83,6
3857301,157,3566,84,28
3857301,158,787,85,27
3857301,159,3566,85,32
3857301,160,787,85,58
3857301,161,3566,86,36
3857301,162,787,86,39
3857301,163,3566,86,45
3857301,164,3566,88,3
3857301,165,787,88,23
3857301,166,3566,88,55
3857301,167,3566,89,13
3857301,168,787,89,36
3857301,169,3566,89,44
3857301,170,787,90,3
3857301,171,787,90,56
3857301,172,3566,91,2
3857301,173,787,91,16
3857301,174,787,91,36
3857301,175,3566,92,26
3857301,176,787,93,23
3857301,177,3566,93,40
3857301,178,787,94,29
3857301,179,787,95,41
3857268,1,782,0,0
3857268,2,1833,0,0
3857268,3,1833,1,1
3857268,4,782,2,7
3857268,5,782,2,45
3857268,6,1833,3,5
3857268,7,1833,3,28
3857268,8,782,3,50
3857268,9,1833,3,52
3857268,10,1833,4,13
3857268,11,782,4,42
3857268,12,782,5,3
3857268,13,1833,5,15
3857268,14,1833,5,44
3857268,15,782,5,46
3857268,16,1833,6,7
3857268,17,1833,7,6
3857268,18,1833,10,0
3857268,19,782,10,32
3857268,20,1833,10,41
3857268,21,782,10,59
3857268,22,1833,11,20
3857268,23,782,11,27
3857268,24,1833,11,52
3857268,25,1833,12,10
3857268,26,782,12,33
3857268,27,1833,12,38
3857268,28,782,12,52
3857268,29,782,13,41
3857268,30,782,14,16
3857268,31,1833,14,26
3857268,32,782,14,30
3857268,33,1833,15,5
3857268,34,782,15,53
3857268,35,782,16,35
3857268,36,782,17,13
3857268,37,782,17,34
3857268,38,1833,18,9
3857268,39,1833,18,39
3857268,40,782,18,42
3857268,41,782,19,40
3857268,42,1833,20,31
3857268,43,782,20,47
3857268,44,782,21,8
3857268,45,782,21,29
3857268,46,782,21,58
3857268,47,782,23,22
3857268,48,1833,23,28
3857268,49,782,23,52
3857268,50,782,24,41
3857268,51,782,25,16
3857268,52,1833,25,36
3857268,53,782,26,21
3857268,54,782,26,43
3857268,55,782,27,28
3857268,56,1833,27,46
3857268,57,1833,30,34
3857268,58,782,30,45
3857268,59,1833,31,36
3857268,60,782,32,18
3857268,61,1833,33,2
3857268,62,1833,33,28
3857268,63,782,33,50
3857268,64,1833,34,54
3857268,65,782,36,11
3857268,66,1833,36,51
3857268,67,782,38,57
3857268,68,1833,39,29
3857268,69,1833,40,7
3857268,70,782,40,9
3857268,71,782,40,28
3857268,72,1833,41,38
3857268,73,782,42,1
3857268,74,1833,44,46
3857268,75,1833,45,29
3857268,76,782,45,41
3857268,77,1833,45,49
3857268,78,1833,46,29
3857268,79,782,47,23
3857268,80,1833,47,26
3857268,81,782,47,56
3857268,82,1833,48,2
3857268,83,1833,48,48
3857268,84,782,49,3
3857268,85,1833,49,22
3857268,86,1833,49,52
3857268,87,782,45,0
3857268,88,782,45,32
3857268,89,1833,46,42
3857268,90,1833,46,56
3857268,91,1833,47,25
3857268,92,782,48,10
3857268,93,782,48,48
3857268,94,1833,49,29
3857268,95,782,50,7
3857268,96,1833,50,10
3857268,97,782,50,32
3857268,98,782,50,56
3857268,99,1833,52,34
3857268,100,1833,53,58
3857268,101,782,54,18
3857268,102,1833,54,58
3857268,103,1833,55,22
3857268,104,782,55,44
3857268,105,1833,56,24
3857268,106,782,56,36
3857268,107,1833,58,1
3857268,108,782,58,3
3857268,109,782,58,33
3857268,110,1833,58,44
3857268,111,1833,60,14
3857268,112,782,60,27
3857268,113,1833,61,55
3857268,114,1833,62,3
3857268,115,782,62,49
3857268,116,1833,62,58
3857268,117,1833,63,11
3857268,118,782,63,13
3857268,119,782,63,30
3857268,120,782,64,14
3857268,121,1833,64,45
3857268,122,782,64,47
3857268,123,1833,64,56
3857268,124,782,66,25
3857268,125,782,67,13
3857268,126,1833,68,51
3857268,127,782,69,14
3857268,128,1833,69,45
3857268,129,1833,70,1
3857268,130,1833,70,37
3857268,131,1833,71,4
3857268,132,1833,71,37
3857268,133,782,72,20
3857268,134,1833,72,38
3857268,135,782,73,35
3857268,136,1833,73,41
3857268,137,782,74,1
3857268,138,1833,74,14
3857268,139,782,74,57
3857268,140,1833,75,14
3857268,141,1833,78,4
3857268,142,782,78,22
3857268,143,1833,78,42
3857268,144,1833,78,54
3857268,145,782,79,30
3857268,146,782,79,42
3857268,147,1833,80,25
3857268,148,782,81,24
3857268,149,782,81,47
3857268,150,1833,81,50
3857268,151,782,82,33
3857268,152,782,84,34
3857268,153,1833,84,47
3857268,154,782,84,56
3857268,155,1833,85,18
3857268,156,782,86,2
3857268,157,782,86,30
3857268,158,1833,86,51
3857268,159,1833,88,0
3857268,160,1833,89,18
3857268,161,782,89,54
3857268,162,782,90,48
3857268,163,1833,90,52
3857268,164,1833,90,57
3857268,165,1833,92,5
3857268,166,782,92,13
3857268,167,782,93,3
3857268,168,782,94,38
3857268,169,1833,94,43
3857269,1,781,0,0
3857269,2,773,0,0
3857269,3,781,0,17
3857269,4,781,0,32
3857269,5,781,1,8
3857269,6,773,1,54
3857269,7,781,2,2
3857269,8,781,2,55
3857269,9,773,3,21
3857269,10,773,3,36
3857269,11,773,4,9
3857269,12,773,4,37
3857269,13,781,4,42
3857269,14,773,4,54
3857269,15,773,5,46
3857269,16,781,5,57
3857269,17,781,6,46
3857269,18,773,7,9
3857269,19,773,7,48
3857269,20,773,9,6
3857269,21,781,9,19
3857269,22,781,9,39
3857269,23,773,10,7
3857269,24,781,10,35
3857269,25,781,10,58
3857269,26,773,11,8
3857269,27,781,11,44
3857269,28,781,12,15
3857269,29,773,12,58
3857269,30,773,13,16
3857269,31,773,14,49
3857269,32,781,15,25
3857269,33,773,15,30
3857269,34,781,15,44
3857269,35,781,16,57
3857269,36,773,17,10
3857269,37,781,17,34
3857269,38,781,18,16
3857269,39,781,18,55
3857269,40,773,19,31
3857269,41,781,20,55
3857269,42,773,21,7
3857269,43,781,21,14
3857269,44,773,21,33
3857269,45,781,21,45
3857269,46,773,22,1
3857269,47,773,22,34
3857269,48,781,24,5
3857269,49,773,24,28
3857269,50,781,25,1
3857269,51,781,25,25
3857269,52,773,26,21
3857269,53,781,26,26
3857269,54,781,27,14
3857269,55,773,27,57
3857269,56,773,28,12
3857269,57,781,28,19
3857269,58,781,28,41
3857269,59,773,30,20
3857269,60,773,30,32
3857269,61,781,30,51
3857269,62,781,31,6
3857269,63,773,32,54
3857269,64,781,33,1
3857269,65,773,33,44
3857269,66,781,35,20
3857269,67,781,37,30
3857269,68,773,37,42
3857269,69,781,38,35
3857269,70,781,39,17
3857269,71,773,40,4
3857269,72,773,40,50
3857269,73,781,41,23
3857269,74,781,41,46
3857269,75,773,42,46
3857269,76,781,42,50
3857269,77,781,43,39
3857269,78,781,44,23
3857269,79,773,44,25
3857269,80,773,44,52
3857269,81,773,45,51
3857269,82,781,45,0
3857269,83,773,46,23
3857269,84,773,46,55
3857269,85,773,47,37
3857269,86,773,48,25
3857269,87,781,48,58
3857269,88,781,49,47
3857269,89,781,50,27
3857269,90,781,50,52
3857269,91,773,51,23
3857269,92,773,51,59
3857269,93,773,54,6
3857269,94,781,54,23
3857269,95,781,54,40
3857269,96,773,55,14
3857269,97,781,55,34
3857269,98,773,56,31
3857269,99,781,56,52
3857269,100,781,57,9
3857269,101,781,57,21
3857269,102,773,58,39
3857269,103,773,59,7
3857269,104,781,59,22
3857269,105,773,59,27
3857269,106,781,59,41
3857269,107,773,59,45
3857269,108,773,60,15
3857269,109,781,60,20
3857269,110,781,60,32
3857269,111,773,61,33
3857269,112,781,61,38
3857269,113,773,61,49
3857269,114,773,62,32
3857269,115,781,62,52
3857269,116,773,65,47
3857269,117,781,65,59
3857269,118,773,66,16
3857269,119,781,67,2
3857269,120,773,67,56
3857269,121,781,68,8
3857269,122,781,69,24
3857269,123,773,69,56
3857269,124,781,70,2
3857269,125,773,70,11
3857269,126,781,70,56
3857269,127,773,71,7
3857269,128,781,71,37
3857269,129,781,73,7
3857269,130,773,73,36
3857269,131,781,73,43
3857269,132,781,74,4
3857269,133,781,75,36
3857269,134,773,75,51
3857269,135,781,76,13
3857269,136,773,77,56
3857269,137,781,78,54
3857269,138,773,78,56
3857269,139,781,79,44
3857269,140,781,80,54
3857269,141,773,80,59
3857269,142,773,81,3
3857269,143,773,81,28
3857269,144,781,81,46
3857269,145,773,82,15
3857269,146,773,83,54
3857269,147,781,84,10
3857269,148,781,84,51
3857269,149,773,85,1
3857269,150,781,85,39
3857269,151,781,86,40
3857269,152,773,87,1
3857269,153,781,87,33
3857269,154,781,88,24
3857269,155,773,88,27
3857269,156,781,88,58
3857269,157,781,89,45
3857269,158,773,89,56
3857269,159,781,89,59
3857269,160,773,91,12
3857269,161,773,92,7
3857269,162,781,92,19
3857269,163,781,93,22
3857269,164,781,93,49
3857269,165,781,95,8
3857269,166,781,95,29
3869321,1,941,0,0
3869321,2,941,0,0
3869321,3,779,0,29
3869321,4,941,0,40
3869321,5,779,1,15
3869321,6,941,2,49
3869321,7,779,4,4
3869321,8,941,4,4
3869321,9,779,4,25
3869321,10,941,4,58
3869321,11,941,5,22
3869321,12,779,5,56
3869321,13,941,6,39
3869321,14,941,8,29
3869321,15,779,8,43
3869321,16,941,10,26
3869321,17,941,10,40
3869321,18,779,11,7
3869321,19,779,11,23
3869321,20,779,11,36
3869321,21,779,11,52
3869321,22,941,12,44
3869321,23,941,13,36
3869321,24,779,14,3
3869321,25,941,14,38
3869321,26,779,15,13
3869321,27,941,15,23
3869321,28,941,16,37
3869321,29,779,17,15
3869321,30,941,17,36
3869321,31,779,19,22
3869321,32,941,19,49
3869321,33,941,20,36
3869321,34,779,20,50
3869321,35,779,21,8
3869321,36,779,21,30
3869321,37,941,21,56
3869321,38,779,23,21
3869321,39,941,23,27
3869321,40,779,24,10
3869321,41,779,24,31
3869321,42,779,24,53
3869321,43,941,25,29
3869321,44,779,25,53
3869321,45,779,26,30
3869321,46,941,26,55
3869321,47,779,27,23
3869321,48,941,27,47
3869321,49,779,28,59
3869321,50,941,31,7
3869321,51,779,31,10
3869321,52,941,32,40
3869321,53,941,33,5
3869321,54,779,33,21
3869321,55,941,35,41
3869321,56,779,36,39
3869321,57,779,37,42
3869321,58,941,38,18
3869321,59,779,39,3
3869321,60,941,39,10
3869321,61,941,39,25
3869321,62,941,40,39
3869321,63,779,41,22
3869321,64,941,41,27
3869321,65,941,44,6
3869321,66,941,45,4
3869321,67,941,45,37
3869321,68,779,45,37
3869321,69,941,46,1
3869321,70,941,47,14
3869321,71,779,47,51
3869321,72,779,48,21
3869321,73,941,48,34
3869321,74,941,48,46
3869321,75,779,50,22
3869321,76,941,50,43
3869321,77,779,50,46
3869321,78,779,45,1
3869321,79,941,45,15
3869321,80,779,45,18
3869321,81,779,46,4
3869321,82,779,47,22
3869321,83,941,47,51
3869321,84,941,48,27
3869321,85,941,48,46
3869321,86,779,48,54
3869321,87,941,49,15
3869321,88,941,50,31
3869321,89,941,50,52
3869321,90,779,51,36
3869321,91,941,52,27
3869321,92,779,52,36
3869321,93,941,53,2
3869321,94,941,53,19
3869321,95,779,54,7
3869321,96,941,54,44
3869321,97,941,55,9
3869321,98,779,56,16
3869321,99,779,56,53
3869321,100,941,56,58
3869321,101,779,57,9
3869321,102,941,57,50
3869321,103,941,58,19
3869321,104,779,58,33
3869321,105,941,59,47
3869321,106,779,60,11
3869321,107,941,60,21
3869321,108,779,60,32
3869321,109,779,62,29
3869321,110,941,62,40
3869321,111,779,63,1
3869321,112,941,64,11
3869321,113,779,64,38
3869321,114,779,65,15
3869321,115,941,65,23
3869321,116,941,66,7
3869321,117,941,67,22
3869321,118,941,68,11
3869321,119,941,68,50
3869321,120,779,69,41
3869321,121,779,70,27
3869321,122,779,72,39
3869321,123,941,73,56
3869321,124,779,74,7
3869321,125,941,75,38
3869321,126,779,75,39
3869321,127,941,76,2
3869321,128,779,76,33
3869321,129,779,78,8
3869321,130,941,78,20
3869321,131,779,79,47
3869321,132,941,80,9
3869321,133,941,81,37
3869321,134,779,82,46
3869321,135,779,83,54
3869321,136,941,84,9
3869321,137,941,85,7
3869321,138,941,86,15
3869321,139,941,86,38
3869321,140,779,86,54
3869321,141,779,87,37
3869321,142,941,87,53
3869321,143,941,89,32
3869321,144,779,90,22
3869321,145,941,90,27
3869321,146,941,92,12
3869321,147,941,92,25
3869321,148,941,93,15
3869321,149,779,93,15
3869321,150,941,93,46
3869321,151,941,94,35
3869321,152,779,95,54
3869321,153,941,96,10
3869321,154,779,96,13
3869321,155,941,96,18
3869321,156,779,97,11
3869321,157,941,97,17
3869321,158,779,98,16
3869321,159,941,98,31
3869321,160,941,98,47
3869321,161,941,98,59
3869321,162,941,100,31
3869321,163,779,102,20
3869321,164,941,90,0
3869321,165,779,90,30
3869321,166,779,91,3
3869321,167,779,92,14
3869321,168,941,92,54
3869321,169,779,92,58
3869321,170,941,93,38
3869321,171,941,94,24
3869321,172,779,94,55
3869321,173,941,95,6
3869321,174,779,95,46
3869321,175,779,97,16
3869321,176,779,97,47
3869321,177,941,98,6
3869321,178,941,99,5
3869321,179,779,99,29
3869321,180,779,101,7
3869321,181,941,101,31
3869321,182,779,102,22
3869321,183,779,102,40
3869321,184,779,103,38
3869321,185,941,104,9
3869321,186,779,104,17
3869321,187,779,104,52
3869321,188,941,104,55
3869321,189,779,105,0
3869321,190,779,105,48
3869321,191,779,106,18
3869321,192,941,106,19
3869321,193,779,106,38
3869321,194,941,106,52
3869321,195,779,107,16
3869321,196,779,108,30
3869321,197,779,109,13
3869321,198,941,109,43
3869321,199,779,109,47
3869321,200,779,110,38
3869321,201,779,111,13
3869321,202,941,111,17
3869321,203,941,112,12
3869321,204,779,112,50
3869321,205,779,113,24
3869321,206,779,114,20
3869321,207,779,114,48
3869321,208,779,115,25
3869321,209,779,115,51
3869321,210,941,116,23
3869321,211,779,116,35
3869321,212,941,116,51
3869321,213,779,117,2
3869321,214,941,118,10
3869321,215,779,118,19
3869321,216,779,118,50
3869321,217,779,119,51
3869321,218,779,120,3
3869321,219,941,120,45
3869321,220,779,120,59
3869321,221,941,120,5
3869321,222,779,121,3
3869321,223,941,121,45
3869321,224,779,122,39
3869321,225,941,123,31
3869321,226,779,124,15
3869321,227,941,124,59
3869321,228,779,126,0
3869321,229,941,126,40
3869321,230,779,127,42
3857292,1,795,0,0
3857292,2,770,0,0
3857292,3,795,0,43
3857292,4,770,0,43
3857292,5,795,0,47
3857292,6,770,1,12
3857292,7,770,2,44
3857292,8,770,3,48
3857292,9,795,4,44
3857292,10,770,5,27
3857292,11,770,6,8
3857292,12,795,7,28
3857292,13,770,7,40
3857292,14,795,8,21
3857292,15,770,8,38
3857292,16,795,9,3
3857292,17,770,9,20
3857292,18,795,10,6
3857292,19,770,10,20
3857292,20,770,11,11
3857292,21,795,11,47
3857292,22,770,11,58
3857292,23,795,13,8
3857292,24,770,13,12
3857292,25,770,14,25
3857292,26,770,14,48
3857292,27,795,15,17
3857292,28,770,16,3
3857292,29,770,16,32
3857292,30,795,16,32
3857292,31,770,16,33
3857292,32,795,17,0
3857292,33,795,18,1
3857292,34,770,18,29
3857292,35,795,19,6
3857292,36,795,19,24
3857292,37,770,19,38
3857292,38,770,20,31
3857292,39,770,20,57
3857292,40,795,21,26
3857292,41,795,21,54
3857292,42,770,22,5
3857292,43,795,22,57
3857292,44,795,23,21
3857292,45,795,23,31
3857292,46,770,24,15
3857292,47,795,25,44
3857292,48,770,26,0
3857292,49,795,26,25
3857292,50,770,26,31
3857292,51,770,27,18
3857292,52,795,28,0
3857292,53,770,28,36
3857292,54,770,30,3
3857292,55,795,30,8
3857292,56,770,30,22
3857292,57,770,32,18
3857292,58,795,33,17
3857292,59,770,33,21
3857292,60,795,33,42
3857292,61,770,33,52
3857292,62,795,34,4
3857292,63,795,34,11
3857292,64,770,34,31
3857292,65,795,34,52
3857292,66,770,35,1
3857292,67,795,36,4
3857292,68,770,36,8
3857292,69,795,38,31
3857292,70,770,38,34
3857292,71,770,38,53
3857292,72,795,39,18
3857292,73,795,39,41
3857292,74,770,40,13
3857292,75,795,41,25
3857292,76,795,42,28
3857292,77,795,42,54
3857292,78,770,43,6
3857292,79,795,43,14
3857292,80,770,43,42
3857292,81,795,44,53
3857292,82,770,45,4
3857292,83,770,45,39
3857292,84,795,45,48
3857292,85,795,45,0
3857292,86,770,45,8
3857292,87,795,46,47
3857292,88,770,47,7
3857292,89,770,47,27
3857292,90,770,47,47
3857292,91,795,48,1
3857292,92,795,48,20
3857292,93,770,48,43
3857292,94,770,49,41
3857292,95,795,49,48
3857292,96,770,49,58
3857292,97,795,50,20
3857292,98,795,51,3
3857292,99,795,51,22
3857292,100,770,51,30
3857292,101,770,51,34
3857292,102,770,52,46
3857292,103,795,52,47
3857292,104,770,53,1
3857292,105,770,54,35
3857292,106,795,55,26
3857292,107,770,55,48
3857292,108,795,56,7
3857292,109,770,56,25
3857292,110,795,56,41
3857292,111,770,57,14
3857292,112,795,57,29
3857292,113,770,59,18
3857292,114,795,59,49
3857292,115,770,60,2
3857292,116,795,60,48
3857292,117,770,60,52
3857292,118,770,61,29
3857292,119,795,62,12
3857292,120,770,62,21
3857292,121,770,62,35
3857292,122,795,62,50
3857292,123,770,62,54
3857292,124,795,63,29
3857292,125,770,63,37
3857292,126,795,64,49
3857292,127,770,64,53
3857292,128,770,66,9
3857292,129,795,67,22
3857292,130,770,67,25
3857292,131,795,68,21
3857292,132,795,69,1
3857292,133,770,70,59
3857292,134,795,72,49
3857292,135,770,73,39
3857292,136,795,74,19
3857292,137,770,74,27
3857292,138,795,74,31
3857292,139,795,75,4
3857292,140,770,75,8
3857292,141,770,76,28
3857292,142,795,76,47
3857292,143,770,77,49
3857292,144,770,78,17
3857292,145,795,78,48
3857292,146,770,79,16
3857292,147,795,79,20
3857292,148,795,79,34
3857292,149,770,79,43
3857292,150,795,80,50
3857292,151,795,81,6
3857292,152,795,81,24
3857292,153,770,82,23
3857292,154,795,83,33
3857292,155,770,83,39
3857292,156,795,84,49
3857292,157,770,85,15
3857292,158,795,85,24
3857292,159,795,85,28
3857292,160,770,85,54
3857292,161,770,86,52
3857292,162,795,91,27
3857292,163,770,91,33
3857292,164,770,92,35
3857292,165,795,92,39
3857292,166,795,93,53
3857292,167,770,94,5
3857292,168,795,95,41
3857292,169,770,96,40
3857292,170,795,96,43
3857292,171,795,97,1
3857292,172,770,97,25
3857292,173,795,97,38
3857292,174,770,98,4
3857292,175,795,98,25
3857292,176,770,98,48
3857292,177,795,99,27
3857292,178,795,99,32
3857292,179,795,100,0
3857295,1,778,0,0
3857295,2,795,0,0
3857295,3,778,0,9
3857295,4,778,1,16
3857295,5,778,1,38
3857295,6,795,1,44
3857295,7,795,1,57
3857295,8,778,2,16
3857295,9,795,2,30
3857295,10,795,3,33
3857295,11,795,3,57
3857295,12,795,4,49
3857295,13,795,5,38
3857295,14,778,5,40
3857295,15,778,7,10
3857295,16,795,7,54
3857295,17,778,8,10
3857295,18,795,8,23
3857295,19,778,8,58
3857295,20,778,9,37
3857295,21,795,9,40
3857295,22,795,10,6
3857295,23,795,10,25
3857295,24,778,10,43
3857295,25,795,10,58
3857295,26,778,11,34
3857295,27,795,11,38
3857295,28,778,12,3
3857295,29,795,13,20
3857295,30,795,13,30
3857295,31,778,13,51
3857295,32,795,14,0
3857295,33,795,14,23
3857295,34,778,14,24
3857295,35,778,15,33
3857295,36,795,16,11
3857295,37,778,16,17
3857295,38,795,16,40
3857295,39,778,17,8
3857295,40,795,17,57
3857295,41,778,18,12
3857295,42,778,19,0
3857295,43,795,19,18
3857295,44,795,22,0
3857295,45,795,22,53
3857295,46,778,23,13
3857295,47,795,23,16
3857295,48,778,23,48
3857295,49,795,24,43
3857295,50,778,25,6
3857295,51,795,25,14
3857295,52,795,25,32
3857295,53,778,27,32
3857295,54,778,28,33
3857295,55,795,29,3
3857295,56,795,30,25
3857295,57,795,31,4
3857295,58,778,31,53
3857295,59,795,32,0
3857295,60,778,32,18
3857295,61,795,32,21
3857295,62,778,34,30
3857295,63,778,35,5
3857295,64,795,36,37
3857295,65,795,37,8
3857295,66,778,37,29
3857295,67,795,38,1
3857295,68,795,38,35
3857295,69,778,39,36
3857295,70,795,40,9
3857295,71,795,40,45
3857295,72,778,40,49
3857295,73,778,41,17
3857295,74,795,42,7
3857295,75,795,43,43
3857295,76,795,44,24
3857295,77,778,44,48
3857295,78,778,45,1
3857295,79,795,45,23
3857295,80,778,45,0
3857295,81,795,45,50
3857295,82,778,46,12
3857295,83,795,46,26
3857295,84,778,46,53
3857295,85,795,47,14
3857295,86,795,47,18
3857295,87,795,47,45
3857295,88,778,47,51
3857295,89,778,48,26
3857295,90,778,48,42
3857295,91,778,49,21
3857295,92,795,49,32
3857295,93,778,50,47
3857295,94,795,50,48
3857295,95,795,51,21
3857295,96,778,51,32
3857295,97,795,51,49
3857295,98,778,52,36
3857295,99,795,54,17
3857295,100,795,55,7
3857295,101,778,55,34
3857295,102,795,56,44
3857295,103,778,56,51
3857295,104,795,56,54
3857295,105,778,57,7
3857295,106,778,57,55
3857295,107,778,58,22
3857295,108,795,58,57
3857295,109,778,59,1
3857295,110,778,62,40
3857295,111,795,62,57
3857295,112,778,63,1
3857295,113,778,64,45
3857295,114,795,65,49
3857295,115,778,65,58
3857295,116,778,66,21
3857295,117,795,67,14
3857295,118,795,67,27
3857295,119,778,67,39
3857295,120,795,67,44
3857295,121,778,67,50
3857295,122,795,68,32
3857295,123,778,68,52
3857295,124,778,71,22
3857295,125,795,72,12
3857295,126,778,72,37
3857295,127,795,72,43
3857295,128,795,73,22
3857295,129,778,73,27
3857295,130,795,74,12
3857295,131,778,74,34
3857295,132,795,75,49
3857295,133,795,76,0
3857295,134,778,76,41
3857295,135,778,77,16
3857295,136,778,78,15
3857295,137,795,78,38
3857295,138,778,78,56
3857295,139,795,79,9
3857295,140,778,80,1
3857295,141,795,80,5
3857295,142,778,80,8
3857295,143,778,81,53
3857295,144,795,82,21
3857295,145,778,82,30
3857295,146,795,82,57
3857295,147,795,83,32
3857295,148,778,83,40
3857295,149,778,86,38
3857295,150,795,87,17
3857295,151,778,87,22
3857295,152,795,87,51
3857295,153,795,88,52
3857295,154,778,88,53
3857295,155,795,88,54
3857295,156,778,89,22
3857295,157,795,90,42
3857295,158,795,91,11
3857295,159,778,91,24
3857295,160,795,91,38
3857295,161,778,92,3
3857295,162,795,93,14
3857295,163,778,93,24
3857295,164,795,94,40
3857295,165,778,94,44
3857295,166,778,94,54
3857295,167,778,95,45
3857295,168,795,96,15
3869685,1,779,0,0
3869685,2,771,0,0
3869685,3,779,0,16
3869685,4,779,0,31
3869685,5,779,1,1
3869685,6,771,1,30
3869685,7,771,1,55
3869685,8,779,2,11
3869685,9,771,3,1
3869685,10,779,3,6
3869685,11,779,3,39
3869685,12,779,4,13
3869685,13,771,4,19
3869685,14,779,4,38
3869685,15,771,4,49
3869685,16,771,5,59
3869685,17,771,6,50
3869685,18,779,7,4
3869685,19,779,8,22
3869685,20,771,11,4
3869685,21,779,11,16
3869685,22,771,12,36
3869685,23,779,13,10
3869685,24,771,14,26
3869685,25,779,14,34
3869685,26,771,15,43
3869685,27,779,16,10
3869685,28,771,16,50
3869685,29,771,17,58
3869685,30,771,19,1
3869685,31,779,19,22
3869685,32,779,22,24
3869685,33,771,23,40
3869685,34,771,24,3
3869685,35,779,24,13
3869685,36,779,24,52
3869685,37,771,24,53
3869685,38,771,25,0
3869685,39,779,25,17
3869685,40,771,26,48
3869685,41,779,28,18
3869685,42,779,29,2
3869685,43,771,29,38
3869685,44,779,29,43
3869685,45,771,30,25
3869685,46,779,30,32
3869685,47,771,32,4
3869685,48,779,32,6
3869685,49,771,32,59
3869685,50,779,33,1
3869685,51,771,35,1
3869685,52,779,35,12
3869685,53,771,36,53
3869685,54,771,37,14
3869685,55,779,37,17
3869685,56,779,38,12
3869685,57,771,38,22
3869685,58,779,39,6
3869685,59,771,39,35
3869685,60,779,39,43
3869685,61,779,41,6
3869685,62,779,41,27
3869685,63,779,42,12
3869685,64,771,43,4
3869685,65,771,43,31
3869685,66,771,44,22
3869685,67,779,44,54
3869685,68,779,45,23
3869685,69,771,45,40
3869685,70,779,47,43
3869685,71,779,48,18
3869685,72,771,48,41
3869685,73,771,49,20
3869685,74,779,49,39
3869685,75,779,50,11
3869685,76,779,50,30
3869685,77,779,50,56
3869685,78,771,51,15
3869685,79,771,52,23
3869685,80,779,45,0
3869685,81,771,45,46
3869685,82,779,46,27
3869685,83,771,46,29
3869685,84,779,47,18
3869685,85,771,47,55
3869685,86,779,48,17
3869685,87,771,48,50
3869685,88,771,48,53
3869685,89,771,48,54
3869685,90,771,49,1
3869685,91,771,49,1
3869685,92,771,49,10
3869685,93,771,49,53
3869685,94,779,50,11
3869685,95,771,51,4
3869685,96,779,51,6
3869685,97,779,51,55
3869685,98,779,52,45
3869685,99,779,53,13
3869685,100,771,53,36
3869685,101,779,54,6
3869685,102,779,55,53
3869685,103,771,56,0
3869685,104,771,56,13
3869685,105,771,57,4
3869685,106,779,57,24
3869685,107,779,58,8
3869685,108,771,58,21
3869685,109,771,58,36
3869685,110,771,58,45
3869685,111,771,58,49
3869685,112,771,58,52
3869685,113,771,58,55
3869685,114,779,59,29
3869685,115,771,59,33
3869685,116,779,59,37
3869685,117,771,60,19
3869685,118,771,60,49
3869685,119,779,61,10
3869685,120,771,61,24
3869685,121,771,62,4
3869685,122,779,62,15
3869685,123,771,62,26
3869685,124,771,62,54
3869685,125,779,64,9
3869685,126,771,64,42
3869685,127,771,65,20
3869685,128,771,65,55
3869685,129,779,66,8
3869685,130,771,66,19
3869685,131,771,67,13
3869685,132,779,68,2
3869685,133,771,68,9
3869685,134,779,68,16
3869685,135,771,68,33
3869685,136,771,68,45
3869685,137,779,69,50
3869685,138,771,69,54
3869685,139,779,70,58
3869685,140,771,71,32
3869685,141,771,71,43
3869685,142,771,71,48
3869685,143,771,71,52
3869685,144,771,71,55
3869685,145,771,71,58
3869685,146,771,72,3
3869685,147,771,72,9
3869685,148,771,72,10
3869685,149,771,72,13
3869685,150,771,72,16
3869685,151,771,72,21
3869685,152,771,72,23
3869685,153,771,72,34
3869685,154,771,72,54
3869685,155,779,74,10
3869685,156,779,75,26
3869685,157,779,75,38
3869685,158,771,75,46
3869685,159,779,76,1
3869685,160,779,76,40
3869685,161,779,78,0
3869685,162,771,78,6
3869685,163,771,79,24
3869685,164,779,79,49
3869685,165,771,80,13
3869685,166,779,82,27
3869685,167,779,82,58
3869685,168,771,83,34
3869685,169,779,83,45
3869685,170,771,83,56
3869685,171,779,84,41
3869685,172,771,84,51
3869685,173,771,86,13
3869685,174,779,87,15
3869685,175,771,89,19
3869685,176,771,89,40
3869685,177,779,90,15
3869685,178,779,90,49
3869685,179,771,91,27
3869685,180,771,92,16
3869685,181,779,92,19
3869685,182,779,92,39
3869685,183,771,92,51
3869685,184,771,93,29
3869685,185,779,93,46
3869685,186,779,94,54
3869685,187,771,94,59
3869685,188,779,95,15
3869685,189,771,95,43
3869685,190,771,95,56
3869685,191,779,96,19
3869685,192,779,97,29
3869685,193,771,97,31
3869685,194,771,97,51
3869685,195,779,98,13
3869685,196,771,98,35
3869685,197,771,90,0
3869685,198,779,90,17
3869685,199,779,91,2
3869685,200,779,91,37
3869685,201,771,92,31
3869685,202,779,92,37
3869685,203,771,92,50
3869685,204,771,93,3
3869685,205,779,94,15
3869685,206,771,95,16
3869685,207,771,95,36
3869685,208,779,96,31
3869685,209,771,97,40
3869685,210,779,97,55
3869685,211,771,98,42
3869685,212,779,98,56
3869685,213,771,99,49
3869685,214,771,100,20
3869685,215,779,101,0
3869685,216,779,102,17
3869685,217,771,104,2
3869685,218,779,104,5
3869685,219,779,105,11
3869685,220,771,105,21
3869685,221,779,105,35
3869685,222,771,106,0
3869685,223,779,105,0
3869685,224,771,106,4
3869685,225,779,106,8
3869685,226,779,106,52
3869685,227,771,107,37
3869685,228,779,107,45
3869685,229,771,109,58
3869685,230,779,110,50
3869685,231,771,110,54
3869685,232,779,111,34
3869685,233,779,112,33
3869685,234,779,112,54
3869685,235,771,113,16
3869685,236,771,114,17
3869685,237,771,115,35
3869685,238,771,117,5
3869685,239,779,118,0
3869685,240,779,119,5
3869685,241,779,119,20
3869685,242,771,119,23
3869685,243,779,121,0
3869685,244,779,121,27
3869685,245,771,122,34
3869685,246,779,122,46
3869685,247,771,123,36
3869685,248,771,120,13
3869685,249,779,121,2
3869685,250,771,121,42
3869685,251,779,122,27
3869685,252,771,123,29
3869685,253,779,124,16
3869685,254,771,125,9
3869685,255,779,125,57
3869684,1,785,0,0
3869684,2,785,0,2
3869684,3,785,0,14
3869684,4,785,1,2
3869684,5,788,1,55
3869684,6,785,2,50
3869684,7,788,3,26
3869684,8,785,4,24
3869684,9,788,4,42
3869684,10,785,5,34
3869684,11,785,6,26
3869684,12,788,7,29
3869684,13,788,8,14
3869684,14,785,9,17
3869684,15,788,10,5
3869684,16,788,10,37
3869684,17,785,11,35
3869684,18,788,12,6
3869684,19,785,12,18
3869684,20,788,13,24
3869684,21,785,13,31
3869684,22,788,14,20
3869684,23,785,14,25
3869684,24,788,14,40
3869684,25,785,15,0
3869684,26,785,15,50
3869684,27,785,16,10
3869684,28,788,16,58
3869684,29,785,17,13
3869684,30,788,17,48
3869684,31,785,17,50
3869684,32,788,17,54
3869684,33,788,18,14
3869684,34,788,18,24
3869684,35,785,18,41
3869684,36,788,19,30
3869684,37,785,20,23
3869684,38,788,21,45
3869684,39,785,22,1
3869684,40,785,22,47
3869684,41,788,23,58
3869684,42,785,24,0
3869684,43,788,24,7
3869684,44,788,24,39
3869684,45,785,25,48
3869684,46,788,26,7
3869684,47,785,26,32
3869684,48,788,27,41
3869684,49,785,28,5
3869684,50,788,28,19
3869684,51,785,28,52
3869684,52,788,30,12
3869684,53,785,30,26
3869684,54,788,31,2
3869684,55,785,31,13
3869684,56,788,31,37
3869684,57,785,32,57
3869684,58,788,33,23
3869684,59,788,33,41
3869684,60,788,34,18
3869684,61,788,35,14
3869684,62,788,35,32
3869684,63,788,35,55
3869684,64,788,36,18
3869684,65,785,36,35
3869684,66,785,37,23
3869684,67,785,37,59
3869684,68,788,39,12
3869684,69,785,40,1
3869684,70,788,40,44
3869684,71,785,40,57
3869684,72,788,42,54
3869684,73,788,43,19
3869684,74,785,43,21
3869684,75,788,44,16
3869684,76,785,44,27
3869684,77,788,45,21
3869684,78,788,45,33
3869684,79,785,45,47
3869684,80,788,46,37
3869684,81,788,45,0
3869684,82,785,45,21
3869684,83,785,46,14
3869684,84,785,47,0
3869684,85,785,47,22
3869684,86,788,47,31
3869684,87,785,48,1
3869684,88,788,48,44
3869684,89,785,48,50
3869684,90,785,49,24
3869684,91,788,49,38
3869684,92,785,50,14
3869684,93,788,50,52
3869684,94,788,51,7
3869684,95,785,51,59
3869684,96,785,53,58
3869684,97,788,54,18
3869684,98,785,54,29
3869684,99,788,54,38
3869684,100,788,55,22
3869684,101,785,56,2
3869684,102,785,56,45
3869684,103,788,57,9
3869684,104,788,60,19
3869684,105,785,60,28
3869684,106,785,61,4
3869684,107,788,61,28
3869684,108,785,61,49
3869684,109,788,61,53
3869684,110,785,62,17
3869684,111,788,62,30
3869684,112,785,63,44
3869684,113,788,64,5
3869684,114,788,64,33
3869684,115,785,67,10
3869684,116,788,67,51
3869684,117,785,68,9
3869684,118,785,68,44
3869684,119,788,69,8
3869684,120,785,69,30
3869684,121,785,70,13
3869684,122,788,70,19
3869684,123,788,70,48
3869684,124,785,71,37
3869684,125,788,71,45
3869684,126,788,72,20
3869684,127,785,72,32
3869684,128,788,72,41
3869684,129,785,72,52
3869684,130,785,73,12
3869684,131,788,73,19
3869684,132,785,73,26
3869684,133,788,73,41
3869684,134,785,73,59
3869684,135,788,74,12
3869684,136,785,74,45
3869684,137,785,75,46
3869684,138,788,75,52
3869684,139,788,76,47
3869684,140,785,76,52
3869684,141,788,77,2
3869684,142,785,77,7
3869684,143,788,77,24
3869684,144,785,77,55
3869684,145,785,78,28
3869684,146,788,78,39
3869684,147,788,78,58
3869684,148,785,80,34
3869684,149,788,80,40
3869684,150,785,80,45
3869684,151,785,82,12
3869684,152,785,82,50
3869684,153,788,83,0
3869684,154,785,83,33
3869684,155,785,85,21
3869684,156,788,85,44
3869684,157,785,86,2
3869684,158,788,86,48
3869684,159,785,87,44
3869684,160,788,87,51
3869684,161,788,88,11
3869684,162,788,88,58
3869684,163,788,89,42
3869684,164,785,90,52
3869684,165,788,91,19
3869684,166,785,92,2
3869684,167,788,92,10
3869684,168,788,92,59
3869684,169,785,93,35
3869684,170,788,94,4
3869684,171,785,95,2
3869684,172,788,95,10
3869684,173,785,96,8
3857256,1,786,0,0
3857256,2,773,0,0
3857256,3,786,0,46
3857256,4,773,0,48
3857256,5,786,1,23
3857256,6,786,1,43
3857256,7,773,2,12
3857256,8,786,2,35
3857256,9,773,2,58
3857256,10,786,3,5
3857256,11,786,4,33
3857256,12,773,5,22
3857256,13,773,5,46
3857256,14,773,6,15
3857256,15,786,6,45
3857256,16,773,7,12
3857256,17,786,7,45
3857256,18,786,8,5
3857256,19,773,8,34
3857256,20,786,8,41
3857256,21,786,8,57
3857256,22,773,9,3
3857256,23,773,9,26
3857256,24,786,9,29
3857256,25,773,10,7
3857256,26,773,10,19
3857256,27,786,10,55
3857256,28,786,11,30
3857256,29,786,12,5
3857256,30,786,12,42
3857256,31,773,13,9
3857256,32,786,13,56
3857256,33,786,15,23
3857256,34,786,15,44
3857256,35,786,16,45
3857256,36,773,17,26
3857256,37,786,17,35
3857256,38,773,18,36
3857256,39,773,18,53
3857256,40,786,19,12
3857256,41,786,20,34
3857256,42,773,20,54
3857256,43,786,21,12
3857256,44,786,21,23
3857256,45,786,21,40
3857256,46,773,22,17
3857256,47,773,22,25
3857256,48,786,22,49
3857256,49,773,23,9
3857256,50,786,23,20
3857256,51,786,23,47
3857256,52,773,24,59
3857256,53,773,25,14
3857256,54,773,25,33
3857256,55,786,25,49
3857256,56,773,27,4
3857256,57,786,27,18
3857256,58,786,28,15
3857256,59,773,28,54
3857256,60,773,29,29
3857256,61,786,30,33
3857256,62,773,31,14
3857256,63,773,31,47
3857256,64,786,32,25
3857256,65,773,33,3
3857256,66,786,33,19
3857256,67,786,34,0
3857256,68,773,34,12
3857256,69,786,34,23
3857256,70,773,35,43
3857256,71,786,35,58
3857256,72,786,36,23
3857256,73,773,36,25
3857256,74,773,36,37
3857256,75,773,37,42
3857256,76,786,38,35
3857256,77,786,39,14
3857256,78,786,39,32
3857256,79,773,39,53
3857256,80,786,40,40
3857256,81,773,41,4
3857256,82,773,41,22
3857256,83,786,42,26
3857256,84,773,42,41
3857256,85,786,43,4
3857256,86,773,43,20
3857256,87,786,44,51
3857256,88,786,45,31
3857256,89,773,45,39
3857256,90,786,46,52
3857256,91,773,47,19
3857256,92,786,47,21
3857256,93,786,47,32
3857256,94,773,47,40
3857256,95,786,45,0
3857256,96,773,45,26
3857256,97,786,45,36
3857256,98,786,45,58
3857256,99,773,46,32
3857256,100,773,47,4
3857256,101,786,48,53
3857256,102,786,49,33
3857256,103,773,49,58
3857256,104,773,50,20
3857256,105,773,50,50
3857256,106,786,51,8
3857256,107,773,51,26
3857256,108,786,51,55
3857256,109,786,52,42
3857256,110,786,54,36
3857256,111,786,54,52
3857256,112,773,54,56
3857256,113,773,55,26
3857256,114,773,56,26
3857256,115,786,56,47
3857256,116,773,56,51
3857256,117,786,56,55
3857256,118,786,57,29
3857256,119,773,57,50
3857256,120,786,58,11
3857256,121,773,58,36
3857256,122,773,59,6
3857256,123,786,59,23
3857256,124,773,60,31
3857256,125,773,61,56
3857256,126,786,62,9
3857256,127,773,62,44
3857256,128,786,62,45
3857256,129,773,63,0
3857256,130,786,63,39
3857256,131,773,64,14
3857256,132,786,66,49
3857256,133,773,66,49
3857256,134,786,67,12
3857256,135,773,68,39
3857256,136,773,68,56
3857256,137,773,69,19
3857256,138,786,69,24
3857256,139,773,70,36
3857256,140,786,70,42
3857256,141,773,70,51
3857256,142,786,71,16
3857256,143,773,73,21
3857256,144,773,73,55
3857256,145,786,74,53
3857256,146,773,75,25
3857256,147,786,75,28
3857256,148,773,76,54
3857256,149,786,76,57
3857256,150,773,77,6
3857256,151,773,77,57
3857256,152,786,78,5
3857256,153,773,79,28
3857256,154,773,80,22
3857256,155,773,81,57
3857256,156,786,82,16
3857256,157,786,82,25
3857256,158,773,83,5
3857256,159,786,83,7
3857256,160,773,83,11
3857256,161,786,83,27
3857256,162,773,84,22
3857256,163,786,84,22
3857256,164,773,84,31
3857256,165,786,84,35
3857256,166,773,85,31
3857256,167,786,85,34
3857256,168,786,86,18
3857256,169,773,86,54
3857256,170,786,87,24
3857256,171,773,87,38
3857256,172,773,88,8
3857256,173,786,88,51
3857256,174,786,89,20
3857256,175,786,89,56
3857256,176,773,90,31
3857256,177,786,91,21
3857256,178,786,91,28
3857256,179,773,92,46
3857256,180,786,95,49
3857256,181,773,96,9
3857256,182,786,96,20
3857256,183,773,96,31
3857256,184,773,96,57
3857256,185,786,97,13
3857256,186,773,97,35
3857256,187,786,97,45
3857256,188,786,98,1
3857256,189,786,98,58
3857256,190,786,99,47
3869151,1,779,0,0
3869151,2,792,0,0
3869151,3,792,0,36
3869151,4,779,0,38
3869151,5,792,1,1
3869151,6,779,1,15
3869151,7,779,1,26
3869151,8,792,4,26
3869151,9,779,5,3
3869151,10,779,5,59
3869151,11,779,6,54
3869151,12,792,7,24
3869151,13,779,7,34
3869151,14,779,9,3
3869151,15,792,9,11
3869151,16,779,9,15
3869151,17,792,9,36
3869151,18,792,10,4
3869151,19,779,10,31
3869151,20,792,11,10
3869151,21,779,11,28
3869151,22,779,11,56
3869151,23,792,12,51
3869151,24,779,13,18
3869151,25,779,14,46
3869151,26,792,16,51
3869151,27,779,16,59
3869151,28,792,18,0
3869151,29,779,18,35
3869151,30,792,18,49
3869151,31,779,18,54
3869151,32,792,19,26
3869151,33,779,19,43
3869151,34,792,20,33
3869151,35,792,23,34
3869151,36,779,23,57
3869151,37,792,24,20
3869151,38,792,25,53
3869151,39,779,26,51
3869151,40,779,27,14
3869151,41,792,27,39
3869151,42,792,28,7
3869151,43,779,28,26
3869151,44,779,28,46
3869151,45,792,29,5
3869151,46,779,29,25
3869151,47,779,30,12
3869151,48,792,30,34
3869151,49,792,31,37
3869151,50,779,32,3
3869151,51,779,33,26
3869151,52,779,34,23
3869151,53,792,36,1
3869151,54,779,36,27
3869151,55,779,36,53
3869151,56,779,37,57
3869151,57,792,38,46
3869151,58,779,39,4
3869151,59,792,39,32
3869151,60,792,39,52
3869151,61,779,39,55
3869151,62,792,42,0
3869151,63,779,42,6
3869151,64,792,42,36
3869151,65,779,43,17
3869151,66,792,44,42
3869151,67,792,45,11
3869151,68,792,45,39
3869151,69,779,46,28
3869151,70,792,46,44
3869151,71,779,45,0
3869151,72,779,45,40
3869151,73,779,45,57
3869151,74,779,46,38
3869151,75,779,47,17
3869151,76,792,49,16
3869151,77,779,49,28
3869151,78,792,50,0
3869151,79,792,50,13
3869151,80,779,51,11
3869151,81,779,51,25
3869151,82,792,52,53
3869151,83,779,53,26
3869151,84,779,54,7
3869151,85,792,54,19
3869151,86,779,54,34
3869151,87,779,55,26
3869151,88,779,55,48
3869151,89,792,56,25
3869151,90,792,57,58
3869151,91,779,58,19
3869151,92,792,58,50
3869151,93,792,59,24
3869151,94,779,59,30
3869151,95,779,60,3
3869151,96,792,60,25
3869151,97,792,60,47
3869151,98,792,62,30
3869151,99,779,62,49
3869151,100,779,64,49
3869151,101,792,66,1
3869151,102,792,67,10
3869151,103,779,67,12
3869151,104,779,67,59
3869151,105,792,69,4
3869151,106,779,70,24
3869151,107,792,70,25
3869151,108,779,71,48
3869151,109,779,72,11
3869151,110,792,72,32
3869151,111,779,73,12
3869151,112,779,73,18
3869151,113,792,73,55
3869151,114,792,74,26
3869151,115,779,74,31
3869151,116,792,75,16
3869151,117,792,75,38
3869151,118,792,75,46
3869151,119,779,75,47
3869151,120,792,75,47
3869151,121,779,76,46
3869151,122,779,77,9
3869151,123,792,77,30
3869151,124,792,77,47
3869151,125,779,77,48
3869151,126,792,78,1
3869151,127,779,78,7
3869151,128,792,79,30
3869151,129,792,80,37
3869151,130,779,81,17
3869151,131,792,81,38
3869151,132,792,81,59
3869151,133,779,82,8
3869151,134,792,82,39
3869151,135,779,83,58
3869151,136,792,84,26
3869151,137,779,85,42
3869151,138,779,86,6
3869151,139,792,87,32
3869151,140,779,88,4
3869151,141,792,88,25
3869151,142,792,88,57
3869151,143,779,90,1
3869151,144,779,90,17
3869151,145,792,90,30
3869151,146,779,90,38
3869151,147,779,91,25
3869151,148,779,92,1
3869151,149,792,92,30
3869151,150,779,92,33
3869151,151,792,93,5
3869151,152,779,93,12
3869151,153,792,94,18
3869151,154,779,95,13
3869151,155,792,95,17
3869151,156,779,96,36
3869151,157,779,97,9
3857257,1,792,0,0
3857257,2,776,0,0
3857257,3,792,0,43
3857257,4,792,1,3
3857257,5,776,1,7
3857257,6,792,1,25
3857257,7,792,1,57
3857257,8,792,2,19
3857257,9,792,2,57
3857257,10,776,2,59
3857257,11,776,3,50
3857257,12,792,4,16
3857257,13,776,4,35
3857257,14,792,5,1
3857257,15,776,5,10
3857257,16,792,5,47
3857257,17,776,5,59
3857257,18,792,6,8
3857257,19,792,7,12
3857257,20,776,7,34
3857257,21,792,8,37
3857257,22,776,9,17
3857257,23,776,11,59
3857257,24,776,12,10
3857257,25,776,13,2
3857257,26,792,13,54
3857257,27,776,14,16
3857257,28,776,14,33
3857257,29,776,14,43
3857257,30,792,15,17
3857257,31,776,15,34
3857257,32,776,17,7
3857257,33,792,17,19
3857257,34,776,17,27
3857257,35,792,17,49
3857257,36,776,18,0
3857257,37,776,18,49
3857257,38,776,19,8
3857257,39,776,19,25
3857257,40,792,19,47
3857257,41,776,19,52
3857257,42,776,20,4
3857257,43,776,20,44
3857257,44,792,21,36
3857257,45,776,21,45
3857257,46,776,21,54
3857257,47,776,22,19
3857257,48,776,23,1
3857257,49,792,24,28
3857257,50,776,24,40
3857257,51,776,25,6
3857257,52,792,25,26
3857257,53,776,25,36
3857257,54,792,26,2
3857257,55,776,26,51
3857257,56,792,27,28
3857257,57,792,28,4
3857257,58,776,28,17
3857257,59,792,29,0
3857257,60,776,29,6
3857257,61,792,30,11
3857257,62,792,30,35
3857257,63,776,30,39
3857257,64,792,31,11
3857257,65,792,31,26
3857257,66,776,31,37
3857257,67,792,31,41
3857257,68,776,31,54
3857257,69,776,32,49
3857257,70,776,33,11
3857257,71,792,33,46
3857257,72,776,33,50
3857257,73,792,34,26
3857257,74,776,34,56
3857257,75,792,35,13
3857257,76,776,35,27
3857257,77,792,35,32
3857257,78,776,35,46
3857257,79,776,37,14
3857257,80,792,38,17
3857257,81,776,38,54
3857257,82,792,40,0
3857257,83,792,40,26
3857257,84,776,41,8
3857257,85,792,41,14
3857257,86,776,41,25
3857257,87,776,42,27
3857257,88,792,42,45
3857257,89,792,43,30
3857257,90,792,43,54
3857257,91,776,44,5
3857257,92,792,44,14
3857257,93,792,44,49
3857257,94,792,46,11
3857257,95,776,46,17
3857257,96,792,46,24
3857257,97,792,46,42
3857257,98,792,45,0
3857257,99,776,45,24
3857257,100,792,46,6
3857257,101,792,46,43
3857257,102,792,47,10
3857257,103,776,47,21
3857257,104,792,47,37
3857257,105,776,48,3
3857257,106,792,48,34
3857257,107,792,48,53
3857257,108,776,49,15
3857257,109,792,49,56
3857257,110,776,50,12
3857257,111,776,50,29
3857257,112,792,52,11
3857257,113,792,52,59
3857257,114,776,53,9
3857257,115,792,54,21
3857257,116,776,54,54
3857257,117,792,56,1
3857257,118,776,56,6
3857257,119,776,57,59
3857257,120,792,58,30
3857257,121,776,58,57
3857257,122,776,59,29
3857257,123,792,59,43
3857257,124,776,61,23
3857257,125,792,62,34
3857257,126,776,63,4
3857257,127,776,63,52
3857257,128,776,64,40
3857257,129,792,65,40
3857257,130,792,66,18
3857257,131,792,66,41
3857257,132,776,67,20
3857257,133,776,67,46
3857257,134,776,68,36
3857257,135,792,69,21
3857257,136,776,69,28
3857257,137,792,71,26
3857257,138,776,71,31
3857257,139,776,71,47
3857257,140,792,73,33
3857257,141,776,73,37
3857257,142,776,73,48
3857257,143,776,74,17
3857257,144,792,74,27
3857257,145,792,75,17
3857257,146,776,75,51
3857257,147,792,76,26
3857257,148,792,76,44
3857257,149,792,77,19
3857257,150,776,77,41
3857257,151,792,79,21
3857257,152,776,79,38
3857257,153,792,80,38
3857257,154,776,80,39
3857257,155,792,81,33
3857257,156,776,82,0
3857257,157,792,82,14
3857257,158,792,83,9
3857257,159,776,83,14
3857257,160,792,84,33
3857257,161,776,84,44
3857257,162,792,84,50
3857257,163,792,85,24
3857257,164,776,85,39
3857257,165,792,88,25
3857257,166,792,88,48
3857257,167,776,88,50
3857257,168,792,89,57
3857257,169,776,90,9
3857257,170,792,90,18
3857257,171,776,90,46
3857257,172,776,91,12
3857257,173,776,93,31
3857257,174,792,93,33
3857257,175,776,94,4
3857257,176,776,94,21
3857257,177,776,94,56
3857257,178,792,95,39
3857257,179,792,95,55
3857258,1,781,0,0
3857258,2,781,0,0
3857258,3,781,0,37
3857258,4,786,0,43
3857258,5,786,0,55
3857258,6,786,1,20
3857258,7,781,1,43
3857258,8,781,2,0
3857258,9,781,2,10
3857258,10,781,3,2
3857258,11,781,3,41
3857258,12,786,3,44
3857258,13,786,3,58
3857258,14,781,4,5
3857258,15,786,4,49
3857258,16,781,5,24
3857258,17,781,6,19
3857258,18,786,7,11
3857258,19,781,7,48
3857258,20,786,8,10
3857258,21,786,8,41
3857258,22,781,8,43
3857258,23,786,9,10
3857258,24,781,9,58
3857258,25,786,10,21
3857258,26,786,10,41
3857258,27,781,11,13
3857258,28,786,11,31
3857258,29,781,11,35
3857258,30,781,12,53
3857258,31,781,13,24
3857258,32,786,13,26
3857258,33,786,13,54
3857258,34,786,13,54
3857258,35,781,14,11
3857258,36,786,14,23
3857258,37,786,16,4
3857258,38,781,16,15
3857258,39,781,16,49
3857258,40,786,16,57
3857258,41,781,18,2
3857258,42,781,18,43
3857258,43,781,18,55
3857258,44,786,19,47
3857258,45,781,19,50
3857258,46,786,20,53
3857258,47,786,21,16
3857258,48,781,21,19
3857258,49,786,21,29
3857258,50,781,21,44
3857258,51,786,21,57
3857258,52,786,23,6
3857258,53,786,23,51
3857258,54,781,24,8
3857258,55,781,24,49
3857258,56,781,25,43
3857258,57,786,26,52
3857258,58,781,27,0
3857258,59,781,28,12
3857258,60,786,28,52
3857258,61,781,28,56
3857258,62,781,30,26
3857258,63,781,30,43
3857258,64,781,31,22
3857258,65,781,31,48
3857258,66,781,32,30
3857258,67,786,33,14
3857258,68,781,33,18
3857258,69,786,34,34
3857258,70,781,35,1
3857258,71,786,35,6
3857258,72,781,35,14
3857258,73,781,35,28
3857258,74,786,35,40
3857258,75,781,36,29
3857258,76,786,36,36
3857258,77,786,37,27
3857258,78,781,38,0
3857258,79,786,39,13
3857258,80,781,40,26
3857258,81,786,41,16
3857258,82,781,41,53
3857258,83,781,42,28
3857258,84,786,43,29
3857258,85,781,43,36
3857258,86,786,44,4
3857258,87,781,44,15
3857258,88,786,45,39
3857258,89,781,45,41
3857258,90,786,45,0
3857258,91,781,45,33
3857258,92,781,45,56
3857258,93,786,46,39
3857258,94,781,47,14
3857258,95,786,47,47
3857258,96,781,48,3
3857258,97,781,49,57
3857258,98,781,50,20
3857258,99,781,51,12
3857258,100,786,51,55
3857258,101,781,51,59
3857258,102,786,52,56
3857258,103,781,53,2
3857258,104,781,54,1
3857258,105,786,55,16
3857258,106,781,55,35
3857258,107,781,56,51
3857258,108,786,56,53
3857258,109,786,58,2
3857258,110,786,58,28
3857258,111,781,58,47
3857258,112,781,59,6
3857258,113,786,60,12
3857258,114,786,60,24
3857258,115,781,60,59
3857258,116,786,63,22
3857258,117,781,63,33
3857258,118,781,65,26
3857258,119,786,65,28
3857258,120,781,65,39
3857258,121,786,65,49
3857258,122,781,66,34
3857258,123,786,67,23
3857258,124,786,68,31
3857258,125,781,69,6
3857258,126,786,69,17
3857258,127,786,69,46
3857258,128,781,70,41
3857258,129,786,70,45
3857258,130,781,70,57
3857258,131,781,71,29
3857258,132,786,71,38
3857258,133,781,72,33
3857258,134,786,75,16
3857258,135,786,75,41
3857258,136,781,76,10
3857258,137,786,76,23
3857258,138,781,76,33
3857258,139,781,77,15
3857258,140,786,77,18
3857258,141,781,79,23
3857258,142,786,80,27
3857258,143,781,80,41
3857258,144,786,82,1
3857258,145,781,82,25
3857258,146,781,83,2
3857258,147,786,83,41
3857258,148,781,84,12
3857258,149,786,84,50
3857258,150,781,84,57
3857258,151,786,87,0
3857258,152,781,87,37
3857258,153,786,88,17
3857258,154,781,88,24
3857258,155,786,88,51
3857258,156,781,89,6
3857258,157,786,90,2
3857258,158,786,90,56
3857258,159,781,91,54
3857258,160,786,92,39
3857258,161,786,93,27
3857258,162,781,93,47
3857258,163,781,94,9
3857258,164,786,94,56
3857258,165,786,95,18
3857258,166,786,95,26
3857258,167,786,95,49
3857258,168,781,95,57
3857258,169,781,95,58
3857258,170,786,96,25
3857288,1,777,0,0
3857288,2,792,0,0
3857288,3,777,0,8
3857288,4,792,1,32
3857288,5,777,1,35
3857288,6,777,2,17
3857288,7,792,2,22
3857288,8,792,2,42
3857288,9,792,3,3
3857288,10,777,3,20
3857288,11,792,3,44
3857288,12,777,3,49
3857288,13,777,4,16
3857288,14,792,4,18
3857288,15,792,5,31
3857288,16,792,6,51
3857288,17,777,7,20
3857288,18,792,7,25
3857288,19,792,7,46
3857288,20,792,8,3
3857288,21,777,8,22
3857288,22,792,9,12
3857288,23,792,10,46
3857288,24,792,11,7
3857288,25,792,12,46
3857288,26,777,13,12
3857288,27,777,13,37
3857288,28,792,13,44
3857288,29,792,14,24
3857288,30,777,15,3
3857288,31,792,15,51
3857288,32,777,16,16
3857288,33,792,16,22
3857288,34,792,16,50
3857288,35,777,17,1
3857288,36,792,18,1
3857288,37,777,18,1
3857288,38,792,18,17
3857288,39,777,18,36
3857288,40,792,19,17
3857288,41,777,19,31
3857288,42,777,19,48
3857288,43,777,20,8
3857288,44,792,21,2
3857288,45,792,21,35
3857288,46,777,22,3
3857288,47,792,22,23
3857288,48,777,24,14
3857288,49,792,25,8
3857288,50,792,26,5
3857288,51,777,26,58
3857288,52,777,27,9
3857288,53,777,27,55
3857288,54,777,28,9
3857288,55,792,28,22
3857288,56,777,28,36
3857288,57,792,29,40
3857288,58,777,29,53
3857288,59,777,30,30
3857288,60,792,31,39
3857288,61,777,31,49
3857288,62,792,32,25
3857288,63,792,32,54
3857288,64,792,33,44
3857288,65,777,34,10
3857288,66,792,34,18
3857288,67,777,34,29
3857288,68,777,34,51
3857288,69,792,36,6
3857288,70,777,36,48
3857288,71,792,37,1
3857288,72,777,37,11
3857288,73,777,38,56
3857288,74,792,39,11
3857288,75,777,39,50
3857288,76,777,39,59
3857288,77,777,40,35
3857288,78,792,41,36
3857288,79,777,42,11
3857288,80,792,42,20
3857288,81,792,43,2
3857288,82,777,43,9
3857288,83,792,43,15
3857288,84,792,44,48
3857288,85,792,45,34
3857288,86,777,46,2
3857288,87,777,46,45
3857288,88,777,46,56
3857288,89,792,47,52
3857288,90,777,48,44
3857288,91,777,49,6
3857288,92,777,49,37
3857288,93,777,49,57
3857288,94,777,45,1
3857288,95,777,46,11
3857288,96,792,46,53
3857288,97,777,47,0
3857288,98,777,47,38
3857288,99,777,48,3
3857288,100,792,49,9
3857288,101,777,49,50
3857288,102,777,50,3
3857288,103,777,50,57
3857288,104,792,51,23
3857288,105,777,51,30
3857288,106,777,51,44
3857288,107,777,53,4
3857288,108,777,53,35
3857288,109,792,54,52
3857288,110,777,55,33
3857288,111,792,56,1
3857288,112,777,56,29
3857288,113,792,57,1
3857288,114,792,57,33
3857288,115,777,58,9
3857288,116,777,58,16
3857288,117,777,58,35
3857288,118,777,59,32
3857288,119,777,60,0
3857288,120,792,60,58
3857288,121,777,61,5
3857288,122,777,61,19
3857288,123,792,61,37
3857288,124,777,62,5
3857288,125,792,62,16
3857288,126,777,62,21
3857288,127,792,62,27
3857288,128,777,63,42
3857288,129,792,63,49
3857288,130,792,64,27
3857288,131,777,64,53
3857288,132,792,64,54
3857288,133,777,65,2
3857288,134,792,65,33
3857288,135,777,66,8
3857288,136,792,67,2
3857288,137,777,67,18
3857288,138,777,67,47
3857288,139,792,68,37
3857288,140,777,68,59
3857288,141,792,70,9
3857288,142,777,70,47
3857288,143,792,71,51
3857288,144,792,72,30
3857288,145,792,73,10
3857288,146,777,73,33
3857288,147,777,73,57
3857288,148,792,75,3
3857288,149,777,75,7
3857288,150,777,75,21
3857288,151,777,75,56
3857288,152,792,76,13
3857288,153,777,76,39
3857288,154,777,78,2
3857288,155,792,78,43
3857288,156,777,79,22
3857288,157,777,79,44
3857288,158,792,80,44
3857288,159,777,80,48
3857288,160,777,81,33
3857288,161,792,82,20
3857288,162,792,82,38
3857288,163,777,82,38
3857288,164,777,83,9
3857288,165,792,83,31
3857288,166,792,83,57
3857288,167,777,84,5
3857288,168,792,84,10
3857288,169,792,85,13
3857288,170,777,85,22
3857288,171,792,85,36
3857288,172,777,85,49
3857288,173,792,85,57
3857288,174,777,86,16
3857288,175,777,86,48
3857288,176,777,87,42
3857288,177,792,87,49
3857288,178,792,88,20
3857288,179,777,88,31
3857288,180,792,89,13
3857288,181,792,89,48
3857288,182,792,90,40
3857288,183,777,90,58
3857288,184,792,91,50
3857288,185,792,92,43
3857288,186,777,92,50
3857288,187,777,93,4
3857288,188,792,93,29
3857288,189,777,93,54
3857288,190,777,94,29
3857288,191,777,94,58
3857288,192,777,95,21
3857267,1,3565,0,0
3857267,2,3565,0,0
3857267,3,787,0,40
3857267,4,787,1,3
3857267,5,3565,1,20
3857267,6,3565,1,44
3857267,7,787,2,23
3857267,8,3565,3,19
3857267,9,3565,4,17
3857267,10,787,4,49
3857267,11,787,5,12
3857267,12,3565,5,29
3857267,13,787,5,56
3857267,14,3565,6,6
3857267,15,787,6,56
3857267,16,787,7,21
3857267,17,3565,8,32
3857267,18,3565,9,51
3857267,19,787,10,0
3857267,20,787,10,47
3857267,21,3565,12,28
3857267,22,787,13,29
3857267,23,787,14,51
3857267,24,787,15,20
3857267,25,787,15,46
3857267,26,3565,16,48
3857267,27,787,18,2
3857267,28,3565,18,11
3857267,29,787,18,19
3857267,30,787,18,44
3857267,31,3565,18,53
3857267,32,3565,21,20
3857267,33,3565,21,52
3857267,34,787,22,34
3857267,35,3565,22,43
3857267,36,787,22,47
3857267,37,3565,23,12
3857267,38,787,23,28
3857267,39,787,24,16
3857267,40,3565,24,29
3857267,41,3565,26,2
3857267,42,787,26,18
3857267,43,3565,26,24
3857267,44,787,26,42
3857267,45,787,26,56
3857267,46,787,27,15
3857267,47,787,27,46
3857267,48,3565,28,49
3857267,49,3565,29,30
3857267,50,787,29,57
3857267,51,3565,30,25
3857267,52,787,30,40
3857267,53,3565,30,47
3857267,54,3565,31,11
3857267,55,3565,32,34
3857267,56,787,32,59
3857267,57,3565,33,37
3857267,58,787,34,35
3857267,59,3565,34,59
3857267,60,787,35,23
3857267,61,787,35,28
3857267,62,787,36,29
3857267,63,3565,36,52
3857267,64,787,36,58
3857267,65,787,37,41
3857267,66,787,39,48
3857267,67,3565,39,55
3857267,68,3565,40,41
3857267,69,787,41,11
3857267,70,787,43,41
3857267,71,3565,45,18
3857267,72,787,45,35
3857267,73,3565,45,56
3857267,74,787,46,19
3857267,75,787,47,13
3857267,76,787,47,45
3857267,77,3565,49,3
3857267,78,787,49,9
3857267,79,787,49,40
3857267,80,3565,50,12
3857267,81,787,50,13
3857267,82,3565,50,56
3857267,83,787,45,1
3857267,84,787,45,15
3857267,85,3565,45,39
3857267,86,3565,46,59
3857267,87,3565,47,35
3857267,88,787,48,42
3857267,89,3565,49,2
3857267,90,3565,49,50
3857267,91,787,49,55
3857267,92,787,50,11
3857267,93,787,50,34
3857267,94,3565,50,45
3857267,95,787,51,27
3857267,96,3565,51,35
3857267,97,787,51,38
3857267,98,3565,51,50
3857267,99,3565,52,36
3857267,100,787,52,58
3857267,101,3565,53,4
3857267,102,3565,53,32
3857267,103,787,54,26
3857267,104,3565,54,31
3857267,105,787,54,38
3857267,106,3565,55,28
3857267,107,787,57,22
3857267,108,3565,57,33
3857267,109,3565,58,1
3857267,110,3565,58,41
3857267,111,787,58,44
3857267,112,787,59,18
3857267,113,787,60,25
3857267,114,3565,60,29
3857267,115,3565,61,19
3857267,116,787,61,38
3857267,117,787,62,21
3857267,118,3565,63,17
3857267,119,787,63,29
3857267,120,787,64,0
3857267,121,787,64,14
3857267,122,787,64,33
3857267,123,787,64,59
3857267,124,3565,65,9
3857267,125,3565,66,30
3857267,126,3565,66,56
3857267,127,787,68,26
3857267,128,787,69,27
3857267,129,3565,71,10
3857267,130,3565,74,20
3857267,131,787,74,20
3857267,132,3565,74,30
3857267,133,3565,74,50
3857267,134,787,76,10
3857267,135,3565,76,14
3857267,136,787,76,19
3857267,137,787,77,27
3857267,138,787,77,39
3857267,139,787,78,8
3857267,140,3565,79,12
3857267,141,787,79,23
3857267,142,3565,79,38
3857267,143,3565,80,1
3857267,144,787,81,25
3857267,145,3565,82,6
3857267,146,787,82,54
3857267,147,3565,83,2
3857267,148,787,83,22
3857267,149,3565,84,21
3857267,150,3565,84,52
3857267,151,3565,85,57
3857267,152,787,86,38
3857267,153,3565,86,42
3857267,154,787,86,53
3857267,155,787,87,41
3857267,156,3565,87,47
3857267,157,3565,87,52
3857267,158,3565,88,41
3857267,159,787,89,1
3857267,160,787,89,14
3857267,161,787,89,43
3857267,162,787,89,51
3857267,163,3565,90,14
3857267,164,787,91,4
3857267,165,3565,91,9
3857267,166,3565,91,34
3857267,167,3565,92,15
3857267,168,3565,92,45
3857267,169,3565,93,1
3857267,170,3565,93,25
3857267,171,3565,93,44
3857267,172,787,95,3
3857267,173,3565,95,9
3857267,174,787,96,54
3857287,1,783,0,0
3857287,2,791,0,0
3857287,3,783,0,14
3857287,4,783,0,43
3857287,5,791,0,48
3857287,6,791,1,41
3857287,7,783,1,43
3857287,8,791,1,58
3857287,9,791,2,25
3857287,10,791,3,54
3857287,11,783,4,32
3857287,12,791,4,38
3857287,13,783,5,19
3857287,14,783,5,37
3857287,15,791,5,57
3857287,16,783,6,13
3857287,17,791,6,23
3857287,18,791,7,49
3857287,19,791,8,25
3857287,20,783,8,44
3857287,21,783,9,16
3857287,22,791,10,0
3857287,23,783,10,5
3857287,24,783,10,42
3857287,25,791,11,6
3857287,26,791,11,25
3857287,27,791,11,38
3857287,28,783,11,58
3857287,29,783,12,25
3857287,30,791,12,39
3857287,31,791,12,56
3857287,32,783,13,48
3857287,33,791,15,8
3857287,34,783,16,39
3857287,35,791,16,54
3857287,36,783,18,17
3857287,37,791,19,15
3857287,38,783,19,31
3857287,39,783,20,2
3857287,40,783,20,21
3857287,41,783,21,11
3857287,42,791,21,49
3857287,43,783,22,5
3857287,44,783,22,42
3857287,45,783,24,48
3857287,46,783,25,22
3857287,47,791,25,37
3857287,48,791,26,24
3857287,49,783,26,29
3857287,50,791,27,40
3857287,51,791,28,23
3857287,52,791,28,49
3857287,53,783,29,25
3857287,54,791,29,29
3857287,55,791,29,46
3857287,56,791,30,38
3857287,57,783,32,5
3857287,58,791,32,14
3857287,59,783,34,10
3857287,60,791,34,58
3857287,61,783,35,1
3857287,62,791,36,2
3857287,63,783,36,10
3857287,64,791,37,49
3857287,65,791,38,20
3857287,66,783,39,3
3857287,67,791,39,34
3857287,68,791,39,58
3857287,69,791,40,21
3857287,70,783,41,53
3857287,71,783,42,49
3857287,72,783,43,13
3857287,73,783,44,52
3857287,74,791,45,53
3857287,75,783,45,0
3857287,76,791,45,43
3857287,77,783,45,57
3857287,78,791,46,8
3857287,79,791,46,32
3857287,80,783,47,30
3857287,81,791,47,35
3857287,82,783,47,39
3857287,83,791,49,34
3857287,84,783,50,31
3857287,85,791,50,41
3857287,86,791,52,6
3857287,87,783,52,17
3857287,88,783,53,3
3857287,89,783,54,15
3857287,90,783,55,1
3857287,91,791,55,33
3857287,92,791,57,23
3857287,93,783,57,25
3857287,94,783,57,52
3857287,95,791,58,0
3857287,96,783,58,23
3857287,97,791,59,11
3857287,98,783,59,46
3857287,99,783,60,9
3857287,100,791,60,59
3857287,101,783,61,17
3857287,102,791,61,34
3857287,103,791,61,48
3857287,104,783,62,25
3857287,105,791,62,42
3857287,106,791,64,55
3857287,107,783,64,55
3857287,108,791,64,56
3857287,109,791,66,17
3857287,110,783,66,35
3857287,111,783,66,58
3857287,112,791,67,44
3857287,113,783,67,52
3857287,114,783,68,29
3857287,115,783,69,54
3857287,116,791,71,45
3857287,117,783,72,19
3857287,118,791,74,22
3857287,119,783,75,12
3857287,120,791,75,57
3857287,121,791,76,25
3857287,122,783,77,5
3857287,123,783,78,19
3857287,124,791,79,3
3857287,125,791,79,15
3857287,126,783,79,51
3857287,127,791,80,5
3857287,128,783,80,31
3857287,129,791,82,37
3857287,130,783,82,41
3857287,131,783,82,56
3857287,132,791,83,58
3857287,133,783,84,7
3857287,134,783,84,31
3857287,135,791,84,49
3857287,136,783,85,17
3857287,137,791,87,41
3857287,138,783,88,13
3857287,139,791,88,24
3857287,140,783,88,32
3857287,141,791,89,42
3857287,142,783,90,17
3857287,143,783,91,8
3857287,144,791,91,21
3857287,145,791,91,54
3857287,146,783,92,7
3857287,147,791,92,40
3857287,148,783,93,20
3857287,149,791,94,34
3857287,150,783,94,38
3857287,151,783,95,42
3857287,152,791,95,44
3857287,153,791,96,28
3857287,154,783,96,36
3857287,155,791,97,45
3869486,1,788,0,0
3869486,2,780,0,0
3869486,3,780,0,42
3869486,4,788,1,17
3869486,5,780,1,48
3869486,6,780,2,42
3869486,7,780,3,58
3869486,8,780,4,29
3869486,9,788,4,33
3869486,10,788,5,5
3869486,11,788,5,54
3869486,12,780,6,9
3869486,13,788,6,44
3869486,14,780,6,46
3869486,15,780,7,10
3869486,16,780,8,11
3869486,17,788,9,27
3869486,18,780,10,13
3869486,19,780,12,22
3869486,20,788,13,17
3869486,21,780,13,26
3869486,22,788,14,27
3869486,23,780,14,34
3869486,24,788,15,40
3869486,25,780,15,45
3869486,26,788,16,19
3869486,27,788,17,17
3869486,28,780,17,29
3869486,29,788,17,35
3869486,30,780,18,5
3869486,31,788,19,10
3869486,32,788,19,52
3869486,33,780,20,40
3869486,34,788,20,45
3869486,35,788,21,22
3869486,36,788,21,42
3869486,37,780,22,2
3869486,38,780,22,46
3869486,39,788,22,52
3869486,40,788,23,55
3869486,41,788,24,15
3869486,42,788,25,20
3869486,43,780,25,39
3869486,44,788,25,57
3869486,45,780,26,22
3869486,46,788,29,18
3869486,47,780,29,23
3869486,48,788,29,51
3869486,49,780,29,56
3869486,50,780,31,9
3869486,51,780,31,24
3869486,52,788,32,21
3869486,53,780,32,35
3869486,54,788,33,13
3869486,55,780,33,16
3869486,56,788,33,35
3869486,57,780,34,22
3869486,58,788,34,38
3869486,59,780,34,57
3869486,60,780,35,8
3869486,61,780,35,11
3869486,62,780,35,13
3869486,63,780,35,17
3869486,64,780,35,25
3869486,65,780,35,34
3869486,66,780,35,36
3869486,67,780,35,40
3869486,68,788,35,45
3869486,69,788,36,29
3869486,70,788,36,41
3869486,71,780,37,23
3869486,72,780,38,32
3869486,73,788,39,22
3869486,74,780,39,25
3869486,75,780,40,18
3869486,76,788,40,49
3869486,77,780,42,58
3869486,78,788,43,52
3869486,79,780,44,4
3869486,80,788,44,31
3869486,81,780,44,45
3869486,82,780,45,20
3869486,83,780,46,14
3869486,84,788,46,40
3869486,85,780,47,21
3869486,86,788,45,0
3869486,87,780,45,19
3869486,88,780,46,42
3869486,89,780,46,56
3869486,90,780,47,11
3869486,91,788,48,55
3869486,92,780,49,14
3869486,93,780,50,17
3869486,94,788,51,8
3869486,95,780,51,15
3869486,96,788,51,29
3869486,97,780,52,34
3869486,98,780,52,54
3869486,99,788,53,55
3869486,100,780,54,2
3869486,101,788,54,51
3869486,102,780,57,6
3869486,103,788,57,51
3869486,104,780,58,13
3869486,105,788,58,36
3869486,106,780,58,59
3869486,107,780,59,26
3869486,108,788,59,30
3869486,109,780,59,38
3869486,110,788,61,12
3869486,111,780,61,21
3869486,112,788,62,18
3869486,113,780,62,24
3869486,114,780,62,47
3869486,115,788,64,45
3869486,116,780,64,50
3869486,117,780,65,20
3869486,118,788,65,23
3869486,119,780,65,29
3869486,120,780,66,12
3869486,121,788,66,43
3869486,122,780,66,51
3869486,123,780,67,13
3869486,124,780,68,32
3869486,125,780,69,20
3869486,126,780,70,43
3869486,127,788,71,17
3869486,128,780,71,22
3869486,129,780,71,47
3869486,130,780,72,56
3869486,131,780,73,51
3869486,132,780,74,16
3869486,133,788,74,31
3869486,134,780,75,2
3869486,135,788,75,36
3869486,136,780,75,44
3869486,137,788,76,29
3869486,138,780,76,34
3869486,139,788,76,53
3869486,140,780,77,11
3869486,141,780,78,55
3869486,142,788,78,55
3869486,143,780,78,56
3869486,144,780,79,7
3869486,145,788,80,13
3869486,146,780,80,24
3869486,147,788,81,31
3869486,148,780,81,39
3869486,149,780,82,29
3869486,150,780,82,39
3869486,151,780,83,40
3869486,152,788,83,41
3869486,153,788,84,12
3869486,154,780,84,20
3869486,155,780,84,30
3869486,156,780,85,12
3869486,157,780,85,53
3869486,158,780,86,26
3869486,159,788,87,30
3869486,160,780,87,35
3869486,161,788,88,56
3869486,162,780,89,2
3869486,163,780,89,20
3869486,164,780,90,19
3869486,165,788,90,48
3869486,166,780,90,58
3869486,167,788,92,3
3869486,168,780,92,51
3869486,169,780,93,29
3869486,170,780,93,51
3869486,171,780,94,7
3869486,172,788,94,55
3869486,173,780,95,0
3869486,174,780,95,22
3869486,175,780,95,29
3869486,176,780,96,23
3869486,177,788,97,21
3869486,178,780,97,26
3869486,179,780,97,47
3857260,1,799,0,0
3857260,2,794,0,0
3857260,3,794,0,53
3857260,4,794,1,2
3857260,5,799,1,22
3857260,6,799,1,42
3857260,7,794,2,10
3857260,8,794,2,16
3857260,9,799,3,11
3857260,10,794,3,14
3857260,11,794,3,54
3857260,12,794,4,25
3857260,13,799,6,14
3857260,14,794,6,21
3857260,15,799,7,25
3857260,16,794,7,51
3857260,17,799,8,14
3857260,18,799,8,59
3857260,19,794,9,1
3857260,20,799,10,12
3857260,21,794,10,22
3857260,22,794,10,33
3857260,23,799,11,20
3857260,24,799,12,58
3857260,25,794,13,9
3857260,26,799,14,5
3857260,27,794,14,23
3857260,28,799,14,53
3857260,29,799,17,6
3857260,30,794,17,21
3857260,31,794,17,43
3857260,32,799,18,13
3857260,33,794,18,34
3857260,34,794,19,29
3857260,35,799,20,22
3857260,36,799,20,46
3857260,37,794,20,57
3857260,38,799,21,48
3857260,39,794,21,53
3857260,40,799,22,38
3857260,41,794,22,44
3857260,42,799,22,59
3857260,43,794,23,31
3857260,44,794,24,2
3857260,45,799,24,28
3857260,46,799,24,48
3857260,47,799,25,34
3857260,48,799,25,56
3857260,49,794,26,12
3857260,50,794,27,2
3857260,51,794,27,11
3857260,52,794,28,9
3857260,53,799,28,55
3857260,54,799,29,19
3857260,55,794,29,28
3857260,56,799,30,2
3857260,57,794,30,11
3857260,58,799,31,21
3857260,59,799,31,41
3857260,60,794,31,48
3857260,61,794,32,14
3857260,62,799,32,35
3857260,63,794,32,42
3857260,64,794,33,13
3857260,65,794,34,9
3857260,66,794,35,6
3857260,67,799,36,52
3857260,68,794,36,56
3857260,69,799,37,9
3857260,70,799,37,43
3857260,71,799,38,3
3857260,72,799,38,12
3857260,73,799,38,38
3857260,74,794,39,13
3857260,75,794,40,28
3857260,76,794,41,6
3857260,77,799,41,57
3857260,78,799,42,22
3857260,79,799,42,41
3857260,80,799,42,54
3857260,81,799,43,19
3857260,82,794,43,37
3857260,83,794,43,51
3857260,84,799,45,4
3857260,85,794,45,18
3857260,86,794,45,59
3857260,87,799,46,3
3857260,88,799,46,38
3857260,89,799,47,12
3857260,90,799,47,27
3857260,91,794,47,31
3857260,92,799,48,9
3857260,93,794,48,17
3857260,94,799,48,29
3857260,95,799,48,54
3857260,96,794,49,15
3857260,97,799,49,40
3857260,98,794,50,25
3857260,99,799,50,29
3857260,100,799,51,9
3857260,101,799,45,0
3857260,102,794,45,14
3857260,103,794,45,21
3857260,104,799,45,36
3857260,105,794,45,59
3857260,106,794,46,50
3857260,107,799,47,38
3857260,108,799,49,4
3857260,109,794,49,22
3857260,110,799,49,27
3857260,111,794,49,38
3857260,112,794,50,2
3857260,113,799,50,43
3857260,114,794,51,56
3857260,115,799,52,50
3857260,116,799,53,22
3857260,117,794,54,41
3857260,118,799,56,2
3857260,119,799,56,46
3857260,120,799,56,56
3857260,121,794,57,1
3857260,122,794,57,22
3857260,123,794,58,18
3857260,124,794,58,54
3857260,125,794,59,37
3857260,126,799,60,0
3857260,127,794,60,2
3857260,128,799,60,41
3857260,129,799,61,51
3857260,130,794,62,21
3857260,131,799,62,48
3857260,132,794,63,6
3857260,133,794,64,0
3857260,134,794,64,31
3857260,135,799,65,14
3857260,136,794,65,51
3857260,137,799,66,2
3857260,138,799,66,20
3857260,139,799,67,7
3857260,140,794,67,30
3857260,141,794,67,49
3857260,142,799,67,56
3857260,143,794,68,17
3857260,144,794,69,23
3857260,145,799,70,13
3857260,146,794,70,17
3857260,147,799,70,42
3857260,148,794,70,55
3857260,149,794,72,3
3857260,150,794,72,6
3857260,151,799,72,12
3857260,152,794,72,53
3857260,153,799,73,39
3857260,154,794,74,22
3857260,155,799,74,59
3857260,156,794,75,17
3857260,157,799,76,55
3857260,158,794,77,4
3857260,159,799,77,55
3857260,160,794,78,43
3857260,161,799,79,2
3857260,162,794,79,10
3857260,163,799,79,20
3857260,164,799,79,46
3857260,165,794,80,12
3857260,166,794,82,13
3857260,167,799,82,48
3857260,168,794,83,3
3857260,169,794,83,15
3857260,170,799,84,36
3857260,171,794,84,44
3857260,172,794,85,9
3857260,173,794,86,0
3857260,174,799,86,13
3857260,175,794,86,31
3857260,176,799,87,29
3857260,177,799,87,56
3857260,178,794,87,59
3857260,179,799,89,51
3857260,180,794,89,52
3857260,181,794,89,53
3857260,182,799,90,5
3857260,183,794,90,10
3857260,184,794,91,25
3857260,185,794,91,48
3857260,186,794,92,10
3857260,187,794,92,39
3857260,188,794,92,51
3857260,189,799,93,20
3857260,190,799,93,58
3857260,191,794,94,14
3857260,192,799,94,22
3857260,193,794,95,14
3857260,194,799,95,24
3857260,195,794,95,28
3857260,196,799,96,4
3857260,197,794,96,28
3857260,198,799,96,30
3857260,199,794,96,41
3857260,200,794,97,11
3857264,1,789,0,0
3857264,2,789,0,0
3857264,3,779,0,18
3857264,4,789,0,22
3857264,5,779,0,49
3857264,6,779,1,52
3857264,7,789,3,9
3857264,8,789,3,20
3857264,9,779,3,23
3857264,10,789,3,44
3857264,11,789,3,56
3857264,12,779,4,20
3857264,13,789,4,44
3857264,14,779,4,59
3857264,15,789,6,50
3857264,16,779,7,17
3857264,17,789,8,5
3857264,18,789,8,20
3857264,19,789,8,30
3857264,20,779,8,43
3857264,21,789,9,18
3857264,22,779,9,40
3857264,23,779,10,7
3857264,24,779,10,19
3857264,25,779,11,24
3857264,26,789,11,34
3857264,27,779,12,38
3857264,28,789,12,52
3857264,29,789,13,8
3857264,30,779,14,17
3857264,31,779,14,28
3857264,32,789,15,19
3857264,33,779,15,39
3857264,34,789,16,36
3857264,35,779,17,11
3857264,36,779,17,33
3857264,37,779,18,2
3857264,38,789,18,24
3857264,39,789,20,0
3857264,40,779,20,22
3857264,41,789,20,29
3857264,42,789,21,26
3857264,43,779,21,39
3857264,44,779,23,11
3857264,45,779,23,32
3857264,46,789,23,55
3857264,47,789,24,15
3857264,48,779,24,35
3857264,49,789,26,29
3857264,50,779,26,42
3857264,51,779,27,17
3857264,52,789,27,17
3857264,53,779,27,18
3857264,54,789,28,30
3857264,55,789,29,4
3857264,56,779,29,45
3857264,57,779,32,17
3857264,58,779,32,54
3857264,59,779,34,16
3857264,60,789,34,39
3857264,61,779,34,54
3857264,62,779,38,24
3857264,63,779,38,46
3857264,64,789,40,33
3857264,65,779,40,40
3857264,66,789,41,15
3857264,67,779,41,50
3857264,68,789,42,10
3857264,69,789,42,33
3857264,70,789,42,50
3857264,71,779,42,55
3857264,72,789,43,43
3857264,73,779,43,51
3857264,74,789,45,15
3857264,75,789,45,25
3857264,76,779,45,42
3857264,77,789,46,19
3857264,78,789,46,39
3857264,79,789,47,27
3857264,80,779,47,29
3857264,81,779,45,0
3857264,82,789,47,22
3857264,83,789,48,0
3857264,84,789,48,58
3857264,85,779,49,24
3857264,86,779,50,1
3857264,87,789,50,43
3857264,88,789,50,59
3857264,89,789,52,2
3857264,90,779,52,14
3857264,91,789,53,8
3857264,92,779,53,17
3857264,93,789,56,57
3857264,94,779,57,54
3857264,95,789,58,2
3857264,96,789,58,57
3857264,97,789,59,28
3857264,98,779,60,23
3857264,99,789,60,39
3857264,100,789,60,51
3857264,101,789,61,50
3857264,102,779,61,52
3857264,103,789,63,12
3857264,104,779,63,18
3857264,105,779,64,0
3857264,106,779,65,15
3857264,107,779,65,50
3857264,108,789,68,8
3857264,109,779,68,34
3857264,110,789,70,38
3857264,111,789,71,11
3857264,112,779,71,34
3857264,113,779,72,12
3857264,114,789,73,14
3857264,115,779,73,58
3857264,116,789,76,16
3857264,117,779,76,30
3857264,118,779,78,50
3857264,119,779,82,2
3857264,120,789,83,25
3857264,121,779,83,46
3857264,122,789,84,13
3857264,123,789,84,27
3857264,124,789,85,36
3857264,125,779,86,26
3857264,126,789,87,53
3857264,127,789,88,23
3857264,128,779,88,51
3857264,129,779,92,39
3857264,130,789,94,0
3857264,131,779,94,2
3857264,132,779,94,55
3857289,1,779,0,0
3857289,2,794,0,0
3857289,3,779,0,15
3857289,4,779,0,50
3857289,5,779,1,10
3857289,6,779,2,28
3857289,7,794,3,8
3857289,8,779,3,14
3857289,9,779,6,9
3857289,10,794,6,56
3857289,11,794,8,5
3857289,12,794,9,12
3857289,13,779,9,30
3857289,14,779,10,26
3857289,15,794,10,40
3857289,16,779,10,58
3857289,17,794,11,24
3857289,18,779,11,51
3857289,19,779,12,22
3857289,20,794,12,33
3857289,21,779,12,56
3857289,22,779,13,43
3857289,23,794,14,14
3857289,24,794,14,34
3857289,25,779,15,23
3857289,26,779,15,43
3857289,27,794,16,36
3857289,28,779,16,36
3857289,29,794,16,50
3857289,30,794,17,39
3857289,31,794,18,12
3857289,32,794,20,31
3857289,33,779,20,34
3857289,34,779,22,37
3857289,35,779,23,5
3857289,36,779,23,45
3857289,37,794,24,46
3857289,38,794,25,11
3857289,39,794,25,53
3857289,40,779,26,12
3857289,41,794,26,27
3857289,42,779,26,39
3857289,43,794,28,39
3857289,44,779,29,30
3857289,45,794,30,16
3857289,46,779,30,19
3857289,47,779,30,46
3857289,48,779,31,25
3857289,49,779,32,16
3857289,50,779,33,47
3857289,51,794,34,36
3857289,52,779,34,51
3857289,53,779,35,49
3857289,54,779,36,8
3857289,55,794,36,32
3857289,56,779,36,46
3857289,57,794,36,55
3857289,58,779,37,20
3857289,59,794,38,36
3857289,60,794,39,5
3857289,61,779,39,24
3857289,62,779,39,55
3857289,63,794,41,21
3857289,64,794,41,44
3857289,65,794,42,9
3857289,66,779,42,30
3857289,67,794,42,32
3857289,68,794,44,17
3857289,69,779,44,18
3857289,70,779,44,20
3857289,71,779,44,33
3857289,72,794,45,38
3857289,73,779,45,40
3857289,74,794,46,30
3857289,75,779,46,35
3857289,76,794,47,6
3857289,77,779,47,49
3857289,78,794,48,10
3857289,79,794,48,24
3857289,80,794,49,10
3857289,81,779,49,24
3857289,82,779,50,25
3857289,83,779,45,0
3857289,84,794,45,12
3857289,85,779,45,33
3857289,86,779,45,51
3857289,87,794,46,21
3857289,88,794,46,45
3857289,89,779,47,27
3857289,90,779,50,59
3857289,91,794,51,29
3857289,92,779,52,4
3857289,93,794,53,26
3857289,94,779,53,40
3857289,95,779,54,43
3857289,96,794,55,8
3857289,97,779,55,18
3857289,98,794,57,11
3857289,99,779,57,52
3857289,100,794,59,11
3857289,101,779,59,16
3857289,102,779,59,29
3857289,103,794,62,2
3857289,104,794,62,49
3857289,105,779,63,8
3857289,106,794,65,30
3857289,107,779,65,51
3857289,108,779,66,26
3857289,109,794,66,33
3857289,110,794,67,22
3857289,111,779,68,58
3857289,112,779,69,27
3857289,113,794,69,54
3857289,114,794,70,26
3857289,115,779,71,16
3857289,116,794,71,54
3857289,117,794,72,24
3857289,118,779,73,0
3857289,119,794,73,3
3857289,120,779,73,20
3857289,121,779,73,59
3857289,122,794,74,27
3857289,123,794,74,52
3857289,124,779,75,37
3857289,125,779,75,52
3857289,126,794,75,56
3857289,127,779,76,25
3857289,128,794,77,14
3857289,129,779,78,0
3857289,130,779,78,41
3857289,131,779,79,33
3857289,132,794,79,47
3857289,133,794,81,17
3857289,134,779,81,22
3857289,135,794,81,52
3857289,136,779,82,42
3857289,137,794,82,44
3857289,138,779,82,55
3857289,139,779,83,32
3857289,140,794,83,53
3857289,141,794,84,53
3857289,142,779,85,2
3857289,143,779,85,44
3857289,144,779,86,34
3857289,145,794,88,24
3857289,146,794,88,38
3857289,147,779,89,24
3857289,148,779,90,0
3857289,149,794,90,27
3857289,150,794,91,4
3857289,151,794,92,4
3857289,152,794,93,14
3857289,153,794,94,17
3857289,154,794,94,38
3857289,155,779,95,18
3857289,156,779,96,11
3869254,1,780,0,0
3869254,2,773,0,0
3869254,3,780,0,10
3869254,4,773,1,18
3869254,5,780,1,23
3869254,6,780,2,9
3869254,7,773,2,40
3869254,8,780,2,43
3869254,9,780,3,42
3869254,10,780,4,6
3869254,11,780,4,20
3869254,12,773,4,50
3869254,13,773,5,27
3869254,14,780,5,56
3869254,15,773,6,25
3869254,16,773,7,16
3869254,17,773,7,28
3869254,18,780,7,31
3869254,19,773,7,36
3869254,20,773,8,14
3869254,21,780,8,33
3869254,22,780,9,12
3869254,23,773,9,15
3869254,24,780,10,49
3869254,25,773,10,58
3869254,26,780,11,32
3869254,27,773,12,11
3869254,28,773,12,30
3869254,29,780,12,37
3869254,30,773,13,56
3869254,31,773,14,23
3869254,32,780,15,8
3869254,33,780,16,38
3869254,34,773,18,8
3869254,35,780,18,38
3869254,36,773,19,3
3869254,37,780,19,12
3869254,38,780,20,8
3869254,39,773,21,18
3869254,40,773,21,37
3869254,41,780,21,42
3869254,42,773,21,54
3869254,43,773,22,15
3869254,44,780,22,40
3869254,45,773,22,45
3869254,46,773,23,0
3869254,47,780,23,29
3869254,48,780,25,12
3869254,49,773,25,41
3869254,50,773,26,33
3869254,51,780,26,53
3869254,52,773,27,20
3869254,53,780,27,37
3869254,54,773,27,46
3869254,55,773,29,38
3869254,56,773,30,15
3869254,57,780,30,44
3869254,58,780,32,33
3869254,59,773,33,58
3869254,60,780,34,33
3869254,61,773,35,28
3869254,62,773,37,15
3869254,63,773,37,19
3869254,64,780,38,3
3869254,65,773,38,6
3869254,66,773,38,46
3869254,67,780,39,34
3869254,68,780,39,51
3869254,69,773,40,3
3869254,70,773,40,18
3869254,71,773,40,58
3869254,72,780,41,56
3869254,73,780,43,1
3869254,74,780,43,36
3869254,75,773,45,34
3869254,76,780,46,1
3869254,77,780,47,1
3869254,78,773,47,31
3869254,79,780,48,25
3869254,80,780,45,0
3869254,81,773,45,11
3869254,82,780,45,41
3869254,83,773,45,54
3869254,84,780,46,33
3869254,85,780,47,8
3869254,86,773,47,21
3869254,87,780,47,26
3869254,88,780,48,9
3869254,89,773,49,7
3869254,90,773,49,25
3869254,91,780,49,41
3869254,92,773,51,23
3869254,93,780,52,27
3869254,94,780,53,18
3869254,95,780,54,4
3869254,96,780,54,39
3869254,97,773,56,8
3869254,98,773,57,3
3869254,99,780,57,43
3869254,100,773,57,53
3869254,101,780,58,26
3869254,102,780,58,53
3869254,103,780,59,13
3869254,104,773,59,26
3869254,105,773,60,53
3869254,106,780,61,39
3869254,107,773,61,53
3869254,108,773,62,17
3869254,109,780,63,6
3869254,110,773,63,14
3869254,111,780,63,45
3869254,112,773,64,2
3869254,113,773,64,19
3869254,114,773,65,16
3869254,115,780,65,57
3869254,116,773,67,26
3869254,117,780,67,53
3869254,118,780,68,19
3869254,119,773,69,16
3869254,120,773,69,24
3869254,121,773,69,54
3869254,122,773,70,4
3869254,123,773,70,38
3869254,124,780,71,5
3869254,125,780,71,23
3869254,126,773,71,26
3869254,127,780,71,32
3869254,128,773,72,1
3869254,129,780,72,5
3869254,130,780,73,54
3869254,131,773,74,12
3869254,132,773,74,35
3869254,133,773,74,44
3869254,134,780,74,45
3869254,135,780,75,51
3869254,136,773,76,55
3869254,137,780,77,48
3869254,138,773,77,52
3869254,139,773,78,24
3869254,140,780,79,10
3869254,141,773,79,15
3869254,142,773,80,11
3869254,143,780,80,59
3869254,144,773,81,7
3869254,145,773,81,27
3869254,146,773,82,7
3869254,147,773,83,36
3869254,148,780,83,37
3869254,149,773,84,25
3869254,150,780,84,58
3869254,151,780,85,28
3869254,152,773,86,48
3869254,153,780,87,0
3869254,154,773,87,14
3869254,155,780,87,27
3869254,156,773,88,43
3869254,157,780,90,20
3869254,158,773,92,23
3869254,159,780,92,44
3869254,160,773,93,5
3869254,161,780,93,7
3869254,162,780,93,44
3869254,163,773,93,47
3869254,164,773,94,4
3869118,1,768,0,0
3869118,2,787,0,0
3869118,3,768,0,20
3869118,4,787,0,39
3869118,5,768,1,2
3869118,6,768,1,17
3869118,7,787,2,5
3869118,8,768,2,30
3869118,9,768,2,51
3869118,10,787,3,19
3869118,11,768,3,30
3869118,12,787,3,45
3869118,13,768,3,51
3869118,14,768,5,33
3869118,15,768,6,55
3869118,16,787,7,11
3869118,17,787,7,43
3869118,18,768,8,16
3869118,19,787,9,27
3869118,20,768,9,29
3869118,21,768,9,31
3869118,22,768,10,18
3869118,23,787,12,50
3869118,24,768,13,2
3869118,25,787,13,46
3869118,26,768,13,57
3869118,27,768,14,30
3869118,28,787,14,39
3869118,29,768,15,10
3869118,30,768,15,19
3869118,31,768,15,52
3869118,32,787,16,17
3869118,33,768,16,28
3869118,34,768,16,51
3869118,35,787,18,40
3869118,36,787,19,13
3869118,37,768,19,25
3869118,38,768,20,24
3869118,39,787,20,44
3869118,40,787,21,33
3869118,41,768,21,39
3869118,42,787,21,49
3869118,43,768,22,58
3869118,44,787,23,20
3869118,45,768,23,40
3869118,46,768,26,10
3869118,47,768,27,17
3869118,48,787,29,9
3869118,49,787,29,26
3869118,50,768,31,3
3869118,51,768,31,34
3869118,52,787,32,32
3869118,53,787,33,6
3869118,54,768,34,9
3869118,55,787,34,22
3869118,56,787,34,54
3869118,57,768,34,55
3869118,58,787,35,39
3869118,59,787,36,56
3869118,60,768,37,45
3869118,61,787,39,27
3869118,62,768,40,29
3869118,63,787,41,3
3869118,64,768,41,11
3869118,65,787,41,43
3869118,66,768,42,21
3869118,67,768,43,3
3869118,68,768,43,57
3869118,69,768,45,1
3869118,70,768,45,11
3869118,71,787,45,43
3869118,72,787,46,12
3869118,73,768,47,6
3869118,74,768,45,0
3869118,75,768,45,15
3869118,76,787,45,47
3869118,77,768,46,35
3869118,78,787,46,40
3869118,79,768,46,51
3869118,80,787,47,49
3869118,81,787,47,56
3869118,82,768,48,10
3869118,83,787,48,41
3869118,84,768,49,36
3869118,85,768,50,18
3869118,86,768,51,24
3869118,87,768,51,41
3869118,88,787,52,52
3869118,89,787,53,31
3869118,90,768,53,34
3869118,91,787,53,53
3869118,92,787,54,11
3869118,93,768,55,0
3869118,94,787,55,46
3869118,95,787,56,0
3869118,96,768,56,32
3869118,97,787,58,3
3869118,98,768,58,20
3869118,99,768,59,26
3869118,100,787,59,29
3869118,101,787,60,18
3869118,102,787,60,34
3869118,103,768,60,44
3869118,104,787,60,54
3869118,105,768,61,13
3869118,106,787,61,48
3869118,107,787,62,20
3869118,108,768,62,28
3869118,109,768,64,57
3869118,110,787,65,18
3869118,111,768,65,32
3869118,112,768,66,42
3869118,113,768,67,8
3869118,114,787,67,27
3869118,115,787,68,3
3869118,116,768,69,7
3869118,117,787,69,48
3869118,118,768,71,38
3869118,119,768,72,6
3869118,120,787,72,13
3869118,121,787,73,18
3869118,122,768,73,56
3869118,123,768,74,24
3869118,124,768,76,24
3869118,125,768,77,16
3869118,126,787,77,48
3869118,127,787,78,1
3869118,128,768,78,14
3869118,129,787,78,19
3869118,130,787,78,56
3869118,131,768,78,58
3869118,132,768,81,17
3869118,133,787,81,40
3869118,134,787,82,1
3869118,135,787,82,31
3869118,136,768,82,33
3869118,137,787,82,37
3869118,138,768,84,25
3869118,139,787,84,53
3869118,140,787,85,44
3869118,141,787,86,8
3869118,142,787,86,33
3869118,143,768,86,40
3869118,144,787,87,30
3869118,145,768,87,38
3869118,146,787,88,7
3869118,147,787,88,25
3869118,148,768,89,28
3869118,149,787,90,41
3869118,150,787,92,22
3869118,151,787,92,33
3869118,152,787,93,1
3869118,153,787,93,57
3869519,1,779,0,0
3869519,2,785,0,0
3869519,3,779,0,57
3869519,4,779,1,10
3869519,5,785,2,15
3869519,6,779,2,17
3869519,7,785,2,31
3869519,8,779,2,36
3869519,9,779,2,42
3869519,10,785,3,12
3869519,11,779,3,30
3869519,12,779,3,55
3869519,13,785,4,4
3869519,14,779,4,19
3869519,15,785,5,32
3869519,16,779,6,43
3869519,17,785,7,10
3869519,18,785,8,19
3869519,19,779,8,56
3869519,20,779,9,23
3869519,21,785,9,51
3869519,22,785,11,36
3869519,23,779,12,15
3869519,24,779,12,33
3869519,25,785,12,54
3869519,26,779,12,58
3869519,27,785,13,11
3869519,28,785,14,25
3869519,29,785,15,45
3869519,30,779,16,51
3869519,31,785,16,57
3869519,32,779,17,9
3869519,33,785,17,11
3869519,34,779,17,49
3869519,35,785,18,18
3869519,36,785,18,45
3869519,37,779,19,12
3869519,38,785,19,42
3869519,39,779,20,22
3869519,40,779,20,51
3869519,41,785,22,20
3869519,42,785,22,46
3869519,43,785,22,59
3869519,44,779,23,35
3869519,45,779,24,25
3869519,46,785,25,33
3869519,47,779,25,46
3869519,48,785,27,18
3869519,49,779,27,21
3869519,50,779,27,46
3869519,51,785,28,29
3869519,52,785,29,33
3869519,53,779,30,56
3869519,54,779,33,27
3869519,55,785,34,53
3869519,56,785,35,19
3869519,57,785,36,10
3869519,58,779,36,32
3869519,59,785,36,37
3869519,60,785,38,9
3869519,61,779,38,15
3869519,62,785,39,45
3869519,63,779,40,17
3869519,64,779,41,52
3869519,65,779,42,49
3869519,66,779,43,14
3869519,67,785,43,19
3869519,68,785,43,36
3869519,69,785,44,11
3869519,70,779,45,37
3869519,71,779,45,56
3869519,72,785,46,11
3869519,73,779,46,16
3869519,74,785,47,12
3869519,75,779,48,37
3869519,76,785,48,43
3869519,77,779,48,56
3869519,78,779,45,0
3869519,79,779,45,22
3869519,80,785,45,40
3869519,81,785,47,3
3869519,82,779,47,4
3869519,83,785,47,35
3869519,84,779,47,48
3869519,85,785,48,30
3869519,86,779,49,3
3869519,87,785,49,7
3869519,88,785,49,51
3869519,89,779,51,28
3869519,90,785,51,46
3869519,91,779,52,10
3869519,92,785,52,44
3869519,93,785,53,2
3869519,94,779,53,23
3869519,95,785,53,25
3869519,96,779,54,19
3869519,97,785,54,24
3869519,98,779,55,1
3869519,99,785,55,4
3869519,100,779,55,31
3869519,101,785,56,16
3869519,102,779,56,30
3869519,103,785,57,8
3869519,104,785,57,18
3869519,105,785,58,35
3869519,106,785,58,40
3869519,107,779,58,40
3869519,108,785,59,11
3869519,109,779,60,4
3869519,110,785,60,9
3869519,111,785,61,45
3869519,112,785,61,54
3869519,113,779,62,7
3869519,114,785,62,52
3869519,115,779,63,8
3869519,116,779,63,47
3869519,117,785,64,27
3869519,118,785,64,39
3869519,119,779,65,10
3869519,120,785,65,31
3869519,121,785,65,53
3869519,122,779,66,28
3869519,123,779,67,8
3869519,124,785,67,15
3869519,125,785,67,53
3869519,126,779,68,6
3869519,127,779,68,32
3869519,128,785,70,34
3869519,129,785,72,14
3869519,130,779,72,15
3869519,131,779,72,43
3869519,132,785,72,49
3869519,133,785,74,5
3869519,134,785,74,47
3869519,135,779,75,42
3869519,136,785,76,37
3869519,137,779,77,24
3869519,138,785,77,30
3869519,139,779,78,23
3869519,140,785,78,31
3869519,141,785,80,56
3869519,142,779,80,59
3869519,143,785,81,45
3869519,144,779,81,58
3869519,145,779,82,8
3869519,146,785,82,26
3869519,147,785,82,36
3869519,148,785,82,56
3869519,149,779,83,0
3869519,150,785,83,14
3869519,151,785,84,37
3869519,152,779,86,32
3869519,153,779,86,48
3869519,154,785,86,50
3869519,155,785,87,6
3869519,156,779,87,47
3869519,157,785,88,6
3869519,158,779,88,24
3869519,159,779,88,55
3869519,160,779,89,2
3869519,161,779,89,4
3869519,162,779,89,5
3869519,163,779,89,6
3869519,164,779,89,7
3869519,165,779,89,8
3869519,166,779,89,9
3869519,167,779,89,10
3869519,168,779,89,12
3869519,169,779,89,16
3869519,170,779,89,19
3869519,171,779,89,21
3869519,172,779,89,34
3869519,173,785,89,52
3869519,174,779,90,22
3869519,175,785,90,36
3869519,176,779,90,53
3869519,177,785,91,23
3869519,178,785,91,56
3869519,179,785,92,34
3869519,180,779,93,30
3869519,181,785,93,35
3869519,182,785,93,51
3869519,183,779,94,6
3869519,184,785,94,28
3869354,1,768,0,0
3869354,2,771,0,0
3869354,3,768,0,6
3869354,4,771,0,36
3869354,5,768,0,40
3869354,6,768,1,12
3869354,7,771,1,39
3869354,8,771,2,41
3869354,9,768,2,46
3869354,10,771,3,4
3869354,11,768,3,13
3869354,12,771,3,30
3869354,13,768,3,59
3869354,14,768,5,17
3869354,15,771,5,53
3869354,16,771,6,43
3869354,17,768,6,47
3869354,18,768,6,59
3869354,19,771,8,18
3869354,20,771,9,52
3869354,21,768,10,22
3869354,22,771,10,25
3869354,23,768,10,36
3869354,24,768,10,52
3869354,25,768,10,55
3869354,26,768,10,57
3869354,27,768,11,5
3869354,28,768,11,7
3869354,29,768,11,9
3869354,30,768,11,11
3869354,31,768,11,14
3869354,32,768,11,24
3869354,33,768,11,28
3869354,34,768,11,32
3869354,35,768,11,35
3869354,36,768,11,37
3869354,37,768,11,42
3869354,38,768,11,45
3869354,39,768,11,49
3869354,40,771,11,50
3869354,41,768,13,6
3869354,42,771,14,10
3869354,43,768,14,49
3869354,44,771,15,59
3869354,45,768,17,55
3869354,46,768,20,8
3869354,47,771,20,8
3869354,48,771,20,19
3869354,49,771,20,21
3869354,50,771,20,26
3869354,51,771,20,29
3869354,52,771,20,31
3869354,53,768,20,44
3869354,54,768,21,54
3869354,55,771,22,36
3869354,56,768,22,51
3869354,57,768,23,16
3869354,58,768,26,5
3869354,59,771,26,42
3869354,60,768,27,29
3869354,61,768,28,12
3869354,62,768,29,19
3869354,63,771,30,46
3869354,64,768,31,20
3869354,65,771,31,22
3869354,66,768,31,37
3869354,67,768,31,55
3869354,68,768,32,53
3869354,69,771,33,25
3869354,70,771,35,28
3869354,71,768,35,51
3869354,72,768,36,3
3869354,73,771,37,45
3869354,74,771,38,40
3869354,75,768,39,8
3869354,76,768,40,25
3869354,77,771,40,53
3869354,78,771,41,38
3869354,79,768,42,1
3869354,80,768,42,44
3869354,81,771,43,10
3869354,82,768,43,51
3869354,83,771,44,24
3869354,84,768,44,41
3869354,85,768,44,51
3869354,86,771,45,58
3869354,87,768,47,10
3869354,88,768,48,30
3869354,89,771,49,45
3869354,90,768,49,45
3869354,91,768,45,0
3869354,92,768,46,31
3869354,93,768,47,10
3869354,94,771,47,56
3869354,95,771,48,22
3869354,96,771,49,34
3869354,97,768,49,58
3869354,98,771,51,5
3869354,99,768,51,12
3869354,100,768,53,27
3869354,101,771,54,27
3869354,102,771,54,55
3869354,103,771,55,26
3869354,104,768,55,35
3869354,105,771,55,43
3869354,106,771,56,27
3869354,107,768,56,57
3869354,108,771,57,31
3869354,109,768,58,5
3869354,110,771,58,30
3869354,111,768,58,50
3869354,112,771,59,36
3869354,113,771,59,53
3869354,114,771,60,15
3869354,115,768,60,29
3869354,116,771,61,7
3869354,117,771,61,16
3869354,118,771,61,29
3869354,119,771,61,36
3869354,120,771,61,39
3869354,121,771,61,44
3869354,122,771,61,47
3869354,123,768,61,52
3869354,124,768,62,56
3869354,125,771,63,5
3869354,126,771,63,18
3869354,127,771,63,24
3869354,128,768,64,24
3869354,129,771,64,34
3869354,130,771,64,40
3869354,131,768,65,49
3869354,132,771,66,38
3869354,133,768,67,21
3869354,134,771,67,35
3869354,135,768,68,19
3869354,136,768,69,21
3869354,137,771,69,58
3869354,138,768,70,5
3869354,139,771,70,13
3869354,140,768,70,18
3869354,141,771,71,46
3869354,142,768,72,25
3869354,143,771,72,42
3869354,144,768,72,47
3869354,145,768,73,24
3869354,146,771,73,29
3869354,147,768,74,26
3869354,148,771,74,28
3869354,149,768,75,17
3869354,150,771,75,50
3869354,151,771,76,58
3869354,152,768,78,37
3869354,153,768,79,32
3869354,154,768,83,35
3869354,155,771,84,38
3869354,156,768,84,57
3869354,157,771,85,14
3869354,158,771,85,53
3869354,159,768,86,4
3869354,160,768,86,23
3869354,161,768,87,18
3869354,162,771,87,47
3869354,163,768,87,49
3869354,164,771,88,35
3869354,165,771,89,31
3869354,166,768,89,36
3869354,167,771,89,51
3869354,168,771,90,40
3869354,169,768,91,4
3869354,170,768,92,2
3869354,171,771,92,27
3869354,172,768,92,54
3869354,173,771,93,22
3869354,174,768,93,23
3869354,175,771,94,31
3869354,176,771,97,18
3869354,177,768,97,19
3869354,178,771,97,19
3869354,179,768,97,50
3869354,180,768,100,5
3869552,1,771,0,0
3869552,2,788,0,0
3869552,3,771,0,50
3869552,4,788,1,35
3869552,5,771,3,32
3869552,6,771,3,40
3869552,7,788,5,55
3869552,8,771,7,22
3869552,9,788,7,23
3869552,10,771,7,38
3869552,11,788,8,13
3869552,12,771,8,59
3869552,13,788,9,10
3869552,14,788,9,54
3869552,15,771,10,25
3869552,16,788,11,13
3869552,17,771,11,26
3869552,18,788,12,20
3869552,19,788,13,5
3869552,20,788,14,33
3869552,21,771,14,38
3869552,22,788,15,46
3869552,23,771,16,23
3869552,24,788,17,20
3869552,25,771,18,13
3869552,26,788,18,16
3869552,27,771,18,48
3869552,28,788,20,45
3869552,29,771,21,34
3869552,30,771,21,39
3869552,31,788,22,7
3869552,32,771,22,46
3869552,33,771,23,8
3869552,34,788,23,52
3869552,35,788,24,26
3869552,36,788,24,56
3869552,37,788,25,56
3869552,38,771,26,12
3869552,39,771,28,16
3869552,40,771,29,17
3869552,41,788,29,41
3869552,42,771,30,49
3869552,43,788,30,53
3869552,44,771,31,12
3869552,45,771,31,36
3869552,46,788,31,41
3869552,47,788,32,0
3869552,48,771,32,14
3869552,49,788,32,58
3869552,50,771,33,10
3869552,51,771,34,4
3869552,52,788,34,22
3869552,53,771,35,2
3869552,54,788,35,37
3869552,55,771,36,16
3869552,56,771,36,52
3869552,57,788,38,13
3869552,58,771,38,25
3869552,59,771,39,32
3869552,60,788,39,52
3869552,61,771,40,30
3869552,62,788,41,25
3869552,63,771,41,58
3869552,64,788,42,45
3869552,65,788,43,50
3869552,66,771,44,39
3869552,67,788,44,46
3869552,68,788,45,42
3869552,69,771,45,44
3869552,70,788,46,24
3869552,71,788,46,49
3869552,72,788,47,34
3869552,73,788,48,11
3869552,74,771,45,0
3869552,75,788,45,5
3869552,76,788,45,25
3869552,77,771,46,15
3869552,78,771,47,7
3869552,79,788,47,46
3869552,80,788,48,26
3869552,81,771,48,26
3869552,82,788,48,27
3869552,83,788,48,52
3869552,84,788,52,16
3869552,85,771,53,48
3869552,86,788,54,7
3869552,87,771,55,13
3869552,88,771,55,32
3869552,89,788,55,37
3869552,90,788,55,44
3869552,91,771,56,13
3869552,92,771,57,54
3869552,93,788,58,17
3869552,94,771,59,20
3869552,95,788,59,50
3869552,96,771,60,29
3869552,97,771,61,2
3869552,98,788,61,8
3869552,99,788,61,22
3869552,100,771,62,52
3869552,101,771,63,23
3869552,102,788,63,55
3869552,103,771,65,2
3869552,104,788,65,19
3869552,105,788,66,9
3869552,106,771,66,51
3869552,107,771,67,29
3869552,108,771,68,21
3869552,109,788,68,46
3869552,110,771,68,55
3869552,111,788,69,4
3869552,112,771,69,36
3869552,113,771,70,55
3869552,114,788,71,12
3869552,115,771,71,47
3869552,116,771,72,6
3869552,117,788,72,39
3869552,118,788,73,4
3869552,119,771,73,18
3869552,120,788,73,36
3869552,121,771,74,0
3869552,122,771,74,22
3869552,123,788,74,59
3869552,124,771,75,18
3869552,125,788,76,16
3869552,126,771,78,20
3869552,127,788,80,32
3869552,128,771,81,8
3869552,129,771,81,35
3869552,130,788,82,27
3869552,131,771,83,23
3869552,132,788,84,37
3869552,133,788,84,58
3869552,134,771,86,20
3869552,135,788,86,25
3869552,136,788,86,47
3869552,137,771,87,35
3869552,138,788,87,38
3869552,139,771,87,55
3869552,140,788,88,51
3869552,141,771,89,52
3869552,142,788,89,54
3869552,143,771,90,34
3869552,144,788,90,49
3869552,145,771,91,18
3869552,146,788,92,2
3869552,147,788,93,0
3869552,148,788,94,0
3869552,149,771,94,55
3869552,150,788,95,0
3869420,1,785,0,0
3869420,2,785,0,0
3869420,3,781,0,15
3869420,4,785,1,8
3869420,5,785,1,23
3869420,6,781,1,31
3869420,7,785,2,3
3869420,8,785,2,29
3869420,9,781,3,15
3869420,10,785,4,19
3869420,11,785,4,27
3869420,12,781,4,32
3869420,13,785,4,56
3869420,14,781,5,49
3869420,15,785,5,58
3869420,16,781,7,4
3869420,17,781,7,32
3869420,18,785,7,49
3869420,19,781,8,1
3869420,20,781,8,14
3869420,21,785,8,21
3869420,22,781,8,40
3869420,23,785,10,2
3869420,24,781,10,9
3869420,25,785,10,48
3869420,26,781,11,1
3869420,27,785,11,37
3869420,28,781,12,51
3869420,29,785,13,4
3869420,30,785,13,43
3869420,31,781,14,15
3869420,32,781,14,30
3869420,33,785,15,43
3869420,34,781,16,1
3869420,35,785,17,4
3869420,36,781,17,23
3869420,37,781,17,50
3869420,38,785,17,58
3869420,39,781,19,5
3869420,40,781,19,56
3869420,41,785,20,27
3869420,42,785,20,30
3869420,43,781,20,32
3869420,44,785,20,39
3869420,45,781,21,4
3869420,46,785,21,25
3869420,47,781,21,57
3869420,48,781,23,8
3869420,49,785,23,29
3869420,50,785,25,22
3869420,51,781,25,41
3869420,52,785,26,30
3869420,53,781,26,48
3869420,54,785,27,5
3869420,55,785,27,35
3869420,56,781,27,39
3869420,57,781,28,31
3869420,58,785,29,6
3869420,59,781,29,48
3869420,60,781,30,57
3869420,61,785,31,1
3869420,62,781,31,13
3869420,63,785,31,14
3869420,64,785,31,40
3869420,65,781,32,48
3869420,66,785,32,52
3869420,67,781,34,39
3869420,68,781,35,7
3869420,69,785,35,41
3869420,70,785,36,5
3869420,71,781,37,17
3869420,72,785,37,30
3869420,73,781,38,17
3869420,74,781,39,20
3869420,75,781,41,33
3869420,76,785,41,34
3869420,77,785,41,50
3869420,78,785,41,53
3869420,79,785,41,57
3869420,80,785,41,59
3869420,81,785,42,2
3869420,82,785,42,5
3869420,83,785,42,11
3869420,84,785,42,16
3869420,85,785,42,18
3869420,86,781,43,0
3869420,87,785,43,8
3869420,88,785,43,50
3869420,89,785,43,51
3869420,90,781,43,53
3869420,91,781,44,46
3869420,92,785,44,52
3869420,93,785,45,6
3869420,94,781,46,2
3869420,95,781,45,0
3869420,96,781,45,15
3869420,97,785,45,24
3869420,98,785,45,58
3869420,99,781,46,3
3869420,100,781,46,26
3869420,101,781,47,0
3869420,102,785,48,35
3869420,103,785,50,1
3869420,104,781,50,25
3869420,105,781,50,52
3869420,106,785,50,55
3869420,107,785,51,15
3869420,108,781,51,23
3869420,109,781,51,58
3869420,110,785,52,39
3869420,111,781,53,16
3869420,112,785,55,24
3869420,113,781,55,28
3869420,114,781,55,28
3869420,115,785,56,13
3869420,116,781,58,20
3869420,117,785,59,5
3869420,118,781,59,28
3869420,119,785,59,53
3869420,120,781,61,1
3869420,121,785,61,15
3869420,122,781,61,59
3869420,123,781,63,46
3869420,124,781,65,8
3869420,125,781,65,17
3869420,126,781,65,53
3869420,127,785,67,9
3869420,128,785,67,55
3869420,129,781,68,22
3869420,130,785,68,47
3869420,131,785,69,16
3869420,132,785,70,3
3869420,133,781,72,3
3869420,134,785,73,0
3869420,135,781,73,7
3869420,136,781,73,22
3869420,137,785,73,37
3869420,138,781,74,42
3869420,139,781,75,3
3869420,140,785,75,7
3869420,141,781,75,39
3869420,142,781,76,10
3869420,143,785,76,13
3869420,144,785,76,44
3869420,145,781,76,50
3869420,146,781,77,10
3869420,147,785,77,47
3869420,148,785,78,14
3869420,149,781,78,34
3869420,150,781,78,51
3869420,151,785,79,47
3869420,152,785,80,7
3869420,153,785,80,14
3869420,154,785,80,15
3869420,155,785,80,19
3869420,156,785,80,22
3869420,157,785,80,24
3869420,158,785,80,25
3869420,159,785,80,26
3869420,160,781,80,30
3869420,161,785,81,17
3869420,162,781,81,36
3869420,163,785,82,11
3869420,164,785,83,29
3869420,165,785,84,14
3869420,166,781,84,21
3869420,167,785,84,49
3869420,168,781,84,54
3869420,169,781,85,49
3869420,170,785,86,24
3869420,171,785,86,52
3869420,172,781,88,59
3869420,173,785,89,9
3869420,174,781,89,23
3869420,175,781,89,38
3869420,176,781,90,35
3869420,177,781,90,56
3869420,178,785,91,7
3869420,179,781,91,16
3869420,180,785,91,26
3869420,181,785,91,54
3869420,182,781,92,34
3869420,183,781,93,5
3869420,184,781,90,0
3869420,185,781,91,15
3869420,186,785,92,13
3869420,187,781,92,25
3869420,188,785,92,55
3869420,189,781,92,59
3869420,190,785,93,1
3869420,191,785,93,14
3869420,192,781,93,53
3869420,193,781,94,5
3869420,194,785,94,55
3869420,195,781,95,29
3869420,196,785,96,33
3869420,197,785,96,56
3869420,198,785,97,17
3869420,199,781,97,31
3869420,200,781,97,42
3869420,201,785,99,8
3869420,202,781,99,44
3869420,203,785,100,43
3869420,204,785,100,57
3869420,205,785,101,6
3869420,206,785,101,8
3869420,207,785,101,9
3869420,208,785,101,11
3869420,209,785,101,13
3869420,210,785,101,17
3869420,211,785,101,20
3869420,212,785,101,27
3869420,213,785,101,31
3869420,214,785,101,32
3869420,215,785,101,33
3869420,216,785,101,36
3869420,217,785,101,37
3869420,218,785,101,39
3869420,219,785,101,41
3869420,220,785,101,46
3869420,221,781,101,47
3869420,222,785,102,3
3869420,223,781,102,43
3869420,224,785,103,3
3869420,225,781,103,20
3869420,226,781,103,52
3869420,227,785,104,28
3869420,228,781,104,47
3869420,229,781,105,18
3869420,230,785,107,38
3869420,231,785,105,0
3869420,232,785,106,4
3869420,233,781,107,3
3869420,234,785,107,5
3869420,235,785,108,24
3869420,236,785,109,37
3869420,237,785,110,10
3869420,238,781,111,39
3869420,239,785,112,0
3869420,240,785,112,10
3869420,241,781,113,30
3869420,242,781,114,5
3869420,243,781,114,43
3869420,244,785,115,1
3869420,245,781,115,30
3869420,246,785,115,32
3869420,247,781,116,2
3869420,248,781,117,28
3869420,249,785,118,19
3869420,250,781,118,44
3869420,251,781,118,54
3869420,252,785,119,29
3869420,253,781,120,8
3869420,254,785,120,21
3869420,255,781,120,23
3869420,256,781,121,15
3869420,257,785,122,1
3869420,258,785,120,3
3869420,259,781,120,47
3869420,260,785,121,38
3869420,261,781,122,17
3869420,262,785,123,6
3869420,263,781,123,49
3869420,264,785,124,34
3869420,265,781,125,22
3869220,1,788,0,0
3869220,2,772,0,0
3869220,3,772,0,39
3869220,4,788,1,13
3869220,5,772,1,55
3869220,6,772,2,43
3869220,7,788,3,33
3869220,8,772,3,49
3869220,9,788,4,31
3869220,10,772,4,53
3869220,11,788,5,54
3869220,12,788,6,19
3869220,13,772,6,43
3869220,14,788,8,4
3869220,15,788,8,29
3869220,16,772,8,39
3869220,17,788,9,44
3869220,18,788,11,4
3869220,19,772,11,18
3869220,20,788,11,53
3869220,21,788,12,22
3869220,22,788,12,34
3869220,23,788,13,2
3869220,24,772,14,7
3869220,25,772,14,51
3869220,26,772,15,48
3869220,27,788,16,2
3869220,28,788,16,44
3869220,29,772,16,58
3869220,30,788,17,6
3869220,31,772,17,26
3869220,32,772,18,16
3869220,33,788,18,38
3869220,34,772,18,58
3869220,35,772,19,18
3869220,36,788,19,39
3869220,37,788,20,49
3869220,38,788,22,2
3869220,39,772,22,7
3869220,40,788,22,11
3869220,41,788,22,46
3869220,42,772,23,0
3869220,43,788,23,23
3869220,44,788,24,26
3869220,45,772,24,26
3869220,46,788,24,28
3869220,47,788,25,34
3869220,48,772,25,36
3869220,49,788,26,32
3869220,50,772,26,36
3869220,51,772,26,54
3869220,52,772,27,26
3869220,53,788,28,16
3869220,54,788,28,42
3869220,55,772,29,14
3869220,56,788,30,55
3869220,57,788,31,24
3869220,58,788,32,10
3869220,59,772,32,19
3869220,60,772,32,37
3869220,61,772,32,39
3869220,62,772,32,44
3869220,63,772,32,46
3869220,64,788,32,51
3869220,65,772,33,6
3869220,66,788,35,54
3869220,67,772,35,57
3869220,68,788,36,26
3869220,69,772,36,38
3869220,70,788,37,42
3869220,71,772,37,45
3869220,72,788,38,0
3869220,73,772,38,22
3869220,74,788,39,6
3869220,75,772,39,23
3869220,76,788,40,44
3869220,77,788,41,38
3869220,78,772,42,18
3869220,79,788,42,28
3869220,80,788,43,19
3869220,81,772,43,22
3869220,82,772,44,29
3869220,83,788,45,24
3869220,84,772,45,48
3869220,85,788,45,56
3869220,86,788,45,0
3869220,87,772,45,9
3869220,88,772,47,13
3869220,89,772,47,37
3869220,90,772,48,21
3869220,91,788,48,23
3869220,92,772,48,32
3869220,93,772,49,4
3869220,94,788,50,31
3869220,95,772,50,39
3869220,96,772,51,16
3869220,97,788,52,14
3869220,98,772,52,38
3869220,99,772,53,59
3869220,100,772,54,13
3869220,101,772,54,36
3869220,102,788,55,25
3869220,103,772,55,47
3869220,104,788,55,50
3869220,105,772,55,58
3869220,106,788,56,52
3869220,107,788,57,11
3869220,108,788,57,34
3869220,109,772,57,39
3869220,110,772,57,59
3869220,111,772,58,52
3869220,112,772,59,58
3869220,113,772,61,27
3869220,114,788,61,43
3869220,115,788,63,23
3869220,116,772,63,42
3869220,117,788,66,12
3869220,118,772,66,25
3869220,119,772,67,25
3869220,120,772,67,55
3869220,121,788,68,37
3869220,122,772,68,50
3869220,123,788,69,6
3869220,124,772,69,9
3869220,125,788,71,22
3869220,126,772,72,5
3869220,127,788,72,53
3869220,128,772,73,8
3869220,129,788,73,29
3869220,130,772,73,35
3869220,131,772,75,15
3869220,132,788,75,30
3869220,133,788,76,52
3869220,134,772,76,56
3869220,135,788,78,10
3869220,136,772,78,20
3869220,137,788,79,35
3869220,138,772,79,40
3869220,139,772,80,14
3869220,140,788,82,50
3869220,141,788,84,25
3869220,142,772,85,6
3869220,143,788,86,15
3869220,144,772,86,15
3869220,145,788,86,39
3869220,146,788,87,7
3869220,147,772,87,48
3869220,148,788,88,41
3869220,149,788,89,1
3869220,150,772,89,2
3869220,151,772,90,18
3869220,152,788,90,56
3869220,153,788,91,22
3869220,154,788,92,22
3869220,155,772,92,51
3869220,156,772,93,48
3869220,157,772,94,35
3869220,158,772,94,58
3869220,159,772,90,0
3869220,160,772,91,11
3869220,161,772,91,30
3869220,162,788,91,41
3869220,163,772,91,59
3869220,164,788,92,17
3869220,165,788,92,29
3869220,166,772,92,31
3869220,167,788,92,47
3869220,168,788,93,23
3869220,169,772,93,38
3869220,170,788,94,4
3869220,171,772,94,42
3869220,172,772,95,37
3869220,173,788,97,43
3869220,174,772,97,47
3869220,175,788,98,0
3869220,176,788,98,24
3869220,177,772,98,28
3869220,178,772,99,6
3869220,179,772,100,23
3869220,180,788,100,28
3869220,181,788,101,2
3869220,182,772,101,19
3869220,183,788,102,14
3869220,184,772,102,21
3869220,185,788,103,23
3869220,186,772,103,38
3869220,187,788,103,49
3869220,188,788,104,6
3869220,189,788,104,13
3869220,190,772,104,39
3869220,191,772,105,8
3869220,192,772,106,6
3869220,193,788,105,0
3869220,194,772,105,9
3869220,195,788,106,14
3869220,196,772,106,20
3869220,197,788,107,25
3869220,198,772,107,36
3869220,199,772,107,44
3869220,200,772,108,23
3869220,201,772,108,37
3869220,202,772,109,7
3869220,203,772,109,22
3869220,204,788,109,47
3869220,205,772,110,3
3869220,206,772,111,17
3869220,207,772,111,17
3869220,208,788,112,43
3869220,209,788,113,3
3869220,210,772,113,11
3869220,211,788,113,51
3869220,212,772,114,5
3869220,213,788,114,38
3869220,214,772,114,49
3869220,215,788,115,52
3869220,216,772,116,11
3869220,217,788,117,4
3869220,218,772,117,7
3869220,219,788,118,30
3869220,220,772,118,38
3869220,221,772,119,45
3869220,222,772,120,3
3869220,223,772,121,55
3869220,224,788,120,7
3869220,225,772,121,0
3869220,226,788,121,51
3869220,227,772,122,44
3869220,228,788,123,36
3869220,229,772,124,31
3869220,230,788,125,36
3869219,1,778,0,0
3869219,2,785,0,0
3869219,3,778,0,52
3869219,4,778,1,22
3869219,5,778,2,6
3869219,6,785,2,22
3869219,7,785,3,1
3869219,8,785,3,40
3869219,9,778,6,0
3869219,10,778,6,32
3869219,11,778,6,55
3869219,12,785,7,19
3869219,13,778,7,36
3869219,14,785,8,26
3869219,15,778,9,3
3869219,16,785,9,24
3869219,17,778,10,18
3869219,18,785,10,28
3869219,19,778,11,11
3869219,20,785,12,30
3869219,21,778,13,6
3869219,22,785,13,12
3869219,23,778,15,40
3869219,24,785,16,51
3869219,25,778,17,3
3869219,26,778,18,15
3869219,27,785,18,33
3869219,28,778,19,2
3869219,29,778,19,24
3869219,30,785,19,38
3869219,31,778,20,17
3869219,32,785,20,39
3869219,33,785,21,3
3869219,34,778,21,20
3869219,35,785,23,44
3869219,36,778,24,0
3869219,37,785,24,24
3869219,38,785,25,39
3869219,39,785,28,11
3869219,40,785,29,15
3869219,41,778,29,54
3869219,42,785,30,18
3869219,43,778,32,2
3869219,44,785,32,55
3869219,45,778,33,0
3869219,46,785,34,6
3869219,47,785,34,34
3869219,48,778,34,54
3869219,49,785,35,46
3869219,50,778,36,14
3869219,51,785,36,26
3869219,52,778,36,29
3869219,53,785,38,21
3869219,54,785,39,31
3869219,55,778,39,32
3869219,56,785,40,46
3869219,57,785,41,10
3869219,58,778,41,28
3869219,59,778,42,33
3869219,60,778,42,47
3869219,61,785,44,14
3869219,62,778,45,48
3869219,63,778,46,5
3869219,64,785,46,8
3869219,65,778,46,22
3869219,66,785,46,30
3869219,67,785,47,28
3869219,68,778,45,0
3869219,69,785,45,13
3869219,70,778,45,21
3869219,71,785,45,45
3869219,72,785,46,27
3869219,73,778,47,33
3869219,74,785,47,44
3869219,75,785,48,10
3869219,76,778,48,41
3869219,77,785,48,49
3869219,78,778,49,1
3869219,79,778,49,53
3869219,80,778,50,12
3869219,81,785,50,38
3869219,82,778,51,16
3869219,83,785,52,0
3869219,84,785,52,33
3869219,85,778,52,36
3869219,86,778,53,49
3869219,87,785,54,0
3869219,88,778,55,57
3869219,89,785,56,11
3869219,90,778,56,21
3869219,91,778,56,34
3869219,92,778,57,26
3869219,93,785,57,59
3869219,94,785,58,51
3869219,95,778,59,6
3869219,96,785,59,53
3869219,97,785,60,1
3869219,98,778,60,28
3869219,99,785,60,31
3869219,100,778,61,37
3869219,101,785,61,40
3869219,102,785,62,51
3869219,103,778,63,58
3869219,104,785,64,6
3869219,105,778,66,24
3869219,106,785,66,36
3869219,107,785,67,3
3869219,108,778,67,7
3869219,109,778,68,5
3869219,110,785,68,20
3869219,111,778,68,54
3869219,112,785,69,50
3869219,113,778,70,0
3869219,114,778,70,8
3869219,115,785,70,38
3869219,116,785,70,56
3869219,117,778,71,19
3869219,118,785,71,46
3869219,119,785,72,55
3869219,120,785,73,32
3869219,121,778,74,31
3869219,122,778,75,11
3869219,123,785,75,11
3869219,124,778,75,37
3869219,125,778,75,45
3869219,126,785,75,52
3869219,127,778,76,29
3869219,128,785,77,18
3869219,129,778,78,10
3869219,130,778,78,28
3869219,131,778,79,20
3869219,132,778,79,38
3869219,133,785,79,53
3869219,134,785,80,50
3869219,135,778,81,13
3869219,136,785,81,47
3869219,137,778,82,31
3869219,138,785,82,35
3869219,139,785,82,54
3869219,140,778,84,9
3869219,141,785,84,44
3869219,142,785,84,57
3869219,143,785,85,23
3869219,144,778,86,37
3869219,145,785,86,48
3869219,146,778,86,56
3869219,147,778,87,19
3869219,148,785,87,55
3869219,149,778,89,10
3869219,150,785,89,16
3869219,151,778,90,37
3869219,152,785,90,52
3869219,153,785,91,12
3869219,154,778,91,42
3869219,155,785,91,56
3869219,156,778,92,38
3869219,157,778,93,44
3869219,158,778,90,0
3869219,159,778,90,38
3869219,160,778,91,34
3869219,161,785,92,1
3869219,162,778,92,46
3869219,163,785,93,38
3869219,164,778,93,58
3869219,165,778,94,30
3869219,166,785,95,38
3869219,167,785,95,58
3869219,168,778,96,23
3869219,169,785,96,27
3869219,170,778,97,7
3869219,171,778,98,44
3869219,172,785,98,59
3869219,173,785,99,46
3869219,174,785,100,21
3869219,175,785,101,5
3869219,176,778,101,37
3869219,177,785,101,41
3869219,178,778,102,34
3869219,179,785,102,45
3869219,180,778,103,43
3869219,181,778,105,1
3869219,182,785,105,17
3869219,183,778,106,10
3869219,184,785,106,20
3869219,185,785,105,0
3869219,186,778,105,17
3869219,187,785,105,44
3869219,188,778,105,46
3869219,189,778,106,12
3869219,190,785,106,18
3869219,191,778,106,23
3869219,192,778,106,56
3869219,193,778,107,24
3869219,194,785,107,32
3869219,195,778,107,42
3869219,196,785,108,57
3869219,197,785,109,18
3869219,198,778,109,52
3869219,199,785,110,8
3869219,200,785,111,4
3869219,201,785,111,26
3869219,202,785,112,24
3869219,203,785,113,40
3869219,204,778,113,43
3869219,205,778,113,46
3869219,206,778,113,57
3869219,207,778,113,59
3869219,208,778,114,1
3869219,209,778,114,3
3869219,210,778,114,7
3869219,211,778,114,10
3869219,212,778,114,11
3869219,213,778,114,13
3869219,214,778,114,18
3869219,215,778,114,20
3869219,216,778,114,22
3869219,217,778,114,24
3869219,218,778,114,28
3869219,219,785,114,53
3869219,220,778,115,24
3869219,221,778,116,11
3869219,222,785,116,20
3869219,223,785,117,52
3869219,224,785,119,31
3869219,225,778,120,4
3869219,226,785,120,43
3869219,227,778,121,13
3869219,228,785,121,52
3869219,229,778,122,33
3869219,230,785,123,13
3869219,231,778,123,50
3869219,232,785,124,28
3869253,1,781,0,0
3869253,2,791,0,0
3869253,3,781,0,53
3869253,4,791,1,34
3869253,5,781,1,40
3869253,6,791,2,20
3869253,7,781,2,39
3869253,8,781,3,8
3869253,9,791,3,52
3869253,10,781,4,21
3869253,11,791,4,43
3869253,12,791,5,5
3869253,13,781,5,52
3869253,14,791,8,17
3869253,15,781,8,24
3869253,16,781,9,42
3869253,17,781,12,18
3869253,18,791,13,27
3869253,19,781,13,41
3869253,20,781,14,5
3869253,21,791,14,28
3869253,22,781,15,32
3869253,23,791,15,34
3869253,24,791,16,34
3869253,25,781,16,57
3869253,26,791,18,3
3869253,27,781,18,7
3869253,28,791,19,1
3869253,29,781,21,4
3869253,30,791,22,4
3869253,31,781,22,38
3869253,32,791,23,36
3869253,33,791,23,49
3869253,34,791,24,48
3869253,35,781,24,58
3869253,36,781,25,2
3869253,37,781,25,8
3869253,38,781,25,9
3869253,39,781,25,11
3869253,40,781,25,13
3869253,41,791,25,17
3869253,42,781,25,41
3869253,43,781,25,58
3869253,44,791,26,23
3869253,45,781,26,42
3869253,46,781,27,37
3869253,47,791,29,40
3869253,48,781,30,2
3869253,49,791,30,35
3869253,50,781,31,39
3869253,51,781,31,50
3869253,52,791,34,14
3869253,53,791,34,30
3869253,54,791,34,43
3869253,55,781,35,25
3869253,56,791,37,11
3869253,57,781,38,57
3869253,58,791,39,51
3869253,59,781,40,21
3869253,60,791,41,24
3869253,61,781,41,35
3869253,62,791,42,32
3869253,63,781,42,35
3869253,64,781,42,36
3869253,65,791,42,58
3869253,66,781,43,24
3869253,67,781,43,52
3869253,68,791,44,14
3869253,69,791,44,39
3869253,70,781,44,49
3869253,71,781,45,33
3869253,72,791,45,42
3869253,73,781,46,6
3869253,74,791,46,31
3869253,75,781,46,39
3869253,76,791,47,15
3869253,77,781,47,55
3869253,78,791,48,16
3869253,79,781,49,12
3869253,80,781,49,38
3869253,81,781,45,0
3869253,82,791,45,24
3869253,83,791,45,42
3869253,84,791,45,46
3869253,85,791,45,50
3869253,86,791,45,54
3869253,87,791,46,1
3869253,88,791,46,4
3869253,89,791,46,6
3869253,90,791,46,7
3869253,91,791,46,10
3869253,92,791,46,45
3869253,93,791,47,3
3869253,94,781,47,25
3869253,95,781,48,21
3869253,96,791,49,2
3869253,97,781,49,37
3869253,98,791,50,9
3869253,99,791,51,5
3869253,100,781,51,55
3869253,101,781,52,26
3869253,102,781,52,58
3869253,103,791,54,13
3869253,104,781,54,30
3869253,105,791,55,4
3869253,106,781,55,31
3869253,107,781,57,0
3869253,108,781,57,30
3869253,109,791,57,37
3869253,110,791,57,55
3869253,111,781,59,18
3869253,112,791,60,25
3869253,113,791,60,34
3869253,114,791,61,18
3869253,115,781,61,20
3869253,116,781,62,50
3869253,117,781,62,58
3869253,118,791,63,2
3869253,119,791,63,19
3869253,120,781,63,31
3869253,121,781,64,32
3869253,122,791,65,15
3869253,123,781,66,22
3869253,124,791,66,38
3869253,125,781,67,5
3869253,126,791,67,9
3869253,127,781,68,28
3869253,128,781,69,28
3869253,129,781,70,12
3869253,130,791,70,18
3869253,131,781,72,0
3869253,132,791,73,41
3869253,133,791,74,10
3869253,134,781,74,42
3869253,135,781,74,53
3869253,136,791,75,44
3869253,137,781,76,53
3869253,138,781,77,44
3869253,139,791,78,21
3869253,140,781,80,28
3869253,141,781,80,53
3869253,142,791,81,0
3869253,143,781,81,9
3869253,144,791,81,42
3869253,145,781,83,42
3869253,146,781,84,32
3869253,147,791,84,55
3869253,148,781,85,15
3869253,149,781,85,27
3869253,150,791,85,48
3869253,151,791,86,27
3869253,152,781,87,4
3869253,153,781,87,31
3869253,154,781,89,1
3869253,155,791,89,20
3869253,156,781,90,25
3869253,157,791,90,31
3869253,158,781,90,43
3869253,159,791,90,56
3869253,160,781,91,47
3869253,161,781,92,29
3869253,162,791,92,48
3869253,163,781,93,5
3869253,164,791,93,30
3869152,1,771,0,0
3869152,2,771,0,0
3869152,3,771,1,11
3869152,4,789,1,40
3869152,5,771,1,43
3869152,6,771,1,59
3869152,7,771,3,10
3869152,8,789,3,41
3869152,9,771,3,57
3869152,10,789,4,1
3869152,11,771,4,17
3869152,12,771,4,37
3869152,13,789,4,40
3869152,14,771,4,56
3869152,15,771,5,46
3869152,16,789,6,5
3869152,17,789,6,27
3869152,18,771,7,2
3869152,19,789,8,10
3869152,20,771,8,23
3869152,21,771,9,15
3869152,22,771,10,21
3869152,23,789,10,46
3869152,24,771,11,33
3869152,25,771,11,38
3869152,26,771,12,34
3869152,27,771,12,56
3869152,28,789,13,53
3869152,29,771,14,16
3869152,30,789,14,44
3869152,31,771,14,56
3869152,32,771,15,26
3869152,33,789,15,33
3869152,34,789,15,56
3869152,35,789,16,26
3869152,36,789,16,31
3869152,37,771,17,16
3869152,38,789,17,46
3869152,39,771,18,3
3869152,40,789,18,13
3869152,41,771,18,22
3869152,42,789,18,39
3869152,43,771,18,59
3869152,44,771,19,9
3869152,45,789,19,56
3869152,46,771,20,45
3869152,47,789,21,41
3869152,48,771,21,47
3869152,49,789,21,52
3869152,50,789,25,34
3869152,51,771,25,51
3869152,52,789,25,59
3869152,53,771,27,18
3869152,54,789,27,47
3869152,55,789,28,46
3869152,56,771,29,28
3869152,57,789,30,13
3869152,58,789,30,41
3869152,59,789,32,21
3869152,60,789,32,27
3869152,61,771,34,17
3869152,62,771,35,27
3869152,63,789,36,14
3869152,64,771,36,21
3869152,65,789,36,59
3869152,66,789,37,52
3869152,67,771,38,16
3869152,68,789,38,35
3869152,69,771,39,17
3869152,70,771,40,26
3869152,71,789,40,54
3869152,72,771,41,46
3869152,73,771,43,2
3869152,74,789,44,48
3869152,75,789,45,10
3869152,76,789,45,19
3869152,77,789,45,47
3869152,78,771,45,53
3869152,79,789,45,0
3869152,80,771,45,17
3869152,81,789,45,43
3869152,82,771,46,4
3869152,83,771,47,38
3869152,84,789,47,59
3869152,85,789,48,19
3869152,86,771,48,22
3869152,87,771,48,52
3869152,88,789,49,11
3869152,89,771,49,34
3869152,90,789,49,50
3869152,91,789,50,53
3869152,92,771,51,50
3869152,93,789,51,53
3869152,94,771,52,20
3869152,95,771,52,58
3869152,96,789,53,35
3869152,97,771,53,50
3869152,98,771,54,16
3869152,99,771,55,23
3869152,100,771,56,38
3869152,101,789,58,36
3869152,102,789,58,53
3869152,103,771,60,10
3869152,104,789,63,49
3869152,105,771,64,3
3869152,106,789,64,12
3869152,107,771,64,34
3869152,108,789,65,50
3869152,109,771,66,51
3869152,110,789,67,17
3869152,111,771,67,43
3869152,112,789,68,12
3869152,113,771,68,53
3869152,114,789,69,9
3869152,115,789,70,56
3869152,116,771,71,27
3869152,117,789,72,3
3869152,118,789,72,46
3869152,119,771,72,51
3869152,120,789,72,59
3869152,121,771,73,40
3869152,122,789,75,55
3869152,123,771,76,46
3869152,124,789,76,53
3869152,125,771,78,23
3869152,126,771,80,48
3869152,127,789,81,11
3869152,128,771,81,40
3869152,129,771,82,24
3869152,130,789,82,48
3869152,131,771,83,24
3869152,132,789,83,32
3869152,133,771,84,2
3869152,134,789,85,21
3869152,135,771,86,14
3869152,136,789,86,19
3869152,137,789,87,19
3869152,138,789,87,30
3869152,139,771,87,37
3869152,140,771,88,32
3869152,141,771,89,15
3869152,142,789,89,32
3869152,143,771,89,42
3869152,144,789,91,37
3869152,145,771,92,22
3869152,146,789,92,25
3869152,147,771,92,30
3869152,148,789,93,19
3869152,149,771,94,16
3869152,150,789,94,23
3869152,151,789,94,42
3869152,152,789,98,36
3869117,1,941,0,0
3869117,2,941,0,0
3869117,3,1839,0,20
3869117,4,1839,1,57
3869117,5,1839,2,19
3869117,6,1839,2,54
3869117,7,941,3,37
3869117,8,1839,3,38
3869117,9,941,3,47
3869117,10,941,4,8
3869117,11,1839,4,31
3869117,12,1839,4,58
3869117,13,941,5,38
3869117,14,1839,5,42
3869117,15,1839,6,49
3869117,16,941,7,17
3869117,17,1839,7,30
3869117,18,941,8,12
3869117,19,1839,8,24
3869117,20,941,8,28
3869117,21,1839,10,47
3869117,22,941,11,14
3869117,23,941,11,20
3869117,24,1839,12,18
3869117,25,941,12,51
3869117,26,1839,14,24
3869117,27,941,14,53
3869117,28,1839,15,15
3869117,29,941,16,15
3869117,30,1839,17,30
3869117,31,941,17,50
3869117,32,1839,18,31
3869117,33,941,19,26
3869117,34,941,20,14
3869117,35,1839,20,55
3869117,36,1839,21,34
3869117,37,1839,22,32
3869117,38,941,23,7
3869117,39,1839,23,15
3869117,40,941,23,51
3869117,41,1839,24,36
3869117,42,941,26,24
3869117,43,1839,26,36
3869117,44,941,27,2
3869117,45,941,27,58
3869117,46,941,28,39
3869117,47,1839,29,15
3869117,48,941,29,20
3869117,49,1839,29,52
3869117,50,1839,30,18
3869117,51,941,30,58
3869117,52,941,31,18
3869117,53,1839,31,34
3869117,54,941,34,31
3869117,55,941,35,9
3869117,56,941,35,37
3869117,57,1839,35,56
3869117,58,941,36,11
3869117,59,941,36,45
3869117,60,1839,36,51
3869117,61,1839,38,18
3869117,62,1839,38,28
3869117,63,1839,40,0
3869117,64,941,41,6
3869117,65,1839,41,37
3869117,66,1839,42,27
3869117,67,941,43,7
3869117,68,1839,43,17
3869117,69,941,44,0
3869117,70,1839,44,15
3869117,71,941,45,3
3869117,72,941,45,27
3869117,73,1839,45,0
3869117,74,1839,45,44
3869117,75,941,45,58
3869117,76,1839,47,40
3869117,77,941,47,43
3869117,78,1839,47,56
3869117,79,1839,48,43
3869117,80,941,48,56
3869117,81,1839,49,48
3869117,82,1839,50,14
3869117,83,941,51,25
3869117,84,1839,51,27
3869117,85,1839,51,44
3869117,86,941,52,1
3869117,87,941,52,17
3869117,88,941,52,22
3869117,89,1839,52,42
3869117,90,941,53,32
3869117,91,1839,53,36
3869117,92,941,54,14
3869117,93,1839,54,25
3869117,94,1839,54,59
3869117,95,941,56,1
3869117,96,1839,57,26
3869117,97,1839,58,59
3869117,98,1839,60,14
3869117,99,941,60,20
3869117,100,941,61,15
3869117,101,1839,61,32
3869117,102,941,61,52
3869117,103,1839,62,24
3869117,104,1839,66,51
3869117,105,941,66,56
3869117,106,1839,67,7
3869117,107,941,67,12
3869117,108,941,67,39
3869117,109,1839,67,46
3869117,110,941,67,52
3869117,111,941,68,14
3869117,112,941,69,3
3869117,113,941,70,8
3869117,114,1839,70,25
3869117,115,941,70,44
3869117,116,1839,70,58
3869117,117,941,71,1
3869117,118,1839,71,20
3869117,119,941,71,50
3869117,120,1839,72,36
3869117,121,941,73,43
3869117,122,1839,73,55
3869117,123,941,74,5
3869117,124,1839,74,13
3869117,125,1839,75,9
3869117,126,941,76,9
3869117,127,1839,76,39
3869117,128,1839,77,6
3869117,129,941,77,13
3869117,130,1839,77,47
3869117,131,941,78,26
3869117,132,941,78,29
3869117,133,1839,78,31
3869117,134,941,78,57
3869117,135,1839,79,0
3869117,136,1839,79,51
3869117,137,941,79,53
3869117,138,1839,82,3
3869117,139,941,83,3
3869117,140,1839,83,11
3869117,141,1839,83,30
3869117,142,941,83,38
3869117,143,1839,83,44
3869117,144,941,84,2
3869117,145,941,84,19
3869117,146,1839,84,29
3869117,147,1839,85,21
3869117,148,941,86,5
3869117,149,1839,86,31
3869117,150,1839,86,54
3869117,151,941,87,28
3869117,152,1839,88,9
3869117,153,941,89,6
3869117,154,1839,89,30
3869117,155,941,91,33
3869117,156,1839,91,39
3869117,157,1839,93,6
3869117,158,1839,94,0
3869117,159,1839,94,28
3869117,160,941,94,59
3869117,161,1839,95,20
3869117,162,941,96,3
3857270,1,780,0,0
3857270,2,783,0,0
3857270,3,780,0,9
3857270,4,780,0,30
3857270,5,780,1,31
3857270,6,783,1,56
3857270,7,780,2,36
3857270,8,780,2,55
3857270,9,783,3,28
3857270,10,780,3,35
3857270,11,780,5,0
3857270,12,780,5,31
3857270,13,780,6,44
3857270,14,783,7,41
3857270,15,780,7,47
3857270,16,783,9,10
3857270,17,780,9,17
3857270,18,783,10,7
3857270,19,780,10,17
3857270,20,783,10,24
3857270,21,783,11,1
3857270,22,780,11,26
3857270,23,780,12,1
3857270,24,780,12,51
3857270,25,783,13,7
3857270,26,780,13,19
3857270,27,783,13,41
3857270,28,780,13,49
3857270,29,780,14,20
3857270,30,783,15,9
3857270,31,780,15,11
3857270,32,783,15,18
3857270,33,780,15,25
3857270,34,780,16,26
3857270,35,780,17,45
3857270,36,780,18,11
3857270,37,780,18,43
3857270,38,783,19,10
3857270,39,780,19,14
3857270,40,783,19,50
3857270,41,780,20,30
3857270,42,783,21,15
3857270,43,780,21,28
3857270,44,783,21,59
3857270,45,780,22,27
3857270,46,783,24,49
3857270,47,783,25,16
3857270,48,780,25,32
3857270,49,783,26,52
3857270,50,780,27,1
3857270,51,783,27,43
3857270,52,780,28,4
3857270,53,783,28,10
3857270,54,780,28,17
3857270,55,783,28,51
3857270,56,780,29,29
3857270,57,783,29,32
3857270,58,783,29,59
3857270,59,783,30,13
3857270,60,783,31,9
3857270,61,780,31,57
3857270,62,780,33,7
3857270,63,783,34,54
3857270,64,780,35,51
3857270,65,783,36,3
3857270,66,780,36,18
3857270,67,780,37,3
3857270,68,783,37,26
3857270,69,783,39,23
3857270,70,783,41,34
3857270,71,780,42,15
3857270,72,783,42,19
3857270,73,780,42,32
3857270,74,780,42,49
3857270,75,780,43,25
3857270,76,780,44,11
3857270,77,780,45,5
3857270,78,780,45,28
3857270,79,783,46,27
3857270,80,780,46,31
3857270,81,780,47,8
3857270,82,780,45,0
3857270,83,780,45,54
3857270,84,783,46,50
3857270,85,780,47,3
3857270,86,780,47,36
3857270,87,780,50,19
3857270,88,783,51,18
3857270,89,780,51,18
3857270,90,783,51,59
3857270,91,780,52,3
3857270,92,780,52,28
3857270,93,783,52,42
3857270,94,780,52,53
3857270,95,783,54,58
3857270,96,780,55,1
3857270,97,783,55,29
3857270,98,780,56,3
3857270,99,783,56,11
3857270,100,780,56,23
3857270,101,780,57,9
3857270,102,780,57,10
3857270,103,783,57,19
3857270,104,780,58,3
3857270,105,783,59,2
3857270,106,780,59,28
3857270,107,783,59,31
3857270,108,780,60,48
3857270,109,780,61,3
3857270,110,780,61,54
3857270,111,783,62,34
3857270,112,780,63,1
3857270,113,780,63,23
3857270,114,783,63,38
3857270,115,783,64,2
3857270,116,780,64,49
3857270,117,783,65,1
3857270,118,780,65,55
3857270,119,780,66,16
3857270,120,783,66,20
3857270,121,780,66,49
3857270,122,783,67,0
3857270,123,783,67,13
3857270,124,783,67,44
3857270,125,783,68,55
3857270,126,780,69,12
3857270,127,783,69,58
3857270,128,783,71,3
3857270,129,780,72,59
3857270,130,783,73,8
3857270,131,780,73,20
3857270,132,783,73,30
3857270,133,783,73,50
3857270,134,780,74,35
3857270,135,783,75,20
3857270,136,780,76,4
3857270,137,783,76,6
3857270,138,783,77,12
3857270,139,780,77,50
3857270,140,783,77,56
3857270,141,780,78,11
3857270,142,783,79,8
3857270,143,783,79,29
3857270,144,780,79,42
3857270,145,783,80,3
3857270,146,783,80,52
3857270,147,783,82,3
3857270,148,780,82,15
3857270,149,783,82,55
3857270,150,780,83,12
3857270,151,783,84,21
3857270,152,783,84,34
3857270,153,783,85,15
3857270,154,783,85,41
3857270,155,780,86,19
3857270,156,783,86,23
3857270,157,783,86,30
3857270,158,780,86,50
3857270,159,783,87,15
3857270,160,780,87,41
3857270,161,780,92,19
3857270,162,783,93,31
3857270,163,780,93,38
3857270,164,783,93,56
3857270,165,780,94,2
3857270,166,780,94,27
3857270,167,783,94,52
3857270,168,780,95,32
3857270,169,780,96,30
3857270,170,780,96,43
3857270,171,780,97,47
3857270,172,783,98,1
3857270,173,780,98,6
3857270,174,783,98,33
3857270,175,780,99,12
3857270,176,783,99,16
3857270,177,780,99,30
3857270,178,783,99,39
3857263,1,772,0,0
3857263,2,772,0,0
3857263,3,772,0,30
3857263,4,770,1,19
3857263,5,770,1,30
3857263,6,770,2,5
3857263,7,772,2,9
3857263,8,770,2,34
3857263,9,772,2,36
3857263,10,772,2,59
3857263,11,772,3,30
3857263,12,770,3,46
3857263,13,772,4,12
3857263,14,770,4,23
3857263,15,772,4,42
3857263,16,772,6,54
3857263,17,772,7,30
3857263,18,772,8,14
3857263,19,770,9,21
3857263,20,772,10,28
3857263,21,770,11,53
3857263,22,772,11,59
3857263,23,770,12,7
3857263,24,772,12,19
3857263,25,770,12,24
3857263,26,772,12,31
3857263,27,770,13,11
3857263,28,772,13,22
3857263,29,772,14,5
3857263,30,770,14,57
3857263,31,772,15,57
3857263,32,770,16,7
3857263,33,772,17,3
3857263,34,772,17,47
3857263,35,770,18,20
3857263,36,772,18,41
3857263,37,770,18,44
3857263,38,770,19,13
3857263,39,772,19,21
3857263,40,770,20,11
3857263,41,772,20,33
3857263,42,770,21,33
3857263,43,770,22,28
3857263,44,770,22,59
3857263,45,772,23,12
3857263,46,772,23,46
3857263,47,770,24,1
3857263,48,772,25,24
3857263,49,770,25,42
3857263,50,772,25,54
3857263,51,770,26,0
3857263,52,770,26,34
3857263,53,772,27,10
3857263,54,772,27,30
3857263,55,770,27,44
3857263,56,772,28,10
3857263,57,770,28,13
3857263,58,772,28,26
3857263,59,770,29,2
3857263,60,770,29,14
3857263,61,772,29,56
3857263,62,770,31,7
3857263,63,770,31,36
3857263,64,772,31,59
3857263,65,770,33,24
3857263,66,772,33,33
3857263,67,772,33,41
3857263,68,772,34,8
3857263,69,772,34,59
3857263,70,772,35,36
3857263,71,772,36,54
3857263,72,770,37,1
3857263,73,772,37,28
3857263,74,770,37,32
3857263,75,770,37,51
3857263,76,770,38,58
3857263,77,772,39,48
3857263,78,772,40,24
3857263,79,770,40,24
3857263,80,772,40,25
3857263,81,772,41,28
3857263,82,772,41,58
3857263,83,770,42,2
3857263,84,772,42,21
3857263,85,770,42,47
3857263,86,770,44,31
3857263,87,772,44,36
3857263,88,772,46,32
3857263,89,772,47,14
3857263,90,770,45,0
3857263,91,772,45,21
3857263,92,772,45,49
3857263,93,770,45,59
3857263,94,772,46,10
3857263,95,770,46,31
3857263,96,772,47,15
3857263,97,770,47,59
3857263,98,772,48,9
3857263,99,770,48,20
3857263,100,772,48,30
3857263,101,772,48,40
3857263,102,770,50,8
3857263,103,772,50,23
3857263,104,770,51,2
3857263,105,772,51,9
3857263,106,772,51,44
3857263,107,770,53,41
3857263,108,772,54,2
3857263,109,770,54,7
3857263,110,772,55,1
3857263,111,770,55,4
3857263,112,770,55,27
3857263,113,772,55,30
3857263,114,770,55,50
3857263,115,770,56,40
3857263,116,772,56,49
3857263,117,772,57,38
3857263,118,772,57,55
3857263,119,770,58,1
3857263,120,770,58,12
3857263,121,772,59,1
3857263,122,772,59,36
3857263,123,770,59,43
3857263,124,770,60,35
3857263,125,772,60,49
3857263,126,770,62,53
3857263,127,772,62,59
3857263,128,770,63,5
3857263,129,772,63,26
3857263,130,772,64,1
3857263,131,770,64,39
3857263,132,770,65,46
3857263,133,772,66,16
3857263,134,770,66,33
3857263,135,772,67,34
3857263,136,770,67,54
3857263,137,772,68,20
3857263,138,770,68,42
3857263,139,770,69,33
3857263,140,770,69,47
3857263,141,772,70,53
3857263,142,770,71,9
3857263,143,772,72,23
3857263,144,770,72,34
3857263,145,770,73,15
3857263,146,772,73,39
3857263,147,770,74,57
3857263,148,772,75,3
3857263,149,770,76,15
3857263,150,772,76,40
3857263,151,770,76,47
3857263,152,772,77,32
3857263,153,770,77,37
3857263,154,772,77,58
3857263,155,772,78,29
3857263,156,770,78,32
3857263,157,772,78,54
3857263,158,770,78,58
3857263,159,770,80,18
3857263,160,770,80,42
3857263,161,772,81,8
3857263,162,772,82,3
3857263,163,770,82,18
3857263,164,772,84,27
3857263,165,772,84,59
3857263,166,770,85,33
3857263,167,772,85,41
3857263,168,770,86,45
3857263,169,772,86,50
3857263,170,772,87,33
3857263,171,772,87,49
3857263,172,770,88,5
3857263,173,772,88,13
3857263,174,772,89,26
3857263,175,772,90,53
3857263,176,770,91,26
3857263,177,772,91,38
3857263,178,770,91,52
3857263,179,770,92,9
3857263,180,770,93,49
3857263,181,770,94,24
3857263,182,770,95,43
3857263,183,772,95,44
3857259,1,2722,0,0
3857259,2,786,0,0
3857259,3,2722,0,17
3857259,4,786,1,33
3857259,5,2722,1,39
3857259,6,2722,1,40
3857259,7,2722,2,15
3857259,8,2722,3,4
3857259,9,786,3,14
3857259,10,786,3,32
3857259,11,2722,4,2
3857259,12,786,4,12
3857259,13,2722,4,50
3857259,14,786,5,5
3857259,15,2722,6,11
3857259,16,786,6,19
3857259,17,2722,6,57
3857259,18,2722,7,31
3857259,19,786,7,56
3857259,20,2722,9,22
3857259,21,2722,9,45
3857259,22,786,9,48
3857259,23,2722,10,47
3857259,24,786,11,8
3857259,25,786,11,19
3857259,26,2722,11,25
3857259,27,2722,13,12
3857259,28,786,13,22
3857259,29,786,13,36
3857259,30,2722,14,5
3857259,31,2722,15,3
3857259,32,786,15,45
3857259,33,786,16,4
3857259,34,786,16,15
3857259,35,2722,17,0
3857259,36,2722,17,28
3857259,37,786,18,9
3857259,38,2722,18,16
3857259,39,2722,19,26
3857259,40,786,19,33
3857259,41,786,19,52
3857259,42,786,22,6
3857259,43,2722,22,7
3857259,44,786,22,31
3857259,45,786,23,8
3857259,46,786,24,29
3857259,47,2722,24,51
3857259,48,786,25,6
3857259,49,2722,25,38
3857259,50,786,25,43
3857259,51,2722,27,16
3857259,52,2722,28,5
3857259,53,786,29,52
3857259,54,2722,30,18
3857259,55,786,30,30
3857259,56,2722,30,36
3857259,57,786,30,41
3857259,58,2722,31,50
3857259,59,786,31,59
3857259,60,2722,32,12
3857259,61,2722,34,27
3857259,62,786,34,34
3857259,63,2722,34,41
3857259,64,786,35,55
3857259,65,2722,35,58
3857259,66,786,36,25
3857259,67,786,36,39
3857259,68,2722,36,54
3857259,69,2722,37,25
3857259,70,786,37,34
3857259,71,2722,39,10
3857259,72,786,39,20
3857259,73,2722,41,33
3857259,74,786,41,43
3857259,75,2722,42,10
3857259,76,786,42,32
3857259,77,786,43,16
3857259,78,2722,43,33
3857259,79,786,44,37
3857259,80,786,45,20
3857259,81,2722,46,38
3857259,82,786,47,20
3857259,83,786,47,38
3857259,84,2722,49,15
3857259,85,786,49,44
3857259,86,786,51,9
3857259,87,2722,51,38
3857259,88,2722,52,16
3857259,89,2722,45,0
3857259,90,2722,45,19
3857259,91,786,45,53
3857259,92,2722,46,17
3857259,93,2722,46,36
3857259,94,2722,47,34
3857259,95,786,47,59
3857259,96,2722,48,36
3857259,97,786,48,46
3857259,98,2722,49,21
3857259,99,786,49,26
3857259,100,786,50,8
3857259,101,2722,50,47
3857259,102,2722,51,44
3857259,103,786,51,50
3857259,104,2722,52,9
3857259,105,786,52,16
3857259,106,2722,53,53
3857259,107,2722,55,57
3857259,108,786,56,26
3857259,109,2722,56,52
3857259,110,2722,57,25
3857259,111,786,58,4
3857259,112,2722,59,6
3857259,113,786,59,9
3857259,114,2722,59,27
3857259,115,2722,60,21
3857259,116,786,60,49
3857259,117,2722,61,1
3857259,118,786,61,22
3857259,119,2722,61,39
3857259,120,786,61,53
3857259,121,786,62,15
3857259,122,2722,62,32
3857259,123,786,64,18
3857259,124,2722,65,15
3857259,125,786,67,5
3857259,126,2722,67,15
3857259,127,786,67,23
3857259,128,2722,67,32
3857259,129,2722,68,5
3857259,130,786,68,31
3857259,131,786,69,56
3857259,132,2722,70,45
3857259,133,2722,70,51
3857259,134,786,71,12
3857259,135,2722,71,54
3857259,136,786,71,56
3857259,137,2722,72,2
3857259,138,786,72,6
3857259,139,2722,72,28
3857259,140,786,73,20
3857259,141,2722,73,22
3857259,142,786,75,5
3857259,143,2722,76,0
3857259,144,786,76,23
3857259,145,2722,78,25
3857259,146,786,78,38
3857259,147,2722,78,52
3857259,148,2722,79,35
3857259,149,2722,80,57
3857259,150,786,81,42
3857259,151,786,82,41
3857259,152,2722,83,22
3857259,153,786,83,50
3857259,154,2722,84,4
3857259,155,2722,84,35
3857259,156,786,84,44
3857259,157,786,84,53
3857259,158,2722,85,49
3857259,159,786,86,8
3857259,160,786,86,11
3857259,161,2722,88,31
3857259,162,786,89,6
3857259,163,2722,89,11
3857259,164,786,89,22
3857259,165,786,89,58
3857259,166,2722,91,20
3857259,167,786,91,25
3857259,168,786,91,45
3857259,169,786,91,51
3857259,170,2722,91,55
3857259,171,2722,92,30
3857259,172,2722,94,8
3857259,173,786,94,9
3857259,174,786,94,12
3857259,175,786,94,33
3857259,176,2722,94,51
3857259,177,786,94,58
3857259,178,2722,95,6
3857259,179,2722,95,39
3857283,1,782,0,0
3857283,2,782,0,0
3857283,3,782,1,24
3857283,4,782,2,41
3857283,5,788,2,50
3857283,6,782,3,29
3857283,7,788,3,32
3857283,8,782,4,33
3857283,9,782,5,39
3857283,10,782,6,14
3857283,11,788,6,42
3857283,12,782,7,8
3857283,13,788,8,58
3857283,14,782,9,2
3857283,15,782,11,22
3857283,16,782,11,56
3857283,17,782,12,14
3857283,18,782,12,52
3857283,19,788,13,16
3857283,20,782,13,24
3857283,21,788,14,13
3857283,22,788,14,44
3857283,23,782,14,45
3857283,24,782,15,49
3857283,25,782,16,19
3857283,26,788,16,39
3857283,27,782,16,50
3857283,28,782,17,52
3857283,29,788,18,27
3857283,30,788,18,30
3857283,31,788,19,13
3857283,32,782,19,18
3857283,33,788,19,44
3857283,34,788,20,13
3857283,35,782,20,41
3857283,36,788,21,34
3857283,37,788,22,0
3857283,38,782,22,30
3857283,39,788,22,48
3857283,40,788,23,15
3857283,41,782,23,53
3857283,42,782,24,8
3857283,43,788,24,50
3857283,44,782,25,23
3857283,45,782,25,35
3857283,46,788,26,35
3857283,47,782,27,43
3857283,48,788,28,50
3857283,49,782,29,2
3857283,50,782,29,58
3857283,51,788,30,7
3857283,52,782,30,48
3857283,53,782,31,25
3857283,54,788,32,24
3857283,55,782,33,7
3857283,56,788,33,33
3857283,57,782,34,36
3857283,58,782,35,26
3857283,59,782,36,7
3857283,60,782,37,38
3857283,61,782,38,51
3857283,62,788,39,6
3857283,63,782,39,22
3857283,64,788,39,51
3857283,65,782,40,8
3857283,66,788,40,45
3857283,67,782,40,56
3857283,68,782,41,36
3857283,69,782,42,16
3857283,70,788,42,39
3857283,71,782,43,5
3857283,72,788,43,24
3857283,73,782,43,42
3857283,74,782,44,41
3857283,75,788,44,45
3857283,76,788,46,5
3857283,77,782,48,40
3857283,78,788,45,0
3857283,79,782,45,38
3857283,80,788,46,15
3857283,81,782,46,57
3857283,82,788,47,18
3857283,83,788,47,25
3857283,84,788,47,55
3857283,85,782,47,56
3857283,86,788,48,44
3857283,87,788,49,13
3857283,88,782,49,21
3857283,89,788,49,28
3857283,90,782,49,46
3857283,91,782,49,59
3857283,92,788,50,15
3857283,93,782,50,24
3857283,94,782,51,50
3857283,95,788,52,14
3857283,96,782,52,43
3857283,97,788,52,59
3857283,98,782,53,5
3857283,99,788,53,32
3857283,100,782,54,55
3857283,101,788,55,25
3857283,102,782,56,34
3857283,103,788,56,42
3857283,104,782,57,32
3857283,105,782,60,7
3857283,106,788,60,23
3857283,107,782,61,3
3857283,108,788,61,13
3857283,109,782,61,34
3857283,110,788,62,31
3857283,111,788,63,55
3857283,112,782,64,6
3857283,113,782,65,6
3857283,114,788,67,37
3857283,115,788,68,4
3857283,116,782,68,40
3857283,117,788,68,44
3857283,118,782,69,3
3857283,119,782,70,5
3857283,120,788,70,31
3857283,121,782,70,39
3857283,122,788,70,47
3857283,123,788,72,36
3857283,124,782,74,9
3857283,125,788,74,34
3857283,126,782,74,44
3857283,127,782,76,9
3857283,128,788,77,55
3857283,129,782,78,10
3857283,130,788,79,20
3857283,131,782,79,30
3857283,132,782,80,57
3857283,133,782,81,38
3857283,134,788,82,10
3857283,135,782,82,14
3857283,136,788,82,34
3857283,137,782,82,49
3857283,138,788,83,46
3857283,139,782,84,37
3857283,140,782,84,55
3857283,141,782,85,54
3857283,142,788,86,1
3857283,143,788,86,46
3857283,144,782,86,56
3857283,145,788,88,13
3857283,146,782,88,19
3857283,147,782,88,40
3857283,148,788,89,46
3857283,149,788,90,36
3857283,150,782,90,51
3857283,151,788,91,39
3857283,152,782,93,30
3857283,153,788,93,49
3857283,154,782,94,35
3857283,155,782,95,10
3857286,1,3566,0,0
3857286,2,3566,0,0
3857286,3,3565,0,7
3857286,4,3566,0,23
3857286,5,3566,0,38
3857286,6,3565,1,19
3857286,7,3565,2,32
3857286,8,3566,5,29
3857286,9,3565,5,29
3857286,10,3566,6,0
3857286,11,3565,6,15
3857286,12,3566,7,18
3857286,13,3565,7,35
3857286,14,3565,8,17
3857286,15,3566,8,58
3857286,16,3565,9,5
3857286,17,3565,10,6
3857286,18,3565,10,46
3857286,19,3565,12,1
3857286,20,3565,12,16
3857286,21,3566,13,15
3857286,22,3565,13,29
3857286,23,3566,13,59
3857286,24,3565,14,8
3857286,25,3565,15,49
3857286,26,3566,16,59
3857286,27,3565,17,54
3857286,28,3565,19,2
3857286,29,3566,20,18
3857286,30,3565,20,23
3857286,31,3566,21,4
3857286,32,3565,21,59
3857286,33,3566,23,8
3857286,34,3566,23,40
3857286,35,3566,23,57
3857286,36,3565,24,33
3857286,37,3565,25,8
3857286,38,3566,25,22
3857286,39,3565,25,28
3857286,40,3566,25,52
3857286,41,3566,26,13
3857286,42,3565,26,22
3857286,43,3565,26,53
3857286,44,3566,28,21
3857286,45,3566,29,8
3857286,46,3565,29,38
3857286,47,3565,29,57
3857286,48,3566,30,29
3857286,49,3565,30,31
3857286,50,3566,32,3
3857286,51,3565,33,15
3857286,52,3565,34,20
3857286,53,3566,34,49
3857286,54,3565,35,8
3857286,55,3565,37,53
3857286,56,3566,37,56
3857286,57,3565,38,33
3857286,58,3566,38,48
3857286,59,3566,39,11
3857286,60,3565,40,21
3857286,61,3566,40,27
3857286,62,3565,41,15
3857286,63,3566,41,18
3857286,64,3566,43,58
3857286,65,3565,44,31
3857286,66,3565,44,54
3857286,67,3566,45,11
3857286,68,3566,45,25
3857286,69,3566,47,4
3857286,70,3565,47,21
3857286,71,3565,47,46
3857286,72,3566,49,4
3857286,73,3566,49,40
3857286,74,3565,45,0
3857286,75,3566,45,11
3857286,76,3565,45,15
3857286,77,3566,45,39
3857286,78,3565,45,43
3857286,79,3566,45,53
3857286,80,3565,46,18
3857286,81,3566,46,37
3857286,82,3566,47,38
3857286,83,3565,48,47
3857286,84,3566,48,57
3857286,85,3565,49,17
3857286,86,3566,49,57
3857286,87,3565,50,9
3857286,88,3566,50,21
3857286,89,3566,50,29
3857286,90,3565,51,5
3857286,91,3566,51,38
3857286,92,3565,52,27
3857286,93,3566,53,40
3857286,94,3566,54,21
3857286,95,3565,54,42
3857286,96,3565,55,28
3857286,97,3566,55,33
3857286,98,3566,56,21
3857286,99,3565,56,35
3857286,100,3565,56,56
3857286,101,3565,58,12
3857286,102,3566,59,6
3857286,103,3566,61,2
3857286,104,3565,62,1
3857286,105,3566,62,7
3857286,106,3565,63,25
3857286,107,3566,63,30
3857286,108,3565,63,44
3857286,109,3566,64,35
3857286,110,3566,65,14
3857286,111,3566,66,30
3857286,112,3565,66,47
3857286,113,3565,67,48
3857286,114,3566,68,38
3857286,115,3565,68,47
3857286,116,3566,69,17
3857286,117,3565,69,32
3857286,118,3565,70,26
3857286,119,3565,71,18
3857286,120,3565,72,39
3857286,121,3565,72,58
3857286,122,3566,73,39
3857286,123,3566,73,50
3857286,124,3565,76,24
3857286,125,3566,76,38
3857286,126,3566,76,55
3857286,127,3565,77,52
3857286,128,3566,79,5
3857286,129,3565,79,23
3857286,130,3566,80,13
3857286,131,3566,80,39
3857286,132,3565,81,29
3857286,133,3565,82,34
3857286,134,3566,82,55
3857286,135,3565,83,5
3857286,136,3566,83,20
3857286,137,3566,83,32
3857286,138,3565,84,6
3857286,139,3566,84,8
3857286,140,3566,85,9
3857286,141,3565,86,11
3857286,142,3566,86,14
3857286,143,3565,86,33
3857286,144,3565,87,27
3857286,145,3565,88,14
3857286,146,3565,88,48
3857286,147,3566,88,55
3857286,148,3566,90,2
3857286,149,3566,90,22
3857286,150,3565,90,42
3857286,151,3566,90,48
3857286,152,3565,91,6
3857286,153,3566,92,27
3857286,154,3566,92,39
3857286,155,3565,93,10
3857286,156,3565,94,24
3857286,157,3566,94,40
3857286,158,3566,95,16
3857300,1,779,0,0
3857300,2,799,0,0
3857300,3,779,0,12
3857300,4,799,2,28
3857300,5,779,2,35
3857300,6,799,3,4
3857300,7,779,3,48
3857300,8,779,4,44
3857300,9,779,5,58
3857300,10,779,9,15
3857300,11,799,10,18
3857300,12,779,10,40
3857300,13,799,10,44
3857300,14,779,11,45
3857300,15,799,13,36
3857300,16,799,13,56
3857300,17,799,14,8
3857300,18,779,14,12
3857300,19,799,15,12
3857300,20,779,15,15
3857300,21,799,15,24
3857300,22,799,15,51
3857300,23,779,16,5
3857300,24,799,17,6
3857300,25,799,18,9
3857300,26,779,18,37
3857300,27,779,18,50
3857300,28,779,19,36
3857300,29,779,19,49
3857300,30,799,20,10
3857300,31,779,20,14
3857300,32,799,20,50
3857300,33,779,21,8
3857300,34,799,22,17
3857300,35,799,22,50
3857300,36,779,23,2
3857300,37,799,23,22
3857300,38,779,23,58
3857300,39,779,25,2
3857300,40,779,25,31
3857300,41,799,28,28
3857300,42,799,29,4
3857300,43,799,30,9
3857300,44,799,31,10
3857300,45,779,31,11
3857300,46,799,31,36
3857300,47,799,32,0
3857300,48,779,32,12
3857300,49,779,32,33
3857300,50,799,32,49
3857300,51,779,33,9
3857300,52,799,33,49
3857300,53,779,34,4
3857300,54,799,34,35
3857300,55,779,35,23
3857300,56,779,36,25
3857300,57,799,38,24
3857300,58,779,38,49
3857300,59,779,39,8
3857300,60,779,40,42
3857300,61,779,41,52
3857300,62,799,42,21
3857300,63,799,43,20
3857300,64,799,43,31
3857300,65,779,43,37
3857300,66,799,44,6
3857300,67,779,44,24
3857300,68,799,48,56
3857300,69,779,48,57
3857300,70,779,48,57
3857300,71,799,49,39
3857300,72,779,49,55
3857300,73,799,51,2
3857300,74,779,45,0
3857300,75,779,46,30
3857300,76,799,46,30
3857300,77,779,46,31
3857300,78,799,47,15
3857300,79,779,48,59
3857300,80,779,49,34
3857300,81,799,50,5
3857300,82,779,50,17
3857300,83,779,50,46
3857300,84,779,51,12
3857300,85,799,51,28
3857300,86,779,52,11
3857300,87,799,52,12
3857300,88,799,52,12
3857300,89,779,54,12
3857300,90,779,54,45
3857300,91,799,54,55
3857300,92,779,55,6
3857300,93,779,55,12
3857300,94,779,55,26
3857300,95,779,56,11
3857300,96,799,56,39
3857300,97,799,57,34
3857300,98,779,57,42
3857300,99,779,58,38
3857300,100,799,59,52
3857300,101,779,60,10
3857300,102,799,60,26
3857300,103,799,61,1
3857300,104,779,61,53
3857300,105,779,62,35
3857300,106,779,63,39
3857300,107,779,64,4
3857300,108,779,64,45
3857300,109,799,65,43
3857300,110,779,66,58
3857300,111,779,67,45
3857300,112,779,68,34
3857300,113,799,70,17
3857300,114,779,70,49
3857300,115,779,70,57
3857300,116,779,71,14
3857300,117,799,72,11
3857300,118,779,72,50
3857300,119,799,73,40
3857300,120,799,74,25
3857300,121,779,74,37
3857300,122,779,75,17
3857300,123,799,75,51
3857300,124,799,76,20
3857300,125,779,76,33
3857300,126,779,77,46
3857300,127,779,79,58
3857300,128,799,80,35
3857300,129,779,80,41
3857300,130,779,81,24
3857300,131,799,82,1
3857300,132,799,82,50
3857300,133,779,82,54
3857300,134,799,83,47
3857300,135,779,83,55
3857300,136,779,84,6
3857300,137,799,84,51
3857300,138,779,85,10
3857300,139,779,86,30
3857300,140,779,88,25
3857300,141,779,88,43
3857300,142,779,89,5
3857300,143,779,90,0
3857300,144,779,90,33
3857300,145,799,92,12
3857300,146,799,93,7
3857300,147,779,93,18
3857300,148,779,93,34
3857300,149,779,94,11
3857300,150,779,98,53
3857300,151,779,98,54
3857300,152,779,99,27
3857300,153,779,99,51
3857300,154,799,100,4
3857300,155,799,100,17
3857300,156,779,100,51
3857300,157,799,101,43
3857300,158,799,102,13
3857300,159,779,102,30
3857300,160,799,102,49
3857300,161,779,103,2
3857299,1,791,0,0
3857299,2,791,0,0
3857299,3,791,0,36
3857299,4,4885,0,57
3857299,5,4885,1,18
3857299,6,791,1,31
3857299,7,4885,2,4
3857299,8,791,2,20
3857299,9,4885,2,40
3857299,10,4885,3,28
3857299,11,791,3,34
3857299,12,4885,3,51
3857299,13,4885,4,33
3857299,14,791,5,16
3857299,15,4885,5,19
3857299,16,791,5,31
3857299,17,791,6,28
3857299,18,791,7,9
3857299,19,791,7,48
3857299,20,791,8,42
3857299,21,4885,9,34
3857299,22,791,9,47
3857299,23,791,11,19
3857299,24,791,12,10
3857299,25,4885,13,6
3857299,26,4885,13,28
3857299,27,791,14,25
3857299,28,791,15,46
3857299,29,791,17,9
3857299,30,791,17,43
3857299,31,791,18,12
3857299,32,4885,19,11
3857299,33,4885,19,29
3857299,34,791,19,51
3857299,35,791,21,29
3857299,36,791,21,42
3857299,37,4885,22,8
3857299,38,4885,23,41
3857299,39,791,26,6
3857299,40,4885,26,21
3857299,41,4885,27,22
3857299,42,791,27,39
3857299,43,4885,27,51
3857299,44,791,28,16
3857299,45,791,28,42
3857299,46,4885,29,3
3857299,47,791,29,8
3857299,48,4885,29,55
3857299,49,791,31,5
3857299,50,791,31,23
3857299,51,4885,32,15
3857299,52,791,35,10
3857299,53,4885,35,41
3857299,54,4885,37,2
3857299,55,791,37,22
3857299,56,4885,38,5
3857299,57,791,38,33
3857299,58,4885,39,20
3857299,59,791,39,26
3857299,60,4885,40,57
3857299,61,791,41,10
3857299,62,4885,41,47
3857299,63,791,41,47
3857299,64,4885,42,5
3857299,65,791,42,28
3857299,66,791,43,12
3857299,67,4885,45,35
3857299,68,4885,45,58
3857299,69,4885,46,25
3857299,70,4885,47,5
3857299,71,791,47,22
3857299,72,4885,47,51
3857299,73,791,47,52
3857299,74,4885,48,29
3857299,75,4885,49,28
3857299,76,791,49,45
3857299,77,4885,49,58
3857299,78,4885,45,0
3857299,79,791,45,9
3857299,80,4885,45,34
3857299,81,791,46,6
3857299,82,4885,48,18
3857299,83,4885,48,38
3857299,84,791,51,7
3857299,85,791,51,50
3857299,86,4885,52,32
3857299,87,791,52,58
3857299,88,791,53,10
3857299,89,4885,53,47
3857299,90,4885,54,34
3857299,91,4885,54,57
3857299,92,791,55,18
3857299,93,4885,56,27
3857299,94,4885,56,49
3857299,95,791,56,51
3857299,96,4885,57,59
3857299,97,791,58,3
3857299,98,4885,59,26
3857299,99,791,59,38
3857299,100,4885,61,33
3857299,101,4885,62,20
3857299,102,791,63,2
3857299,103,4885,63,4
3857299,104,791,63,6
3857299,105,4885,64,30
3857299,106,791,64,31
3857299,107,4885,65,17
3857299,108,791,66,11
3857299,109,4885,66,37
3857299,110,791,66,41
3857299,111,791,66,52
3857299,112,4885,67,8
3857299,113,4885,67,30
3857299,114,791,69,20
3857299,115,791,69,48
3857299,116,4885,70,8
3857299,117,4885,70,44
3857299,118,791,71,10
3857299,119,791,72,0
3857299,120,4885,72,10
3857299,121,791,72,22
3857299,122,791,74,34
3857299,123,791,75,5
3857299,124,4885,76,27
3857299,125,4885,78,23
3857299,126,4885,78,54
3857299,127,791,79,17
3857299,128,4885,79,22
3857299,129,791,80,33
3857299,130,4885,80,42
3857299,131,791,80,48
3857299,132,791,81,10
3857299,133,4885,81,13
3857299,134,4885,82,28
3857299,135,791,82,49
3857299,136,4885,83,56
3857299,137,4885,84,38
3857299,138,791,84,43
3857299,139,791,85,0
3857299,140,791,85,9
3857299,141,4885,87,54
3857299,142,791,88,4
3857299,143,791,88,21
3857299,144,791,89,46
3857299,145,4885,91,16
3857299,146,791,91,55
3857299,147,4885,92,1
3857299,148,791,92,33
3857299,149,791,93,19
3857299,150,791,94,17
3857299,151,791,94,46
3857299,152,4885,97,2
3857299,153,791,97,17
3857299,154,791,99,18
3857299,155,791,99,35
3857299,156,4885,100,19
3857299,157,791,100,29
3857293,1,4885,0,0
3857293,2,783,0,0
3857293,3,4885,0,8
3857293,4,783,1,26
3857293,5,783,1,52
3857293,6,4885,2,40
3857293,7,783,2,55
3857293,8,4885,3,14
3857293,9,4885,3,35
3857293,10,783,4,7
3857293,11,4885,4,41
3857293,12,783,4,48
3857293,13,783,5,14
3857293,14,4885,5,56
3857293,15,4885,6,20
3857293,16,4885,7,4
3857293,17,783,7,27
3857293,18,4885,7,57
3857293,19,783,7,59
3857293,20,4885,8,13
3857293,21,4885,9,26
3857293,22,4885,10,22
3857293,23,783,10,27
3857293,24,4885,10,53
3857293,25,783,11,13
3857293,26,4885,11,16
3857293,27,783,11,27
3857293,28,783,11,55
3857293,29,4885,12,14
3857293,30,783,12,39
3857293,31,4885,12,46
3857293,32,783,13,0
3857293,33,4885,13,33
3857293,34,783,14,6
3857293,35,4885,14,21
3857293,36,4885,14,47
3857293,37,4885,20,12
3857293,38,4885,20,29
3857293,39,783,20,32
3857293,40,783,21,12
3857293,41,4885,21,15
3857293,42,4885,21,43
3857293,43,783,22,3
3857293,44,783,23,7
3857293,45,4885,23,46
3857293,46,783,24,7
3857293,47,4885,24,40
3857293,48,783,25,7
3857293,49,4885,26,54
3857293,50,783,27,3
3857293,51,783,27,31
3857293,52,4885,27,39
3857293,53,4885,28,25
3857293,54,783,28,35
3857293,55,4885,29,35
3857293,56,783,29,50
3857293,57,783,30,44
3857293,58,4885,32,16
3857293,59,4885,34,13
3857293,60,783,34,14
3857293,61,783,34,16
3857293,62,4885,34,39
3857293,63,4885,34,50
3857293,64,4885,35,3
3857293,65,4885,35,32
3857293,66,4885,36,44
3857293,67,4885,37,3
3857293,68,783,37,30
3857293,69,783,37,44
3857293,70,4885,38,28
3857293,71,4885,38,59
3857293,72,783,39,41
3857293,73,783,40,32
3857293,74,4885,40,35
3857293,75,783,41,17
3857293,76,783,42,44
3857293,77,783,44,14
3857293,78,4885,44,38
3857293,79,4885,45,1
3857293,80,783,45,20
3857293,81,4885,45,46
3857293,82,783,45,52
3857293,83,783,47,15
3857293,84,4885,48,10
3857293,85,783,48,14
3857293,86,783,49,24
3857293,87,4885,49,54
3857293,88,4885,51,0
3857293,89,783,51,5
3857293,90,4885,51,16
3857293,91,4885,51,47
3857293,92,783,52,12
3857293,93,4885,45,0
3857293,94,4885,45,28
3857293,95,4885,45,40
3857293,96,783,46,45
3857293,97,4885,46,59
3857293,98,783,47,38
3857293,99,4885,48,31
3857293,100,4885,48,57
3857293,101,783,49,32
3857293,102,783,50,26
3857293,103,4885,50,36
3857293,104,4885,50,52
3857293,105,783,51,18
3857293,106,4885,51,36
3857293,107,783,52,47
3857293,108,783,53,37
3857293,109,783,54,47
3857293,110,4885,55,5
3857293,111,783,55,34
3857293,112,4885,56,29
3857293,113,4885,59,12
3857293,114,4885,60,4
3857293,115,4885,60,48
3857293,116,783,60,48
3857293,117,4885,60,49
3857293,118,783,61,27
3857293,119,783,61,41
3857293,120,4885,61,58
3857293,121,4885,62,15
3857293,122,783,63,26
3857293,123,783,64,6
3857293,124,4885,65,32
3857293,125,4885,66,20
3857293,126,783,66,29
3857293,127,783,66,56
3857293,128,4885,67,13
3857293,129,783,67,20
3857293,130,783,67,29
3857293,131,4885,67,39
3857293,132,4885,67,55
3857293,133,4885,68,19
3857293,134,783,69,8
3857293,135,783,69,52
3857293,136,4885,70,9
3857293,137,783,71,11
3857293,138,783,72,9
3857293,139,4885,72,16
3857293,140,783,72,47
3857293,141,783,73,53
3857293,142,4885,74,19
3857293,143,783,74,24
3857293,144,4885,74,51
3857293,145,4885,75,44
3857293,146,783,75,52
3857293,147,4885,76,13
3857293,148,783,76,38
3857293,149,4885,77,1
3857293,150,783,79,54
3857293,151,4885,80,3
3857293,152,4885,81,14
3857293,153,4885,81,54
3857293,154,4885,82,17
3857293,155,783,82,29
3857293,156,783,83,8
3857293,157,783,83,54
3857293,158,4885,84,5
3857293,159,783,85,43
3857293,160,4885,85,55
3857293,161,4885,87,6
3857293,162,783,87,14
3857293,163,783,87,27
3857293,164,4885,87,38
3857293,165,783,87,52
3857293,166,4885,90,17
3857293,167,4885,90,31
3857293,168,783,90,39
3857293,169,783,91,20
3857293,170,4885,91,31
3857293,171,783,91,52
3857293,172,4885,92,38
3857293,173,783,93,8
3857293,174,4885,93,19
3857293,175,783,94,6
3857293,176,783,94,26
3857293,177,4885,95,5
3857293,178,783,95,35
3857293,179,4885,95,46
3857293,180,783,95,52
3857293,181,4885,97,19
3857293,182,783,97,34
3857293,183,783,97,40
3857293,184,4885,97,54
3857293,185,4885,98,7
3857293,186,783,98,22
3857293,187,783,99,30
3857291,1,772,0,0
3857291,2,772,0,0
3857291,3,772,0,14
3857291,4,772,1,54
3857291,5,795,2,40
3857291,6,772,2,52
3857291,7,795,3,18
3857291,8,795,3,39
3857291,9,772,3,46
3857291,10,795,4,54
3857291,11,772,4,58
3857291,12,795,5,45
3857291,13,772,5,51
3857291,14,795,6,32
3857291,15,772,6,36
3857291,16,772,7,54
3857291,17,795,8,41
3857291,18,772,8,46
3857291,19,772,9,37
3857291,20,795,11,59
3857291,21,772,12,0
3857291,22,795,12,7
3857291,23,772,12,17
3857291,24,795,12,45
3857291,25,772,13,5
3857291,26,795,13,30
3857291,27,772,13,44
3857291,28,772,15,12
3857291,29,795,16,1
3857291,30,772,16,28
3857291,31,795,17,14
3857291,32,795,17,36
3857291,33,772,17,46
3857291,34,795,18,22
3857291,35,772,19,12
3857291,36,795,21,34
3857291,37,772,21,46
3857291,38,772,23,22
3857291,39,795,23,53
3857291,40,772,24,2
3857291,41,772,26,14
3857291,42,772,30,9
3857291,43,795,31,4
3857291,44,795,31,25
3857291,45,795,31,35
3857291,46,772,31,39
3857291,47,795,31,57
3857291,48,795,32,53
3857291,49,772,33,12
3857291,50,795,34,44
3857291,51,772,34,59
3857291,52,772,35,51
3857291,53,795,36,20
3857291,54,772,36,41
3857291,55,795,36,48
3857291,56,772,37,49
3857291,57,772,38,9
3857291,58,795,40,8
3857291,59,772,41,3
3857291,60,772,43,46
3857291,61,795,44,49
3857291,62,772,44,54
3857291,63,772,45,49
3857291,64,795,46,27
3857291,65,772,46,33
3857291,66,772,47,36
3857291,67,795,48,43
3857291,68,772,48,43
3857291,69,772,48,44
3857291,70,795,49,42
3857291,71,772,49,47
3857291,72,795,45,0
3857291,73,772,45,17
3857291,74,772,45,44
3857291,75,772,46,41
3857291,76,795,48,8
3857291,77,772,48,32
3857291,78,772,50,14
3857291,79,772,51,34
3857291,80,772,52,3
3857291,81,795,54,50
3857291,82,772,55,12
3857291,83,772,55,37
3857291,84,772,56,46
3857291,85,772,57,32
3857291,86,795,57,52
3857291,87,772,58,8
3857291,88,772,59,6
3857291,89,772,61,4
3857291,90,795,61,23
3857291,91,772,61,28
3857291,92,795,61,30
3857291,93,772,61,56
3857291,94,795,63,34
3857291,95,772,63,52
3857291,96,772,64,51
3857291,97,795,65,33
3857291,98,772,65,50
3857291,99,795,66,11
3857291,100,772,66,42
3857291,101,795,67,12
3857291,102,772,68,37
3857291,103,795,69,9
3857291,104,772,69,14
3857291,105,795,69,53
3857291,106,772,70,3
3857291,107,795,70,55
3857291,108,772,71,34
3857291,109,795,72,20
3857291,110,772,72,33
3857291,111,795,72,48
3857291,112,772,73,31
3857291,113,795,75,7
3857291,114,772,75,21
3857291,115,795,77,55
3857291,116,772,79,9
3857291,117,795,79,36
3857291,118,772,79,53
3857291,119,795,81,20
3857291,120,795,81,40
3857291,121,795,81,55
3857291,122,772,82,20
3857291,123,795,83,56
3857291,124,795,84,30
3857291,125,772,84,53
3857291,126,772,85,13
3857291,127,795,86,26
3857291,128,772,87,8
3857291,129,795,87,43
3857291,130,772,88,17
3857291,131,795,88,20
3857291,132,772,88,45
3857291,133,795,90,10
3857291,134,795,90,30
3857291,135,772,90,51
3857291,136,795,92,54
3857291,137,772,93,12
3857291,138,772,93,50
3857291,139,795,94,2
3857291,140,772,94,7
3857291,141,795,95,42
3857291,142,772,95,53
3857291,143,772,97,27
3857291,144,772,97,37
3857281,1,785,0,0
3857281,2,785,0,0
3857281,3,1833,0,22
3857281,4,785,2,30
3857281,5,1833,2,34
3857281,6,1833,2,46
3857281,7,785,3,20
3857281,8,785,4,6
3857281,9,785,4,43
3857281,10,1833,6,9
3857281,11,785,6,51
3857281,12,1833,7,5
3857281,13,785,7,11
3857281,14,1833,7,25
3857281,15,785,7,37
3857281,16,1833,7,56
3857281,17,785,8,11
3857281,18,785,8,52
3857281,19,1833,9,56
3857281,20,785,10,19
3857281,21,785,11,16
3857281,22,785,12,9
3857281,23,1833,12,37
3857281,24,785,13,1
3857281,25,1833,13,5
3857281,26,1833,13,30
3857281,27,785,14,6
3857281,28,1833,14,8
3857281,29,785,14,37
3857281,30,785,14,57
3857281,31,785,15,36
3857281,32,785,15,58
3857281,33,1833,17,19
3857281,34,785,17,52
3857281,35,1833,18,23
3857281,36,1833,19,2
3857281,37,785,19,42
3857281,38,1833,21,32
3857281,39,1833,21,49
3857281,40,1833,23,4
3857281,41,785,23,45
3857281,42,1833,23,53
3857281,43,785,24,46
3857281,44,1833,24,49
3857281,45,785,25,1
3857281,46,785,25,19
3857281,47,1833,26,30
3857281,48,785,26,52
3857281,49,1833,27,58
3857281,50,1833,28,34
3857281,51,1833,28,48
3857281,52,785,29,30
3857281,53,1833,29,54
3857281,54,1833,30,59
3857281,55,785,31,28
3857281,56,1833,31,38
3857281,57,1833,32,9
3857281,58,785,32,13
3857281,59,1833,32,43
3857281,60,785,33,8
3857281,61,785,33,36
3857281,62,785,34,20
3857281,63,785,35,30
3857281,64,1833,36,57
3857281,65,1833,37,14
3857281,66,1833,37,57
3857281,67,785,38,13
3857281,68,1833,38,35
3857281,69,785,38,54
3857281,70,785,41,6
3857281,71,1833,41,48
3857281,72,1833,42,35
3857281,73,785,43,1
3857281,74,1833,44,37
3857281,75,785,44,45
3857281,76,1833,45,34
3857281,77,1833,45,53
3857281,78,785,46,18
3857281,79,1833,46,48
3857281,80,785,47,54
3857281,81,1833,48,14
3857281,82,785,48,50
3857281,83,785,49,35
3857281,84,1833,45,1
3857281,85,785,45,49
3857281,86,785,46,35
3857281,87,1833,46,57
3857281,88,785,46,59
3857281,89,1833,47,3
3857281,90,1833,47,19
3857281,91,1833,47,24
3857281,92,785,47,43
3857281,93,1833,47,46
3857281,94,785,48,47
3857281,95,1833,49,31
3857281,96,785,49,46
3857281,97,785,50,2
3857281,98,1833,50,10
3857281,99,785,50,20
3857281,100,785,51,3
3857281,101,785,52,7
3857281,102,1833,52,43
3857281,103,785,53,11
3857281,104,785,54,26
3857281,105,1833,54,34
3857281,106,1833,54,56
3857281,107,1833,56,2
3857281,108,785,56,21
3857281,109,785,56,56
3857281,110,1833,57,0
3857281,111,1833,57,10
3857281,112,785,58,18
3857281,113,1833,58,26
3857281,114,785,58,35
3857281,115,785,59,2
3857281,116,1833,59,4
3857281,117,785,59,18
3857281,118,785,60,10
3857281,119,1833,60,36
3857281,120,785,60,50
3857281,121,1833,60,55
3857281,122,1833,61,36
3857281,123,1833,62,33
3857281,124,1833,62,39
3857281,125,785,62,48
3857281,126,1833,63,17
3857281,127,1833,63,46
3857281,128,785,63,54
3857281,129,785,64,50
3857281,130,785,65,5
3857281,131,785,65,34
3857281,132,1833,65,35
3857281,133,785,65,53
3857281,134,1833,66,15
3857281,135,1833,66,34
3857281,136,1833,67,9
3857281,137,1833,67,37
3857281,138,785,67,42
3857281,139,1833,68,3
3857281,140,1833,68,17
3857281,141,785,69,15
3857281,142,1833,70,49
3857281,143,785,70,53
3857281,144,1833,72,36
3857281,145,785,74,28
3857281,146,785,75,15
3857281,147,1833,75,53
3857281,148,785,76,47
3857281,149,1833,76,57
3857281,150,785,77,25
3857281,151,1833,77,33
3857281,152,785,77,34
3857281,153,1833,77,55
3857281,154,1833,79,46
3857281,155,785,79,46
3857281,156,1833,79,46
3857281,157,785,81,9
3857281,158,785,81,45
3857281,159,1833,82,15
3857281,160,785,82,41
3857281,161,1833,82,52
3857281,162,785,83,43
3857281,163,1833,83,48
3857281,164,1833,84,29
3857281,165,1833,84,45
3857281,166,1833,86,9
3857281,167,1833,86,19
3857281,168,785,87,0
3857281,169,1833,87,24
3857281,170,1833,88,0
3857281,171,1833,88,14
3857281,172,785,88,37
3857281,173,1833,89,23
3857281,174,1833,89,28
3857281,175,785,90,22
3857281,176,785,91,4
3857281,177,1833,91,14
3857281,178,1833,91,31
3857281,179,785,92,50
3857281,180,1833,92,55
3857281,181,785,93,16
3857281,182,1833,94,27
3857281,183,785,94,37
3857281,184,785,95,18
3857281,185,1833,95,20
3857281,186,1833,95,27
3857281,187,1833,95,46
3857281,188,785,95,52
3857280,1,2722,0,0
3857280,2,781,0,0
3857280,3,2722,0,36
3857280,4,2722,0,52
3857280,5,781,1,7
3857280,6,781,2,10
3857280,7,2722,2,29
3857280,8,781,2,50
3857280,9,2722,3,40
3857280,10,781,4,8
3857280,11,781,4,19
3857280,12,781,6,7
3857280,13,2722,6,23
3857280,14,2722,7,12
3857280,15,781,8,4
3857280,16,2722,8,14
3857280,17,781,8,31
3857280,18,2722,9,37
3857280,19,781,10,5
3857280,20,2722,12,0
3857280,21,781,12,5
3857280,22,781,13,25
3857280,23,781,14,9
3857280,24,2722,14,43
3857280,25,781,14,49
3857280,26,781,16,52
3857280,27,2722,16,58
3857280,28,2722,17,11
3857280,29,2722,17,45
3857280,30,781,17,55
3857280,31,2722,19,23
3857280,32,781,20,28
3857280,33,781,20,32
3857280,34,781,21,48
3857280,35,781,22,7
3857280,36,2722,22,42
3857280,37,2722,23,14
3857280,38,781,23,28
3857280,39,781,23,59
3857280,40,781,25,1
3857280,41,2722,25,22
3857280,42,2722,25,49
3857280,43,2722,26,21
3857280,44,781,27,29
3857280,45,781,29,41
3857280,46,2722,30,30
3857280,47,2722,30,49
3857280,48,2722,31,23
3857280,49,781,31,29
3857280,50,781,33,28
3857280,51,2722,34,9
3857280,52,781,34,25
3857280,53,781,34,46
3857280,54,2722,36,14
3857280,55,781,36,54
3857280,56,2722,37,29
3857280,57,781,39,33
3857280,58,2722,40,40
3857280,59,781,40,49
3857280,60,2722,42,4
3857280,61,2722,42,36
3857280,62,781,42,48
3857280,63,2722,43,0
3857280,64,781,43,28
3857280,65,2722,43,32
3857280,66,781,44,3
3857280,67,781,44,44
3857280,68,781,45,30
3857280,69,781,46,35
3857280,70,2722,47,5
3857280,71,781,47,40
3857280,72,781,48,12
3857280,73,2722,45,0
3857280,74,781,45,27
3857280,75,2722,46,2
3857280,76,2722,47,8
3857280,77,2722,48,49
3857280,78,781,48,50
3857280,79,2722,48,52
3857280,80,781,49,21
3857280,81,2722,49,49
3857280,82,781,52,16
3857280,83,2722,52,28
3857280,84,781,52,49
3857280,85,2722,53,1
3857280,86,781,54,25
3857280,87,781,56,7
3857280,88,781,56,50
3857280,89,781,57,7
3857280,90,781,57,46
3857280,91,2722,59,7
3857280,92,2722,59,57
3857280,93,781,60,2
3857280,94,781,60,26
3857280,95,2722,61,10
3857280,96,781,61,50
3857280,97,2722,62,45
3857280,98,2722,63,43
3857280,99,781,63,54
3857280,100,2722,64,12
3857280,101,781,64,29
3857280,102,2722,65,9
3857280,103,781,65,17
3857280,104,781,65,30
3857280,105,2722,65,55
3857280,106,781,66,50
3857280,107,781,67,52
3857280,108,2722,67,52
3857280,109,781,67,53
3857280,110,2722,68,25
3857280,111,2722,68,40
3857280,112,2722,69,23
3857280,113,781,69,29
3857280,114,781,69,45
3857280,115,2722,70,19
3857280,116,781,70,39
3857280,117,781,70,50
3857280,118,2722,71,44
3857280,119,781,71,47
3857280,120,2722,72,48
3857280,121,2722,73,28
3857280,122,781,74,35
3857280,123,2722,75,31
3857280,124,781,75,35
3857280,125,781,75,46
3857280,126,2722,76,37
3857280,127,781,77,1
3857280,128,2722,77,21
3857280,129,781,77,41
3857280,130,781,78,0
3857280,131,2722,78,17
3857280,132,2722,78,59
3857280,133,2722,79,42
3857280,134,2722,80,15
3857280,135,781,80,19
3857280,136,781,81,58
3857280,137,2722,82,23
3857280,138,781,82,47
3857280,139,781,84,15
3857280,140,2722,85,18
3857280,141,2722,85,52
3857280,142,781,86,15
3857280,143,781,87,57
3857280,144,2722,88,29
3857280,145,781,88,36
3857280,146,781,89,1
3857280,147,2722,89,19
3857280,148,781,89,28
3857280,149,781,90,38
3857280,150,2722,91,19
3857280,151,781,91,33
3857280,152,2722,91,35
3857280,153,781,93,25
3857280,154,2722,94,31
3857280,155,781,94,35
3857280,156,781,95,1
3857280,157,2722,95,51
3857280,158,781,95,58
3857280,159,2722,96,38
3857280,160,781,96,41
3857280,161,2722,97,48
3857280,162,781,97,59
3857280,163,2722,99,15
3857280,164,781,99,22
3857279,1,771,0,0
3857279,2,771,0,0
3857279,3,771,1,29
3857279,4,792,1,38
3857279,5,792,1,54
3857279,6,771,2,42
3857279,7,792,2,49
3857279,8,792,2,57
3857279,9,792,3,10
3857279,10,771,4,15
3857279,11,771,4,58
3857279,12,792,5,41
3857279,13,792,5,57
3857279,14,792,7,12
3857279,15,792,8,7
3857279,16,771,11,14
3857279,17,771,12,23
3857279,18,792,12,39
3857279,19,771,13,26
3857279,20,792,15,9
3857279,21,792,15,37
3857279,22,771,15,47
3857279,23,792,16,8
3857279,24,792,16,58
3857279,25,771,17,1
3857279,26,792,17,18
3857279,27,771,17,45
3857279,28,792,19,39
3857279,29,771,19,48
3857279,30,792,20,5
3857279,31,771,20,30
3857279,32,771,20,39
3857279,33,771,21,37
3857279,34,792,21,39
3857279,35,771,22,29
3857279,36,771,22,37
3857279,37,792,24,6
3857279,38,771,24,23
3857279,39,771,24,37
3857279,40,771,25,53
3857279,41,792,27,12
3857279,42,771,27,42
3857279,43,771,27,54
3857279,44,771,28,44
3857279,45,792,29,39
3857279,46,771,29,56
3857279,47,792,30,51
3857279,48,771,31,13
3857279,49,792,32,40
3857279,50,771,33,14
3857279,51,771,33,59
3857279,52,792,36,47
3857279,53,792,37,35
3857279,54,771,38,44
3857279,55,771,39,7
3857279,56,792,40,2
3857279,57,771,40,14
3857279,58,792,42,28
3857279,59,771,42,56
3857279,60,792,43,9
3857279,61,771,43,39
3857279,62,792,45,20
3857279,63,792,45,42
3857279,64,771,46,37
3857279,65,792,46,40
3857279,66,771,48,8
3857279,67,792,48,15
3857279,68,792,48,53
3857279,69,771,49,19
3857279,70,792,51,4
3857279,71,792,45,0
3857279,72,771,45,39
3857279,73,771,46,2
3857279,74,792,46,11
3857279,75,792,47,33
3857279,76,771,48,0
3857279,77,771,48,25
3857279,78,771,48,36
3857279,79,792,50,0
3857279,80,771,50,55
3857279,81,792,51,37
3857279,82,771,51,48
3857279,83,771,52,59
3857279,84,792,53,13
3857279,85,771,54,4
3857279,86,771,54,39
3857279,87,792,56,6
3857279,88,792,56,37
3857279,89,771,56,38
3857279,90,792,58,58
3857279,91,771,59,1
3857279,92,771,59,26
3857279,93,771,61,8
3857279,94,771,62,30
3857279,95,792,63,6
3857279,96,771,63,16
3857279,97,792,63,29
3857279,98,771,63,37
3857279,99,771,63,44
3857279,100,792,65,32
3857279,101,771,65,34
3857279,102,792,68,25
3857279,103,792,68,46
3857279,104,792,69,43
3857279,105,771,69,50
3857279,106,771,70,26
3857279,107,792,73,29
3857279,108,771,74,9
3857279,109,792,75,9
3857279,110,771,76,44
3857279,111,792,77,4
3857279,112,771,77,11
3857279,113,792,77,29
3857279,114,792,78,15
3857279,115,771,79,5
3857279,116,771,79,38
3857279,117,792,80,7
3857279,118,771,81,12
3857279,119,792,82,16
3857279,120,771,82,27
3857279,121,771,82,47
3857279,122,792,84,33
3857279,123,792,85,19
3857279,124,771,85,29
3857279,125,792,86,44
3857279,126,771,87,25
3857279,127,771,89,0
3857279,128,792,89,30
3857279,129,771,90,0
3857279,130,792,90,26
3857279,131,792,90,28
3857279,132,771,90,55
3857279,133,771,91,49
3857279,134,792,92,58
3857279,135,771,93,12
3857279,136,771,94,37
3857279,137,792,95,18
3857279,138,792,96,23
3857279,139,771,97,4
3857262,1,791,0,0
3857262,2,791,0,0
3857262,3,791,0,25
3857262,4,780,1,38
3857262,5,780,2,56
3857262,6,791,3,28
3857262,7,780,4,26
3857262,8,791,5,57
3857262,9,791,7,14
3857262,10,780,7,45
3857262,11,791,8,0
3857262,12,780,8,50
3857262,13,791,9,9
3857262,14,780,10,10
3857262,15,791,10,15
3857262,16,780,10,56
3857262,17,780,11,44
3857262,18,791,12,26
3857262,19,780,12,50
3857262,20,791,15,1
3857262,21,791,16,3
3857262,22,780,16,51
3857262,23,780,17,13
3857262,24,791,17,49
3857262,25,791,18,2
3857262,26,780,18,45
3857262,27,791,19,12
3857262,28,780,19,47
3857262,29,791,19,51
3857262,30,780,21,46
3857262,31,780,23,14
3857262,32,791,23,26
3857262,33,780,23,27
3857262,34,791,24,25
3857262,35,791,26,9
3857262,36,791,26,41
3857262,37,780,27,46
3857262,38,780,28,36
3857262,39,780,29,9
3857262,40,791,30,9
3857262,41,791,30,40
3857262,42,780,31,21
3857262,43,791,32,1
3857262,44,791,32,58
3857262,45,780,33,4
3857262,46,780,34,30
3857262,47,791,34,35
3857262,48,791,34,44
3857262,49,780,35,37
3857262,50,780,36,13
3857262,51,791,38,7
3857262,52,780,38,11
3857262,53,780,38,33
3857262,54,780,38,47
3857262,55,791,38,52
3857262,56,791,39,28
3857262,57,780,39,47
3857262,58,780,39,58
3857262,59,791,40,53
3857262,60,780,41,10
3857262,61,791,42,16
3857262,62,780,42,20
3857262,63,791,43,40
3857262,64,791,44,44
3857262,65,780,44,44
3857262,66,791,44,46
3857262,67,780,46,6
3857262,68,780,46,39
3857262,69,780,45,0
3857262,70,791,45,56
3857262,71,780,46,6
3857262,72,791,47,7
3857262,73,780,47,30
3857262,74,791,48,50
3857262,75,780,49,6
3857262,76,791,50,16
3857262,77,780,50,28
3857262,78,791,52,7
3857262,79,780,52,33
3857262,80,791,52,39
3857262,81,791,54,0
3857262,82,791,54,0
3857262,83,780,54,2
3857262,84,780,54,34
3857262,85,791,55,20
3857262,86,791,56,10
3857262,87,780,56,30
3857262,88,791,57,12
3857262,89,780,57,37
3857262,90,791,59,34
3857262,91,780,60,5
3857262,92,780,60,20
3857262,93,780,60,46
3857262,94,791,63,13
3857262,95,780,63,16
3857262,96,791,65,22
3857262,97,780,65,36
3857262,98,780,65,41
3857262,99,791,66,26
3857262,100,780,66,38
3857262,101,780,67,41
3857262,102,791,68,19
3857262,103,780,68,22
3857262,104,791,69,9
3857262,105,791,71,7
3857262,106,780,71,12
3857262,107,791,72,0
3857262,108,791,73,25
3857262,109,780,73,54
3857262,110,791,73,58
3857262,111,791,74,16
3857262,112,780,74,40
3857262,113,791,75,33
3857262,114,780,75,47
3857262,115,791,76,20
3857262,116,791,76,53
3857262,117,780,77,1
3857262,118,791,77,19
3857262,119,780,79,2
3857262,120,791,79,6
3857262,121,791,79,7
3857262,122,780,79,21
3857262,123,780,79,32
3857262,124,791,80,16
3857262,125,791,81,13
3857262,126,780,81,23
3857262,127,780,81,52
3857262,128,791,82,0
3857262,129,791,82,35
3857262,130,780,83,38
3857262,131,791,83,46
3857262,132,780,84,10
3857262,133,791,84,31
3857262,134,780,84,39
3857262,135,791,84,42
3857262,136,791,85,7
3857262,137,780,85,12
3857262,138,780,85,58
3857262,139,780,86,18
3857262,140,791,86,34
3857262,141,780,86,45
3857262,142,780,86,52
3857262,143,791,87,22
3857262,144,791,87,37
3857262,145,780,87,56
3857262,146,780,89,31
3857262,147,780,90,15
3857262,148,791,90,20
3857262,149,780,92,39
3857262,150,780,92,47
3857262,151,791,94,27
3857262,152,780,95,3
3857262,153,791,95,35
3857262,154,791,96,1
3857262,155,791,96,39
3857262,156,780,96,56
