event_id,match_id,period,minute,second,team_id,team_name,player_id,player_name,position_name,loc_x,loc_y,end_loc_x,end_loc_y,statsbomb_xg,outcome_name,body_part_name,shot_type_name,technique_name,under_pressure
473df22f-d159-4416-a5ce-62838698ea12,3857276,1,2,5,1833,Canada,16252,Mark Anthony Kaye,Left Defensive Midfield,96.5,40.7,104.1,39.4,0.038882375,Blocked,Left Foot,Open Play,Normal,1
13b63722-8099-4cdf-818a-d2df3036a633,3857276,1,3,29,788,Morocco,5237,Hakim Ziyech,Right Wing,83.9,45.0,120.0,43.3,0.024477394,Goal,Left Foot,Open Play,Lob,0
19f400ea-038a-458b-a26a-2a6137a71583,3857276,1,8,18,788,Morocco,3634,Abdelhamid Sabiri,Left Center Midfield,86.8,38.4,96.6,38.4,0.02207015,Blocked,Right Foot,Free Kick,Normal,0
06924724-9654-4c47-a906-2e4c55b1155f,3857276,1,9,9,788,Morocco,3625,Sofiane Boufal,Left Wing,107.0,48.3,113.7,0.1,0.06158555,Wayward,Left Foot,Open Play,Half Volley,0
ac8b083c-950f-4978-8497-8f60b4b4fe6d,3857276,1,14,7,1833,Canada,24024,Tajon Buchanan,Left Midfield,113.3,34.9,120.0,27.3,0.27914461,Off T,Right Foot,Open Play,Half Volley,0
5c5a5090-a0eb-47cf-bc78-fd124cb45f43,3857276,1,15,6,788,Morocco,5237,Hakim Ziyech,Right Wing,97.5,54.0,120.0,27.8,0.022624016,Off T,Left Foot,Open Play,Normal,0
fa3e211a-da39-4edb-af18-f1c34dd09874,3857276,1,22,36,788,Morocco,6301,Youssef En-Nesyri,Center Forward,107.6,53.2,120.0,42.6,0.10405799,Goal,Right Foot,Open Play,Half Volley,0
c250176b-5f51-4bfc-8fb0-5ecb47352fe2,3857276,1,32,45,788,Morocco,3634,Abdelhamid Sabiri,Left Center Midfield,107.9,34.2,108.8,34.9,0.09711841,Blocked,Right Foot,Open Play,Normal,0
650fa4d8-6a8d-4340-a0e2-1268ca085d4b,3857276,1,47,18,788,Morocco,6301,Youssef En-Nesyri,Center Forward,106.8,46.7,116.7,44.0,0.094470315,Wayward,Right Foot,Open Play,Volley,0
4d310ca7-0c38-46f7-8d2d-2b695968dd56,3857276,2,57,6,1833,Canada,12365,Alphonso Davies,Center Attacking Midfield,105.1,41.2,120.0,47.1,0.051903803,Off T,Left Foot,Open Play,Volley,0
fffd8564-9064-427c-900c-f59a8163f4ca,3857276,2,70,55,1833,Canada,31684,Atiba Hutchinson,Left Defensive Midfield,112.2,37.7,120.0,39.4,0.086874224,Post,Head,Open Play,Normal,1
c8a3baeb-6a18-4b13-a1ba-07bd5b1f9bc5,3857276,2,70,57,1833,Canada,44703,Alistair Johnston,Right Back,118.8,41.6,120.0,43.6,0.638813,Off T,Head,Open Play,Normal,1
4f45c801-4bd5-448e-b985-5d23fd737fbd,3857271,1,7,15,768,England,3336,Harry Maguire,Left Center Back,115.4,29.4,120.0,34.9,0.23307544,Off T,Left Foot,Open Play,Half Volley,0
743254c2-073c-4f7b-a0af-c0a6304c36d5,3857271,1,26,58,768,England,22084,Bukayo Saka,Right Wing,101.1,55.3,117.5,41.9,0.028282227,Saved,Left Foot,Open Play,Normal,0
8f88956e-94ff-460b-afdd-570963d6759a,3857271,1,29,8,768,England,7843,Mason Mount,Center Attacking Midfield,113.4,49.1,120.0,45.0,0.06697492,Off T,Right Foot,Open Play,Normal,0
e32629f1-a105-440c-8bfa-fdfebd076f4a,3857271,1,31,47,768,England,3336,Harry Maguire,Left Center Back,110.5,40.7,120.0,36.8,0.06988547,Post,Head,Open Play,Normal,1
09a3d7a3-983e-4c01-a8c1-2b1db7169647,3857271,1,34,9,768,England,30714,Jude Bellingham,Right Defensive Midfield,112.0,38.0,120.0,43.0,0.08285139,Goal,Head,Open Play,Normal,1
c9bdb7ab-5b37-4fea-a46b-5969a3563175,3857271,1,42,46,768,England,22084,Bukayo Saka,Right Wing,104.1,38.5,120.0,40.9,0.061030492,Goal,Left Foot,Open Play,Half Volley,0
d47018bb-61d6-425b-ab3c-fa5982a27e05,3857271,1,45,17,768,England,3233,Raheem Sterling,Left Wing,111.0,42.8,120.0,43.2,0.1885282,Goal,Right Foot,Open Play,Volley,0
eb275892-7c32-45cf-b985-aaaa70f0abe3,3857271,1,55,4,797,Iran,5239,Alireza Jahanbakhsh,Right Wing,106.4,48.8,120.0,41.1,0.11232807,Off T,Right Foot,Open Play,Volley,0
be726f9e-21ea-4db2-b188-92a93bf619c8,3857271,2,50,11,768,England,3308,Kieran Trippier,Right Back,93.9,27.7,102.8,31.3,0.042866398,Blocked,Right Foot,Free Kick,Normal,0
f756b2e3-e4d6-4732-af47-f7a7b53bbe18,3857271,2,58,56,768,England,3382,Luke Shaw,Left Back,97.9,25.1,101.5,27.0,0.021548782,Blocked,Left Foot,Open Play,Normal,0
e71b5d22-1492-45e0-b17a-e377d30e6cf4,3857271,2,60,16,797,Iran,5722,Saeid Ezatolahi Afagh,Left Defensive Midfield,83.8,35.5,120.0,30.1,0.0065368367,Off T,Right Foot,Open Play,Normal,0
828aa0c6-95dc-422f-aaa5-fd201e3a5ad9,3857271,2,61,26,768,England,22084,Bukayo Saka,Right Wing,105.3,46.3,120.0,37.3,0.080026746,Goal,Left Foot,Open Play,Normal,0
4e3dddd6-1001-4bca-a950-fe89f59cea25,3857271,2,64,33,797,Iran,5226,Mehdi Taremi,Center Forward,109.7,48.0,120.0,41.3,0.065701395,Goal,Right Foot,Open Play,Normal,1
e78cbb4c-63d2-4368-8396-0e0acdf33e29,3857271,2,69,3,797,Iran,124161,Mehdi Torabi,Left Attacking Midfield,103.5,32.3,105.5,33.3,0.045791544,Blocked,Right Foot,Open Play,Normal,0
98df5d37-d8a0-49e5-af23-7e0605e1ee65,3857271,2,69,5,797,Iran,124167,Ahmad Nourollahi,Right Defensive Midfield,97.8,34.8,120.0,31.7,0.028478073,Off T,Left Foot,Open Play,Volley,0
eb01f465-08f6-4adf-a1b8-865127b41a97,3857271,2,70,51,768,England,3318,Marcus Rashford,Right Wing,109.7,47.7,120.0,38.8,0.40810898,Goal,Left Foot,Open Play,Normal,0
ba04a55e-9bc0-464d-820f-d32c9f35d18f,3857271,2,76,20,797,Iran,5226,Mehdi Taremi,Center Forward,105.1,54.6,120.0,44.7,0.06202265,Off T,Right Foot,Open Play,Half Volley,1
f220150c-38d7-4456-b5ef-5bf0e70a001e,3857271,2,83,5,768,England,3318,Marcus Rashford,Right Wing,108.6,50.7,112.2,47.4,0.0776978,Blocked,Left Foot,Open Play,Normal,0
0ae88f68-f153-4cfc-8fdc-68ae1c5c17b8,3857271,2,89,1,768,England,9638,Jack Grealish,Left Wing,112.0,39.9,120.0,42.7,0.6262809,Goal,Right Foot,Open Play,Normal,0
d1394538-2cec-4547-904f-a529be2af46d,3857271,2,97,41,797,Iran,5224,Sardar Azmoun,Left Center Forward,110.9,30.5,115.2,34.9,0.35130003,Saved to Post,Right Foot,Open Play,Normal,0
39236484-ea4c-4c5b-9025-d7aeb7396aae,3857271,2,102,30,797,Iran,5226,Mehdi Taremi,Right Center Forward,108.0,40.0,120.0,42.3,0.7835,Goal,Right Foot,Penalty,Normal,0
364fa937-c38a-4c40-b659-5e2c369263bd,3857296,1,0,8,785,Croatia,5474,Ivan Perišić,Left Wing,102.9,23.8,120.0,46.0,0.03397081,Off T,Right Foot,Open Play,Half Volley,0
e5643de5-fddc-4ce4-88b5-3cb0e3b7ef31,3857296,1,9,7,782,Belgium,5633,Yannick Ferreira Carrasco,Left Wing,105.3,27.8,106.4,28.7,0.05519996,Blocked,Right Foot,Open Play,Normal,0
e2fdd559-20ee-4568-938b-e0fc4f20d432,3857296,1,10,51,782,Belgium,5633,Yannick Ferreira Carrasco,Left Wing,117.0,29.2,118.5,33.3,0.020840297,Blocked,Right Foot,Open Play,Normal,0
dfa7a03f-d353-42b6-8eab-0b3c773cab85,3857296,1,12,56,782,Belgium,5630,Dries Mertens,Center Attacking Midfield,105.2,33.9,120.0,44.5,0.1934709,Off T,Right Foot,Open Play,Normal,1
c6a6c1cf-85c6-4f3e-981e-9a08db6494ba,3857296,1,24,50,782,Belgium,5642,Axel Witsel,Left Defensive Midfield,92.7,34.9,100.8,36.6,0.025340356,Blocked,Right Foot,Open Play,Normal,0
acb70d12-2cb8-447a-804b-a2f037965fb8,3857296,1,32,19,785,Croatia,5469,Marcelo Brozović,Center Defensive Midfield,99.8,36.6,100.8,36.6,0.054300383,Blocked,Left Foot,Open Play,Normal,0
254222dc-6a4a-4e76-8062-a3a8747ae9ca,3857296,1,32,28,785,Croatia,22041,Marko Livaja,Center Forward,112.2,42.5,120.0,36.0,0.104244776,Off T,Head,Open Play,Normal,1
e2c8f9fc-08c1-4988-8ec5-49b55a0c299d,3857296,1,41,14,782,Belgium,5630,Dries Mertens,Center Attacking Midfield,116.9,49.2,116.9,16.6,0.108029366,Wayward,Left Foot,Open Play,Volley,0
b677a42f-dd8c-4931-baca-5a2bcf0c8c8d,3857296,1,44,42,785,Croatia,12625,Borna Sosa,Left Back,94.9,25.7,120.0,40.6,0.024362085,Off T,Left Foot,Open Play,Normal,0
6d173e6f-fc09-488e-95bc-bd7c0866dc78,3857296,1,48,47,785,Croatia,5474,Ivan Perišić,Left Wing,108.5,38.0,110.9,14.6,0.08771692,Wayward,Head,Open Play,Normal,0
60f6f1bb-756e-46f6-831e-e805defb3b0c,3857296,1,48,56,785,Croatia,29163,Josip Juranović,Right Back,103.1,51.5,120.0,49.5,0.041306578,Off T,Right Foot,Open Play,Volley,0
526a8e99-85bc-4561-a695-0158650da5f7,3857296,2,47,54,782,Belgium,5633,Yannick Ferreira Carrasco,Left Wing,100.9,28.3,112.8,45.4,0.026916144,Wayward,Left Foot,Open Play,Half Volley,0
d3eea860-3d7b-4234-aa28-b83d35f1f927,3857296,2,48,2,782,Belgium,3289,Romelu Lukaku Menama,Center Forward,117.5,34.2,119.4,36.7,0.1189759,Saved,Head,Open Play,Normal,1
7f4067cb-9208-4cae-81ec-961e8ffea634,3857296,2,49,15,785,Croatia,5456,Mateo Kovačić,Left Center Midfield,103.9,29.2,118.2,37.8,0.07960723,Saved,Right Foot,Open Play,Normal,0
4799713f-dd43-4ede-a5c6-b2ea63f69933,3857296,2,49,54,785,Croatia,12625,Borna Sosa,Left Back,94.7,35.3,120.0,31.3,0.024012579,Off T,Left Foot,Open Play,Half Volley,0
bcf52ea6-b0d3-4575-9758-ddbb8f479712,3857296,2,50,38,782,Belgium,3089,Kevin De Bruyne,Right Wing,100.9,32.5,120.0,33.7,0.048855886,Off T,Left Foot,Open Play,Normal,1
51790588-987a-4e63-b965-b90098c5ebb9,3857296,2,53,8,785,Croatia,5469,Marcelo Brozović,Center Defensive Midfield,100.6,37.7,118.9,38.6,0.10219261,Saved,Left Foot,Open Play,Normal,1
41a28fd2-7a6d-4d11-ab36-662edf29c124,3857296,2,53,42,785,Croatia,5463,Luka Modrić,Right Center Midfield,105.6,52.9,118.9,41.7,0.071706615,Saved,Left Foot,Open Play,Normal,1
4d24c4b6-efe8-4170-b8ed-e96e7f386697,3857296,2,59,47,782,Belgium,5633,Yannick Ferreira Carrasco,Left Wing,112.8,36.3,113.9,36.9,0.09935363,Blocked,Right Foot,Open Play,Normal,0
6ffaa2e9-dde1-4e99-b913-008e8f6c8b0e,3857296,2,59,49,782,Belgium,3289,Romelu Lukaku Menama,Center Forward,110.7,45.1,120.0,44.1,0.19960539,Post,Right Foot,Open Play,Normal,1
90fa222e-7214-4251-907e-4c13dea0e5bc,3857296,2,61,50,782,Belgium,3289,Romelu Lukaku Menama,Center Forward,113.1,42.1,120.0,41.3,0.30245224,Off T,Head,Open Play,Normal,0
e9af7197-0724-4ef3-b17e-07da8e6cac98,3857296,2,67,9,785,Croatia,5463,Luka Modrić,Right Center Midfield,106.7,39.0,118.6,42.0,0.07160131,Saved,Right Foot,Open Play,Half Volley,0
e96a5916-d1e2-4b7d-9a7f-b103be833574,3857296,2,68,11,782,Belgium,3089,Kevin De Bruyne,Right Wing,111.9,60.4,119.5,44.2,0.0061408128,Saved,Right Foot,Open Play,Normal,1
aa3fc28f-fc81-42e2-834e-3ae8e92a0da0,3857296,2,77,41,782,Belgium,3077,Jan Vertonghen,Left Center Back,112.6,36.5,113.3,36.5,0.07045005,Blocked,Head,Open Play,Normal,1
52099583-c849-48ca-9e9e-ea2569525622,3857296,2,86,9,782,Belgium,3176,Thomas Meunier,Right Back,110.5,53.1,115.3,43.4,0.04308796,Blocked,Right Foot,Open Play,Volley,0
14cf62a1-a8b4-48d8-b7cd-1ff6d1356524,3857296,2,86,9,782,Belgium,3289,Romelu Lukaku Menama,Center Forward,115.5,43.8,120.0,45.0,0.4909717,Off T,Left Foot,Open Play,Half Volley,0
5078e0df-5e43-4742-956a-45fd5c985eaf,3857296,2,89,41,782,Belgium,3289,Romelu Lukaku Menama,Center Forward,117.4,37.3,118.8,41.0,0.5721495,Saved,Other,Open Play,Normal,0
6480e222-737c-4aed-b197-531c094e9437,3857274,1,5,3,941,Netherlands,20750,Cody Mathès Gakpo,Right Center Forward,100.6,31.0,120.0,36.4,0.059259485,Goal,Left Foot,Open Play,Normal,0
ff1a53d0-f872-4616-8507-eff81ff4f55f,3857274,1,10,39,3565,Ecuador,28559,Enner Remberto Valencia Lastra,Left Attacking Midfield,107.0,30.0,116.1,36.7,0.062208217,Blocked,Left Foot,Open Play,Half Volley,0
42373685-6982-43c1-900a-effd6f2a52ac,3857274,1,23,32,3565,Ecuador,37726,Moisés Isaac Caicedo Corozo,Left Defensive Midfield,94.8,37.9,98.1,37.9,0.030668529,Blocked,Right Foot,Open Play,Normal,0
6bcbde54-278e-4ad6-a4b4-b8a2297b48b3,3857274,1,26,56,3565,Ecuador,34396,Michael Steveen Estrada Martínez,Center Forward,112.1,34.6,113.0,43.9,0.069653474,Wayward,Left Foot,Open Play,Backheel,0
6e57cb5e-fe39-4d22-ab15-155340299c5e,3857274,1,31,53,3565,Ecuador,28559,Enner Remberto Valencia Lastra,Left Attacking Midfield,100.6,23.5,118.6,36.5,0.029882463,Saved,Right Foot,Open Play,Normal,0
02351ac9-8032-4e32-a23a-3700c1017f02,3857274,1,46,49,3565,Ecuador,28559,Enner Remberto Valencia Lastra,Left Attacking Midfield,110.2,47.9,111.1,47.5,0.024015462,Blocked,Head,Open Play,Normal,1
3e2667b7-6f4a-496d-9cb3-e8efa5f6515a,3857274,1,47,48,3565,Ecuador,37737,Angelo Smit Preciado Quiñónez,Right Wing Back,100.6,54.0,111.9,44.3,0.022953799,Blocked,Right Foot,Open Play,Half Volley,1
871c42ca-7750-4de7-93af-f8b750a8e61e,3857274,1,47,49,3565,Ecuador,24085,Pervis Josué Estupiñán Tenorio,Left Wing Back,112.0,44.1,116.7,43.3,0.18923391,Wayward,Left Foot,Open Play,Half Volley,0
ce31638e-77ff-4769-9fd0-6493ea1e5fbe,3857274,2,48,43,3565,Ecuador,24085,Pervis Josué Estupiñán Tenorio,Left Wing Back,105.8,28.7,116.7,37.9,0.08083876,Saved,Left Foot,Open Play,Normal,0
d53ccaf1-0307-4067-946b-d514978dfae2,3857274,2,48,44,3565,Ecuador,28559,Enner Remberto Valencia Lastra,Left Attacking Midfield,116.0,38.1,120.0,41.7,0.790909,Goal,Right Foot,Open Play,Half Volley,0
606e5dca-fb45-4582-8bc4-b6527ccf65ab,3857274,2,58,46,3565,Ecuador,28559,Enner Remberto Valencia Lastra,Left Attacking Midfield,102.0,37.5,111.5,41.3,0.09564507,Blocked,Right Foot,Open Play,Normal,0
94f9aa5a-82d1-4ae7-b3ff-122032190f11,3857274,2,58,48,3565,Ecuador,31152,Gonzalo Jordy Plata Jiménez,Right Attacking Midfield,104.2,52.6,120.0,37.5,0.046335444,Post,Left Foot,Open Play,Normal,0
480e1191-458e-4d33-af33-5c6fdf422fe0,3857274,2,63,19,3565,Ecuador,34396,Michael Steveen Estrada Martínez,Center Forward,105.1,38.0,117.5,45.3,0.13418972,Wayward,Left Foot,Open Play,Normal,1
9d22d858-2313-4003-bf87-035723948feb,3857274,2,65,12,941,Netherlands,7891,Teun Koopmeiners,Right Defensive Midfield,96.5,40.9,120.0,33.9,0.04520454,Off T,Left Foot,Open Play,Normal,0
dccdd639-c6b9-4faf-a07e-274f8cbb07d2,3857274,2,72,33,3565,Ecuador,37726,Moisés Isaac Caicedo Corozo,Left Defensive Midfield,103.2,29.4,104.6,30.1,0.03323832,Blocked,Right Foot,Open Play,Half Volley,1
d9fc9b92-3403-4914-a4e2-356a1e2ff527,3857274,2,80,21,3565,Ecuador,37737,Angelo Smit Preciado Quiñónez,Right Wing Back,95.3,57.9,120.0,46.9,0.007451811,Off T,Right Foot,Open Play,Half Volley,0
f4222a25-6e19-4f82-a028-9b485e226ccd,3857274,2,91,54,3565,Ecuador,37737,Angelo Smit Preciado Quiñónez,Right Wing Back,98.9,38.2,116.5,37.4,0.033830326,Saved,Head,Open Play,Normal,0
82468ec3-39a3-4a2a-8876-f7444e4d18d6,3857255,1,6,3,772,Spain,5203,Sergio Busquets i Burgos,Center Defensive Midfield,97.0,46.1,120.0,33.7,0.03268242,Off T,Left Foot,Open Play,Normal,0
06f800a8-83c4-4024-a82e-c6fc0b33af5e,3857255,1,7,12,778,Japan,23527,Junya Ito,Right Wing Back,114.0,53.5,120.0,44.4,0.04214545,Off T,Right Foot,Open Play,Normal,0
9c33b0de-c433-49e8-980d-cd5eff16f5d0,3857255,1,8,52,772,Spain,3477,Álvaro Borja Morata Martín,Center Forward,109.9,35.6,119.1,39.4,0.06376064,Saved,Head,Open Play,Normal,0
9b897300-f3b0-4bdf-bbb4-a3a31cbe616d,3857255,1,11,0,772,Spain,3477,Álvaro Borja Morata Martín,Center Forward,115.3,38.3,120.0,40.3,0.33106714,Goal,Head,Open Play,Normal,1
91c0f01d-e57d-456a-ad9d-eaa9974a9728,3857255,1,22,34,772,Spain,3477,Álvaro Borja Morata Martín,Center Forward,104.7,51.6,116.4,43.1,0.10093839,Saved,Right Foot,Open Play,Normal,0
5d9ae612-b0f2-4e38-ad91-1bca50a5c65b,3857255,1,35,50,778,Japan,9411,Daichi Kamada,Left Wing,107.0,54.5,108.9,52.7,0.03356069,Blocked,Right Foot,Open Play,Normal,0
e0173ae5-f487-4d33-8543-dbfe98355b39,3857255,1,41,54,772,Spain,16532,Daniel Olmo Carvajal,Left Wing,102.8,35.2,103.7,35.5,0.10385344,Blocked,Right Foot,Open Play,Normal,0
bc946af5-84cd-4f04-a439-78394d428a5a,3857255,2,47,48,778,Japan,8361,Ritsu Doan,Right Wing,100.5,55.8,120.0,42.2,0.027777622,Goal,Left Foot,Open Play,Normal,0
62233fb1-7200-49ca-aa10-948d071008f0,3857255,2,50,14,778,Japan,37208,Ao Tanaka,Right Defensive Midfield,118.7,40.2,120.0,40.6,0.87261814,Goal,Other,Open Play,Normal,0
0e9861a9-0c0f-4398-ba07-9b56b5696d97,3857255,2,69,50,778,Japan,8949,Takuma Asano,Center Forward,100.5,36.3,120.0,51.9,0.13121767,Off T,Right Foot,Open Play,Normal,0
c1c5d527-034b-44f2-8b75-627ddf38dc88,3857255,2,73,12,772,Spain,5719,Marco Asensio Willemsen,Center Forward,104.8,23.5,106.1,24.6,0.016301522,Blocked,Left Foot,Open Play,Normal,0
4c5377bd-6c6a-4e50-b475-6fea2a226c95,3857255,2,79,18,772,Spain,16532,Daniel Olmo Carvajal,Right Center Midfield,86.3,46.3,101.1,45.1,0.01649772,Blocked,Right Foot,Open Play,Normal,0
526ba5d5-9a4a-4eb6-8703-2e38c0b4e3a5,3857255,2,82,21,778,Japan,29595,Ko Itakura,Right Center Back,104.0,39.0,118.7,38.5,0.0504811,Saved,Head,Open Play,Normal,0
c0d1a79f-f6c7-46a5-a8d7-e78d77573103,3857255,2,84,30,772,Spain,5719,Marco Asensio Willemsen,Right Wing,96.8,52.1,98.2,51.5,0.02842248,Blocked,Left Foot,Open Play,Normal,0
1ffc5e2a-e9bd-437e-8ef2-f8a715e4b132,3857255,2,88,28,772,Spain,5211,Jordi Alba Ramos,Left Back,97.9,27.0,100.8,29.1,0.0241939,Blocked,Right Foot,Open Play,Normal,0
3f03f538-4d45-4190-8de2-2ad65dd0663a,3857255,2,88,49,772,Spain,5719,Marco Asensio Willemsen,Right Wing,94.8,61.9,118.3,39.3,0.007735879,Saved,Left Foot,Open Play,Normal,0
1280d6dd-09c8-485c-9fbd-371ac8726d57,3857255,2,89,8,772,Spain,16532,Daniel Olmo Carvajal,Right Center Midfield,111.0,52.0,117.7,43.7,0.12373556,Saved,Right Foot,Open Play,Normal,0
596f1016-203d-4a69-b0dc-daa09029b504,3857255,2,95,29,772,Spain,16532,Daniel Olmo Carvajal,Right Center Midfield,94.2,57.0,120.0,29.9,0.008523117,Off T,Right Foot,Open Play,Normal,0
f87e24a7-0494-4695-ba45-b9c27ee14946,3857272,1,9,11,768,England,10955,Harry Kane,Center Forward,108.9,42.6,110.9,42.6,0.10607713,Blocked,Right Foot,Open Play,Normal,0
c0e30aed-d026-4957-8d78-509ab472e2bc,3857272,1,9,56,768,England,3244,John Stones,Right Center Back,109.2,38.6,114.1,17.7,0.04222343,Wayward,Head,Open Play,Normal,1
2cf5b76c-b4b9-4a61-b368-7328525e6a16,3857272,1,10,8,768,England,7843,Mason Mount,Center Attacking Midfield,94.2,27.2,120.0,45.2,0.019677445,Off T,Right Foot,Open Play,Normal,0
aa485bed-2e34-45a2-aa2b-82368fadefed,3857272,1,16,3,1839,United States,22008,Haji Wright,Left Center Forward,108.1,43.9,120.0,45.6,0.048006557,Off T,Head,Open Play,Normal,1
f599adfa-210a-4a2a-9e72-13132f299650,3857272,1,25,7,1839,United States,8526,Weston McKennie,Right Midfield,110.5,39.5,120.0,40.4,0.18268152,Off T,Right Foot,Open Play,Half Volley,0
cd7df5a3-11c8-41d0-9ca5-ef6feea55964,3857272,1,28,6,1839,United States,38792,Yunus Dimoara Musah,Left Defensive Midfield,93.0,25.1,117.3,37.4,0.016826272,Saved,Right Foot,Open Play,Normal,0
36012a73-04ec-4435-bb86-ee1e77355d2a,3857272,1,32,7,1839,United States,8246,Christian Pulisic,Left Midfield,106.4,24.4,120.0,36.9,0.023374733,Post,Left Foot,Open Play,Normal,0
f0fff306-21ef-46ac-be68-450af71b5cc5,3857272,1,40,40,1839,United States,21881,Sergino Dest,Right Back,108.6,51.2,109.6,50.2,0.056137927,Blocked,Left Foot,Open Play,Normal,0
6aa8c0c8-9918-4e7d-9a45-6865e641a875,3857272,1,42,11,1839,United States,8246,Christian Pulisic,Left Midfield,110.0,42.8,120.0,33.7,0.05394238,Off T,Head,Open Play,Normal,1
39d896cf-f401-446a-8977-b0a1b81d522a,3857272,1,44,16,768,England,22084,Bukayo Saka,Right Wing,113.2,36.1,120.0,33.9,0.08680134,Off T,Left Foot,Open Play,Normal,1
e88f5744-6bea-4a45-8192-3ab30fba9225,3857272,1,45,26,768,England,7843,Mason Mount,Center Attacking Midfield,100.1,32.9,114.3,36.3,0.0710417,Saved,Right Foot,Open Play,Normal,0
5a869d53-76fe-41ac-83e0-39907f59bcd9,3857272,2,48,15,1839,United States,22008,Haji Wright,Left Center Forward,106.5,28.3,107.6,29.4,0.0422633,Blocked,Right Foot,Open Play,Normal,0
612549e8-1e30-47c5-94dc-00aa93818c47,3857272,2,48,18,1839,United States,8526,Weston McKennie,Right Midfield,99.2,53.9,120.0,41.4,0.032319076,Off T,Right Foot,Open Play,Normal,0
e2546cad-946c-42d7-809f-71b8feb565c7,3857272,2,57,51,1839,United States,8246,Christian Pulisic,Left Midfield,98.8,24.7,99.5,25.2,0.025169194,Blocked,Right Foot,Open Play,Normal,0
be0a885b-0523-4ed4-99ca-fdd4121209d5,3857272,2,61,54,1839,United States,8246,Christian Pulisic,Left Midfield,95.3,40.1,96.1,40.0,0.033566043,Blocked,Left Foot,Open Play,Normal,0
3e1d3da1-96d0-4420-ba9c-dd49658072d5,3857272,2,86,43,768,England,3318,Marcus Rashford,Right Wing,105.3,20.7,117.8,38.6,0.009332121,Saved,Right Foot,Open Play,Normal,0
ab3fd1ea-a8c3-487b-a32a-07d0b7603ff2,3857272,2,90,50,768,England,3336,Harry Maguire,Left Center Back,109.9,37.5,119.6,39.2,0.05556727,Saved,Head,Open Play,Normal,1
654f8fdc-223a-4074-9ac3-bf5ccbd27083,3857272,2,92,51,768,England,10955,Harry Kane,Center Forward,111.2,40.8,120.0,34.8,0.06991791,Off T,Head,Open Play,Normal,1
28e9322f-9f3e-4c71-b494-d1729585f4fb,3857278,1,8,38,1839,United States,38792,Yunus Dimoara Musah,Right Center Midfield,100.5,38.2,120.0,34.8,0.045798708,Off T,Left Foot,Open Play,Volley,0
519a5012-c032-4962-bc66-7b72b7533891,3857278,1,10,32,1839,United States,8246,Christian Pulisic,Left Wing,110.1,35.6,118.2,40.1,0.080380306,Saved,Head,Open Play,Normal,1
c5d602ac-a87c-4561-8a46-d0320eb62e7b,3857278,1,27,8,1839,United States,22168,Joshua Sargent,Center Forward,99.0,32.1,102.5,33.5,0.040954046,Blocked,Right Foot,Open Play,Normal,0
bec32e0c-42b3-4387-8ef5-3f5fb13ee5cb,3857278,1,27,10,1839,United States,3377,Timothy Weah,Right Wing,109.7,35.9,118.9,38.3,0.12157792,Saved,Head,Open Play,Normal,0
6148cab2-e64c-44ec-b397-cdc3c33bbbb9,3857278,1,29,16,1839,United States,21881,Sergino Dest,Right Back,101.3,48.2,105.9,47.1,0.05512647,Blocked,Left Foot,Open Play,Normal,0
aad598e1-48e0-4035-a905-96f8614dd026,3857278,1,32,45,1839,United States,3377,Timothy Weah,Right Wing,108.7,54.1,120.0,42.4,0.04585104,Off T,Right Foot,Open Play,Normal,0
e3b647a1-3b4c-4b02-89f5-fedb8ae83755,3857278,1,36,0,1839,United States,21881,Sergino Dest,Right Back,102.0,50.5,102.5,50.3,0.043695714,Blocked,Right Foot,Open Play,Normal,0
7b3d45a1-1640-4268-b448-10d784498599,3857278,1,37,49,1839,United States,8246,Christian Pulisic,Left Wing,115.1,38.7,120.0,36.4,0.5303789,Goal,Right Foot,Open Play,Half Volley,0
2d521fe0-2d37-4bfb-9db4-a0c6b9959173,3857278,1,41,31,1839,United States,22168,Joshua Sargent,Center Forward,114.2,56.9,118.6,0.1,0.011004616,Wayward,Right Foot,Open Play,Half Volley,0
402f4792-19bd-479a-840a-3d7f6a802da7,3857278,2,46,45,1839,United States,22168,Joshua Sargent,Center Forward,110.0,25.2,118.3,36.1,0.05674209,Saved,Left Foot,Open Play,Normal,0
59597c3f-d84d-467b-a791-46d9ffd85032,3857278,2,51,11,797,Iran,5240,Saman Ghoddos,Left Wing,114.1,38.7,120.0,37.7,0.39133456,Off T,Head,Open Play,Diving Header,1
8b5ef54e-6498-4577-a84b-73391001783c,3857278,2,68,45,1839,United States,38792,Yunus Dimoara Musah,Right Midfield,97.0,43.3,120.0,44.6,0.080397844,Off T,Right Foot,Free Kick,Normal,0
3f1dc4fc-97b1-4780-a60e-a1869374a02c,3857278,2,69,53,797,Iran,5722,Saeid Ezatolahi Afagh,Center Defensive Midfield,90.8,21.8,120.0,45.2,0.006830182,Off T,Right Foot,Open Play,Normal,0
3e001ba1-eb31-4eac-93f6-b830ce2ef39d,3857278,2,92,28,797,Iran,5220,Morteza Pouraliganji,Left Center Back,111.0,35.6,120.0,35.0,0.21722858,Off T,Head,Open Play,Diving Header,1
75c5c6de-a765-4e21-ad34-f85fbe75a705,3857278,2,97,53,797,Iran,5226,Mehdi Taremi,Left Center Forward,111.1,39.5,111.9,39.7,0.30539662,Saved,Left Foot,Open Play,Volley,0
5994da52-68c1-4f92-9588-c2085766ca21,3857278,2,99,26,1839,United States,22008,Haji Wright,Center Forward,105.1,23.9,114.7,34.3,0.057746947,Saved,Left Foot,Open Play,Normal,0
58d90922-71f3-410a-bc38-8f5c2019b615,3857277,1,6,59,788,Morocco,15890,Noussair Mazraoui,Left Back,96.9,32.0,98.5,32.6,0.026111592,Blocked,Right Foot,Open Play,Half Volley,1
dcadf5ce-e3d0-422d-a78c-d3d694e5bf65,3857277,1,12,48,788,Morocco,5237,Hakim Ziyech,Right Midfield,101.9,43.3,103.2,43.2,0.052363984,Blocked,Left Foot,Open Play,Normal,0
bf3be226-4745-41c9-a03c-33e426012eb3,3857277,1,16,13,785,Croatia,5474,Ivan Perišić,Left Wing,82.9,33.6,120.0,43.1,0.00976612,Off T,Left Foot,Open Play,Normal,0
425c6a82-408c-48d1-bf9a-ed48bd5dc7c3,3857277,1,18,7,788,Morocco,3625,Sofiane Boufal,Left Midfield,96.7,46.7,98.4,46.1,0.04188839,Blocked,Left Foot,Open Play,Normal,0
14098b9f-cbea-4d3c-81d1-03adff5672cb,3857277,1,20,7,788,Morocco,5237,Hakim Ziyech,Right Midfield,94.5,37.4,104.7,36.9,0.06625415,Blocked,Left Foot,Free Kick,Normal,0
ec8752a1-09be-4e88-9523-785d2088a9d0,3857277,1,24,25,788,Morocco,6301,Youssef En-Nesyri,Center Forward,117.8,31.5,118.2,32.7,0.03416934,Blocked,Left Foot,Open Play,Half Volley,1
a0ba5f98-89ba-4320-92bd-1fec8459cf57,3857277,1,45,11,785,Croatia,3441,Nikola Vlašić,Right Wing,114.7,35.7,118.0,36.8,0.44776994,Saved,Right Foot,Open Play,Normal,0
4dd10d36-cfb7-4d79-bf8d-06ff722c2431,3857277,1,46,48,785,Croatia,3441,Nikola Vlašić,Right Wing,105.2,33.9,106.0,34.1,0.06879163,Blocked,Right Foot,Open Play,Half Volley,0
095bfd2a-f7a0-4830-9412-0c6d09ddfa41,3857277,1,46,49,785,Croatia,5463,Luka Modrić,Right Center Midfield,98.8,39.3,120.0,40.7,0.073204115,Off T,Left Foot,Open Play,Normal,0
5b0851c2-4469-45bf-891a-7d71dca0dcc0,3857277,2,50,26,788,Morocco,3625,Sofiane Boufal,Left Midfield,94.0,38.6,101.1,38.1,0.042848527,Blocked,Left Foot,Open Play,Normal,0
2e7a7ec5-3b5b-4eb5-93da-d2e4bfa3203c,3857277,2,50,29,788,Morocco,15890,Noussair Mazraoui,Left Back,115.3,29.2,118.0,34.6,0.07962643,Saved,Head,Open Play,Diving Header,1
cfaaca3f-cf24-4d24-9223-a2c13ff5e288,3857277,2,51,55,785,Croatia,3471,Dejan Lovren,Right Center Back,112.7,38.8,118.2,37.5,0.2503287,Blocked,Left Foot,Open Play,Normal,0
ac96c1c1-7a1a-4797-b198-fd1e872f2328,3857277,2,64,6,788,Morocco,5245,Achraf Hakimi Mouh,Right Back,88.5,31.5,118.7,42.0,0.019376563,Saved,Right Foot,Open Play,Normal,0
80f6a8f8-8c52-49e0-ba91-32b59cbe6330,3857273,1,2,2,907,Wales,34794,Neco Williams,Left Wing Back,99.5,23.0,120.0,44.8,0.023614733,Off T,Right Foot,Open Play,Normal,1
7884c3bd-f0a1-4579-871c-aaf8aaa99707,3857273,1,6,37,797,Iran,5224,Sardar Azmoun,Center Forward,97.2,31.2,118.0,38.8,0.035244513,Saved,Right Foot,Open Play,Normal,0
6cfde0ac-0cc5-4ca1-809c-e801da828e67,3857273,1,11,22,907,Wales,3853,Kieffer Roberto Francisco Moore,Left Center Forward,111.6,44.5,117.5,41.7,0.12850787,Saved,Right Foot,Open Play,Volley,0
f0473e80-a9cc-472a-976f-6fad6237045d,3857273,1,19,10,797,Iran,124167,Ahmad Nourollahi,Left Defensive Midfield,95.5,34.0,96.6,34.3,0.017788952,Blocked,Right Foot,Open Play,Normal,0
e980db93-12d8-41fe-b2cf-c2eb5f664ed2,3857273,1,22,36,797,Iran,5224,Sardar Azmoun,Center Forward,109.6,34.7,120.0,35.2,0.07202582,Off T,Head,Open Play,Normal,1
b37c4059-f00c-411b-93d6-e3c13355a153,3857273,1,28,48,907,Wales,6399,Gareth Frank Bale,Right Center Forward,88.9,36.5,118.9,41.2,0.02170084,Saved,Left Foot,Open Play,Volley,0
a5b8bd42-1a05-4736-9b49-f8fa2c482fb4,3857273,1,41,9,907,Wales,9540,Harry Wilson,Left Center Midfield,105.5,25.4,106.9,27.0,0.030164797,Blocked,Left Foot,Open Play,Normal,0
5c88d05d-90ee-4bdb-9ff9-e1ba0bfbfc87,3857273,1,48,50,797,Iran,5226,Mehdi Taremi,Center Attacking Midfield,105.7,38.8,109.6,43.3,0.08566745,Wayward,Left Foot,Open Play,Normal,0
4ca88dcd-a77a-4f18-9260-5e4c78aed749,3857273,1,49,3,797,Iran,124167,Ahmad Nourollahi,Left Defensive Midfield,86.4,48.2,119.1,41.9,0.011584845,Saved,Right Foot,Open Play,Half Volley,0
28273718-4d73-45d9-a725-ea76f72ea217,3857273,2,50,58,797,Iran,5224,Sardar Azmoun,Center Forward,110.0,49.7,119.9,44.1,0.28799564,Post,Right Foot,Open Play,Normal,1
4938ed57-19a7-4bca-bafe-9273a5ff5884,3857273,2,51,8,797,Iran,23874,Ali Gholizadeh,Right Midfield,97.2,48.0,120.0,36.0,0.04282673,Post,Left Foot,Open Play,Normal,0
9a788179-9c98-49e9-a51e-80a48d401785,3857273,2,51,9,797,Iran,5224,Sardar Azmoun,Center Forward,111.0,36.2,115.1,37.2,0.21401532,Saved,Head,Open Play,Normal,0
c56eba74-325b-4086-96fd-4e71009b673a,3857273,2,52,19,907,Wales,3853,Kieffer Roberto Francisco Moore,Left Center Forward,114.4,39.9,120.0,44.0,0.22100283,Off T,Head,Open Play,Normal,0
b7ee560e-c8ec-4d62-913b-1bd6a7127634,3857273,2,55,28,797,Iran,5230,Ehsan Hajsafi,Left Midfield,104.6,33.1,108.0,34.0,0.068153165,Blocked,Left Foot,Open Play,Half Volley,0
90938502-17e3-45fc-91f3-4027148cce77,3857273,2,63,39,797,Iran,5226,Mehdi Taremi,Center Attacking Midfield,107.1,29.4,107.7,29.9,0.075855605,Blocked,Right Foot,Open Play,Normal,1
ad20430a-333f-4c8a-85e7-926d8420a96c,3857273,2,69,48,797,Iran,124167,Ahmad Nourollahi,Left Defensive Midfield,90.5,45.6,92.8,45.2,0.015279148,Blocked,Right Foot,Open Play,Normal,1
ab1647b5-fde6-43ac-a3f6-fa7b2dca3aa6,3857273,2,71,42,797,Iran,5220,Morteza Pouraliganji,Left Center Back,100.8,38.5,111.1,38.1,0.05160931,Blocked,Left Foot,Open Play,Half Volley,0
64de55f7-5283-4082-9666-c662724d0b45,3857273,2,72,27,797,Iran,5722,Saeid Ezatolahi Afagh,Right Defensive Midfield,99.5,49.3,118.5,38.3,0.047915842,Saved,Right Foot,Open Play,Normal,0
f24d18bc-0a79-40a2-9062-cd223792e771,3857273,2,74,15,797,Iran,124167,Ahmad Nourollahi,Left Defensive Midfield,85.8,53.5,96.1,49.3,0.0072957636,Blocked,Right Foot,Open Play,Normal,0
04de946e-90ab-4b01-a80f-e604d5d7cce1,3857273,2,82,52,907,Wales,3517,Aaron Ramsey,Left Defensive Midfield,104.0,53.9,107.8,54.8,0.025361432,Wayward,Right Foot,Open Play,Volley,0
c1606edc-a8af-438d-bfc2-a691861feec9,3857273,2,82,56,907,Wales,34794,Neco Williams,Right Back,98.6,51.1,109.2,43.6,0.031851415,Blocked,Right Foot,Open Play,Normal,0
9607f394-ff9c-46f0-889b-d57f13accf5b,3857273,2,82,59,907,Wales,3086,Ben Davies,Left Back,101.7,30.8,116.2,39.2,0.053537875,Saved,Left Foot,Open Play,Normal,0
22106571-35bb-424a-a3ee-1522889934ae,3857273,2,87,54,797,Iran,5231,Karim Ansarifard,Center Attacking Midfield,99.5,36.2,109.1,35.3,0.06399969,Blocked,Right Foot,Open Play,Normal,0
272d6bda-a5dc-4e90-b118-c333ae21e13e,3857273,2,87,59,797,Iran,124161,Mehdi Torabi,Left Midfield,99.1,39.0,120.0,44.9,0.051057886,Off T,Right Foot,Open Play,Normal,0
04e19fff-574c-4699-8145-e8c41937f4de,3857273,2,95,23,907,Wales,34794,Neco Williams,Right Back,89.9,45.0,107.0,52.1,0.020104993,Wayward,Right Foot,Open Play,Normal,0
2a582ed0-7b4b-46b5-b875-6e02fe38ceed,3857273,2,95,25,907,Wales,29377,Brennan Johnson,Right Midfield,114.4,52.4,119.3,45.7,0.059788406,Saved Off Target,Right Foot,Open Play,Half Volley,1
8e99351d-9328-4242-bf74-54274aab234f,3857273,2,95,43,797,Iran,5235,Ramin Rezaeian,Right Back,98.3,52.1,100.9,50.5,0.031046849,Blocked,Right Foot,Open Play,Normal,0
dcf3e182-2d46-4cce-b23a-653bf83b9161,3857273,2,96,12,797,Iran,5239,Alireza Jahanbakhsh,Right Midfield,99.2,46.5,100.0,46.3,0.031239294,Blocked,Right Foot,Open Play,Normal,0
7bd656d2-9eac-49a3-9485-eb9451e58b9f,3857273,2,97,43,797,Iran,5239,Alireza Jahanbakhsh,Right Midfield,91.4,24.9,102.6,30.6,0.011336825,Blocked,Right Foot,Open Play,Normal,0
217cf729-0d66-4202-9024-bfbe3850488c,3857273,2,97,56,797,Iran,5222,Roozbeh Cheshmi,Left Defensive Midfield,95.1,37.5,120.0,43.3,0.03268815,Goal,Right Foot,Open Play,Normal,0
1e12ac10-74b9-4408-b799-8cb279172624,3857273,2,100,37,797,Iran,5235,Ramin Rezaeian,Right Back,104.8,45.3,120.0,40.6,0.19933115,Goal,Right Foot,Open Play,Lob,0
a947d83c-9d7f-4e69-aaaf-34028ac5f299,3857275,1,24,49,771,France,8217,Kingsley Coman,Right Wing,112.3,29.9,120.0,33.6,0.08786314,Off T,Left Foot,Open Play,Normal,0
a0692c73-c43b-4898-99d8-05ae9028217a,3857275,1,29,11,777,Tunisia,35592,Anis Ben Slimane,Right Attacking Midfield,110.9,41.0,118.8,42.9,0.1007914,Saved,Head,Open Play,Normal,0
85b1b157-a84c-4b0b-ab24-bd908daf2989,3857275,1,34,34,777,Tunisia,3196,Wahbi Khazri,Center Forward,95.1,52.3,116.6,41.8,0.016592033,Saved,Left Foot,Open Play,Half Volley,0
e41f4db2-b122-4309-bf9e-338531d10421,3857275,1,46,45,771,France,11990,Youssouf Fofana,Right Center Midfield,99.9,53.4,105.0,49.3,0.041162748,Blocked,Right Foot,Open Play,Normal,0
6398875b-7a2a-4815-80cf-6ce293ecfb04,3857275,1,46,59,777,Tunisia,3196,Wahbi Khazri,Center Forward,97.9,19.8,120.0,42.9,0.010898009,Off T,Right Foot,Open Play,Normal,0
7f3e6885-9d7a-489d-9a1b-8897a938840b,3857275,2,51,29,777,Tunisia,44955,Aïssa Bilal Laïdouni,Left Defensive Midfield,114.8,22.4,120.0,40.6,0.013856714,Off T,Right Foot,Open Play,Normal,0
eea8329f-d9bf-47fe-8ef2-8f41c0a7d829,3857275,2,57,20,777,Tunisia,3196,Wahbi Khazri,Center Forward,103.3,37.8,120.0,43.3,0.15620883,Goal,Left Foot,Open Play,Normal,1
a937340c-4952-453c-9606-d316b920cf67,3857275,2,79,23,771,France,7439,Axel Disasi,Right Back,111.3,41.5,112.3,41.4,0.061025612,Blocked,Head,Open Play,Normal,1
7ef71259-91c7-4f82-aa0e-5f629a73c547,3857275,2,81,8,771,France,3026,Adrien Rabiot,Left Defensive Midfield,113.8,47.7,116.1,49.1,0.080746524,Wayward,Right Foot,Open Play,Volley,0
1fceb46b-a327-481b-af47-d9bebd469254,3857275,2,81,14,771,France,5477,Ousmane Dembélé,Right Wing,95.9,53.5,117.7,38.5,0.020325886,Saved,Right Foot,Open Play,Normal,0
d0d54c9f-2ad3-42d0-9c59-10ca23006f5e,3857275,2,84,28,771,France,3026,Adrien Rabiot,Left Defensive Midfield,108.7,29.1,120.0,60.9,0.06369618,Wayward,Left Foot,Open Play,Volley,0
0c9c3ca0-d9f0-41d9-a2b6-6c4b2b6d9be5,3857275,2,88,19,771,France,3009,Kylian Mbappé Lottin,Left Wing,116.8,24.7,119.1,35.3,0.01194291,Saved,Right Foot,Open Play,Normal,0
b031838d-ebb8-4042-9824-18b4b1d71123,3857275,2,89,11,771,France,22097,Randal Kolo Muani,Center Forward,96.4,37.1,98.9,37.5,0.041042205,Blocked,Right Foot,Open Play,Normal,0
a53883b6-db8a-4d3d-bca7-10c49010f58e,3857275,2,92,32,771,France,3009,Kylian Mbappé Lottin,Left Wing,95.6,30.2,105.4,33.3,0.06416701,Blocked,Right Foot,Free Kick,Normal,0
62fb7c39-248e-4bf9-8386-762a65c8c4d6,3857275,2,92,37,771,France,3009,Kylian Mbappé Lottin,Left Wing,87.6,15.0,119.1,39.9,0.005017159,Saved,Right Foot,Open Play,Normal,0
5f957f67-cdbc-4a3e-b3bc-89492062f995,3857261,1,9,11,768,England,3318,Marcus Rashford,Left Wing,104.0,39.5,106.8,39.7,0.28441095,Saved,Right Foot,Open Play,Normal,0
b3aa66ac-7c47-4a5e-9e13-f667de5fe7a9,3857261,1,14,3,768,England,4354,Phil Foden,Right Wing,97.4,54.6,120.0,45.5,0.02354375,Off T,Left Foot,Open Play,Normal,0
2df12147-20e3-409f-82da-ea198b3bd365,3857261,1,17,59,768,England,3336,Harry Maguire,Left Center Back,120.0,54.6,120.0,49.0,0.01084097,Off T,Head,Open Play,Normal,1
86274f8e-79da-4350-a17e-19543a96839a,3857261,1,23,3,768,England,3318,Marcus Rashford,Left Wing,98.2,19.5,105.1,27.3,0.010357286,Blocked,Right Foot,Open Play,Normal,0
6ceded1c-f538-45b2-8db7-e479b1a8a10e,3857261,1,37,12,768,England,4354,Phil Foden,Right Wing,105.5,47.4,120.0,33.2,0.05725451,Off T,Left Foot,Open Play,Normal,0
0b1f67d9-7e3e-4889-9d49-711875468100,3857261,1,38,12,907,Wales,10931,Joe Allen,Right Defensive Midfield,94.1,47.0,96.9,46.3,0.022615774,Blocked,Right Foot,Open Play,Normal,0
a1fbe40a-e398-4fa7-8732-e8638dc710be,3857261,1,38,38,768,England,3318,Marcus Rashford,Left Wing,108.4,35.0,120.0,28.5,0.081256144,Off T,Right Foot,Open Play,Overhead Kick,0
d0ea94db-b546-458a-90c6-ee49c9ae5d93,3857261,1,43,51,768,England,10955,Harry Kane,Center Forward,101.5,35.7,102.2,35.8,0.028181294,Blocked,Left Foot,Open Play,Normal,0
6f221c97-2f08-4e40-a58d-41c6a8d43dd7,3857261,1,47,16,768,England,10955,Harry Kane,Center Forward,101.2,27.6,103.3,29.0,0.030065771,Blocked,Right Foot,Open Play,Normal,0
559a4918-19c5-4542-a25c-9f97b0f50846,3857261,1,47,55,768,England,3244,John Stones,Right Center Back,112.8,55.4,119.4,39.9,0.006450981,Saved,Head,Open Play,Normal,1
6f9d3d1b-044c-4b18-917e-fbc5f5eee6e8,3857261,1,49,36,907,Wales,10931,Joe Allen,Right Defensive Midfield,100.7,51.3,120.0,34.8,0.04109325,Off T,Left Foot,Open Play,Normal,0
6020ebb9-e009-4fa5-b2b4-5ef501777c88,3857261,2,49,17,768,England,3318,Marcus Rashford,Right Wing,96.1,29.3,120.0,43.8,0.05780817,Goal,Right Foot,Free Kick,Normal,0
e19e6d23-1ae7-41f7-8523-ca44e192c002,3857261,2,50,53,768,England,4354,Phil Foden,Left Wing,114.5,34.1,120.0,38.7,0.44030064,Goal,Left Foot,Open Play,Normal,0
df171e76-7f4c-4369-86e8-f29b80bca70e,3857261,2,55,7,907,Wales,3853,Kieffer Roberto Francisco Moore,Center Forward,90.1,22.3,117.7,38.7,0.00753591,Saved,Right Foot,Open Play,Normal,0
f1368c72-842d-4757-9932-408fd168e995,3857261,2,67,40,768,England,3318,Marcus Rashford,Right Wing,109.9,50.3,120.0,41.4,0.096602984,Goal,Left Foot,Open Play,Normal,0
7d9ece14-5e53-4fa5-a35b-ff1a399e9221,3857261,2,71,21,768,England,3318,Marcus Rashford,Right Wing,110.3,52.4,117.1,45.5,0.13184288,Saved,Right Foot,Open Play,Normal,0
6ace6710-b215-4e46-ba83-cde3e026df5d,3857261,2,72,29,907,Wales,29377,Brennan Johnson,Right Wing,104.5,57.3,106.2,55.6,0.02192258,Blocked,Right Foot,Open Play,Normal,0
e0b68076-fbac-4918-b206-97d14b9d2e42,3857261,2,76,38,768,England,30714,Jude Bellingham,Left Center Midfield,104.3,32.8,115.0,39.5,0.25030845,Saved,Right Foot,Open Play,Normal,0
bd9dd84a-4f39-4306-92ab-83727e7c522f,3857261,2,76,40,768,England,30714,Jude Bellingham,Left Center Midfield,112.7,29.3,115.4,39.9,0.24362406,Wayward,Left Foot,Open Play,Normal,0
c0c85901-65b7-43dc-99f6-131d9ce25947,3857261,2,76,41,768,England,4354,Phil Foden,Left Wing,116.1,39.5,120.0,33.8,0.6100251,Off T,Left Foot,Open Play,Half Volley,0
f3bcd7c8-1fb7-4336-b5b9-ba70dd428ae4,3857261,2,82,59,907,Wales,9540,Harry Wilson,Left Wing,92.6,52.6,100.0,49.8,0.031328887,Blocked,Left Foot,Free Kick,Normal,0
17bf3017-ecec-4755-a1b7-b6c26c31e712,3857261,2,83,41,907,Wales,82257,Rubin Colwill,Right Defensive Midfield,98.3,26.1,120.0,40.7,0.025066664,Off T,Right Foot,Open Play,Normal,0
ba3ef593-6a87-4c36-a4e8-df68c770aac9,3857261,2,86,15,907,Wales,3853,Kieffer Roberto Francisco Moore,Center Forward,102.1,34.6,120.0,46.0,0.058446433,Off T,Right Foot,Open Play,Normal,0
ed57db75-dfc9-4bf5-8f72-c85a80bb9829,3857261,2,90,53,768,England,3244,John Stones,Right Center Back,114.4,43.9,120.0,42.4,0.45507616,Post,Left Foot,Open Play,Half Volley,1
50db4204-c0a9-481b-b731-1f9c2119ec10,3857261,2,93,25,768,England,4354,Phil Foden,Right Wing,111.0,48.5,112.1,47.2,0.09753507,Blocked,Left Foot,Open Play,Normal,0
273f2a3e-333d-45b6-98ea-40c887724938,3857290,1,9,36,2722,Cameroon,4935,Bryan Mbeumo,Right Wing,109.4,22.7,118.7,35.9,0.016072592,Saved,Left Foot,Open Play,Normal,0
6f976433-79ae-46c6-8442-5619a2616918,3857290,1,9,38,2722,Cameroon,3551,Karl Brillant Toko Ekambi,Left Wing,108.7,32.1,120.0,40.2,0.15900026,Off T,Right Foot,Open Play,Half Volley,0
23f136be-e690-4b7f-87b2-6b3ad068d6dc,3857290,1,11,18,773,Switzerland,3500,Granit Xhaka,Left Defensive Midfield,88.1,28.2,120.0,46.4,0.012105021,Off T,Left Foot,Open Play,Normal,0
d5b28821-d368-43eb-bcd1-f23cbca7ebc1,3857290,1,25,42,2722,Cameroon,16346,Ngoran Suiru Fai Collins,Right Back,98.8,59.8,120.0,45.7,0.009452554,Off T,Right Foot,Open Play,Normal,0
c16ca4fa-a630-423d-9594-9b5000b69427,3857290,1,29,7,2722,Cameroon,30016,Martin Hongla Yma II,Left Center Midfield,110.6,53.8,117.3,43.3,0.08237888,Saved,Right Foot,Open Play,Normal,1
ea072536-ad5e-4021-8739-b68638f5bba7,3857290,1,39,41,773,Switzerland,8814,Nico Elvedi,Left Center Back,113.3,38.7,120.0,33.9,0.19001445,Off T,Head,Open Play,Normal,1
a338a246-fa6b-434b-8433-b3226b602dd4,3857290,1,40,49,2722,Cameroon,3499,Jean-Eric Maxim Choupo-Moting,Center Forward,105.2,53.5,107.7,51.6,0.041722767,Blocked,Right Foot,Open Play,Normal,0
783e2d94-42cc-48a0-b7ef-e589bd24bd03,3857290,1,45,50,773,Switzerland,5549,Manuel Obafemi Akanji,Right Center Back,114.7,38.7,120.0,46.0,0.15555824,Off T,Head,Open Play,Normal,0
ae517076-6842-4ef1-aafd-5315f6e5010c,3857290,2,47,33,773,Switzerland,5545,Breel-Donald Embolo,Center Forward,111.9,39.5,120.0,41.5,0.55189455,Goal,Right Foot,Open Play,Normal,1
f7c0ca0c-a7dd-48d2-ad85-a14d9d51a2ae,3857290,2,49,37,2722,Cameroon,7472,Nicolas Alexis Julio N'Koulou Ndoubena,Left Center Back,116.1,35.1,116.5,35.8,0.24569963,Saved,Head,Open Play,Normal,0
f0860137-a2b5-4c86-ba0f-9b717e4120a5,3857290,2,56,31,2722,Cameroon,3499,Jean-Eric Maxim Choupo-Moting,Center Forward,119.2,47.9,119.5,45.2,0.0123953605,Saved,Right Foot,Open Play,Normal,0
61248d26-7118-4d2c-b82d-442f3c5aa13a,3857290,2,65,26,2722,Cameroon,3141,André-Frank Zambo Anguissa,Right Center Midfield,107.5,44.3,119.1,42.9,0.046351306,Saved,Head,Open Play,Normal,1
eb094614-1ff9-4459-a420-23deadac917e,3857290,2,65,50,773,Switzerland,30401,Ruben Vargas,Left Wing,107.5,41.8,119.5,43.3,0.1977995,Saved,Right Foot,Open Play,Normal,0
98534730-90fb-429b-89c3-520ae8e5fbdd,3857290,2,88,2,773,Switzerland,3500,Granit Xhaka,Left Defensive Midfield,96.2,37.3,119.0,42.9,0.048882935,Saved,Left Foot,Open Play,Normal,0
5b935c1e-16d3-4bd2-9758-23d64f603909,3857290,2,94,52,773,Switzerland,5543,Haris Seferović,Center Forward,108.0,45.8,113.7,43.7,0.27028984,Blocked,Left Foot,Open Play,Normal,0
dd4dbf6b-1fa8-425a-a3db-1bb666f7d995,3857298,1,4,10,780,Portugal,11184,Otávio Edmilson da Silva Monteiro,Left Center Midfield,96.6,34.3,120.0,28.6,0.02513017,Off T,Right Foot,Open Play,Volley,0
83c4eb51-6f0c-4174-9b1a-37bc9aa37a9a,3857298,1,5,47,780,Portugal,9927,Rúben Diogo Da Silva Neves,Center Defensive Midfield,98.1,36.6,100.5,37.1,0.07171052,Blocked,Right Foot,Open Play,Normal,0
53fc6356-37e6-43e8-a40f-190667081d88,3857298,1,9,27,780,Portugal,5207,Cristiano Ronaldo dos Santos Aveiro,Center Forward,107.7,39.2,108.7,39.3,0.4577736,Saved,Right Foot,Open Play,Normal,0
61f19d48-a4a3-42f3-b777-0c87f7da2c47,3857298,1,12,26,780,Portugal,5207,Cristiano Ronaldo dos Santos Aveiro,Center Forward,116.3,43.7,120.0,50.4,0.2074416,Off T,Head,Open Play,Normal,1
5d6269c7-8f46-49a6-b028-4e05d68b6d37,3857298,1,27,31,780,Portugal,12041,João Félix Sequeira,Left Wing,104.2,35.6,120.0,32.0,0.07848694,Off T,Left Foot,Open Play,Normal,0
4f2f7ef3-bb3a-4db0-b81f-daa03053d4ea,3857298,1,35,37,780,Portugal,11184,Otávio Edmilson da Silva Monteiro,Left Center Midfield,99.9,32.5,116.9,38.1,0.045895047,Saved,Right Foot,Open Play,Normal,0
18118398-00a9-43e1-a44c-0897573712d2,3857298,1,41,16,780,Portugal,5207,Cristiano Ronaldo dos Santos Aveiro,Center Forward,110.0,25.1,110.9,26.2,0.030432492,Blocked,Left Foot,Open Play,Normal,0
a67b0953-60a8-4722-ab82-1bbf2bcd53d4,3857298,2,53,2,4885,Ghana,45047,Alidu Seidu,Right Wing Back,88.8,44.2,120.0,48.9,0.015372672,Off T,Left Foot,Open Play,Half Volley,0
b495a21d-c7c8-42d0-ab0f-0e90b94d60f8,3857298,2,54,33,4885,Ghana,17033,Mohammed Kudus,Left Center Midfield,92.9,31.0,120.0,45.3,0.030134441,Off T,Left Foot,Open Play,Normal,0
f539cd95-0c8f-4704-952b-e0a35bf7993e,3857298,2,64,20,780,Portugal,5207,Cristiano Ronaldo dos Santos Aveiro,Center Forward,108.1,40.1,120.0,37.8,0.7835,Goal,Right Foot,Penalty,Normal,0
98e5e215-51a0-43f0-b954-40d78e86a583,3857298,2,66,27,4885,Ghana,6393,Iñaki Williams Arthuer,Left Center Forward,91.1,47.3,94.8,46.6,0.020453067,Blocked,Right Foot,Open Play,Normal,0
6cbb593a-790d-460c-85f3-63513e98011c,3857298,2,68,1,4885,Ghana,6383,Thomas Teye Partey,Right Center Midfield,92.4,52.5,120.0,46.3,0.021057075,Off T,Right Foot,Open Play,Normal,1
023e13c1-0fce-4feb-8cfd-a61c9457390c,3857298,2,71,38,4885,Ghana,17033,Mohammed Kudus,Left Center Midfield,90.8,34.5,116.6,40.0,0.02159481,Saved,Left Foot,Open Play,Half Volley,0
d16df27e-55c4-4cf9-9290-54e48d7f346a,3857298,2,72,11,4885,Ghana,3347,André Ayew Pelé,Right Center Forward,115.6,39.8,120.0,39.3,0.48524466,Goal,Right Foot,Open Play,Half Volley,0
9e626aa5-58e5-48c8-afd9-6d8eb3596264,3857298,2,77,6,780,Portugal,12041,João Félix Sequeira,Right Wing,107.5,52.6,120.0,37.0,0.21504128,Goal,Right Foot,Open Play,Normal,0
7ddc71ea-7fbb-426b-bc81-ad287bb99a3f,3857298,2,79,21,780,Portugal,18360,Rafael Alexandre Conceição Leão,Left Wing,111.7,28.3,120.0,43.8,0.15539157,Goal,Right Foot,Open Play,Normal,0
fc86a7b5-c283-400a-85c9-c61834a7f38a,3857298,2,88,28,4885,Ghana,44225,Osman Bukari,Right Center Forward,113.5,40.2,120.0,42.7,0.15547352,Goal,Head,Open Play,Normal,0
b43d8f67-148b-4980-90f8-49bbc0831f13,3857298,2,91,13,4885,Ghana,30519,Mohamed Salisu,Left Center Back,106.9,30.6,120.0,23.8,0.02431712,Off T,Head,Open Play,Normal,1
a61f4bb3-9f80-4abf-9722-6640215eb731,3857298,2,95,4,780,Portugal,18360,Rafael Alexandre Conceição Leão,Left Wing,95.5,29.9,100.5,32.7,0.026070174,Blocked,Right Foot,Open Play,Normal,0
03c49999-8755-4565-93e0-67c6ca85093f,3857298,2,97,33,4885,Ghana,44225,Osman Bukari,Right Midfield,103.3,12.6,120.0,36.9,0.0063759447,Off T,Right Foot,Open Play,Normal,0
81fb64a4-a41f-4eec-ab6d-7721b769e3a2,3857285,1,0,45,787,Senegal,20611,Boulaye Dia,Center Forward,107.0,27.1,107.6,27.6,0.034865376,Blocked,Left Foot,Open Play,Half Volley,0
dd029fc0-18f9-47f2-9e90-f289f838e02e,3857285,1,3,55,941,Netherlands,3264,Vincent Janssen,Right Center Forward,103.2,34.3,104.3,34.6,0.12169348,Blocked,Left Foot,Open Play,Normal,0
c4602ac8-db2f-4580-ba9a-ce7292be1032,3857285,1,8,48,787,Senegal,2941,Ismaïla Sarr,Left Wing,97.5,44.1,120.0,41.0,0.059537582,Off T,Left Foot,Open Play,Normal,1
21b51419-7d6c-443b-8107-2c90cb73bdbc,3857285,1,16,18,941,Netherlands,3311,Daley Blind,Left Wing Back,112.8,32.9,120.0,34.3,0.04866169,Off T,Head,Open Play,Normal,1
2098f92b-0f82-4f1e-b7fe-24caad1a69d9,3857285,1,18,51,941,Netherlands,3264,Vincent Janssen,Right Center Forward,98.3,44.3,99.3,44.0,0.03382374,Blocked,Left Foot,Open Play,Normal,1
e086821a-1732-4340-bd1e-2e3b57a0cda1,3857285,1,24,39,787,Senegal,2941,Ismaïla Sarr,Left Wing,102.7,25.9,111.4,34.9,0.034923773,Blocked,Right Foot,Open Play,Normal,0
819e2c8c-5a57-4cf6-b3e6-36e23513dc9a,3857285,1,26,38,941,Netherlands,3669,Virgil van Dijk,Center Back,109.4,38.0,120.0,51.1,0.045367446,Off T,Head,Open Play,Normal,1
b5d4b6d2-2276-4827-ad51-fd13e52e6ecf,3857285,1,28,20,787,Senegal,3436,Idrissa Gana Gueye,Center Attacking Midfield,100.9,48.4,101.6,48.1,0.025139945,Blocked,Right Foot,Open Play,Normal,0
33dcd604-7bb3-48c8-99b1-77134bdaf72b,3857285,1,28,35,787,Senegal,20758,Krépin Diatta,Right Wing,100.0,56.6,120.0,47.9,0.03131155,Off T,Left Foot,Open Play,Normal,0
c4b8f106-bc44-42a1-9c06-b1d8a4364777,3857285,1,32,51,787,Senegal,3404,Youssouf Sabaly,Right Back,84.7,54.0,114.8,39.9,0.0068181115,Saved,Right Foot,Open Play,Normal,0
f27a12e2-2343-4860-980f-31041a77c724,3857285,1,39,17,941,Netherlands,7745,Steven Berghuis,Right Defensive Midfield,97.2,47.3,120.0,40.4,0.030127633,Off T,Left Foot,Open Play,Volley,0
85ef6406-6165-44fc-86f4-3cae9a354a94,3857285,2,52,40,941,Netherlands,3669,Virgil van Dijk,Center Back,111.1,40.2,120.0,40.7,0.06871433,Off T,Head,Open Play,Normal,1
3409a450-23b4-46b2-a4a9-05c7d9a9af28,3857285,2,53,58,787,Senegal,3404,Youssouf Sabaly,Right Back,96.9,57.9,102.9,54.1,0.011074076,Blocked,Right Foot,Open Play,Normal,0
01ae7e3c-91d2-4989-9fd8-641f2d55cfe2,3857285,2,57,53,787,Senegal,20758,Krépin Diatta,Right Wing,115.2,50.5,120.0,57.6,0.058196757,Wayward,Right Foot,Open Play,Half Volley,0
2898c48b-c7a7-4cd3-9e1a-8a4e54e3ed39,3857285,2,59,9,941,Netherlands,7745,Steven Berghuis,Right Defensive Midfield,95.3,32.8,103.9,36.2,0.038496487,Blocked,Left Foot,Open Play,Normal,0
b18d6cd5-7dbd-4c02-abb4-ffd8b825b39c,3857285,2,64,40,787,Senegal,20611,Boulaye Dia,Center Forward,107.6,56.5,119.2,44.2,0.04221427,Saved,Right Foot,Open Play,Normal,0
ba96f3ec-0c47-44fe-a71d-e9bdbd6dfc70,3857285,2,72,34,787,Senegal,3436,Idrissa Gana Gueye,Left Center Midfield,103.3,40.4,118.8,39.8,0.06520781,Saved,Right Foot,Open Play,Half Volley,1
6ec6d6e5-6600-49ad-98dc-60d422c2be0f,3857285,2,74,59,787,Senegal,88123,Cheikh Ahmadou Bamba Mbacke Dieng,Center Forward,104.3,31.7,120.0,35.7,0.07416881,Off T,Left Foot,Open Play,Half Volley,0
d4df34f1-3c34-4675-9075-676a5493faa3,3857285,2,81,24,787,Senegal,2941,Ismaïla Sarr,Left Wing,111.3,40.6,120.0,42.2,0.06430619,Off T,Head,Open Play,Normal,1
597f7130-1c91-48bd-9723-52b0b2913977,3857285,2,83,50,941,Netherlands,20750,Cody Mathès Gakpo,Right Center Forward,112.3,39.0,120.0,36.4,0.28603274,Goal,Head,Open Play,Normal,0
d67ed7c2-cb3d-4eb9-907a-6c36d33952e0,3857285,2,85,51,787,Senegal,21026,Pape Gueye,Right Center Midfield,93.8,56.8,118.7,43.7,0.008650101,Saved,Left Foot,Open Play,Normal,0
ceeeab00-ca40-4102-8f50-040fde9a9ba9,3857285,2,91,0,787,Senegal,32915,Ismail Jakobs,Left Back,91.0,27.5,120.0,42.9,0.014392905,Off T,Left Foot,Open Play,Half Volley,0
7cd5adc1-5dba-4aa4-af81-dd2368f99eb6,3857285,2,92,55,787,Senegal,88123,Cheikh Ahmadou Bamba Mbacke Dieng,Center Forward,112.8,35.7,120.0,36.7,0.16068545,Off T,Head,Open Play,Normal,0
37e3001d-d9fe-4fd9-9327-532a11e41521,3857285,2,98,16,941,Netherlands,2988,Memphis Depay,Center Forward,101.2,50.1,114.6,40.9,0.102816984,Saved,Left Foot,Open Play,Normal,0
24ed1e2b-5f30-476f-a7d7-9b21b03164bb,3857285,2,98,18,941,Netherlands,4318,Davy Klaassen,Left Attacking Midfield,109.5,34.8,120.0,38.0,0.34814927,Goal,Left Foot,Open Play,Normal,0
efad880d-1c42-4469-b874-b88fdd11ec0c,3857282,1,9,2,1839,United States,22168,Joshua Sargent,Center Forward,116.0,35.3,120.0,36.1,0.25332773,Post,Head,Open Play,Normal,0
f86451c3-a2de-40d7-9e8b-c758a0238c23,3857282,1,13,45,907,Wales,4934,Ethan Ampadu,Center Defensive Midfield,87.6,43.1,120.0,37.1,0.013776194,Off T,Right Foot,Open Play,Half Volley,0
6c050fb6-760f-45be-b373-07540d94c412,3857282,1,28,29,1839,United States,21881,Sergino Dest,Right Back,90.9,56.6,120.0,40.7,0.0066337776,Off T,Right Foot,Open Play,Normal,0
0592b60f-7f9f-446d-ae00-42abec2f64f1,3857282,1,35,12,1839,United States,3377,Timothy Weah,Right Wing,107.7,37.8,120.0,43.8,0.20100605,Goal,Right Foot,Open Play,Normal,1
0e55900b-d2c5-4473-b159-aa752a27e8f7,3857282,1,44,29,907,Wales,3086,Ben Davies,Left Center Back,114.7,37.5,120.0,23.7,0.14399761,Off T,Head,Open Play,Normal,1
b9450a53-8f48-4b5f-8fb8-c8c7c629bbc3,3857282,2,60,3,907,Wales,3853,Kieffer Roberto Francisco Moore,Left Center Forward,93.4,42.2,102.3,42.6,0.032130886,Blocked,Left Foot,Open Play,Half Volley,0
3ed6ac35-deeb-496e-8196-1f46217c3171,3857282,2,63,54,907,Wales,3086,Ben Davies,Left Center Back,109.2,38.3,118.5,40.3,0.18666926,Saved,Head,Open Play,Diving Header,0
c2b7077a-ec99-4c68-95e5-857d1e060e4f,3857282,2,64,34,907,Wales,3853,Kieffer Roberto Francisco Moore,Left Center Forward,116.3,43.4,120.0,38.2,0.19270518,Off T,Head,Open Play,Normal,0
6d00ee32-870a-4001-8120-15c052a3b63d,3857282,2,74,48,1839,United States,22008,Haji Wright,Center Forward,106.6,46.9,120.0,25.6,0.027433796,Off T,Head,Open Play,Normal,1
6c3a8948-24c5-4a9f-94ef-820524a32e7c,3857282,2,76,33,1839,United States,24243,Brenden Aaronson,Right Center Midfield,116.3,46.7,120.0,46.0,0.09428854,Off T,Head,Open Play,Normal,1
a11b0dd8-d028-437a-90ce-0287f697ac55,3857282,2,81,33,907,Wales,6399,Gareth Frank Bale,Left Center Forward,108.0,40.0,120.0,43.4,0.7835,Goal,Left Foot,Penalty,Normal,0
fcde792c-c2cb-43b8-9240-7815f5e252f9,3857282,2,88,36,907,Wales,29377,Brennan Johnson,Right Midfield,109.9,56.2,118.2,44.2,0.042556882,Saved,Right Foot,Open Play,Normal,0
7ffb8520-fade-443f-9853-8e1919f85e79,3857282,2,91,13,1839,United States,12751,Tyler Adams,Center Defensive Midfield,92.8,35.5,96.2,35.9,0.019808901,Blocked,Right Foot,Open Play,Half Volley,0
d2f58c81-92d6-4a50-811a-2413929f5c1d,3857297,1,7,5,799,Saudi Arabia,5191,Mohammed Al Burayk,Left Back,91.6,24.8,97.4,28.2,0.012477021,Blocked,Right Foot,Open Play,Normal,0
2be63b79-06c8-46a1-8688-d5257673d4d9,3857297,1,12,17,799,Saudi Arabia,5713,Mohammed Kanoo,Right Defensive Midfield,105.5,54.5,119.6,43.2,0.03839731,Saved,Right Foot,Open Play,Normal,0
81bfba47-f671-4b85-adc5-fb8fc77f87b0,3857297,1,25,36,789,Poland,11737,Krystian Bielik,Right Defensive Midfield,111.7,39.3,116.4,39.4,0.075333446,Blocked,Head,Open Play,Normal,1
4965589f-2eaa-49a7-81cd-3200dfbdeb2a,3857297,1,32,3,799,Saudi Arabia,51469,Saleh Khalid Al Shehri,Center Forward,108.5,45.0,108.7,0.1,0.044610713,Wayward,Head,Open Play,Normal,0
dedac82e-b225-46ac-bbb5-e189d1cfb20e,3857297,1,38,57,789,Poland,5660,Piotr Zieliński,Center Attacking Midfield,111.9,44.7,120.0,41.0,0.23496674,Goal,Right Foot,Open Play,Half Volley,0
79f1bb24-ca0f-44a0-9e41-3558fb125f6b,3857297,1,40,16,789,Poland,5668,Robert Lewandowski,Center Forward,112.9,58.5,120.0,3.1,0.009729679,Wayward,Right Foot,Open Play,Half Volley,0
db50083a-907b-4263-beef-a07ac5b82161,3857297,1,45,35,799,Saudi Arabia,5187,Salem Mohammed Al Dawsari,Left Wing,108.1,40.1,119.3,38.3,0.7835,Saved,Right Foot,Penalty,Normal,0
c024762d-1211-4eda-8380-7d09e7a96151,3857297,1,45,37,799,Saudi Arabia,5191,Mohammed Al Burayk,Left Back,112.7,32.9,117.5,36.9,0.35719204,Saved,Right Foot,Open Play,Normal,0
11e3ad98-3896-433a-bba4-4f12f55829fa,3857297,2,50,48,799,Saudi Arabia,51710,Saud Abdullah Abdul Hamid,Left Back,85.9,24.5,90.7,26.6,0.005913877,Blocked,Right Foot,Open Play,Normal,0
dbc22c7c-3a77-49e0-8fcc-165b17167d2a,3857297,2,50,53,799,Saudi Arabia,5713,Mohammed Kanoo,Right Defensive Midfield,104.2,39.3,120.0,54.1,0.03705331,Off T,Right Foot,Open Play,Overhead Kick,0
b32acb43-b80a-470e-bce9-90598ed7ee46,3857297,2,53,43,799,Saudi Arabia,5187,Salem Mohammed Al Dawsari,Left Wing,97.6,21.6,120.0,53.0,0.010959039,Off T,Right Foot,Open Play,Normal,0
9d027449-9a71-41d7-91a4-e9701df87106,3857297,2,54,34,799,Saudi Arabia,5187,Salem Mohammed Al Dawsari,Left Wing,114.6,36.1,117.1,37.2,0.16438472,Saved,Left Foot,Open Play,Normal,0
1540a282-cfd2-4a45-96e6-3a95c39914f1,3857297,2,54,36,799,Saudi Arabia,56755,Abdulelah Saad Hameed Al-Malki,Left Defensive Midfield,97.0,40.0,120.0,43.2,0.0391187,Off T,Right Foot,Open Play,Volley,0
f385844d-ab4d-4198-9014-10751c300c90,3857297,2,59,26,799,Saudi Arabia,51099,Firas Tariq Nasser Al Albirakan,Right Wing,112.9,27.5,120.0,35.2,0.11089649,Off T,Left Foot,Open Play,Normal,1
4eb4d5db-61a5-454b-8c1a-e5520be02cc1,3857297,2,60,4,799,Saudi Arabia,5713,Mohammed Kanoo,Right Defensive Midfield,107.3,49.4,120.0,44.0,0.07597345,Off T,Right Foot,Open Play,Normal,0
35ecad59-a356-4424-a9bd-c7e1f3dbe7a6,3857297,2,62,31,789,Poland,5665,Arkadiusz Milik,Left Midfield,111.0,38.8,120.0,37.3,0.13519733,Post,Head,Open Play,Normal,0
ea6094d3-7510-45dd-968e-66684c0f4379,3857297,2,65,1,789,Poland,5668,Robert Lewandowski,Right Center Forward,115.1,44.4,120.0,44.1,0.25903136,Post,Other,Open Play,Normal,0
4e633834-f4a5-4f29-9215-267c13aba9ed,3857297,2,67,52,799,Saudi Arabia,54144,Nawaf Shaker Al Abid,Center Attacking Midfield,95.1,46.7,103.6,45.3,0.0660456,Blocked,Left Foot,Free Kick,Normal,0
39f1b4e4-757e-4c37-b42d-b52826448257,3857297,2,68,29,799,Saudi Arabia,5187,Salem Mohammed Al Dawsari,Left Wing,96.0,34.2,117.8,42.0,0.03677261,Saved,Right Foot,Open Play,Normal,0
f6869c7d-e38c-4c4d-941f-10e184f36ca1,3857297,2,72,28,789,Poland,5668,Robert Lewandowski,Right Center Forward,107.3,49.0,109.1,48.2,0.09536816,Blocked,Right Foot,Open Play,Normal,0
7d51a405-d72b-4f2b-b039-7eb53480c766,3857297,2,77,50,799,Saudi Arabia,56755,Abdulelah Saad Hameed Al-Malki,Left Defensive Midfield,103.2,34.7,120.0,45.8,0.10027991,Off T,Left Foot,Open Play,Normal,0
eee20398-5fc9-49ff-bf22-2cc36ca05d2c,3857297,2,80,55,789,Poland,12493,Krzysztof Piątek,Left Center Forward,107.4,41.4,120.0,32.8,0.02819521,Off T,Head,Open Play,Normal,1
4b0734e0-f6e7-4ebf-9fa4-aff5230d417f,3857297,2,81,28,789,Poland,5668,Robert Lewandowski,Right Center Forward,107.2,44.6,120.0,39.6,0.47824246,Goal,Left Foot,Open Play,Normal,0
c0825b2d-a1da-4424-ba81-13a3c5c1e221,3857297,2,86,25,799,Saudi Arabia,51705,Abdulrahman Al-Obood,Right Wing,118.0,48.2,120.0,43.2,0.041744728,Off T,Head,Open Play,Normal,1
0a75a101-5aa9-40ee-98a9-f25efa6b7757,3857297,2,89,28,789,Poland,5668,Robert Lewandowski,Right Center Forward,109.9,48.1,111.8,46.4,0.4181081,Saved,Right Foot,Open Play,Lob,0
1c9fc6fc-fea7-4208-811f-5e9321a57a56,3857297,2,95,43,799,Saudi Arabia,5713,Mohammed Kanoo,Right Defensive Midfield,95.3,32.9,120.0,45.6,0.046656966,Off T,Right Foot,Open Play,Normal,0
8294e192-b4b3-410d-88bf-dbafd1d5d730,3857294,1,0,33,941,Netherlands,2988,Memphis Depay,Left Center Forward,114.9,52.7,120.0,49.3,0.04113277,Off T,Right Foot,Open Play,Half Volley,0
2c714385-0957-490d-9897-f4b2c1118251,3857294,1,2,44,3566,Qatar,124488,Hassan Khalid Al Heidos,Right Center Midfield,89.6,52.0,115.0,41.9,0.015712837,Saved,Right Foot,Open Play,Normal,0
da59dcb2-78b9-4345-a2d1-0600308afc18,3857294,1,3,20,941,Netherlands,3311,Daley Blind,Left Wing Back,114.1,29.0,116.1,33.1,0.10723932,Saved,Right Foot,Open Play,Normal,0
0a45dc04-546c-413c-b3cf-8dfef3d7428c,3857294,1,3,22,941,Netherlands,3311,Daley Blind,Left Wing Back,115.2,28.6,120.0,33.2,0.042171385,Off T,Right Foot,Open Play,Volley,1
4b6dcfbb-bee9-4633-95ea-bb932937b030,3857294,1,6,50,941,Netherlands,20750,Cody Mathès Gakpo,Right Center Forward,93.2,29.5,94.0,29.8,0.023612352,Blocked,Right Foot,Open Play,Normal,1
87c6c0d6-04b5-4614-aeff-96ed9a1673cf,3857294,1,13,57,941,Netherlands,8118,Frenkie de Jong,Left Defensive Midfield,96.9,32.3,101.9,34.1,0.032602046,Blocked,Right Foot,Open Play,Normal,0
d31e6f63-ea17-428e-895b-2bb9fdfa6eea,3857294,1,13,59,941,Netherlands,2988,Memphis Depay,Left Center Forward,107.4,31.3,120.0,38.7,0.14338174,Off T,Right Foot,Open Play,Half Volley,0
911ed872-f7d1-4bce-8302-3dc1de12823d,3857294,1,18,14,941,Netherlands,4318,Davy Klaassen,Center Attacking Midfield,113.0,44.5,120.0,32.8,0.08364612,Off T,Head,Open Play,Normal,1
135ce9b0-a86f-4caa-a40d-9b782df05d62,3857294,1,24,6,3566,Qatar,124494,Abdelkarim Hassan Al Haj Fadlalla,Left Center Back,109.2,45.5,120.0,45.2,0.067132466,Off T,Right Foot,Open Play,Volley,0
7c128cea-a0fd-467e-b5af-c2ce79dcb4e9,3857294,1,25,15,941,Netherlands,2988,Memphis Depay,Left Center Forward,113.6,30.5,114.3,31.4,0.0753362,Blocked,Right Foot,Open Play,Normal,1
076bfa17-336a-42b8-a6ac-731a4de8dee6,3857294,1,25,55,941,Netherlands,20750,Cody Mathès Gakpo,Right Center Forward,103.3,39.8,120.0,43.5,0.14035599,Goal,Right Foot,Open Play,Normal,1
a1e65121-9acb-47ff-95ae-6f38119b8886,3857294,1,28,31,3566,Qatar,124899,Ismaeel Mohammad Mohammad,Right Wing Back,93.9,39.3,116.3,41.2,0.03016361,Saved,Right Foot,Open Play,Normal,1
518b826b-5d62-448d-bb99-205a1e2bdb42,3857294,1,47,52,941,Netherlands,2988,Memphis Depay,Left Center Forward,93.6,49.7,120.0,32.7,0.029451067,Off T,Right Foot,Open Play,Half Volley,0
a6342f55-2f69-448e-ab69-4bd9c006fda0,3857294,2,48,53,941,Netherlands,2988,Memphis Depay,Left Center Forward,116.4,34.2,118.3,36.4,0.2959347,Saved,Right Foot,Open Play,Volley,1
2c822162-de00-4f8e-bf2a-a3487dcd8e72,3857294,2,48,55,941,Netherlands,8118,Frenkie de Jong,Left Defensive Midfield,117.6,40.3,120.0,41.8,0.6883914,Goal,Right Foot,Open Play,Half Volley,0
89e414f2-6daa-4ae2-aa51-b4a7e24bfcae,3857294,2,76,12,3566,Qatar,124514,Abdulaziz Hatem Mohammed Abdullah,Right Center Midfield,94.7,53.1,116.0,40.6,0.024495702,Saved,Right Foot,Open Play,Normal,0
6d21bd7c-0fa6-4bdc-9fe0-77a923cafc1d,3857294,2,87,32,3566,Qatar,124506,Pedro Miguel Correia,Right Center Back,88.8,53.2,120.0,29.3,0.00621196,Off T,Right Foot,Open Play,Normal,0
24f06115-ff02-43b0-9381-e895e38a736f,3857294,2,91,22,941,Netherlands,7745,Steven Berghuis,Center Attacking Midfield,102.2,59.1,120.0,36.6,0.010698183,Post,Left Foot,Open Play,Normal,0
ad8fa32c-3fea-4b86-a322-1177cd561c78,3857266,1,5,21,771,France,5477,Ousmane Dembélé,Right Wing,97.8,38.0,99.3,38.3,0.04759094,Blocked,Right Foot,Open Play,Normal,0
4c34b967-74ca-456f-a511-bae8ff54f45c,3857266,1,9,9,771,France,3026,Adrien Rabiot,Left Defensive Midfield,115.0,45.6,115.9,44.9,0.10936305,Blocked,Head,Open Play,Normal,1
7bfd3322-79dd-41dc-8ea9-dd83156ee37a,3857266,1,12,34,771,France,5485,Raphaël Varane,Right Center Back,112.4,46.9,115.7,40.0,0.0425816,Wayward,Head,Open Play,Normal,1
8a5283ce-a55e-4a73-86a1-03e173b53b17,3857266,1,14,53,771,France,3604,Olivier Giroud,Center Forward,111.9,38.9,120.0,23.0,0.11903284,Wayward,Head,Open Play,Normal,1
8d13ea77-6e18-493c-8e54-258f942c255b,3857266,1,20,18,771,France,3026,Adrien Rabiot,Left Defensive Midfield,108.9,44.3,118.6,40.4,0.04225832,Saved,Head,Open Play,Normal,0
f10a16e6-487c-4e6c-bfa7-a2b2bbf19e07,3857266,1,29,53,771,France,4445,Jules Koundé,Right Back,109.0,56.2,116.3,43.0,0.02881258,Blocked,Right Foot,Open Play,Half Volley,1
4e7ba032-7c93-44f9-9a5f-6eb2de5d473a,3857266,1,32,48,771,France,5487,Antoine Griezmann,Center Attacking Midfield,118.2,23.1,119.4,35.4,0.010852635,Saved,Left Foot,Open Play,Normal,1
f7c17e05-ea54-4e7c-b22d-8020b033463c,3857266,1,32,52,771,France,10481,Aurélien Djani Tchouaméni,Right Defensive Midfield,99.7,39.1,101.3,39.3,0.054124165,Blocked,Right Foot,Open Play,Normal,0
02842003-6628-42d5-9e1e-36c26fd6f90d,3857266,1,32,55,771,France,5477,Ousmane Dembélé,Right Wing,108.2,48.0,108.8,47.6,0.046849832,Blocked,Left Foot,Open Play,Volley,0
477125c6-4502-4724-b896-19bb122fd88b,3857266,1,33,36,771,France,3026,Adrien Rabiot,Left Defensive Midfield,100.1,24.5,102.4,26.2,0.02230111,Blocked,Left Foot,Open Play,Normal,0
20999e77-a693-4ab9-90f4-6a66470de653,3857266,1,35,17,776,Denmark,5732,Andreas Evald Cornelius,Center Forward,107.4,55.8,120.0,45.4,0.048269883,Off T,Right Foot,Open Play,Normal,0
b1353306-3be0-4dff-99e6-f70af1152f2a,3857266,1,36,33,771,France,3604,Olivier Giroud,Center Forward,108.6,45.2,120.0,46.1,0.045027424,Off T,Head,Open Play,Normal,1
2994a2eb-a70c-4950-b4d7-850b747540d1,3857266,1,39,33,771,France,3009,Kylian Mbappé Lottin,Left Wing,106.0,43.8,120.0,40.0,0.18605462,Off T,Right Foot,Open Play,Normal,0
1d65242c-90e4-4111-9274-491bf60a4ae7,3857266,1,44,43,776,Denmark,3043,Christian Dannemann Eriksen,Left Defensive Midfield,83.0,42.5,120.0,32.1,0.006951803,Off T,Right Foot,Open Play,Normal,0
3b207f2c-9f34-417c-ade4-eb76e6f88ddc,3857266,1,47,25,771,France,3009,Kylian Mbappé Lottin,Left Wing,98.6,18.5,109.8,32.8,0.011081066,Blocked,Right Foot,Open Play,Normal,0
f63e4a17-97db-4c92-8ef0-c58a7d62bf2f,3857266,2,55,59,771,France,3009,Kylian Mbappé Lottin,Left Wing,104.1,30.1,117.8,36.7,0.03630777,Saved,Left Foot,Open Play,Normal,0
8bc93131-77fd-4a72-b5ca-7a20e411225b,3857266,2,59,2,771,France,5487,Antoine Griezmann,Center Attacking Midfield,102.6,38.8,120.0,38.1,0.21733604,Off T,Left Foot,Open Play,Half Volley,0
8ad26aa2-291c-4d4c-a9d8-354224932a31,3857266,2,60,25,771,France,3009,Kylian Mbappé Lottin,Left Wing,110.8,31.3,120.0,40.1,0.08505598,Goal,Right Foot,Open Play,Half Volley,0
fdc1ea86-c887-49f5-9f86-f613bc4f2000,3857266,2,67,14,776,Denmark,8247,Joachim Andersen,Right Center Back,112.2,43.9,114.1,36.9,0.082872435,Wayward,Head,Open Play,Normal,1
ec53e52f-fb8b-4085-bf36-323830fd4c0f,3857266,2,67,15,776,Denmark,3959,Andreas Christensen,Center Back,113.0,37.6,120.0,38.6,0.25384808,Goal,Head,Open Play,Normal,0
6bd41f74-6e8e-4714-bc4d-fdb8e0f1528f,3857266,2,72,21,776,Denmark,27569,Jesper Lindstrøm,Right Wing,107.4,33.0,117.9,38.3,0.18929456,Saved,Right Foot,Open Play,Normal,0
c1f06e17-d037-41e1-8793-2025fccddb9f,3857266,2,73,18,776,Denmark,3043,Christian Dannemann Eriksen,Left Defensive Midfield,93.3,45.1,98.3,44.5,0.0264413,Blocked,Left Foot,Open Play,Normal,0
b42cfb53-779d-4542-8e6a-afab11fdebec,3857266,2,77,38,771,France,10481,Aurélien Djani Tchouaméni,Right Defensive Midfield,113.7,37.7,115.2,37.8,0.22405402,Blocked,Head,Open Play,Diving Header,0
069f499e-de36-43f0-bb91-0b0e19bccdd0,3857266,2,78,21,771,France,4445,Jules Koundé,Right Back,110.7,40.7,120.0,46.6,0.106879756,Off T,Head,Open Play,Normal,1
e5f4a1df-48f8-403f-84cf-2310bb7efb92,3857266,2,79,3,771,France,3026,Adrien Rabiot,Left Defensive Midfield,112.7,47.3,120.0,43.6,0.080693014,Off T,Left Foot,Open Play,Overhead Kick,0
9e5a1e2d-6c0e-4e11-b710-ccfd5ac90ee9,3857266,2,80,16,776,Denmark,4447,Martin Braithwaite Christensen,Center Forward,110.0,45.1,120.0,44.0,0.23786028,Post,Right Foot,Open Play,Normal,0
ce5338ea-62b2-4bab-83a9-dbb958eea1e9,3857266,2,83,58,776,Denmark,3570,Pierre-Emile Højbjerg,Right Defensive Midfield,87.2,48.7,120.0,32.6,0.015153575,Off T,Right Foot,Open Play,Normal,0
e5bd1434-dbe8-4da2-b05f-509364c40015,3857266,2,85,9,771,France,3009,Kylian Mbappé Lottin,Left Wing,117.8,36.5,120.0,37.3,0.38353118,Goal,Other,Open Play,Normal,0
486ab284-2136-435a-9308-0edc96b90a5a,3857266,2,88,18,776,Denmark,8247,Joachim Andersen,Right Center Back,94.3,53.4,95.7,52.6,0.014218964,Blocked,Left Foot,Open Play,Normal,0
d5249a01-7b86-4dad-ab4f-a1aa32e1ec51,3857266,2,90,18,771,France,3009,Kylian Mbappé Lottin,Left Wing,99.4,25.5,117.7,37.1,0.033781487,Saved,Right Foot,Open Play,Half Volley,0
135fdd9b-deaf-4c0d-9b95-3df1b9103754,3857266,2,96,37,776,Denmark,16554,Joakim Mæhle,Left Wing Back,87.5,42.4,120.0,40.2,0.013632962,Off T,Right Foot,Open Play,Half Volley,0
7e46f061-099c-4501-8efe-703ce4de40ee,3857284,1,13,18,770,Germany,5579,Joshua Kimmich,Right Defensive Midfield,93.0,31.2,95.6,31.8,0.022911863,Blocked,Right Foot,Open Play,Normal,0
69b20fdd-7d36-4c05-a6e8-5971274c6428,3857284,1,15,59,770,Germany,3167,Antonio Rüdiger,Right Center Back,110.5,50.6,120.0,44.9,0.026021937,Off T,Head,Open Play,Normal,1
56cf94b2-8ef0-4d98-a051-353ba06a7ecc,3857284,1,19,49,770,Germany,5579,Joshua Kimmich,Right Defensive Midfield,96.9,39.6,116.1,37.9,0.05193508,Saved,Right Foot,Open Play,Normal,1
df4d0871-fea4-4a0c-a5b1-5c074c2a96b7,3857284,1,25,53,770,Germany,10287,İlkay Gündoğan,Left Defensive Midfield,99.7,29.6,102.6,31.4,0.042519,Blocked,Right Foot,Open Play,Normal,0
127912cf-2ecc-43fa-a2f7-5ab3199f5c4d,3857284,1,27,31,770,Germany,10287,İlkay Gündoğan,Left Defensive Midfield,94.4,42.8,118.6,40.9,0.041637745,Saved,Right Foot,Open Play,Normal,0
dbb421a4-892d-4186-90de-0c9e26cd8367,3857284,1,28,39,770,Germany,10287,İlkay Gündoğan,Left Defensive Midfield,105.3,36.8,113.3,37.8,0.12241382,Blocked,Right Foot,Open Play,Normal,0
c18ab9c8-d37e-4194-a90a-f06274614fce,3857284,1,32,35,770,Germany,10287,İlkay Gündoğan,Left Defensive Midfield,108.0,40.0,120.0,39.1,0.7835,Goal,Right Foot,Penalty,Normal,0
dfd8ea23-e92c-4b57-bfd0-1617a8253887,3857284,1,37,32,770,Germany,8400,Serge Gnabry,Right Wing,93.1,48.2,95.5,47.8,0.028658802,Blocked,Left Foot,Open Play,Normal,0
3c0f49a1-5848-46dc-b220-8905aa359fdc,3857284,1,37,47,770,Germany,39565,Jamal Musiala,Left Wing,108.5,28.3,109.3,29.3,0.03933018,Blocked,Right Foot,Open Play,Normal,0
d96f5947-c4e7-4d0f-95d7-cb4c0dfa6dfe,3857284,1,40,37,770,Germany,10287,İlkay Gündoğan,Left Defensive Midfield,93.3,39.0,118.3,36.9,0.031919174,Saved,Right Foot,Open Play,Normal,0
35865f9d-91db-4a46-87bf-b3be4d11c86d,3857284,1,41,5,770,Germany,5579,Joshua Kimmich,Right Defensive Midfield,97.0,42.2,120.0,39.8,0.05113006,Off T,Right Foot,Open Play,Normal,0
a54fab01-3f2e-4d5a-961f-16f3e8616662,3857284,1,44,29,770,Germany,39565,Jamal Musiala,Left Wing,101.9,45.1,120.0,38.4,0.06614002,Off T,Right Foot,Open Play,Normal,0
b5d15296-4743-46da-b0b2-690196350004,3857284,1,48,33,770,Germany,5579,Joshua Kimmich,Right Defensive Midfield,100.3,40.5,118.8,37.9,0.047906045,Saved,Left Foot,Open Play,Half Volley,0
547ca4c3-bd06-4274-a82b-98622617e165,3857284,1,48,35,770,Germany,8400,Serge Gnabry,Right Wing,114.3,29.9,117.7,42.8,0.21508263,Wayward,Left Foot,Open Play,Normal,0
af3d2269-1129-429d-8148-0d590c3da45a,3857284,1,50,28,778,Japan,30628,Daizen Maeda,Center Forward,111.0,34.3,120.0,46.8,0.07710243,Off T,Head,Open Play,Normal,0
b8c140cf-6136-4dfb-821c-97c7ce3d28ec,3857284,2,46,34,770,Germany,8400,Serge Gnabry,Right Wing,108.3,57.9,120.0,44.2,0.013327111,Post,Right Foot,Open Play,Normal,0
be213c96-cdf9-4a6a-a1c5-4e8c33966c0b,3857284,2,49,41,778,Japan,9411,Daichi Kamada,Left Wing,103.3,47.4,105.1,46.8,0.06444196,Blocked,Right Foot,Open Play,Normal,0
69769c3b-5da5-4858-819d-cacaa9b54faf,3857284,2,50,46,770,Germany,39565,Jamal Musiala,Left Wing,107.2,41.0,120.0,39.9,0.15860753,Off T,Right Foot,Open Play,Normal,0
9a276feb-2c82-4d61-97cd-114c0bb962df,3857284,2,57,6,778,Japan,8949,Takuma Asano,Center Forward,114.7,49.4,120.0,50.0,0.06737846,Off T,Head,Open Play,Normal,1
d29e7223-7bc6-41bc-bb90-a67d9b8758bb,3857284,2,59,14,770,Germany,10287,İlkay Gündoğan,Left Defensive Midfield,103.0,40.0,120.0,44.2,0.10696415,Post,Right Foot,Open Play,Normal,0
0aded50a-5e7b-4b88-9a61-af5971674b2f,3857284,2,60,18,778,Japan,8949,Takuma Asano,Center Forward,106.4,25.8,120.0,49.9,0.06586899,Off T,Left Foot,Open Play,Normal,0
7cec90dd-6f0f-48db-8475-02056b3807d6,3857284,2,65,30,778,Japan,8949,Takuma Asano,Center Forward,106.9,26.5,107.7,27.5,0.029970925,Blocked,Left Foot,Open Play,Normal,0
5c54df63-0251-46f6-9130-998568670772,3857284,2,66,2,778,Japan,29595,Ko Itakura,Right Center Back,112.6,51.3,116.3,42.9,0.034016185,Blocked,Head,Open Play,Normal,0
2abe26e9-c948-497e-9fef-82f13a7f4c18,3857284,2,67,51,778,Japan,8949,Takuma Asano,Center Forward,112.5,51.1,113.1,50.1,0.0360808,Blocked,Right Foot,Open Play,Normal,1
522174e3-990f-4878-849d-24499f66c499,3857284,2,69,46,770,Germany,8804,Jonas Hofmann,Right Wing,111.1,48.5,114.4,45.4,0.32657883,Saved,Right Foot,Open Play,Half Volley,0
deecac76-83d8-4183-bc1a-f3a1f8754f98,3857284,2,69,51,770,Germany,8400,Serge Gnabry,Left Wing,103.3,57.9,118.3,41.7,0.02483029,Saved,Left Foot,Open Play,Normal,0
f9a875b9-469c-4fd6-aa1d-5daf58f2fb5d,3857284,2,70,2,770,Germany,8400,Serge Gnabry,Left Wing,112.2,43.5,119.6,43.0,0.11167552,Saved,Head,Open Play,Normal,0
60937c94-36e7-4cc1-9041-1be1cc64f688,3857284,2,70,4,770,Germany,8400,Serge Gnabry,Left Wing,117.7,49.5,119.0,45.5,0.0550312,Saved,Right Foot,Open Play,Normal,0
e8de340d-68cc-4d20-b80e-48a15c1757f6,3857284,2,72,39,778,Japan,23527,Junya Ito,Right Wing,109.2,36.3,118.9,39.6,0.06845111,Saved,Right Foot,Open Play,Half Volley,0
82a8b614-d3d3-43d6-afac-73df86ffda65,3857284,2,72,40,778,Japan,3530,Hiroki Sakai,Right Wing Back,113.4,46.3,120.0,44.9,0.28772855,Off T,Right Foot,Open Play,Half Volley,0
2bf95ac5-c51d-4fb6-824b-6929b46425cb,3857284,2,74,45,778,Japan,8776,Takumi Minamino,Left Wing,112.8,24.4,118.1,36.4,0.013784891,Saved,Left Foot,Open Play,Normal,0
d1212057-3deb-4def-adea-6624f38f7950,3857284,2,74,46,778,Japan,8361,Ritsu Doan,Right Wing,112.1,41.5,120.0,38.8,0.4777511,Goal,Left Foot,Open Play,Normal,0
80aaab43-e46c-4cfd-8bbc-199d515db921,3857284,2,79,46,770,Germany,3167,Antonio Rüdiger,Right Center Back,115.5,39.4,120.0,42.6,0.18550046,Off T,Head,Open Play,Normal,1
d71bc1d5-1501-4fe6-9ae8-a490371ee93e,3857284,2,82,42,778,Japan,8949,Takuma Asano,Center Forward,117.7,50.2,120.0,42.2,0.02668418,Goal,Right Foot,Open Play,Normal,0
7fc648cb-979b-45be-bd04-d6e9e969acd1,3857284,2,89,16,770,Germany,8546,Niclas Füllkrug,Left Center Forward,106.9,41.0,120.0,46.2,0.031593546,Off T,Head,Open Play,Normal,1
aa3266e6-5314-4577-971f-56c76b7d4f28,3857284,2,93,50,770,Germany,3167,Antonio Rüdiger,Right Center Back,86.2,37.2,120.0,29.9,0.017847534,Off T,Right Foot,Open Play,Normal,0
fa3b646a-a38f-456c-ae47-678e3be6d54b,3857284,2,94,42,770,Germany,6324,Leon Goretzka,Left Defensive Midfield,100.3,40.9,120.0,34.4,0.088851534,Off T,Right Foot,Open Play,Half Volley,0
86f3e7d6-98d3-4e9e-ae01-55ee35dd93bf,3857284,2,97,16,770,Germany,6322,Niklas Süle,Right Back,116.5,31.6,117.3,33.4,0.07610536,Blocked,Right Foot,Open Play,Volley,0
14374288-0565-4f12-b39e-318100137d0a,3857254,1,2,2,777,Tunisia,23910,Youssef Msakni,Left Wing,92.6,52.0,101.1,47.5,0.023819994,Blocked,Right Foot,Open Play,Normal,0
89cbea71-b5ef-4c16-9bd3-39b511619958,3857254,1,4,10,777,Tunisia,16352,Issam Jebali,Center Forward,114.0,54.8,114.6,53.3,0.014059674,Blocked,Left Foot,Open Play,Normal,0
700d58f9-8032-4543-9a9d-b134c6996608,3857254,1,10,46,777,Tunisia,9236,Mohamed Dräger,Right Wing Back,93.4,44.5,98.1,43.9,0.033114884,Blocked,Right Foot,Open Play,Normal,0
63422fb4-45a3-4f30-8340-53d468a8b8cb,3857254,1,11,47,777,Tunisia,23910,Youssef Msakni,Left Wing,114.7,29.6,120.0,43.4,0.04366076,Off T,Head,Open Play,Normal,0
490287f7-4b99-49f8-ac89-16766ac7a05b,3857254,1,22,5,776,Denmark,6302,Kasper Dolberg,Left Center Forward,115.3,32.5,116.0,33.8,0.124032564,Blocked,Right Foot,Open Play,Volley,0
4e6ade78-7d2d-4628-95b5-d380667d7426,3857254,1,22,9,776,Denmark,8247,Joachim Andersen,Right Center Back,99.7,30.3,119.3,36.5,0.02765422,Saved,Left Foot,Open Play,Half Volley,0
0562fc11-c951-4599-9d1f-36763b0b87e3,3857254,1,32,58,776,Denmark,3570,Pierre-Emile Højbjerg,Right Center Midfield,95.4,19.0,117.8,38.9,0.008709067,Saved,Right Foot,Open Play,Normal,0
f6da2249-bc9a-42eb-9c4e-7bf2c8288a4e,3857254,1,38,12,777,Tunisia,5651,Yassine Meriah,Center Back,111.4,49.3,112.2,48.5,0.046073906,Blocked,Right Foot,Open Play,Half Volley,0
0beabfd1-d0cf-4392-a39b-6890fa0faffe,3857254,1,38,14,777,Tunisia,44955,Aïssa Bilal Laïdouni,Left Defensive Midfield,115.0,52.2,120.0,44.7,0.06712157,Off T,Right Foot,Open Play,Normal,0
403eb53c-527a-462c-8081-5b111b758ae1,3857254,1,42,0,777,Tunisia,16352,Issam Jebali,Center Forward,112.0,44.9,114.6,43.4,0.4656446,Saved,Right Foot,Open Play,Lob,0
51035ef1-1abd-447e-96fd-a16a6e0ed310,3857254,1,42,47,777,Tunisia,3767,Ellyes Joris Skhiri,Right Defensive Midfield,99.8,40.9,120.0,39.9,0.059586592,Off T,Left Foot,Open Play,Half Volley,0
e4138641-20ea-47fb-8f63-4faea5b02279,3857254,2,45,11,777,Tunisia,16352,Issam Jebali,Center Forward,112.1,47.5,112.6,44.6,0.11338296,Wayward,Head,Open Play,Normal,1
723752d4-baaa-4b14-a6df-489de027e012,3857254,2,45,45,777,Tunisia,23910,Youssef Msakni,Left Wing,114.7,48.7,120.0,45.8,0.07208876,Off T,Right Foot,Open Play,Volley,0
af44367b-ffb2-4595-bc0e-975f6abe7ca6,3857254,2,50,57,777,Tunisia,9236,Mohamed Dräger,Right Wing Back,92.2,49.3,100.0,46.8,0.020917216,Blocked,Right Foot,Open Play,Normal,0
ad0527aa-0ede-426c-a223-f964639252b0,3857254,2,52,1,777,Tunisia,3767,Ellyes Joris Skhiri,Right Defensive Midfield,99.5,39.6,111.3,39.7,0.041405495,Blocked,Right Foot,Open Play,Volley,0
e945634d-51d8-433d-b194-ce23b5710fb8,3857254,2,52,2,777,Tunisia,5655,Dylan Daniel Mahmoud Bronn,Right Center Back,103.9,36.4,106.3,37.0,0.059058707,Blocked,Right Foot,Open Play,Half Volley,0
e6f8342c-9ba8-44bd-aa16-3d7f4c74838e,3857254,2,56,32,776,Denmark,6302,Kasper Dolberg,Center Forward,117.0,35.0,117.7,52.6,0.25651878,Wayward,Head,Open Play,Normal,0
7ce22041-277e-47f1-8a76-cdd4afc35782,3857254,2,68,26,776,Denmark,3043,Christian Dannemann Eriksen,Center Attacking Midfield,99.2,36.8,116.0,41.2,0.08509644,Saved,Left Foot,Open Play,Normal,0
641eb264-6cf2-4608-a8b8-5c2405194994,3857254,2,69,15,776,Denmark,3959,Andreas Christensen,Left Center Back,117.4,37.0,119.2,43.8,0.27134958,Wayward,Head,Open Play,Normal,1
890c938b-f449-4b14-952e-44f29a0b505a,3857254,2,69,16,776,Denmark,5732,Andreas Evald Cornelius,Center Forward,118.2,43.9,120.0,44.1,0.5683119,Post,Head,Open Play,Normal,0
2d2cead9-e62c-4e5a-aac7-98d41ca14ded,3857254,2,75,27,776,Denmark,18722,Mathias Jensen,Left Defensive Midfield,102.5,24.2,120.0,33.7,0.02872357,Off T,Right Foot,Open Play,Normal,0
2c44ca3f-6e81-4f0c-a80c-96b9653da2e1,3857254,2,91,9,776,Denmark,5732,Andreas Evald Cornelius,Center Forward,114.4,36.8,119.2,39.4,0.14539434,Saved,Head,Open Play,Normal,1
eae27d9b-4c57-427b-8b4c-6e7cd0f1b5cb,3857254,2,91,41,776,Denmark,16554,Joakim Mæhle,Left Back,95.0,30.2,96.4,30.9,0.028684001,Blocked,Right Foot,Open Play,Normal,0
c58e2f4e-aec8-490c-a773-c32f43fd00ed,3857254,2,96,18,776,Denmark,5732,Andreas Evald Cornelius,Center Forward,108.8,46.4,118.8,43.8,0.022084296,Saved,Head,Open Play,Normal,1
370553dd-9c69-4f13-ab79-351b5f000cc7,3857265,1,6,46,789,Poland,5668,Robert Lewandowski,Center Forward,110.6,37.2,113.6,35.9,0.056964528,Blocked,Head,Open Play,Normal,1
86db4c4f-4296-4cd5-89cd-6d79fba726cb,3857265,1,11,44,794,Mexico,5573,Héctor Alfredo Moreno Herrera,Left Center Back,114.5,42.4,120.0,42.8,0.1766503,Off T,Head,Open Play,Normal,1
4086e32f-d0a6-4618-84ff-0dc69c5fc955,3857265,1,25,41,794,Mexico,26301,Ernesto Alexis Vega Rojas,Left Wing,113.2,34.6,120.0,44.6,0.098180205,Off T,Head,Open Play,Normal,1
1c5bdf2c-1920-4ed7-9b80-699ca1429b5f,3857265,1,43,56,794,Mexico,26301,Ernesto Alexis Vega Rojas,Left Wing,108.5,23.7,109.9,25.8,0.025630916,Blocked,Left Foot,Open Play,Volley,0
90104e5a-ef6b-4e9e-ba6e-79b8bed653e8,3857265,1,44,18,794,Mexico,26406,Jorge Eduardo Sánchez Ramos,Right Back,110.1,60.7,118.9,44.0,0.0069717234,Saved,Right Foot,Open Play,Normal,0
571cd857-5cbb-44d2-80ea-a089e1a2480c,3857265,1,46,1,794,Mexico,28825,Luis Gerardo Chávez Magallón,Left Center Midfield,92.1,56.9,92.9,56.4,0.008207667,Blocked,Left Foot,Open Play,Normal,1
cefd85c4-3b07-4392-a40e-2101198ffd66,3857265,2,51,45,794,Mexico,5571,Hirving Rodrigo Lozano Bahena,Right Wing,93.9,25.2,117.7,39.7,0.02413981,Saved,Right Foot,Open Play,Normal,0
5ee0aff8-6137-437a-84a3-320adf30aed6,3857265,2,57,23,789,Poland,5668,Robert Lewandowski,Center Forward,108.1,40.0,118.7,42.9,0.7835,Saved,Right Foot,Penalty,Normal,0
1dda7170-e35f-406f-8403-721cde8904c1,3857265,2,57,26,789,Poland,31955,Jakub Kamiński,Right Midfield,113.4,48.8,114.2,47.7,0.10166888,Blocked,Right Foot,Open Play,Normal,0
2a275f0d-eb16-4923-9c98-b2e7f7fdf086,3857265,2,59,13,794,Mexico,26301,Ernesto Alexis Vega Rojas,Left Wing,107.9,29.9,109.4,31.3,0.0609232,Blocked,Right Foot,Open Play,Normal,0
33ef2ae2-9ad0-48cc-acd4-c210fac8592c,3857265,2,63,24,794,Mexico,26400,Henry Josué Martín Mex,Center Forward,106.7,35.1,117.2,40.0,0.06434309,Saved,Head,Open Play,Normal,0
89b76039-c68f-47a6-af7d-1a8a9ea96e47,3857265,2,65,55,794,Mexico,26301,Ernesto Alexis Vega Rojas,Left Wing,102.7,60.6,120.0,45.5,0.009746956,Off T,Right Foot,Open Play,Normal,0
ec9bdd18-4caa-4675-ada1-e195fd54c7d9,3857265,2,79,46,794,Mexico,26301,Ernesto Alexis Vega Rojas,Left Wing,93.0,24.5,120.0,49.1,0.014301864,Off T,Right Foot,Open Play,Half Volley,0
4c292e31-05ce-4f6f-a5d1-5e5d408b26e6,3857265,2,81,21,789,Poland,44166,Jakub Piotr Kiwior,Left Center Back,113.3,41.7,115.7,34.8,0.12449861,Wayward,Head,Open Play,Normal,1
9be1b301-9784-4f2b-b709-d2d4dec0d578,3857265,2,93,52,789,Poland,31955,Jakub Kamiński,Right Midfield,109.4,24.8,117.1,34.8,0.04959144,Saved,Left Foot,Open Play,Normal,1
130588e4-eb77-40f5-8dcd-7b3d3b957075,3857265,2,95,25,789,Poland,3637,Grzegorz Krychowiak,Right Defensive Midfield,90.9,48.7,120.0,35.0,0.02170277,Off T,Right Foot,Open Play,Normal,0
cf2f4b27-0de7-4e85-a26c-8383ed129cc0,3857265,2,95,53,794,Mexico,15452,Carlos Uriel Antuna Romero,Right Wing,101.9,56.4,116.8,43.8,0.0400392,Saved,Left Foot,Open Play,Normal,1
6051587a-901e-4679-8ab9-f9e6f12372bb,3857301,1,3,50,787,Senegal,2941,Ismaïla Sarr,Right Wing,113.5,52.4,120.0,44.9,0.07323868,Off T,Right Foot,Open Play,Normal,1
ce9537be-2f40-4481-9dba-9316c4048857,3857301,1,8,9,787,Senegal,4506,Nampalys Mendy,Right Defensive Midfield,93.8,39.3,120.0,33.9,0.025409508,Off T,Right Foot,Open Play,Half Volley,0
a386edc2-f4bb-400d-b276-4a9977b34287,3857301,1,14,36,3566,Qatar,40784,Akram Hassan Afif,Left Center Forward,92.5,41.5,120.0,42.5,0.019990891,Off T,Right Foot,Open Play,Half Volley,0
ea827ccf-d981-4450-acf8-9536b9f2c1b7,3857301,1,15,22,787,Senegal,20758,Krépin Diatta,Left Wing,111.2,26.7,118.8,35.6,0.039485876,Saved,Left Foot,Open Play,Normal,1
48ba6f51-4232-4d8c-b44a-73ca774420be,3857301,1,16,3,787,Senegal,13314,Famara Diedhiou,Center Forward,112.9,38.6,120.0,46.1,0.14633009,Off T,Head,Open Play,Normal,0
38c2f84a-b37f-48f4-b81a-6242dd9a532b,3857301,1,23,44,787,Senegal,3436,Idrissa Gana Gueye,Left Defensive Midfield,95.4,52.7,120.0,34.8,0.029332913,Off T,Right Foot,Open Play,Normal,0
df7b0eb7-8a34-44f5-a52a-cdb53b7979e3,3857301,1,25,26,3566,Qatar,124494,Abdelkarim Hassan Al Haj Fadlalla,Left Center Back,93.6,20.3,94.4,20.8,0.009041326,Blocked,Left Foot,Open Play,Normal,0
727ba17a-7278-4fd0-b379-5978948143dc,3857301,1,40,20,787,Senegal,20611,Boulaye Dia,Center Attacking Midfield,107.2,33.3,120.0,37.0,0.23054633,Goal,Right Foot,Open Play,Normal,0
9ab4eee5-bbfb-48f7-8d2a-5e72bc956222,3857301,2,47,51,787,Senegal,13314,Famara Diedhiou,Center Forward,112.5,48.1,120.0,37.0,0.038498666,Goal,Head,Open Play,Normal,0
3f100f2f-1036-49d2-a120-535ec84920f6,3857301,2,54,58,3566,Qatar,124494,Abdelkarim Hassan Al Haj Fadlalla,Left Center Back,111.6,39.3,112.7,39.6,0.16305494,Blocked,Right Foot,Open Play,Half Volley,0
807cc86e-ef95-4313-b40e-5531605154f2,3857301,2,56,39,787,Senegal,2941,Ismaïla Sarr,Right Wing,112.1,27.2,112.5,27.7,0.030363984,Blocked,Left Foot,Open Play,Half Volley,0
9cac3331-2996-499e-8bd1-c3bcdde52453,3857301,2,58,16,787,Senegal,13314,Famara Diedhiou,Center Forward,108.8,48.6,109.7,48.1,0.05329144,Blocked,Right Foot,Open Play,Half Volley,1
848adb71-9302-4d2d-b729-fc430a3a4d43,3857301,2,60,36,3566,Qatar,124494,Abdelkarim Hassan Al Haj Fadlalla,Left Center Back,89.5,22.9,120.0,45.2,0.006098259,Off T,Right Foot,Open Play,Normal,0
abff7ac7-6180-4fa7-94b9-0c644380e9a9,3857301,2,62,12,3566,Qatar,124495,Almoez Ali Zainalabiddin Abdulla,Right Center Forward,102.6,34.4,115.0,37.0,0.21404111,Saved,Left Foot,Open Play,Normal,0
b4b5816e-90ab-4a35-9540-3934754b714c,3857301,2,66,21,3566,Qatar,124899,Ismaeel Mohammad Mohammad,Right Wing Back,113.2,40.5,117.8,38.8,0.3277431,Saved,Other,Open Play,Normal,0
f9f3920b-1ab7-4963-a264-5a1d63323e70,3857301,2,68,48,787,Senegal,4506,Nampalys Mendy,Right Center Midfield,107.3,53.4,120.0,41.4,0.067961,Off T,Right Foot,Open Play,Normal,0
73de072f-23cd-4f38-89be-fd209c58b659,3857301,2,77,39,3566,Qatar,124901,Mohammed Muntari,Left Center Forward,110.1,38.7,120.0,36.9,0.072239615,Goal,Head,Open Play,Normal,1
78b596e2-8a04-4d2a-ba99-369f526424a7,3857301,2,80,53,787,Senegal,20611,Boulaye Dia,Left Wing,107.1,38.8,120.0,13.6,0.052429575,Wayward,Head,Open Play,Normal,1
a84dc163-7627-4553-900a-7720ce6b6099,3857301,2,83,6,787,Senegal,88123,Cheikh Ahmadou Bamba Mbacke Dieng,Center Forward,107.8,45.3,120.0,42.3,0.11607656,Goal,Right Foot,Open Play,Normal,0
026eea90-9a3c-4061-8e2e-b512ffdd1005,3857301,2,88,5,3566,Qatar,124494,Abdelkarim Hassan Al Haj Fadlalla,Left Wing Back,95.4,52.1,120.0,45.0,0.023370314,Off T,Left Foot,Open Play,Normal,0
72907c83-f8eb-421f-aa75-3b2d4c96d747,3857301,2,89,57,3566,Qatar,124901,Mohammed Muntari,Left Center Forward,110.5,39.5,111.5,39.5,0.06740542,Blocked,Head,Open Play,Normal,1
8a467e35-674d-487b-8169-c85c233e8d5e,3857301,2,93,47,3566,Qatar,124495,Almoez Ali Zainalabiddin Abdulla,Right Center Forward,97.1,41.8,120.0,35.0,0.057101198,Off T,Left Foot,Open Play,Normal,0
30a8b555-579d-4b38-8d7d-7f4ed35dcd53,3857268,1,0,51,782,Belgium,3457,Michy Batshuayi Tunga,Center Forward,91.7,31.8,116.1,39.5,0.017552001,Saved,Right Foot,Open Play,Normal,0
e59d4cd8-73dd-4995-b8dd-4246a5219d35,3857268,1,1,41,1833,Canada,11187,Stephen Antunes Eustáquio,Left Defensive Midfield,109.8,50.0,112.4,47.9,0.0798905,Blocked,Right Foot,Open Play,Normal,0
a2389d84-0e95-401b-befc-9e9143d9118b,3857268,1,6,18,1833,Canada,23640,Jonathan David,Center Forward,111.4,42.8,112.4,42.9,0.12589528,Blocked,Right Foot,Open Play,Half Volley,0
17391a2d-cb1a-4acb-a871-a02531adc218,3857268,1,7,9,1833,Canada,24024,Tajon Buchanan,Right Attacking Midfield,106.2,35.6,109.7,36.3,0.05664073,Blocked,Right Foot,Open Play,Half Volley,0
a0849b15-1abc-4429-ac77-9fd4d65c0c4a,3857268,1,10,0,1833,Canada,12365,Alphonso Davies,Left Wing Back,108.1,40.1,119.5,38.0,0.7835,Saved,Left Foot,Penalty,Normal,0
7024cf38-b810-41b0-b19d-7983a954e2b3,3857268,1,10,2,1833,Canada,23640,Jonathan David,Center Forward,110.4,34.6,120.0,45.6,0.20472932,Off T,Right Foot,Open Play,Volley,0
3e283a7a-ab91-4e8c-8a21-79d5a923833d,3857268,1,12,14,1833,Canada,16120,Richie Laryea,Right Wing Back,105.0,56.4,120.0,46.5,0.033730526,Off T,Left Foot,Open Play,Normal,1
026c0f2c-4a2f-489f-a26b-9bd76966366b,3857268,1,12,51,1833,Canada,23640,Jonathan David,Center Forward,107.7,45.9,108.6,45.4,0.08619453,Blocked,Left Foot,Open Play,Normal,0
dbe7de48-c141-4170-b307-63b4ee338bee,3857268,1,15,30,1833,Canada,9922,David Junior Hoilett,Left Attacking Midfield,104.9,53.9,120.0,33.6,0.04071268,Off T,Left Foot,Open Play,Normal,0
4d2a7a72-edd7-4891-9a82-3443a1b0b635,3857268,1,22,33,782,Belgium,3457,Michy Batshuayi Tunga,Center Forward,112.3,50.2,112.9,49.5,0.04664896,Blocked,Right Foot,Open Play,Normal,0
d4d4dfeb-b6f5-44cf-ae98-fd0d57334727,3857268,1,26,9,1833,Canada,31684,Atiba Hutchinson,Right Defensive Midfield,98.1,44.7,120.0,46.9,0.04634635,Off T,Right Foot,Open Play,Normal,0
52480768-03ce-4fcc-a5de-c2857e22776e,3857268,1,29,16,1833,Canada,44703,Alistair Johnston,Right Center Back,108.1,56.3,118.8,43.1,0.033541974,Saved,Right Foot,Open Play,Normal,0
64d9bf0a-3845-4cfa-b1f8-e81c4341f568,3857268,1,30,43,1833,Canada,23640,Jonathan David,Center Forward,104.4,37.5,109.6,38.0,0.08845105,Blocked,Right Foot,Open Play,Normal,0
6af45f7e-36b9-49df-88fc-b9c95807dd71,3857268,1,31,58,1833,Canada,23640,Jonathan David,Center Forward,111.1,34.1,120.0,33.2,0.088843234,Off T,Head,Open Play,Normal,0
4ce70135-2c76-4d6f-b460-f4dd91b0ef1a,3857268,1,32,31,782,Belgium,3457,Michy Batshuayi Tunga,Center Forward,111.8,51.3,120.0,49.5,0.08121458,Off T,Right Foot,Open Play,Volley,0
6c69021e-9182-4454-930c-7ebfb880441d,3857268,1,43,32,782,Belgium,3457,Michy Batshuayi Tunga,Center Forward,109.0,36.1,120.0,41.6,0.24992359,Goal,Left Foot,Open Play,Half Volley,0
c3e6e691-c817-40ce-83ec-5b8ca549cb33,3857268,1,46,53,1833,Canada,24024,Tajon Buchanan,Right Attacking Midfield,112.6,42.5,120.0,40.3,0.29588586,Off T,Left Foot,Open Play,Half Volley,1
f9b683e4-5e4b-48ee-a8a8-23b48af5973a,3857268,1,48,51,1833,Canada,11187,Stephen Antunes Eustáquio,Left Defensive Midfield,100.5,38.5,109.6,40.7,0.048581414,Blocked,Right Foot,Open Play,Half Volley,0
15b3088d-0d93-4b7b-adba-1867e3289b06,3857268,2,47,52,1833,Canada,23640,Jonathan David,Center Forward,111.7,36.9,120.0,34.1,0.120068476,Off T,Head,Open Play,Normal,1
a925c8e0-53ea-4496-9854-64292c603fa3,3857268,2,49,42,1833,Canada,11187,Stephen Antunes Eustáquio,Left Defensive Midfield,97.8,52.7,120.0,30.8,0.03604073,Off T,Right Foot,Open Play,Normal,0
dbae15f1-d084-4e82-80c9-c7396c4ff653,3857268,2,62,15,1833,Canada,24024,Tajon Buchanan,Left Wing Back,98.3,34.5,120.0,46.7,0.0587075,Off T,Right Foot,Open Play,Normal,0
896d9782-5b37-4c8f-824d-087a3115c57a,3857268,2,66,1,1833,Canada,16120,Richie Laryea,Right Wing Back,101.7,54.6,120.0,46.3,0.022910038,Off T,Right Foot,Open Play,Normal,0
70efe707-a8e2-4c4c-98d5-a4363b4ce115,3857268,2,66,41,782,Belgium,3457,Michy Batshuayi Tunga,Center Forward,103.9,43.0,105.0,42.9,0.0897183,Blocked,Right Foot,Open Play,Normal,0
535b2a25-6aaf-4936-8390-841cd52843ea,3857268,2,76,49,1833,Canada,23640,Jonathan David,Left Attacking Midfield,103.1,38.1,104.7,38.2,0.04574546,Blocked,Left Foot,Open Play,Normal,0
3762fdb2-12ce-48f5-a25c-f5f8818ae45f,3857268,2,79,29,1833,Canada,16459,Cyle Larin,Right Attacking Midfield,108.2,44.1,118.5,38.4,0.07200206,Saved,Head,Open Play,Normal,0
9ce13c53-ea79-41da-a80c-a2c3c2556aff,3857268,2,84,35,782,Belgium,6331,Leander Dendoncker,Right Center Back,112.5,43.5,120.0,39.5,0.08894938,Off T,Head,Open Play,Normal,1
d60b7ce2-c083-43a4-a37d-0a52214a8718,3857268,2,85,9,782,Belgium,3089,Kevin De Bruyne,Right Attacking Midfield,96.6,39.5,120.0,45.9,0.061057936,Off T,Right Foot,Open Play,Normal,0
a982106a-a75e-4140-9225-f80b413ba22e,3857268,2,85,40,1833,Canada,16459,Cyle Larin,Right Center Forward,111.7,37.5,120.0,33.4,0.111036494,Off T,Head,Open Play,Normal,1
5bacbef6-cc8c-4df6-af6a-04b175d14741,3857268,2,90,3,782,Belgium,3176,Thomas Meunier,Right Wing Back,98.0,55.5,103.9,50.6,0.025805552,Blocked,Right Foot,Open Play,Normal,0
e32243e7-a6a0-490f-be8e-b75fe1b0647b,3857268,2,90,51,782,Belgium,3089,Kevin De Bruyne,Right Attacking Midfield,114.3,59.2,119.0,44.0,0.009170555,Saved,Right Foot,Open Play,Normal,0
891a7cc9-80b4-4145-a88d-183dd0a72153,3857268,2,91,22,1833,Canada,16459,Cyle Larin,Right Center Forward,111.1,36.1,111.9,36.3,0.06675813,Blocked,Head,Open Play,Normal,1
90b35760-682e-420e-92c6-48c33feef182,3857269,1,5,47,773,Switzerland,7796,Silvan Widmer,Right Back,114.9,30.0,120.0,32.4,0.05117428,Off T,Right Foot,Open Play,Volley,0
ccdb8f0e-10fe-45f4-8c54-f0a74c222730,3857269,1,26,41,781,Brazil,18395,Vinícius José Paixão de Oliveira Júnior,Left Midfield,112.1,34.0,119.2,36.7,0.21638125,Saved,Right Foot,Open Play,Volley,0
b660fbc5-1653-455b-98f7-9eefab7d3fea,3857269,1,27,17,781,Brazil,5539,Carlos Henrique Casimiro,Left Defensive Midfield,94.3,39.7,110.7,46.4,0.023129713,Wayward,Right Foot,Open Play,Half Volley,0
f227c1e8-8585-4d1a-9c58-d39830356a78,3857269,1,30,19,781,Brazil,10595,Raphael Dias Belloli,Right Midfield,90.1,46.2,118.7,40.9,0.02201561,Saved,Left Foot,Open Play,Normal,0
c4bf7562-5878-4cd5-a4ca-5afcffafc78c,3857269,1,31,27,781,Brazil,3280,Richarlison de Andrade,Center Forward,104.2,41.2,104.9,41.2,0.022230485,Blocked,Head,Open Play,Normal,1
33ff8da8-1946-4841-a4c2-eaea16002f77,3857269,1,36,51,781,Brazil,13620,Éder Gabriel Militão,Right Back,93.2,45.0,99.0,44.2,0.02857021,Blocked,Right Foot,Open Play,Normal,0
7522cc55-f097-431f-9173-2bb1c6130012,3857269,1,43,40,781,Brazil,3295,Thiago Emiliano da Silva,Right Center Back,115.0,43.5,115.6,43.3,0.14148508,Blocked,Head,Open Play,Normal,1
4094455f-bba0-4bd9-83af-5bd061f761cd,3857269,2,52,37,773,Switzerland,16026,Djibril Sow,Center Attacking Midfield,112.6,48.8,113.4,48.2,0.087867536,Blocked,Right Foot,Open Play,Normal,0
f36222e4-425a-4b60-90ce-ee0563d3a95d,3857269,2,53,31,773,Switzerland,30401,Ruben Vargas,Left Wing,104.3,26.2,105.6,27.2,0.029704679,Blocked,Right Foot,Open Play,Normal,0
0c853598-4598-4008-821b-3530593e492b,3857269,2,54,10,773,Switzerland,5549,Manuel Obafemi Akanji,Right Center Back,103.5,43.9,114.0,45.1,0.028123023,Wayward,Head,Open Play,Normal,0
000d3c08-46f5-4569-824d-b7719f626d1b,3857269,2,59,39,773,Switzerland,16026,Djibril Sow,Center Attacking Midfield,99.4,37.0,103.0,38.3,0.0625126,Blocked,Right Foot,Open Play,Normal,0
b62c510a-83c2-4cbd-87bf-f7d441854b78,3857269,2,59,54,773,Switzerland,3913,Edimilson Fernandes,Left Wing,97.4,42.8,99.1,42.8,0.029247057,Blocked,Right Foot,Open Play,Normal,0
b73e743c-d52b-41c7-b455-268e8938cbe9,3857269,2,69,40,781,Brazil,4372,Marcos Aoás Corrêa,Right Center Back,110.6,37.4,120.0,58.6,0.07814184,Wayward,Head,Open Play,Normal,1
d4cd77e6-f4c2-4d41-a5bc-40dcc83976f1,3857269,2,71,4,781,Brazil,3280,Richarlison de Andrade,Center Forward,107.0,26.5,107.8,27.3,0.038312852,Blocked,Left Foot,Open Play,Normal,0
b1c4fc15-d031-4f58-b3c7-9fd6708c7cf9,3857269,2,80,58,781,Brazil,25142,Bruno Guimarães Rodriguez Moura,Right Defensive Midfield,102.2,47.4,118.3,41.0,0.021188514,Saved,Head,Open Play,Normal,0
90380b1f-260f-42c9-95fb-ae1ca4941ee2,3857269,2,82,15,781,Brazil,5539,Carlos Henrique Casimiro,Left Defensive Midfield,106.3,29.4,120.0,43.1,0.068805926,Goal,Right Foot,Open Play,Half Volley,0
8f488d1b-d990-4d87-9ae3-a0f9a81e544a,3857269,2,86,25,781,Brazil,25104,Rodrygo Silva de Goes,Center Attacking Midfield,109.7,25.4,118.2,36.4,0.04824855,Saved,Right Foot,Open Play,Normal,0
9eb07769-e172-41a0-9cac-cec1dd4d6dd1,3857269,2,86,51,781,Brazil,25363,Antony Matheus dos Santos,Right Midfield,102.1,56.6,120.0,33.4,0.020722246,Off T,Left Foot,Open Play,Normal,0
733e5141-6b97-4010-8100-b926aa73c9bf,3857269,2,93,27,781,Brazil,25104,Rodrygo Silva de Goes,Center Attacking Midfield,105.8,41.8,108.0,41.4,0.19349767,Blocked,Right Foot,Open Play,Normal,0
642515e1-293b-497f-bfbb-3546264f1b33,3869321,1,4,33,779,Argentina,7797,Rodrigo Javier De Paul,Right Center Midfield,101.6,53.3,110.4,47.2,0.02377054,Blocked,Right Foot,Open Play,Half Volley,0
52c4e934-0c99-4c5c-93db-b538bc800e9b,3869321,1,21,36,779,Argentina,5503,Lionel Andrés Messi Cuccittini,Right Center Forward,96.6,50.3,120.0,35.7,0.037832856,Off T,Left Foot,Open Play,Normal,0
2a672651-8c7c-4ac7-b16c-711fa08790df,3869321,1,23,42,941,Netherlands,8259,Steven Bergwijn,Right Center Forward,101.6,32.9,120.0,53.2,0.089517,Off T,Left Foot,Open Play,Half Volley,0
e6038dbd-a8c4-427f-9663-54654cde0b0b,3869321,1,32,39,779,Argentina,7797,Rodrigo Javier De Paul,Right Center Midfield,97.6,42.3,118.0,41.6,0.049762752,Saved,Right Foot,Open Play,Normal,1
ba0291a6-1cd3-43f0-8394-b91c7cd6d4e2,3869321,1,34,4,779,Argentina,29201,Nahuel Molina Lucero,Right Wing Back,109.1,42.4,120.0,36.5,0.43442267,Goal,Right Foot,Open Play,Normal,0
8d04b410-694a-4eb3-8354-d8e67249dfb3,3869321,1,39,9,779,Argentina,5503,Lionel Andrés Messi Cuccittini,Right Center Forward,104.0,32.2,118.1,39.1,0.03387043,Saved,Right Foot,Open Play,Normal,1
94fd7830-c3a3-4f62-ab45-ae7bcc688e86,3869321,2,62,29,779,Argentina,5503,Lionel Andrés Messi Cuccittini,Right Center Forward,96.0,33.3,120.0,43.7,0.07608311,Off T,Left Foot,Free Kick,Normal,0
dc11fa36-49c6-41db-a883-9991c8711696,3869321,2,72,39,779,Argentina,5503,Lionel Andrés Messi Cuccittini,Right Center Forward,108.0,40.0,120.0,43.3,0.7835,Goal,Left Foot,Penalty,Normal,0
758f3a76-791e-4a71-8cb4-d776a6bd293d,3869321,2,82,17,941,Netherlands,7829,Wout Weghorst,Right Center Forward,108.7,46.4,120.0,37.2,0.047416847,Goal,Head,Open Play,Normal,0
0a4a1e56-5881-463d-a37e-b97aa49cdc29,3869321,2,84,33,941,Netherlands,7745,Steven Berghuis,Right Midfield,104.6,53.3,107.9,51.8,0.032538008,Blocked,Left Foot,Open Play,Half Volley,0
0ada085b-8d72-4c54-8b6c-db3349ad0c84,3869321,2,89,35,941,Netherlands,8125,Denzel Dumfries,Right Back,113.5,52.9,120.0,51.7,0.047394842,Off T,Right Foot,Open Play,Half Volley,0
0766e986-a1be-4f02-b176-8ae4b7ed309e,3869321,2,92,12,941,Netherlands,7745,Steven Berghuis,Right Midfield,97.2,37.9,106.6,37.8,0.08017064,Blocked,Left Foot,Free Kick,Normal,0
1a46edaa-ca09-435a-b841-aa201d1f0e14,3869321,2,100,32,941,Netherlands,7829,Wout Weghorst,Right Center Forward,111.8,39.9,120.0,42.2,0.21959315,Goal,Left Foot,Open Play,Normal,1
28811240-5987-468a-87d6-c237987e22d2,3869321,4,109,18,779,Argentina,5503,Lionel Andrés Messi Cuccittini,Right Center Forward,101.1,53.3,120.0,34.4,0.035418287,Off T,Left Foot,Open Play,Normal,1
500f07f5-8b73-4da3-a208-ae5c9806f7b3,3869321,4,112,14,941,Netherlands,20033,Luuk de Jong,Left Center Forward,110.9,28.4,112.1,29.8,0.05290734,Blocked,Left Foot,Open Play,Volley,0
2704ab9f-8047-4d97-b1d5-d91b82af0418,3869321,4,113,47,779,Argentina,11456,Lautaro Javier Martínez,Left Wing,109.5,45.9,114.6,44.7,0.2245604,Blocked,Right Foot,Open Play,Normal,0
9445b26d-f734-4701-a757-7c83e51c906e,3869321,4,114,54,779,Argentina,38718,Enzo Fernandez,Right Center Midfield,94.2,43.8,103.1,41.9,0.032085553,Blocked,Left Foot,Open Play,Normal,0
74848b41-3f98-4b47-9d9f-661ee7cf5285,3869321,4,115,53,779,Argentina,7161,Germán Alejandro Pezzella,Right Center Back,112.5,31.3,120.0,38.2,0.04452438,Off T,Head,Open Play,Normal,1
4960eb06-e30b-485b-a653-edd092335439,3869321,4,118,36,779,Argentina,11456,Lautaro Javier Martínez,Left Wing,97.6,38.6,117.0,38.5,0.08241133,Saved,Left Foot,Open Play,Normal,1
2e20bbdd-74b0-4840-bf7c-fc460cdecad2,3869321,4,119,27,779,Argentina,5503,Lionel Andrés Messi Cuccittini,Center Forward,96.6,41.6,97.2,41.6,0.04201436,Blocked,Left Foot,Open Play,Normal,1
bc9e059b-1507-48a8-bf8e-15130d04b9ee,3869321,4,120,9,779,Argentina,38718,Enzo Fernandez,Right Center Midfield,97.2,49.3,120.0,36.0,0.038940463,Post,Right Foot,Open Play,Normal,0
506ef1d2-b8f7-4c3a-b8a6-ccde3026c580,3869321,5,120,5,941,Netherlands,3669,Virgil van Dijk,Left Center Back,108.1,40.1,119.5,37.2,0.7835,Saved,Right Foot,Penalty,Normal,0
256dea09-d28e-452b-81e7-1aaf72ffc7d7,3869321,5,121,3,779,Argentina,5503,Lionel Andrés Messi Cuccittini,Center Forward,108.1,40.1,120.0,38.7,0.7835,Goal,Left Foot,Penalty,Normal,0
9e0ea28e-8c8b-4409-bd0c-322a2243a80a,3869321,5,121,45,941,Netherlands,7745,Steven Berghuis,Right Midfield,108.1,40.1,119.4,42.9,0.7835,Saved,Left Foot,Penalty,Normal,0
9ee52d5d-3516-4720-8ad1-72c14f59f0f5,3869321,5,122,39,779,Argentina,16308,Leandro Daniel Paredes,Center Defensive Midfield,108.1,40.1,120.0,36.6,0.7835,Goal,Right Foot,Penalty,Normal,0
21824c95-b910-490c-9f3d-2b89f189114e,3869321,5,123,31,941,Netherlands,7891,Teun Koopmeiners,Right Defensive Midfield,108.1,40.1,120.0,43.7,0.7835,Goal,Left Foot,Penalty,Normal,0
40db7b36-6e61-4096-b3fb-4d6501e460e0,3869321,5,124,15,779,Argentina,28263,Gonzalo Ariel Montiel,Right Back,108.1,40.1,120.0,42.8,0.7835,Goal,Right Foot,Penalty,Normal,0
60f391e2-074e-452e-878c-3f7fa487e97c,3869321,5,124,59,941,Netherlands,7829,Wout Weghorst,Right Center Forward,108.1,40.1,120.0,36.7,0.7835,Goal,Right Foot,Penalty,Normal,0
af507344-33bf-4736-b45a-0f0684361a10,3869321,5,126,0,779,Argentina,38718,Enzo Fernandez,Right Center Midfield,108.1,40.1,120.0,35.4,0.7835,Off T,Right Foot,Penalty,Normal,0
84485632-c230-49b7-b046-0d18a486d54e,3869321,5,126,40,941,Netherlands,20033,Luuk de Jong,Left Center Forward,108.1,40.1,120.0,37.7,0.7835,Goal,Right Foot,Penalty,Normal,0
799dfa0e-f471-459a-9dea-b5379e8150a7,3869321,5,127,42,779,Argentina,11456,Lautaro Javier Martínez,Left Wing,108.1,40.1,120.0,36.4,0.7835,Goal,Right Foot,Penalty,Normal,0
1ae78527-44c9-462c-b6c2-f2c404de276b,3857292,1,1,49,770,Germany,39565,Jamal Musiala,Center Attacking Midfield,99.6,29.7,116.9,39.5,0.06331741,Saved,Right Foot,Open Play,Normal,0
0798c8a1-b35c-49ee-80bd-088a8db5ac2c,3857292,1,6,57,770,Germany,6324,Leon Goretzka,Right Defensive Midfield,109.5,48.0,118.1,57.8,0.15352516,Wayward,Right Foot,Open Play,Normal,0
db2d1858-4ab3-4e4e-a10d-42da2c79e9c0,3857292,1,8,2,770,Germany,5562,Thomas Müller,Center Forward,108.2,42.4,120.0,46.3,0.14610097,Off T,Head,Open Play,Diving Header,0
dfa2c073-d0a6-4210-a1c2-ee150cb031c3,3857292,1,9,31,770,Germany,8400,Serge Gnabry,Left Wing,111.9,33.1,120.0,43.7,0.0895267,Goal,Head,Open Play,Normal,0
49104ff9-caab-401d-a095-663dbefd8ed0,3857292,1,13,56,770,Germany,6324,Leon Goretzka,Right Defensive Midfield,113.1,35.8,119.2,37.0,0.18187125,Saved,Head,Open Play,Normal,0
e9dd9e43-5510-4262-85ba-ff474f9497e8,3857292,1,20,33,770,Germany,5562,Thomas Müller,Center Forward,111.6,41.1,116.2,37.8,0.069567084,Wayward,Head,Open Play,Normal,1
5b242fc1-be28-4ca0-9e6c-aa1d5d272b49,3857292,1,29,32,770,Germany,8400,Serge Gnabry,Left Wing,105.2,30.9,106.5,31.8,0.044056788,Blocked,Right Foot,Open Play,Normal,0
805ceac3-7f82-4f65-a472-a77dc0af4c1f,3857292,1,34,3,770,Germany,5579,Joshua Kimmich,Right Back,92.4,55.8,116.8,41.8,0.011488004,Saved,Right Foot,Open Play,Normal,0
8a4cc3e9-a372-4e57-99b6-e4dc17fee7a8,3857292,1,35,30,770,Germany,39565,Jamal Musiala,Center Attacking Midfield,105.7,33.6,120.0,48.8,0.16202919,Off T,Right Foot,Open Play,Normal,0
144b76d4-3fe1-4f55-9f32-ca04aa1ab4f2,3857292,1,38,59,770,Germany,8400,Serge Gnabry,Left Wing,106.4,28.9,120.0,45.0,0.06251996,Off T,Right Foot,Open Play,Normal,0
fd2700f8-654b-46a8-b02f-4f2fef7c2311,3857292,1,41,56,795,Costa Rica,130185,Keysher Fuller Spence,Right Wing Back,107.3,51.1,114.8,44.5,0.14103858,Saved,Right Foot,Open Play,Half Volley,0
3074f495-700d-416f-b0af-f2db45328354,3857292,1,44,35,770,Germany,3053,Leroy Sané,Right Wing,98.5,47.8,120.0,42.7,0.080942705,Off T,Left Foot,Open Play,Normal,1
cb8361bb-e9ea-49bc-8205-974e0ac622a1,3857292,1,45,12,770,Germany,3053,Leroy Sané,Right Wing,99.5,44.5,102.4,43.6,0.078109905,Blocked,Left Foot,Open Play,Normal,0
67d54d4d-844f-4ac4-867e-aacb398096d7,3857292,2,51,11,795,Costa Rica,130185,Keysher Fuller Spence,Right Wing,108.9,54.5,113.3,48.4,0.050267275,Blocked,Right Foot,Open Play,Normal,0
dabd4c5d-16d4-4a5f-9bb0-729dc6b66984,3857292,2,51,29,795,Costa Rica,5839,Yeltsin Ignacio Tejeda Valverde,Left Defensive Midfield,97.2,48.9,118.4,41.2,0.042256437,Saved,Right Foot,Open Play,Half Volley,1
166568eb-2118-4745-8aa6-af9cc5600440,3857292,2,54,46,770,Germany,8400,Serge Gnabry,Left Midfield,100.7,26.9,104.3,30.1,0.029866349,Blocked,Right Foot,Open Play,Normal,0
dfa9f0c8-7c97-42fe-9d91-b21cee6dd5ff,3857292,2,54,54,770,Germany,3053,Leroy Sané,Right Midfield,91.0,39.6,120.0,34.8,0.02438984,Off T,Left Foot,Open Play,Normal,0
055a53fb-b5e1-4c23-b2dd-42f1399d5e3a,3857292,2,57,38,795,Costa Rica,6328,Kendall Jamaal Waston Manley,Right Center Back,108.9,45.4,118.1,42.1,0.099276,Saved,Head,Open Play,Diving Header,0
0f50a039-09dc-452b-aca2-543393201e24,3857292,2,57,39,795,Costa Rica,5839,Yeltsin Ignacio Tejeda Valverde,Left Defensive Midfield,114.3,38.1,120.0,37.0,0.4798206,Goal,Right Foot,Open Play,Normal,0
2598e2b9-3709-4e47-b3da-d3d67bd19c9b,3857292,2,60,12,770,Germany,39565,Jamal Musiala,Right Defensive Midfield,111.2,28.5,120.0,44.0,0.082946144,Post,Left Foot,Open Play,Normal,0
018ae12c-956d-42f9-828b-63ec2dc7eabf,3857292,2,60,14,770,Germany,39565,Jamal Musiala,Right Defensive Midfield,117.3,31.5,120.0,41.8,0.1066145,Off T,Right Foot,Open Play,Volley,0
e9d3617f-6951-47d3-a0f0-f99a6bd56390,3857292,2,61,1,770,Germany,5562,Thomas Müller,Left Center Forward,106.3,47.2,107.8,46.7,0.05438086,Blocked,Right Foot,Open Play,Normal,0
fd610db8-b330-48eb-a1ef-a12f8f806da2,3857292,2,61,42,770,Germany,3167,Antonio Rüdiger,Left Center Back,114.5,44.2,120.0,44.0,0.41498688,Post,Right Foot,Open Play,Normal,1
a8dd6050-20d1-4d57-a0b4-975123e422f3,3857292,2,66,28,770,Germany,39565,Jamal Musiala,Left Center Midfield,100.6,27.6,120.0,43.8,0.037713535,Post,Right Foot,Open Play,Normal,0
3cfb6e0c-ae3c-4b49-a37a-377dc5b6df9d,3857292,2,66,50,770,Germany,8966,Kai Havertz,Left Center Forward,107.3,35.1,120.0,39.3,0.110909514,Off T,Right Foot,Open Play,Half Volley,0
f34140d6-7990-45d4-8b8a-8a12624f8616,3857292,2,69,6,795,Costa Rica,27163,Juan Pablo Vargas Campos,Left Center Back,116.1,43.1,117.3,42.9,0.18427365,Saved,Left Foot,Open Play,Volley,0
d03c0663-2128-47f5-b6ac-e2b29c6b6e2a,3857292,2,72,4,770,Germany,8966,Kai Havertz,Left Center Forward,109.3,42.6,120.0,38.0,0.4749194,Goal,Right Foot,Open Play,Half Volley,0
43f8c49e-9971-4ece-bb35-345fe985af1a,3857292,2,73,55,770,Germany,8966,Kai Havertz,Left Center Forward,102.8,36.0,120.0,51.0,0.14038351,Off T,Left Foot,Open Play,Normal,0
7b40a901-b95b-4b1b-b118-41a9f08a8f2c,3857292,2,75,18,770,Germany,8546,Niclas Füllkrug,Right Center Forward,115.2,44.6,119.0,43.5,0.36338806,Saved,Right Foot,Open Play,Half Volley,0
c4be5b76-93e5-456f-8861-2882284bd2ea,3857292,2,79,4,795,Costa Rica,132728,Jewison Bennette,Right Wing,94.4,46.4,120.0,33.5,0.037811525,Off T,Left Foot,Open Play,Normal,0
49e1cff1-12c4-45a1-81db-43575e6f0337,3857292,2,83,2,770,Germany,39565,Jamal Musiala,Left Center Midfield,104.6,30.8,120.0,41.7,0.060394496,Off T,Right Foot,Open Play,Normal,0
02c29470-d751-4a39-b438-d7f2d1de3f23,3857292,2,84,2,770,Germany,8966,Kai Havertz,Left Center Forward,113.1,37.6,120.0,42.7,0.31018513,Goal,Left Foot,Open Play,Half Volley,0
9ad23384-ef5e-4fa5-95c8-08682dcae51c,3857292,2,85,21,770,Germany,8966,Kai Havertz,Left Center Forward,110.4,27.0,116.1,35.9,0.11890341,Saved,Left Foot,Open Play,Normal,0
1ded8989-6b70-46d5-9da4-808a6fc26f1b,3857292,2,85,23,770,Germany,8227,Mario Götze,Right Center Midfield,107.0,43.6,117.5,39.6,0.066507556,Saved,Head,Open Play,Normal,0
6c6e16bb-f504-4982-a836-0ad9fc0104a6,3857292,2,88,13,770,Germany,8546,Niclas Füllkrug,Right Center Forward,114.8,42.5,120.0,42.8,0.510154,Goal,Left Foot,Open Play,Half Volley,0
e8cf9c97-3526-4da0-b1c6-fae5cdf41cfd,3857292,2,94,58,770,Germany,8546,Niclas Füllkrug,Right Center Forward,101.1,39.1,103.5,39.1,0.046867393,Blocked,Right Foot,Open Play,Half Volley,0
4a9a7252-482a-415b-9acd-b60dc7afe852,3857292,2,95,14,770,Germany,8546,Niclas Füllkrug,Right Center Forward,117.9,32.7,120.0,40.2,0.13407986,Off T,Head,Open Play,Normal,0
72216d72-5229-41b2-9198-4e5a343eb78a,3857292,2,99,26,770,Germany,39565,Jamal Musiala,Left Center Midfield,107.5,40.3,117.1,39.2,0.085460834,Saved,Left Foot,Open Play,Normal,0
2150f4a1-11c4-4273-ace0-3b9f9483287f,3857295,1,2,18,778,Japan,8361,Ritsu Doan,Right Midfield,91.7,53.8,120.0,15.2,0.015573137,Wayward,Left Foot,Open Play,Half Volley,0
a4a5da42-0a22-4fd7-9408-fc83c588f603,3857295,1,3,36,795,Costa Rica,132497,Gerson Torres Barrantes,Right Wing,90.1,47.7,101.5,42.2,0.01353695,Wayward,Left Foot,Open Play,Volley,0
cb38d9a0-e2fc-4103-b7eb-25b54cbcc69e,3857295,1,34,14,795,Costa Rica,5600,Francisco Javier Calvo Quesada,Left Center Back,91.0,26.8,105.3,35.9,0.014244432,Blocked,Left Foot,Open Play,Half Volley,0
6e86c991-a8bd-4041-802a-dc291e94ab54,3857295,1,34,18,795,Costa Rica,5581,Joel Nathaniel Campbell Samuels,Left Wing,101.0,29.1,120.0,46.3,0.051288527,Off T,Left Foot,Open Play,Normal,0
e4a676fe-1397-48c1-8aca-6c1780b66a22,3857295,1,37,45,778,Japan,23721,Wataru Endo,Right Defensive Midfield,100.1,51.7,103.1,50.4,0.03132781,Blocked,Left Foot,Open Play,Normal,0
94534163-21ab-4b88-ae9e-4338f4a44dc6,3857295,2,45,25,778,Japan,37221,Hidemasa Morita,Left Defensive Midfield,101.4,30.9,118.2,38.0,0.09737273,Saved,Right Foot,Open Play,Normal,0
9d3af2e4-af04-400f-aaa2-603b43d53eba,3857295,2,45,28,778,Japan,8949,Takuma Asano,Center Forward,104.1,50.2,109.5,46.0,0.051375452,Blocked,Right Foot,Open Play,Volley,0
1c2f2a54-2e26-4298-840f-1ae42f716b4a,3857295,2,47,9,778,Japan,23721,Wataru Endo,Right Defensive Midfield,95.2,41.1,107.1,40.9,0.042255066,Blocked,Right Foot,Open Play,Normal,1
79a770c1-3ec1-4ea5-b834-9a58ed3b3843,3857295,2,47,13,778,Japan,8949,Takuma Asano,Center Forward,107.6,37.5,119.0,37.2,0.08747226,Saved,Head,Open Play,Normal,0
c9896243-7ed2-4bc8-b843-8c8f26785909,3857295,2,49,26,778,Japan,29595,Ko Itakura,Right Center Back,105.0,40.0,107.3,39.7,0.07774679,Blocked,Left Foot,Open Play,Normal,0
ac8028fd-d64c-4c42-9434-91109755b4c4,3857295,2,49,29,778,Japan,23721,Wataru Endo,Right Defensive Midfield,103.1,34.1,104.6,34.7,0.04122181,Blocked,Right Foot,Open Play,Normal,0
e4d8f973-7517-497c-8ff8-dcd54dde1da1,3857295,2,56,21,778,Japan,37122,Yuki Soma,Left Wing Back,105.4,22.1,120.0,62.1,0.022210024,Wayward,Right Foot,Open Play,Normal,0
5c777610-a1b0-48e9-a812-56700c22a73f,3857295,2,62,40,778,Japan,37122,Yuki Soma,Right Wing Back,98.1,35.7,120.0,38.6,0.08557594,Off T,Right Foot,Free Kick,Normal,0
edf74f91-d82b-4112-a643-af4832f68dbd,3857295,2,71,22,778,Japan,9411,Daichi Kamada,Left Wing,101.2,43.2,109.6,42.4,0.10029054,Blocked,Right Foot,Free Kick,Normal,0
0491c47e-916f-4501-8833-db9188ca2525,3857295,2,71,24,778,Japan,37122,Yuki Soma,Right Wing Back,95.7,44.3,107.0,40.7,0.027111016,Blocked,Right Foot,Open Play,Half Volley,0
52d08b93-5f43-4a98-9710-a1441d063e98,3857295,2,80,8,795,Costa Rica,130185,Keysher Fuller Spence,Right Wing Back,102.6,47.5,120.0,36.9,0.120298475,Goal,Left Foot,Open Play,Normal,0
085c9b03-1324-4a89-9bfd-8a93f24bb907,3857295,2,87,48,778,Japan,9411,Daichi Kamada,Left Wing,108.0,37.6,117.8,37.7,0.09400092,Saved,Right Foot,Open Play,Normal,0
545c2c84-018f-4570-a01c-753823feaeac,3869685,1,4,40,779,Argentina,27886,Alexis Mac Allister,Left Center Midfield,92.4,30.0,117.3,38.3,0.024542088,Saved,Right Foot,Open Play,Normal,0
4ad26294-8aaf-4d69-83dd-bbf9ef797b32,3869685,1,7,36,779,Argentina,7797,Rodrigo Javier De Paul,Right Center Midfield,99.2,47.9,108.1,40.4,0.062813334,Blocked,Right Foot,Open Play,Normal,0
6d498191-05f0-432c-8764-03aea4ef9fb8,3869685,1,16,15,779,Argentina,2995,Ángel Fabián Di María Hernández,Left Wing,103.1,34.6,120.0,39.6,0.106800534,Off T,Right Foot,Open Play,Normal,0
6d527ebc-a948-4cd8-ac82-daced35bb715,3869685,1,22,24,779,Argentina,5503,Lionel Andrés Messi Cuccittini,Right Wing,108.0,40.0,120.0,41.8,0.7835,Goal,Left Foot,Penalty,Normal,0
f227a92e-d86c-4f3d-aa75-5ccb71adcae6,3869685,1,31,35,779,Argentina,27886,Alexis Mac Allister,Left Center Midfield,94.3,23.5,112.3,80.0,0.010577817,Wayward,Right Foot,Open Play,Half Volley,0
ef86f4d9-7acd-4ed0-a5ec-9129079e8fbe,3869685,1,35,22,779,Argentina,2995,Ángel Fabián Di María Hernández,Left Wing,111.8,32.1,120.0,41.7,0.30340916,Goal,Left Foot,Open Play,Normal,0
13a4889d-ad08-41be-9125-24c4c7d7879a,3869685,2,48,49,779,Argentina,7797,Rodrigo Javier De Paul,Right Center Midfield,103.3,52.3,117.6,41.6,0.040216275,Saved,Right Foot,Open Play,Volley,0
43691970-1dad-4e11-bd29-48f640c55ea1,3869685,2,58,21,779,Argentina,29560,Julián Álvarez,Center Forward,110.5,24.9,119.4,35.8,0.05953379,Saved,Left Foot,Open Play,Normal,0
9615ffbc-b513-45e6-9ccc-015234483f95,3869685,2,59,51,779,Argentina,5503,Lionel Andrés Messi Cuccittini,Right Wing,109.7,46.0,120.0,45.5,0.11555985,Off T,Right Foot,Open Play,Normal,0
9f6285ff-9b32-4a46-a4a0-74c1ca89276c,3869685,2,67,15,771,France,22097,Randal Kolo Muani,Right Wing,113.4,34.6,120.0,31.5,0.09618377,Off T,Head,Open Play,Normal,1
b2d43671-a3e6-4709-9c0c-646442c1074c,3869685,2,70,9,771,France,3009,Kylian Mbappé Lottin,Left Wing,102.5,27.9,120.0,38.8,0.050644457,Off T,Right Foot,Open Play,Normal,0
43b2d123-6945-4a7c-8292-f7792af341f9,3869685,2,71,31,779,Argentina,38718,Enzo Fernandez,Center Defensive Midfield,98.9,32.2,117.8,40.4,0.041589838,Saved,Right Foot,Open Play,Normal,0
6cc0d5e2-6999-4006-8a7a-34de4cbe3ffd,3869685,2,79,24,771,France,3009,Kylian Mbappé Lottin,Left Center Forward,108.0,40.0,120.0,37.3,0.7835,Goal,Right Foot,Penalty,Normal,0
03fb2918-e1e7-4ec8-89ff-7bc5531e853d,3869685,2,80,59,771,France,3009,Kylian Mbappé Lottin,Left Center Forward,104.8,30.1,120.0,41.5,0.1017027,Goal,Right Foot,Open Play,Volley,0
fe277079-395a-4ff3-bb29-e99d93014014,3869685,2,83,23,779,Argentina,38718,Enzo Fernandez,Center Defensive Midfield,92.2,35.9,101.8,38.1,0.030159522,Blocked,Right Foot,Open Play,Normal,0
5dbcde3d-ba75-483d-a65f-72d2b99ff713,3869685,2,92,57,771,France,3009,Kylian Mbappé Lottin,Left Center Forward,95.9,32.2,100.7,33.5,0.0324491,Blocked,Right Foot,Open Play,Normal,0
8d2a6599-cc25-41a2-acde-41d10194b5bd,3869685,2,93,45,771,France,3026,Adrien Rabiot,Left Defensive Midfield,108.9,28.5,118.0,36.6,0.09333491,Saved,Left Foot,Open Play,Normal,0
867b8791-49c0-4d98-a976-c0b4cfc1cb5a,3869685,2,96,37,779,Argentina,5503,Lionel Andrés Messi Cuccittini,Right Wing,96.2,40.9,117.6,39.3,0.0430315,Saved,Left Foot,Open Play,Normal,0
d8c05bb0-ddb1-4ff2-9dbf-ba17b00a5359,3869685,3,92,5,779,Argentina,27886,Alexis Mac Allister,Left Center Midfield,98.2,23.8,120.0,28.0,0.019259434,Off T,Right Foot,Open Play,Half Volley,0
db8267ad-256a-450d-997f-382a4d545634,3869685,3,99,54,771,France,11990,Youssouf Fofana,Left Defensive Midfield,89.8,39.9,103.3,40.4,0.023031652,Blocked,Right Foot,Open Play,Normal,0
d3ba40fa-09d6-4488-b17d-672aaa2928d7,3869685,3,104,28,779,Argentina,11456,Lautaro Javier Martínez,Center Forward,108.8,45.3,110.6,44.2,0.23260574,Blocked,Right Foot,Open Play,Normal,0
a1654330-3747-4a25-b244-26ba2884c91c,3869685,3,104,30,779,Argentina,28263,Gonzalo Ariel Montiel,Right Back,96.3,49.4,112.7,41.0,0.020604363,Blocked,Right Foot,Open Play,Half Volley,0
5d7d4f2f-62da-4de9-90e3-3660ba17c4f3,3869685,3,105,41,779,Argentina,11456,Lautaro Javier Martínez,Center Forward,105.1,33.5,120.0,34.9,0.14029205,Off T,Left Foot,Open Play,Half Volley,0
8bb8c7b5-9c14-4dfa-9279-0548ee8076db,3869685,4,106,55,779,Argentina,5503,Lionel Andrés Messi Cuccittini,Right Wing,103.6,55.8,119.0,43.9,0.024784861,Saved,Left Foot,Open Play,Half Volley,0
40cbfd91-87d9-4df8-a575-533b5c26767f,3869685,4,107,57,779,Argentina,11456,Lautaro Javier Martínez,Center Forward,114.4,52.0,118.7,44.1,0.10407211,Saved,Right Foot,Open Play,Normal,0
54b889ec-6026-49ea-a913-e883dbe6e301,3869685,4,107,58,779,Argentina,5503,Lionel Andrés Messi Cuccittini,Right Wing,116.6,43.0,120.0,40.9,0.48840353,Goal,Right Foot,Open Play,Half Volley,0
08f2f203-cdc9-4146-99b6-818c5c32bf70,3869685,4,115,38,771,France,3009,Kylian Mbappé Lottin,Left Center Forward,101.4,26.6,104.5,29.1,0.03075741,Blocked,Right Foot,Open Play,Normal,0
d9b92dbd-4fea-4f48-b2fb-d7222eab2dbd,3869685,4,117,5,771,France,3009,Kylian Mbappé Lottin,Left Center Forward,108.0,40.0,120.0,36.7,0.7835,Goal,Right Foot,Penalty,Normal,0
959edead-09fb-40b0-b6a3-72e73bd30d5a,3869685,4,122,44,771,France,22097,Randal Kolo Muani,Right Center Forward,103.7,45.1,109.7,44.1,0.27751395,Saved,Right Foot,Open Play,Half Volley,0
449f2702-ad18-4bc8-a9ef-59fb1dc1a707,3869685,4,122,59,779,Argentina,11456,Lautaro Javier Martínez,Left Center Forward,110.8,41.6,120.0,46.5,0.10655013,Off T,Head,Open Play,Normal,0
d0f76056-0d67-4aae-b44a-83bef0b1cf27,3869685,5,120,13,771,France,3009,Kylian Mbappé Lottin,Left Center Forward,108.1,40.1,120.0,37.6,0.7835,Goal,Right Foot,Penalty,Normal,0
2a15edb5-2a54-41d5-afe9-87e447389b18,3869685,5,121,2,779,Argentina,5503,Lionel Andrés Messi Cuccittini,Right Center Forward,108.1,40.1,120.0,38.3,0.7835,Goal,Left Foot,Penalty,Normal,0
97439112-dfb5-4bd5-9967-554095296096,3869685,5,121,42,771,France,8217,Kingsley Coman,Right Midfield,108.1,40.1,118.8,38.2,0.7835,Saved,Right Foot,Penalty,Normal,0
50dcde1a-faa3-4eec-a0cd-3f09a7cf763a,3869685,5,122,27,779,Argentina,5743,Paulo Bruno Exequiel Dybala,Left Center Midfield,108.1,40.1,120.0,40.4,0.7835,Goal,Left Foot,Penalty,Normal,0
54e27ba9-b9ae-44a3-ac8d-fc91e76a1b91,3869685,5,123,29,771,France,10481,Aurélien Djani Tchouaméni,Right Defensive Midfield,108.1,40.1,120.0,35.6,0.7835,Off T,Right Foot,Penalty,Normal,0
bcc6d4ae-f71c-4566-bf2d-c12f910eb526,3869685,5,124,16,779,Argentina,16308,Leandro Daniel Paredes,Center Defensive Midfield,108.1,40.1,120.0,37.6,0.7835,Goal,Right Foot,Penalty,Normal,0
59ebe83e-616a-4288-89fd-a0246b53d48f,3869685,5,125,9,771,France,22097,Randal Kolo Muani,Right Center Forward,108.1,40.1,120.0,39.3,0.7835,Goal,Right Foot,Penalty,Normal,0
66eaf262-999f-4953-a924-f1b596de4dbf,3869685,5,125,57,779,Argentina,28263,Gonzalo Ariel Montiel,Right Wing Back,108.1,40.1,120.0,37.9,0.7835,Goal,Right Foot,Penalty,Normal,0
49c5d1ba-1fd9-4f18-a682-cbd2c57eb9dc,3869684,1,6,28,785,Croatia,33018,Joško Gvardiol,Left Center Back,108.8,38.0,120.0,36.4,0.1243582,Goal,Head,Open Play,Diving Header,0
8f0f46ee-6bec-4537-97eb-2b50633dc6ff,3869684,1,8,17,788,Morocco,139016,Achraf Dari,Left Center Back,115.6,39.0,120.0,41.6,0.4178385,Goal,Head,Open Play,Normal,0
94591107-50c8-45bf-a895-3f8d69baf1b9,3869684,1,9,35,785,Croatia,16527,Mislav Oršić,Left Wing,99.5,23.8,120.0,47.7,0.02730659,Off T,Right Foot,Open Play,Normal,0
b8e38f4b-f179-450e-92af-2425135a5378,3869684,1,13,55,785,Croatia,49337,Josip Stanišić,Right Back,94.4,41.3,120.0,40.7,0.040524755,Off T,Right Foot,Open Play,Normal,0
fd59c0c7-4722-4937-ac5b-8f8b70940c8a,3869684,1,17,21,785,Croatia,16527,Mislav Oršić,Left Wing,104.9,38.8,107.7,39.3,0.11308218,Blocked,Right Foot,Open Play,Normal,0
77d0be28-0294-4153-b921-b5639dde0cda,3869684,1,17,29,785,Croatia,5460,Andrej Kramarić,Center Attacking Midfield,111.3,34.8,118.1,37.8,0.13429043,Saved,Head,Open Play,Normal,0
fce15c71-a9fc-4d7e-80ea-a3a56d20cc65,3869684,1,23,25,785,Croatia,5463,Luka Modrić,Right Defensive Midfield,101.2,49.5,117.1,41.7,0.07012748,Saved,Left Foot,Open Play,Normal,0
fec7cd9e-c5c4-4285-b789-18e335bfb90b,3869684,1,32,9,788,Morocco,3625,Sofiane Boufal,Left Wing,112.4,29.5,120.0,30.9,0.08611878,Off T,Left Foot,Open Play,Volley,0
3c475c86-ffd1-4e81-85c6-561f3063fc53,3869684,1,36,19,788,Morocco,6301,Youssef En-Nesyri,Center Forward,117.8,48.9,120.0,31.2,0.04761149,Off T,Head,Open Play,Normal,1
b6da45bb-12a2-4dd6-bf3f-c6afdb5f6c8b,3869684,1,39,41,788,Morocco,5237,Hakim Ziyech,Right Wing,90.6,53.5,120.0,46.1,0.014617449,Off T,Left Foot,Open Play,Normal,0
40c60798-23de-4690-ab6b-47b58c1f58c4,3869684,1,41,43,785,Croatia,16527,Mislav Oršić,Left Wing,106.5,21.3,120.0,43.5,0.013095795,Goal,Right Foot,Open Play,Normal,0
5225c92f-256b-4741-894b-97a118001c70,3869684,1,46,36,785,Croatia,22041,Marko Livaja,Center Forward,90.5,39.5,94.4,39.5,0.02019975,Blocked,Right Foot,Open Play,Normal,0
0f2f2f1f-544d-4345-9225-558b6735cca7,3869684,2,46,22,785,Croatia,16527,Mislav Oršić,Left Wing,100.8,24.2,107.6,28.7,0.028195048,Blocked,Right Foot,Open Play,Normal,0
f543d203-8024-4f59-b8f3-d53fe943fd74,3869684,2,54,5,785,Croatia,16527,Mislav Oršić,Left Wing,87.5,26.6,120.0,49.3,0.0065055056,Off T,Right Foot,Open Play,Normal,0
3d5d5149-d1b3-4625-b191-b66281462965,3869684,2,64,57,788,Morocco,6301,Youssef En-Nesyri,Center Forward,110.6,40.5,111.3,40.6,0.072652236,Blocked,Head,Open Play,Normal,1
5197fe88-6b78-4d5f-91ef-76263510401f,3869684,2,70,24,785,Croatia,3441,Nikola Vlašić,Right Wing,90.9,36.9,120.0,43.1,0.03597725,Off T,Right Foot,Open Play,Normal,0
28905c96-a89e-4349-b755-383c251d2c97,3869684,2,74,35,788,Morocco,6301,Youssef En-Nesyri,Center Forward,115.5,48.3,116.9,45.6,0.16040824,Saved,Left Foot,Open Play,Half Volley,0
c4745e96-e4dd-4b6f-ad44-3a784219e86c,3869684,2,86,30,785,Croatia,5456,Mateo Kovačić,Left Defensive Midfield,110.3,29.2,120.0,47.2,0.23560598,Off T,Left Foot,Open Play,Normal,0
0f4a2320-0810-46f0-b641-84ff2e237335,3869684,2,89,48,788,Morocco,6301,Youssef En-Nesyri,Center Forward,110.9,36.5,111.7,36.6,0.057190012,Blocked,Head,Open Play,Normal,1
6da1657b-9d5d-495c-8527-6b9c4e4c6004,3869684,2,90,4,788,Morocco,5237,Hakim Ziyech,Right Wing,89.6,46.9,120.0,36.5,0.021768013,Off T,Left Foot,Open Play,Normal,0
a55f71e0-1590-4c8c-ac83-eca617abc950,3869684,2,95,31,788,Morocco,6301,Youssef En-Nesyri,Center Forward,113.6,43.4,120.0,38.4,0.1132524,Off T,Head,Open Play,Normal,1
d36254db-40ca-40bc-aa7f-3c791d617764,3857256,1,0,18,773,Switzerland,3500,Granit Xhaka,Left Defensive Midfield,96.0,38.8,108.2,38.5,0.036565553,Blocked,Left Foot,Open Play,Half Volley,0
849bc0a6-ca9b-4e58-834e-6aabce567589,3857256,1,0,22,773,Switzerland,5545,Breel-Donald Embolo,Center Forward,113.1,40.7,114.8,40.6,0.35328916,Saved,Left Foot,Open Play,Half Volley,0
7efd8f74-7ea6-468a-a3a9-e82070494959,3857256,1,0,23,773,Switzerland,3500,Granit Xhaka,Left Defensive Midfield,103.8,41.9,115.5,39.1,0.06952749,Saved,Right Foot,Open Play,Half Volley,0
3d057b16-1cc1-4995-8d2d-c4c2a339cb4f,3857256,1,4,35,786,Serbia,5603,Nikola Milenković,Right Center Back,112.2,36.8,120.0,35.3,0.08160872,Off T,Head,Open Play,Normal,0
1fc821db-5ae0-4bb0-9243-3e6c24762bcc,3857256,1,10,5,786,Serbia,6318,Andrija Živković,Right Wing Back,97.8,51.5,120.0,36.1,0.030001678,Post,Left Foot,Open Play,Normal,0
76686ee8-2674-4762-a7d0-1b9dc6fb4d10,3857256,1,10,7,786,Serbia,18015,Dušan Vlahović,Right Center Forward,115.4,38.6,118.1,39.1,0.5168786,Saved,Other,Open Play,Normal,0
dc74ff7e-a9b4-4134-82d6-31002c068379,3857256,1,13,35,773,Switzerland,6983,Remo Freuler,Right Defensive Midfield,107.8,35.9,113.3,34.4,0.09611784,Blocked,Left Foot,Open Play,Half Volley,0
546c1d65-f1b5-4c42-8983-b743be29f3f8,3857256,1,19,11,773,Switzerland,3533,Xherdan Shaqiri,Right Wing,107.5,50.6,120.0,43.1,0.06969889,Goal,Left Foot,Open Play,Normal,0
dd7a567d-a8c3-49a4-8343-0596106ffd60,3857256,1,21,11,773,Switzerland,3500,Granit Xhaka,Left Defensive Midfield,97.3,33.7,116.9,38.7,0.04476528,Saved,Left Foot,Open Play,Normal,0
a74e75d9-6758-403a-8d8e-01e0d502185e,3857256,1,22,15,786,Serbia,18015,Dušan Vlahović,Right Center Forward,109.6,35.4,118.4,38.7,0.08628477,Saved,Head,Open Play,Normal,0
92e8f2c9-a5de-4e1b-9b4b-b3b6bf96aec9,3857256,1,25,56,786,Serbia,4269,Aleksandar Mitrović,Left Center Forward,108.3,38.6,120.0,43.3,0.06371751,Goal,Head,Open Play,Normal,0
79448005-35d9-4975-812d-664f6d14c180,3857256,1,29,53,773,Switzerland,3533,Xherdan Shaqiri,Right Wing,107.7,49.2,120.0,44.5,0.3934682,Off T,Left Foot,Open Play,Normal,1
ddb6f298-8ac3-4d35-bfb7-f03f76b54c1e,3857256,1,34,28,786,Serbia,18015,Dušan Vlahović,Right Center Forward,106.2,31.8,120.0,43.7,0.15928414,Goal,Left Foot,Open Play,Normal,0
e6e3bb64-8cf1-456d-a360-cadea068cd79,3857256,1,37,26,773,Switzerland,30401,Ruben Vargas,Left Wing,101.0,47.3,105.9,45.2,0.0683221,Blocked,Right Foot,Open Play,Normal,0
70fe857d-6f28-4b38-8ad7-a655328ec176,3857256,1,43,41,773,Switzerland,5545,Breel-Donald Embolo,Center Forward,114.4,36.9,120.0,37.8,0.72697556,Goal,Right Foot,Open Play,Normal,0
bb4f3b52-4f46-4588-8b76-575dfe790a5b,3857256,1,47,38,786,Serbia,4269,Aleksandar Mitrović,Left Center Forward,101.7,33.7,105.3,37.4,0.056521177,Wayward,Right Foot,Open Play,Volley,0
f18182b3-c83e-4ca4-82c4-810effcfdef7,3857256,2,47,38,773,Switzerland,6983,Remo Freuler,Right Defensive Midfield,107.2,41.2,120.0,42.7,0.15381548,Goal,Left Foot,Open Play,Half Volley,0
47b4c58a-45ab-446e-83a0-9bd17ab26c31,3857256,2,56,32,773,Switzerland,5537,Fabian Lukas Schär,Right Center Back,110.7,30.5,114.1,35.7,0.07925899,Blocked,Right Foot,Open Play,Volley,0
4f4b1082-2b10-4302-a247-bb1f702f3690,3857256,2,56,33,773,Switzerland,5545,Breel-Donald Embolo,Center Forward,116.1,39.3,120.0,38.8,0.6647709,Off T,Right Foot,Open Play,Half Volley,0
ecf1da18-0ccb-4108-9406-5e76636dfdcd,3857256,2,60,6,786,Serbia,3831,Dušan Tadić,Center Attacking Midfield,107.4,31.7,120.0,37.1,0.061684445,Off T,Left Foot,Open Play,Half Volley,0
ce3f29de-9ef9-4f98-88a2-12d09c20c0c3,3857256,2,70,49,786,Serbia,4269,Aleksandar Mitrović,Left Center Forward,106.2,25.8,107.5,27.4,0.03203667,Blocked,Right Foot,Open Play,Normal,0
2d49a2a9-4a1d-4198-aa2c-b09ca2ed4565,3857256,2,72,0,786,Serbia,6319,Luka Jović,Right Center Forward,102.2,43.2,103.1,43.1,0.02594082,Blocked,Head,Open Play,Normal,1
bcb3fe76-88c2-4d32-b0c5-64cedfa54f2b,3857256,2,81,58,773,Switzerland,5549,Manuel Obafemi Akanji,Left Center Back,99.4,52.7,120.0,44.9,0.030122569,Off T,Right Foot,Open Play,Normal,0
c15dc8c4-2d91-435a-a390-11fd17a2bf2f,3857256,2,88,48,773,Switzerland,16022,Christian Fassnacht,Left Wing,105.3,28.9,107.0,30.1,0.31681746,Saved,Right Foot,Open Play,Normal,0
d628f58b-1983-4ab5-b350-ab6113ac7e3c,3857256,2,91,50,786,Serbia,6319,Luka Jović,Right Center Forward,105.0,39.8,120.0,37.1,0.03223471,Off T,Head,Open Play,Normal,1
e21424d5-bd38-4970-a5aa-5e2fbb6b911a,3857256,2,99,51,786,Serbia,5833,Nemanja Radonjić,Right Wing Back,105.7,51.3,120.0,45.2,0.042810295,Off T,Left Foot,Open Play,Half Volley,0
9fd07a9a-2de2-4ba5-b400-6a2264835ba2,3869151,1,16,29,779,Argentina,7006,Alejandro Darío Gómez,Left Wing,98.2,20.1,120.0,47.5,0.011147299,Off T,Right Foot,Open Play,Normal,0
b70841d8-d3d3-40de-a009-58a8309e3ba2,3869151,1,28,9,792,Australia,22293,Harry Souttar,Right Center Back,111.9,44.0,114.0,40.9,0.06809473,Blocked,Head,Open Play,Normal,1
53d825ac-a98d-41ca-b81f-1015dee17376,3869151,1,34,35,779,Argentina,5503,Lionel Andrés Messi Cuccittini,Right Center Forward,104.2,48.9,120.0,37.1,0.06663833,Goal,Left Foot,Open Play,Normal,0
9fa41c60-ab9c-4fcb-8d5c-39a781e7a9c0,3869151,2,49,59,779,Argentina,5503,Lionel Andrés Messi Cuccittini,Right Center Forward,99.8,38.5,116.9,40.0,0.04517154,Saved,Left Foot,Open Play,Normal,0
a7ce988c-2d9b-4d78-8b34-95e4d2774ae0,3869151,2,56,41,779,Argentina,29560,Julián Álvarez,Left Center Forward,110.4,50.3,120.0,36.5,0.28060678,Goal,Right Foot,Open Play,Normal,0
5f1b13a1-f49c-41a6-9040-2c7db303d427,3869151,2,65,50,779,Argentina,5503,Lionel Andrés Messi Cuccittini,Right Center Forward,95.4,33.6,120.0,31.6,0.032841697,Off T,Left Foot,Open Play,Normal,0
060deabd-8fca-4998-b49c-bf4dee752a0e,3869151,2,74,43,779,Argentina,5507,Nicolás Alejandro Tagliafico,Left Wing Back,103.2,24.9,120.0,49.6,0.05181273,Off T,Left Foot,Open Play,Normal,0
5d585edf-d8ab-469c-b9ca-a6253faaa793,3869151,2,76,9,792,Australia,8346,Craig Goodwin,Left Midfield,98.2,22.6,104.9,26.6,0.013616442,Blocked,Left Foot,Open Play,Half Volley,0
2f0bd31e-adca-4b9e-96ea-5a64e1d9ce2e,3869151,2,80,8,792,Australia,5479,Aziz Eraltay Behich,Left Back,110.6,33.2,111.4,33.7,0.07721693,Blocked,Right Foot,Open Play,Normal,0
0b0970d0-4cfa-4f0c-aff3-210cb296226a,3869151,2,80,41,792,Australia,8859,Ajdin Hrustic,Right Midfield,100.0,52.7,120.0,36.2,0.033247408,Off T,Left Foot,Open Play,Normal,1
fbbcbd30-78e7-4627-9714-bdf463a6c12e,3869151,2,87,15,779,Argentina,11456,Lautaro Javier Martínez,Left Center Forward,108.3,52.3,120.0,30.0,0.051439364,Off T,Right Foot,Open Play,Normal,0
e48ce4af-0f98-4004-b235-e115cefa6bac,3869151,2,88,11,779,Argentina,11456,Lautaro Javier Martínez,Left Center Forward,107.6,31.9,120.0,45.1,0.24890411,Off T,Right Foot,Open Play,Normal,0
8779a120-92be-4bef-b143-a0e91aa68bfb,3869151,2,92,10,779,Argentina,11456,Lautaro Javier Martínez,Left Center Forward,109.1,31.8,114.1,35.9,0.37209997,Saved,Left Foot,Open Play,Normal,0
36dc8c71-010d-4cfb-8427-774a6e556620,3869151,2,92,50,779,Argentina,5503,Lionel Andrés Messi Cuccittini,Right Center Forward,104.6,52.2,120.0,36.5,0.055600196,Off T,Left Foot,Open Play,Normal,0
1ec1a0e0-f57f-4390-879a-872cdc7be137,3869151,2,93,43,779,Argentina,28268,Exequiel Alejandro Palacios,Left Center Midfield,103.6,50.1,107.3,47.9,0.046685893,Blocked,Right Foot,Open Play,Normal,0
015c52d6-b1c1-45c2-b450-75238519b983,3869151,2,93,54,779,Argentina,5503,Lionel Andrés Messi Cuccittini,Right Center Forward,102.2,40.0,103.5,39.9,0.032042325,Blocked,Left Foot,Open Play,Normal,1
6c7be4e1-edc2-4255-951e-1b21ee426a72,3869151,2,93,59,779,Argentina,11456,Lautaro Javier Martínez,Left Center Forward,108.3,30.8,119.1,36.6,0.076142184,Saved,Left Foot,Open Play,Normal,0
9fddcb1c-e704-48ad-a1e4-1bd6318e9cd0,3869151,2,94,0,779,Argentina,5503,Lionel Andrés Messi Cuccittini,Right Center Forward,106.4,37.0,120.0,53.8,0.110446885,Wayward,Left Foot,Open Play,Half Volley,0
e0cbd7b9-8daf-45c3-8d36-967f5ff74080,3869151,2,96,36,792,Australia,227697,Garang Kuol,Left Center Forward,113.1,49.4,115.7,46.4,0.23394231,Saved,Right Foot,Open Play,Normal,0
318b1124-3eb5-4315-a2a7-754510010b58,3857257,1,2,29,792,Australia,33477,Riley McGree,Right Center Forward,94.6,46.6,102.9,44.5,0.038979717,Blocked,Left Foot,Open Play,Normal,0
752418ff-5b38-47af-8789-2bac6b37f2c0,3857257,1,10,0,776,Denmark,27569,Jesper Lindstrøm,Left Wing,110.1,43.9,111.1,43.6,0.09599891,Blocked,Right Foot,Open Play,Normal,0
c25f3865-4473-42f0-b560-850327da9bb4,3857257,1,10,52,776,Denmark,18722,Mathias Jensen,Right Center Midfield,112.7,56.3,117.7,45.4,0.019605601,Saved,Right Foot,Open Play,Normal,0
fb570e5f-0394-47f2-9c29-a58517851764,3857257,1,13,33,776,Denmark,17042,Andreas Skov Olsen,Right Wing,104.7,50.7,120.0,45.1,0.10059545,Off T,Right Foot,Open Play,Normal,0
00b789c7-1a36-4662-a2f1-b472ccdf2ede,3857257,1,21,44,792,Australia,33477,Riley McGree,Right Center Forward,101.3,59.0,117.5,42.9,0.010740947,Saved,Left Foot,Open Play,Half Volley,0
eb7fd912-361c-4595-88e5-9bef43366a49,3857257,1,24,7,776,Denmark,17042,Andreas Skov Olsen,Right Wing,109.6,50.5,116.4,44.4,0.09373255,Saved,Right Foot,Open Play,Normal,0
d754e83d-c506-416d-a19e-c4b51f01f771,3857257,1,28,36,776,Denmark,3043,Christian Dannemann Eriksen,Left Center Midfield,102.9,25.6,120.0,33.5,0.035615563,Off T,Right Foot,Open Play,Normal,0
2674ed36-ccdb-41a5-bb67-9af548cd9fcc,3857257,1,31,33,792,Australia,33492,Mitchell Thomas Duke,Left Center Forward,102.5,36.7,118.4,41.7,0.037495814,Saved,Head,Open Play,Normal,0
1a45230e-3810-4d1d-ac49-c700f4de76ef,3857257,1,40,57,792,Australia,33492,Mitchell Thomas Duke,Left Center Forward,98.3,20.9,119.0,37.3,0.010397313,Saved,Right Foot,Open Play,Normal,0
812b08bf-8adb-4c5c-9d28-0da5e8990fcd,3857257,2,46,10,792,Australia,5479,Aziz Eraltay Behich,Left Back,100.2,34.1,111.5,39.6,0.049681988,Blocked,Right Foot,Open Play,Half Volley,0
0ae4e2c7-07a3-4dc5-986c-ef18f62e62ce,3857257,2,47,47,792,Australia,5490,Jackson Irvine,Center Attacking Midfield,109.6,30.8,120.0,42.8,0.17342122,Off T,Left Foot,Open Play,Half Volley,0
af7b07ad-4bd3-483e-b8fd-bcf7015bca7d,3857257,2,51,59,776,Denmark,17042,Andreas Skov Olsen,Right Wing,107.2,52.9,108.6,51.2,0.046983063,Blocked,Left Foot,Open Play,Normal,0
6c01e572-4150-44b0-9d2d-b98541158edf,3857257,2,59,56,792,Australia,5481,Mathew Leckie,Right Wing,105.7,31.5,120.0,43.5,0.11353828,Goal,Left Foot,Open Play,Normal,0
0e486fbf-7dd6-4973-9ea8-8e4f2f944670,3857257,2,68,4,776,Denmark,17042,Andreas Skov Olsen,Right Wing,103.1,49.3,107.1,46.3,0.070518844,Blocked,Left Foot,Open Play,Normal,1
ac8fae90-e8de-4d6b-9c0a-bc3548f6362c,3857257,2,68,39,776,Denmark,8247,Joachim Andersen,Right Center Back,113.9,52.3,120.0,47.1,0.020115681,Off T,Head,Open Play,Normal,1
68d27c8f-0ae6-4c1b-bce3-c9e2b529193d,3857257,2,76,24,776,Denmark,24547,Alexander Hartmann Bah,Right Back,99.4,54.5,101.1,53.5,0.019515881,Blocked,Right Foot,Open Play,Half Volley,0
570e3c6c-0f7f-4e71-8648-5fccf82c2dfd,3857257,2,76,25,776,Denmark,6302,Kasper Dolberg,Left Center Forward,105.2,39.6,116.8,38.4,0.049264465,Saved,Left Foot,Open Play,Backheel,0
8c1f20e1-e71e-4c91-a0a0-17c790d93a68,3857257,2,81,19,776,Denmark,27569,Jesper Lindstrøm,Left Midfield,97.5,38.2,103.5,38.7,0.048889678,Blocked,Right Foot,Open Play,Normal,0
102abc6a-3bd1-4414-a272-22ca02f46b69,3857257,2,84,55,792,Australia,33488,Keanu Baccus,Right Wing,97.7,47.5,100.3,46.8,0.035468098,Blocked,Right Foot,Open Play,Normal,0
b0746354-fb11-4c00-916e-2ffe9303599d,3857257,2,87,30,776,Denmark,24547,Alexander Hartmann Bah,Right Back,108.6,57.0,120.0,46.5,0.03670106,Off T,Right Foot,Open Play,Normal,0
3a1509ee-760a-4695-8f34-4fc753ad490c,3857257,2,94,11,776,Denmark,6302,Kasper Dolberg,Left Center Forward,117.6,33.5,118.4,35.2,0.08217044,Saved,Right Foot,Open Play,Backheel,0
be058790-7bca-4529-9f34-9c75a304f84c,3857257,2,94,59,776,Denmark,5732,Andreas Evald Cornelius,Right Center Forward,116.6,51.6,120.0,41.0,0.017447446,Off T,Head,Open Play,Normal,0
e51adb42-5138-49bc-a974-06f3acd44e75,3857258,1,12,53,781,Brazil,4320,Neymar da Silva Santos Junior,Center Attacking Midfield,119.2,0.7,119.7,38.7,0.00018,Saved,Right Foot,Corner,Normal,0
092b9d73-6f23-477b-8896-81d04cff79a6,3857258,1,20,6,781,Brazil,4320,Neymar da Silva Santos Junior,Center Attacking Midfield,91.6,29.2,104.9,34.5,0.020173745,Blocked,Right Foot,Open Play,Normal,0
7546be82-8c03-46fd-ad21-e78f97a07c29,3857258,1,20,51,781,Brazil,5539,Carlos Henrique Casimiro,Left Defensive Midfield,84.3,34.2,117.8,39.9,0.0075366697,Saved,Right Foot,Open Play,Normal,0
ca5a4b92-e0fa-4c47-acc1-94fbe0c3ebb0,3857258,1,34,7,781,Brazil,10595,Raphael Dias Belloli,Right Wing,105.3,49.2,117.7,41.9,0.119197816,Saved,Left Foot,Open Play,Half Volley,1
7cc374f5-fc9a-489c-b979-570d30860a11,3857258,1,36,12,786,Serbia,7993,Filip Mladenović,Left Wing Back,113.6,28.9,120.0,33.6,0.026318645,Off T,Head,Open Play,Normal,1
f367d83e-88ae-454c-bf87-ff854c6e880d,3857258,1,40,38,781,Brazil,18395,Vinícius José Paixão de Oliveira Júnior,Left Wing,113.2,27.0,120.0,34.3,0.09814694,Off T,Right Foot,Open Play,Half Volley,0
28548766-29be-4f89-a4d2-58bf9870a804,3857258,2,45,35,781,Brazil,10595,Raphael Dias Belloli,Right Wing,105.9,47.3,108.8,45.7,0.4224228,Saved,Left Foot,Open Play,Normal,0
92a70706-793b-481f-abf9-ff009588364d,3857258,2,49,57,781,Brazil,4320,Neymar da Silva Santos Junior,Center Attacking Midfield,99.1,27.0,107.6,32.5,0.06281959,Blocked,Right Foot,Free Kick,Normal,0
efebf998-5ec2-4fc9-938c-be4ce4ff60f2,3857258,2,50,21,781,Brazil,3295,Thiago Emiliano da Silva,Left Center Back,113.1,34.1,113.7,34.7,0.06673048,Blocked,Head,Open Play,Normal,0
acf2f09c-043c-48bc-8e4d-d7ddc04b74ec,3857258,2,50,23,781,Brazil,3280,Richarlison de Andrade,Center Forward,115.8,29.3,116.6,31.1,0.0399856,Blocked,Right Foot,Open Play,Half Volley,0
b0f71167-a2f9-4057-ba83-bc31b18835c2,3857258,2,53,16,781,Brazil,3063,Danilo Luiz da Silva,Right Back,95.9,54.2,108.0,39.9,0.016877638,Wayward,Right Foot,Open Play,Volley,0
57c6b4b1-e427-4374-b93e-0af3b1a75a4c,3857258,2,54,39,781,Brazil,4320,Neymar da Silva Santos Junior,Center Attacking Midfield,107.5,38.9,120.0,34.3,0.11246919,Off T,Left Foot,Open Play,Half Volley,0
9cde5a33-b4a9-4bbe-8ea2-76d7ef1badfc,3857258,2,59,25,781,Brazil,6945,Alex Sandro Lobo Silva,Left Back,88.0,32.0,120.0,36.1,0.021819543,Post,Left Foot,Open Play,Normal,0
3c39ef38-538e-4e10-af3d-768e0ed2dcd3,3857258,2,59,36,781,Brazil,18395,Vinícius José Paixão de Oliveira Júnior,Left Wing,105.0,20.1,120.0,49.0,0.009459062,Off T,Right Foot,Open Play,Normal,0
2fc45c11-a73c-4817-af40-463aab7436f6,3857258,2,61,57,781,Brazil,18395,Vinícius José Paixão de Oliveira Júnior,Left Wing,110.0,26.9,118.8,39.3,0.07986015,Saved,Right Foot,Open Play,Normal,0
68934afc-100d-4812-b7fe-c67fda03630e,3857258,2,61,58,781,Brazil,3280,Richarlison de Andrade,Center Forward,114.5,41.8,120.0,41.7,0.568145,Goal,Right Foot,Open Play,Volley,0
7447c2e1-59db-49fe-920f-5afc4391c39f,3857258,2,66,46,781,Brazil,18395,Vinícius José Paixão de Oliveira Júnior,Left Wing,109.1,28.2,120.0,29.1,0.14253756,Off T,Left Foot,Open Play,Normal,0
f66d659d-5db3-4aea-9094-5002e7dbebb7,3857258,2,68,34,786,Serbia,27719,Strahinja Pavlović,Left Center Back,111.8,38.5,120.0,42.7,0.098937765,Off T,Head,Open Play,Normal,1
688ff909-c4de-4082-8d84-0aa37c1105b4,3857258,2,69,54,786,Serbia,7145,Darko Lazović,Right Wing Back,95.6,50.9,120.0,48.9,0.018288644,Off T,Right Foot,Open Play,Half Volley,0
f32f451c-8cf3-466b-ae81-a17f6111ab98,3857258,2,72,54,781,Brazil,3280,Richarlison de Andrade,Center Forward,107.1,39.6,120.0,37.0,0.07569885,Goal,Right Foot,Open Play,Volley,0
ced60082-1f48-48d6-9398-4f1d05993843,3857258,2,76,48,781,Brazil,5539,Carlos Henrique Casimiro,Left Defensive Midfield,86.3,31.2,87.2,31.4,0.010592449,Blocked,Right Foot,Open Play,Normal,1
d3542794-660e-4d1f-a9ab-2e36aaf1b7a0,3857258,2,80,52,781,Brazil,5539,Carlos Henrique Casimiro,Left Defensive Midfield,98.1,35.2,120.0,43.1,0.06218912,Post,Right Foot,Open Play,Normal,0
4780ef6a-c5b0-4ed1-912e-829dd87523ad,3857258,2,81,32,781,Brazil,25104,Rodrygo Silva de Goes,Center Attacking Midfield,98.8,27.3,117.4,40.1,0.03669105,Saved,Right Foot,Open Play,Normal,0
e3a44182-23f4-4163-b36c-372a82466969,3857258,2,82,32,781,Brazil,9904,Frederico Rodrigues Santos,Right Defensive Midfield,95.6,43.5,113.3,39.4,0.088970646,Saved,Left Foot,Open Play,Normal,0
43d2379a-8f8d-438a-9a6b-e6b71031b2de,3857258,2,84,22,786,Serbia,5603,Nikola Milenković,Right Center Back,99.3,59.6,106.1,53.2,0.011090157,Blocked,Right Foot,Open Play,Normal,0
a80ce031-0884-4242-b6f4-6a98d6986ddb,3857258,2,86,7,781,Brazil,25104,Rodrygo Silva de Goes,Center Attacking Midfield,101.5,30.6,120.0,43.2,0.051727816,Off T,Right Foot,Open Play,Normal,0
923a721a-ae1a-44c7-8971-547e071e8948,3857258,2,87,49,781,Brazil,25363,Antony Matheus dos Santos,Right Wing,99.4,59.1,120.0,35.7,0.009657804,Off T,Left Foot,Open Play,Normal,0
6cc62a4d-3b8e-4ede-aea2-39ba41fa58e0,3857258,2,97,3,786,Serbia,5833,Nemanja Radonjić,Left Wing Back,93.8,21.5,99.7,25.5,0.008691933,Blocked,Right Foot,Open Play,Normal,1
80c4d7fe-0116-4a32-8bd1-d0a5b25c92f5,3857288,1,5,35,792,Australia,28370,Fran Karačić,Right Back,90.9,41.2,91.8,41.1,0.015131147,Blocked,Right Foot,Open Play,Volley,1
a6e6ba63-713b-4818-877b-c68c596a4828,3857288,1,20,20,777,Tunisia,9236,Mohamed Dräger,Right Wing Back,92.0,42.5,120.0,40.4,0.029703999,Off T,Right Foot,Open Play,Normal,0
9acf82e6-81b3-4f91-968f-024463cca298,3857288,1,22,50,792,Australia,33492,Mitchell Thomas Duke,Right Center Forward,110.1,32.5,120.0,43.6,0.04459479,Goal,Head,Open Play,Normal,0
3c840fe1-f196-4050-80bc-a8a6ff2ba02a,3857288,1,26,6,792,Australia,33492,Mitchell Thomas Duke,Right Center Forward,110.7,34.3,111.4,34.8,0.03948435,Blocked,Head,Open Play,Normal,0
5dcb4d82-7944-4872-83f3-6b274d8f26b2,3857288,1,33,45,792,Australia,5490,Jackson Irvine,Right Defensive Midfield,114.3,48.2,120.0,47.2,0.07543106,Off T,Right Foot,Open Play,Backheel,0
160eb8c3-7fbc-41db-809f-0b9071f10c68,3857288,1,37,17,777,Tunisia,23910,Youssef Msakni,Left Attacking Midfield,102.8,54.8,105.9,52.9,0.031703874,Blocked,Right Foot,Open Play,Normal,0
aae18f45-f89b-49c9-a2a0-142b802d5c59,3857288,1,40,6,777,Tunisia,9236,Mohamed Dräger,Right Wing Back,109.2,48.4,114.8,44.3,0.21984866,Blocked,Right Foot,Open Play,Normal,0
49130d77-3496-41b2-b5c0-855d3f197d7d,3857288,1,43,4,792,Australia,33492,Mitchell Thomas Duke,Right Center Forward,104.9,40.6,117.2,39.4,0.040856346,Saved,Head,Open Play,Normal,1
1146ccdf-7a18-4edb-af66-dc85645a90c2,3857288,1,43,38,792,Australia,28370,Fran Karačić,Right Back,106.4,54.9,109.0,51.9,0.035070673,Blocked,Left Foot,Open Play,Half Volley,0
39ed37fb-f84e-4837-a487-eca044e01163,3857288,1,45,44,792,Australia,28370,Fran Karačić,Right Back,87.2,52.2,120.0,18.8,0.0052714557,Wayward,Right Foot,Open Play,Volley,0
c1a70365-5ed5-497e-b133-f287066126a1,3857288,1,47,16,777,Tunisia,23910,Youssef Msakni,Left Attacking Midfield,111.0,45.5,120.0,45.2,0.23484555,Off T,Right Foot,Open Play,Normal,0
8aa0fcc9-cdaa-47ab-b593-ec0343ad1843,3857288,2,56,17,792,Australia,33492,Mitchell Thomas Duke,Right Center Forward,107.3,39.8,115.1,1.2,0.06400663,Wayward,Head,Open Play,Normal,0
bafebc5f-4ae9-4de7-8d7a-35d51be103ab,3857288,2,60,25,777,Tunisia,5650,Ferjani Sassi,Right Center Midfield,91.2,52.7,120.0,47.8,0.020219443,Off T,Right Foot,Open Play,Normal,0
14545118-82f0-4b64-b0a1-c0e1e51154f0,3857288,2,65,18,777,Tunisia,23910,Youssef Msakni,Left Wing,101.8,31.8,105.8,34.1,0.058604978,Blocked,Right Foot,Open Play,Normal,0
ad2caade-93ae-4fc8-bc21-a1142c2107d7,3857288,2,71,22,777,Tunisia,23910,Youssef Msakni,Left Wing,108.1,25.0,117.5,36.2,0.026706748,Saved,Left Foot,Open Play,Normal,0
d730c8b5-b5cc-4c4e-abc5-01e19adf9c13,3857288,2,71,50,777,Tunisia,23910,Youssef Msakni,Left Wing,95.6,42.2,116.7,41.3,0.048467197,Saved,Right Foot,Open Play,Normal,0
0eda6921-f9f9-4022-a826-2580bc49d877,3857288,2,73,15,792,Australia,3281,Aaron Mooy,Left Defensive Midfield,95.6,44.1,120.0,43.7,0.039191317,Off T,Right Foot,Open Play,Half Volley,0
14f00f94-3634-430d-8ed2-e689083efd28,3857288,2,74,6,777,Tunisia,23910,Youssef Msakni,Left Wing,110.1,38.0,120.0,35.2,0.10262261,Off T,Head,Open Play,Normal,1
61cf7eac-d6b7-4e16-a12b-bb40a6b3d717,3857288,2,83,13,777,Tunisia,32450,Montassar Omar Talbi,Left Center Back,89.6,34.9,118.2,40.0,0.012159805,Saved,Right Foot,Open Play,Volley,0
55360232-7d1d-45da-a838-f0804c83a6c3,3857288,2,85,32,777,Tunisia,128793,Taha Yassine Khenissi,Center Forward,98.4,54.6,99.2,54.1,0.012915949,Blocked,Right Foot,Open Play,Normal,0
48b1fc83-3650-48c6-9961-d637e88cb905,3857288,2,86,36,777,Tunisia,3557,Naïm Sliti,Right Wing,109.8,47.4,111.5,45.5,0.1403044,Blocked,Left Foot,Open Play,Normal,0
d7978250-dde0-4c0e-8d55-da044c7b4620,3857288,2,87,48,777,Tunisia,3196,Wahbi Khazri,Center Attacking Midfield,109.9,49.4,116.7,43.7,0.09264534,Saved,Left Foot,Open Play,Normal,0
432729bb-2800-41e7-a98a-89662baf21c1,3857288,2,91,46,777,Tunisia,3196,Wahbi Khazri,Center Attacking Midfield,108.4,24.1,109.2,25.2,0.021421792,Blocked,Right Foot,Open Play,Normal,0
d61a5bc5-cdf0-47a7-ad8b-1453b3315a82,3857267,1,2,43,787,Senegal,3436,Idrissa Gana Gueye,Center Attacking Midfield,106.9,45.7,120.0,45.0,0.21271749,Off T,Right Foot,Open Play,Normal,0
26b97ae4-3213-4621-9403-327bd8d869db,3857267,1,7,47,787,Senegal,20611,Boulaye Dia,Center Forward,109.3,51.9,120.0,33.3,0.16839646,Off T,Right Foot,Open Play,Normal,0
48487024-2b14-4521-a46b-508418babbad,3857267,1,9,51,3565,Ecuador,28559,Enner Remberto Valencia Lastra,Left Wing,86.9,40.9,104.7,40.3,0.021615954,Blocked,Right Foot,Free Kick,Normal,0
9f9cc1fe-f26f-416d-a2bc-c965c1b2aed0,3857267,1,9,58,3565,Ecuador,28559,Enner Remberto Valencia Lastra,Left Wing,95.9,37.7,106.4,39.9,0.02803523,Blocked,Right Foot,Open Play,Half Volley,0
e3788f0f-b869-4e30-b752-70b1062457ba,3857267,1,10,52,787,Senegal,2941,Ismaïla Sarr,Left Wing,99.2,40.2,104.2,40.6,0.042373266,Blocked,Right Foot,Open Play,Half Volley,0
9c6d9302-1de8-4a97-ac5c-52153023503d,3857267,1,11,53,787,Senegal,80484,Iliman Ndiaye,Right Wing,99.7,52.9,120.0,33.7,0.02889044,Off T,Left Foot,Open Play,Normal,0
c319aceb-f6cd-40e3-8431-557a2619a822,3857267,1,23,37,787,Senegal,2941,Ismaïla Sarr,Left Wing,104.1,25.5,104.8,26.2,0.023828069,Blocked,Right Foot,Open Play,Normal,0
04b3da1e-5e65-4060-8945-664a3fe004ee,3857267,1,24,20,787,Senegal,21026,Pape Gueye,Left Defensive Midfield,93.0,36.3,105.8,39.5,0.025696881,Blocked,Left Foot,Open Play,Normal,0
d68c0771-3315-4ef2-8c10-82157b6eeb7e,3857267,1,24,27,787,Senegal,8553,Abdou Diallo,Left Center Back,107.9,41.9,118.5,44.7,0.035411544,Wayward,Head,Open Play,Normal,0
5f66b1e6-4264-46d4-bf52-ec9e834b12c6,3857267,1,36,31,787,Senegal,31751,Pathé Ismaël Ciss,Right Defensive Midfield,108.1,33.6,120.0,41.1,0.03057826,Off T,Head,Open Play,Normal,0
e800e0bb-7fe2-4b0b-a284-d79772a9e828,3857267,1,43,41,787,Senegal,2941,Ismaïla Sarr,Left Wing,108.0,40.0,120.0,43.4,0.7835,Goal,Right Foot,Penalty,Normal,0
8c2f9c1f-2c84-4d2d-9794-9b87829ede8a,3857267,1,46,31,787,Senegal,80484,Iliman Ndiaye,Right Wing,107.3,46.7,108.0,46.2,0.04522632,Blocked,Left Foot,Open Play,Half Volley,0
f357068e-101e-47d5-9cab-b46abeab6fd2,3857267,2,48,26,3565,Ecuador,36148,José Adoni Cifuentes Charcopa,Right Defensive Midfield,93.8,51.3,117.7,42.5,0.025271386,Saved,Right Foot,Open Play,Normal,0
5783c86d-02e9-4d3c-89e8-0b1ea00d2aca,3857267,2,56,59,3565,Ecuador,34396,Michael Steveen Estrada Martínez,Right Center Forward,106.7,38.8,120.0,31.1,0.042533338,Off T,Head,Open Play,Normal,0
d7dc9e6e-e833-4bca-abe0-16efd35baa2d,3857267,2,66,57,3565,Ecuador,30111,Felix Eduardo Torres Caicedo,Right Center Back,113.7,42.7,117.0,36.2,0.15397952,Wayward,Head,Open Play,Normal,0
fe08733c-664e-444f-9053-4753f4d98076,3857267,2,66,58,3565,Ecuador,37726,Moisés Isaac Caicedo Corozo,Left Defensive Midfield,117.2,35.6,120.0,36.9,0.5894187,Goal,Right Foot,Open Play,Volley,0
7f414cf8-690c-4ce8-bdb4-7de35ddbd88b,3857267,2,69,30,787,Senegal,5675,Kalidou Koulibaly,Right Center Back,114.3,46.0,120.0,38.2,0.23427999,Goal,Right Foot,Open Play,Volley,0
4791bb90-e837-4f48-90e2-efede0479473,3857267,2,75,48,3565,Ecuador,31152,Gonzalo Jordy Plata Jiménez,Right Midfield,107.0,42.8,117.9,40.6,0.058988493,Saved,Left Foot,Open Play,Half Volley,0
2bf8682f-e1ab-414c-8bc1-6980dc46c81c,3857267,2,81,53,787,Senegal,20611,Boulaye Dia,Right Wing,101.3,54.6,120.0,45.1,0.04455093,Off T,Right Foot,Open Play,Normal,0
5bfc0320-add5-41f5-8498-58bdb69b0879,3857267,2,87,46,787,Senegal,21026,Pape Gueye,Left Defensive Midfield,102.6,54.8,116.1,44.0,0.03201506,Saved,Right Foot,Open Play,Normal,0
2e8b83d3-8d70-4882-b24e-efe516fa2d28,3857267,2,88,59,3565,Ecuador,40211,Jeremy Leonel Sarmiento Morante,Left Midfield,105.3,32.1,117.3,40.5,0.02928531,Saved,Head,Open Play,Normal,0
965bcc85-5bae-4710-8ca7-9203417c49df,3857267,2,93,53,3565,Ecuador,51969,Jackson Gabriel Porozo Vernaza,Right Back,105.9,34.3,120.0,51.5,0.052534856,Off T,Head,Open Play,Normal,0
5628fb42-180e-4756-8655-b0bffc7ba8f0,3857287,1,12,38,783,Uruguay,5255,Matías Vecino Falero,Left Center Midfield,109.5,28.6,117.3,36.7,0.052239094,Saved,Head,Open Play,Normal,0
9a92c82b-99ac-46b4-be65-45a79d4650ed,3857287,1,18,45,783,Uruguay,6773,Federico Santiago Valverde Dipetta,Right Center Midfield,103.9,35.4,120.0,43.8,0.05187739,Off T,Left Foot,Open Play,Half Volley,1
ded873ac-89f3-4ae4-9b4f-96f0ce726233,3857287,1,33,36,791,South Korea,29966,Ui-Jo Hwang,Center Forward,108.9,42.7,120.0,38.2,0.323128,Off T,Right Foot,Open Play,Normal,0
57bb672a-cc1c-485e-9daf-ec52fd44a58a,3857287,1,38,40,791,South Korea,23763,In-Beom Hwang,Right Defensive Midfield,89.7,57.6,120.0,36.5,0.007071261,Off T,Right Foot,Open Play,Normal,0
5d9a7dee-a394-45bd-a788-6791bcb46e98,3857287,1,42,50,783,Uruguay,5249,Diego Roberto Godín Leal,Right Center Back,110.0,40.4,120.0,36.0,0.054689027,Post,Head,Open Play,Normal,1
5a203b40-fbdc-43d6-aaaf-39d78a9a2626,3857287,1,45,10,783,Uruguay,5259,José María Giménez de Vargas,Left Center Back,103.5,35.9,120.0,50.1,0.046385217,Off T,Head,Open Play,Normal,0
b1309c1c-2272-43ac-a0a6-c9f358d70c18,3857287,2,52,7,791,South Korea,43565,Min Jae Kim,Right Center Back,111.5,46.1,116.9,38.6,0.046898182,Wayward,Other,Open Play,Normal,0
f9af0c77-987d-4a7e-9e86-a8474d6cc36a,3857287,2,54,21,783,Uruguay,5260,Rodrigo Bentancur Colmán,Center Defensive Midfield,101.3,38.3,103.9,38.5,0.052523207,Blocked,Right Foot,Open Play,Normal,0
9d6785c3-3d7a-4124-83c6-700dcd524042,3857287,2,68,9,783,Uruguay,6773,Federico Santiago Valverde Dipetta,Right Defensive Midfield,90.5,27.4,109.0,78.9,0.014167523,Wayward,Right Foot,Open Play,Half Volley,0
637d7f05-74eb-4c8d-8217-53a8f5495e80,3857287,2,68,37,783,Uruguay,4319,Edinson Roberto Cavani Gómez,Right Center Forward,106.6,47.5,107.6,47.0,0.03804607,Blocked,Right Foot,Open Play,Normal,0
108530c5-bc45-44f6-a676-961004913a8c,3857287,2,74,42,791,South Korea,22740,Kang-In Lee,Right Wing,94.5,54.2,95.6,53.5,0.023162797,Blocked,Left Foot,Open Play,Normal,0
70853b88-685a-4922-98d8-b3ba00afab40,3857287,2,76,51,791,South Korea,40542,Gue-Sung Cho,Center Forward,93.4,42.0,120.0,46.6,0.036145955,Off T,Left Foot,Open Play,Half Volley,0
35c7d57e-4ece-4607-acd1-6fc535aca1e8,3857287,2,80,43,783,Uruguay,32478,Darwin Gabriel Núñez Ribeiro,Left Center Forward,100.6,28.3,120.0,46.3,0.028178101,Off T,Right Foot,Open Play,Normal,0
52fadd3f-9f6a-4697-a1e2-4c86fb7c27c4,3857287,2,86,56,783,Uruguay,4319,Edinson Roberto Cavani Gómez,Right Center Forward,110.5,39.7,120.0,33.7,0.06689449,Off T,Head,Open Play,Normal,0
b43973c6-dec2-486a-97e0-d932042e7295,3857287,2,88,58,783,Uruguay,6773,Federico Santiago Valverde Dipetta,Right Defensive Midfield,95.7,22.6,119.9,36.1,0.012294213,Post,Right Foot,Open Play,Normal,0
c2770548-8c9d-474a-8cd7-6114ce4f76e1,3857287,2,89,54,791,South Korea,3083,Heung-Min Son,Left Wing,93.8,36.6,120.0,46.1,0.0335565,Off T,Left Foot,Open Play,Normal,0
0ada1c14-4a75-4b1b-98b2-bd91c1f22dbd,3857287,2,93,6,791,South Korea,23763,In-Beom Hwang,Center Attacking Midfield,94.9,26.7,120.0,31.4,0.023029828,Off T,Left Foot,Open Play,Normal,0
dd62c1c2-00a9-4b33-a516-6094ca80e218,3869486,1,3,59,780,Portugal,12041,João Félix Sequeira,Left Wing,106.8,44.2,118.1,42.9,0.0989785,Saved,Head,Open Play,Diving Header,0
9f344f5d-4d72-4cf2-8eac-ed7c83a87f65,3869486,1,5,56,788,Morocco,6301,Youssef En-Nesyri,Center Forward,112.7,39.4,120.0,38.1,0.117904566,Off T,Head,Open Play,Normal,0
acc5950a-c4d0-4ca7-8f0d-61a7de6ac0e8,3869486,1,12,26,780,Portugal,5209,Raphaël Adelino José Guerreiro,Left Back,105.6,23.6,114.0,34.9,0.019215545,Blocked,Left Foot,Open Play,Volley,0
9cf778f8-eb3d-4bc5-ab35-0f3a147db977,3869486,1,17,49,788,Morocco,5237,Hakim Ziyech,Right Midfield,96.1,60.9,120.0,47.8,0.008206696,Off T,Left Foot,Open Play,Normal,0
9e674fd1-9541-42e1-921f-a8ccbed1d7c6,3869486,1,25,21,788,Morocco,6301,Youssef En-Nesyri,Center Forward,106.7,39.8,120.0,48.7,0.043849364,Off T,Head,Open Play,Normal,0
646d8725-6259-4863-92b3-0ea602d4bdd4,3869486,1,30,9,780,Portugal,12041,João Félix Sequeira,Left Wing,100.9,27.7,104.5,29.9,0.027014187,Blocked,Right Foot,Open Play,Half Volley,0
971e3e9c-a536-4987-be86-fed114271c3e,3869486,1,34,2,788,Morocco,23774,Selim Amallah,Left Center Midfield,108.7,31.3,120.0,37.0,0.06053267,Off T,Left Foot,Open Play,Half Volley,0
9000f0f2-73ed-4a71-917d-2d525af7ba80,3869486,1,34,56,788,Morocco,3625,Sofiane Boufal,Left Midfield,97.0,27.8,117.3,38.6,0.03503226,Saved,Right Foot,Open Play,Normal,0
60fd64f6-2fc4-4e42-8df5-c9e199fa7690,3869486,1,38,46,780,Portugal,12041,João Félix Sequeira,Left Wing,102.2,35.4,120.0,36.8,0.060545366,Off T,Right Foot,Open Play,Half Volley,0
b5cf82d9-5c1a-49ac-af0d-2fada2d6f0e5,3869486,1,41,36,788,Morocco,6301,Youssef En-Nesyri,Center Forward,112.6,39.7,120.0,42.7,0.20030825,Goal,Head,Open Play,Normal,1
7c951da3-8d74-432e-8fd4-2a6807a7ff24,3869486,1,44,23,780,Portugal,5204,Bruno Miguel Borges Fernandes,Right Wing,108.0,62.3,120.0,39.1,0.0067060287,Post,Right Foot,Open Play,Half Volley,0
1b7f0b8c-83a1-4f81-a6d2-469a14a2beda,3869486,1,46,58,788,Morocco,31295,Yahia Attiyat allah,Left Back,107.6,26.3,120.0,35.0,0.082217455,Off T,Left Foot,Open Play,Normal,0
3b8ce4f0-d61d-4dda-9c67-8c240bdbbc47,3869486,2,55,0,788,Morocco,46258,Azzedine Ounahi,Right Center Midfield,93.4,44.2,120.0,48.3,0.032880384,Off T,Right Foot,Open Play,Normal,0
4d09313e-118e-459a-9ee8-01dc7a56f08f,3869486,2,57,28,780,Portugal,38803,Gonçalo Matias Ramos,Center Attacking Midfield,108.7,40.0,120.0,46.8,0.10594022,Off T,Head,Open Play,Normal,0
13d33a38-98fb-4bd9-8a7f-c77928e25cba,3869486,2,60,14,780,Portugal,12041,João Félix Sequeira,Left Wing,109.7,29.4,110.4,29.7,0.026895314,Blocked,Head,Open Play,Normal,1
8fd3af63-509c-463b-88d2-fa1c6eabb793,3869486,2,63,4,780,Portugal,5204,Bruno Miguel Borges Fernandes,Right Wing,101.0,35.5,120.0,37.5,0.057325892,Off T,Right Foot,Open Play,Normal,1
66863928-254c-403c-8dc7-ffbd0b98fce5,3869486,2,70,44,780,Portugal,3193,Bernardo Mota Veiga de Carvalho e Silva,Left Defensive Midfield,109.8,35.9,114.5,55.7,0.10927713,Wayward,Right Foot,Open Play,Normal,0
d3101e93-d011-401a-af9c-5a1c560c72ec,3869486,2,81,59,780,Portugal,12041,João Félix Sequeira,Center Attacking Midfield,102.0,57.1,117.4,40.8,0.025960794,Saved,Left Foot,Open Play,Normal,0
d4278a80-ee3d-4ef1-9255-cf9dc4ce1580,3869486,2,90,24,780,Portugal,5207,Cristiano Ronaldo dos Santos Aveiro,Center Forward,101.8,53.7,113.4,46.4,0.05699573,Saved,Right Foot,Open Play,Normal,1
69bc4e3c-2854-42c1-89ba-e159f7515567,3869486,2,95,20,788,Morocco,21736,Zakaria Aboukhlal,Center Forward,101.1,45.9,106.0,44.3,0.39109123,Saved,Right Foot,Open Play,Lob,0
d7d80857-d613-45c5-8c49-59d19af73f1d,3869486,2,96,40,780,Portugal,20016,Kléper Laveran Lima Ferreira,Right Center Back,114.1,44.5,120.0,45.2,0.14926605,Off T,Head,Open Play,Normal,1
616b0bce-d5cc-4417-98c4-b831cfbe9a4d,3857260,1,1,9,794,Mexico,28825,Luis Gerardo Chávez Magallón,Left Defensive Midfield,91.7,51.5,120.0,46.6,0.021919996,Off T,Left Foot,Open Play,Normal,0
9dd15d0d-0ff7-4b3a-a352-dbfc2bd33ced,3857260,1,2,8,799,Saudi Arabia,51469,Saleh Khalid Al Shehri,Right Center Forward,92.9,41.7,117.0,41.5,0.02182735,Saved,Left Foot,Open Play,Volley,0
51808f65-639f-4dbd-bd51-3b8dde23358a,3857260,1,2,37,794,Mexico,26301,Ernesto Alexis Vega Rojas,Left Wing,101.6,38.9,105.0,39.5,0.3665275,Saved,Right Foot,Open Play,Normal,0
03393099-8769-4c00-a967-28016d84004c,3857260,1,7,41,799,Saudi Arabia,5713,Mohammed Kanoo,Left Center Forward,113.0,54.1,120.0,36.8,0.047937077,Off T,Right Foot,Open Play,Half Volley,0
7486f25f-0e69-48b8-b2db-b2dc4b1d4e4f,3857260,1,12,58,799,Saudi Arabia,5713,Mohammed Kanoo,Left Center Forward,96.3,33.5,120.0,37.0,0.073429175,Off T,Right Foot,Free Kick,Normal,0
095adc8d-612d-445a-9a9a-33100ece166c,3857260,1,22,21,794,Mexico,28825,Luis Gerardo Chávez Magallón,Left Defensive Midfield,92.7,40.4,118.5,39.2,0.01981399,Saved,Left Foot,Open Play,Volley,0
22eb252a-6f77-44e7-bfc6-c588e4d70047,3857260,1,24,27,794,Mexico,26280,Orbelín Pineda Alvarado,Center Attacking Midfield,104.0,44.6,118.6,38.8,0.0489465,Saved,Right Foot,Open Play,Normal,0
ab1e8f1e-1ba7-43b8-9ec8-d4cef015196f,3857260,1,26,25,794,Mexico,26280,Orbelín Pineda Alvarado,Center Attacking Midfield,115.8,34.5,116.0,35.9,0.30787364,Wayward,Head,Open Play,Diving Header,0
1ff25ece-af3b-4ddc-9f6a-2dfa451f2457,3857260,1,34,17,794,Mexico,28825,Luis Gerardo Chávez Magallón,Left Defensive Midfield,89.6,28.9,93.2,30.6,0.016814427,Blocked,Left Foot,Open Play,Normal,0
c9efc2ae-9415-4450-b2f9-8d2129cfbbfb,3857260,1,35,8,794,Mexico,5576,Jesús Daniel Gallardo Vasconcelos,Left Back,106.8,43.3,120.0,48.2,0.06430086,Off T,Right Foot,Open Play,Half Volley,0
130647bc-a86f-4957-8a47-b1bed49ccc23,3857260,1,40,28,794,Mexico,28825,Luis Gerardo Chávez Magallón,Left Defensive Midfield,84.6,49.2,102.0,44.6,0.0066389865,Blocked,Left Foot,Free Kick,Normal,0
ba1c3a07-2b3e-4cc0-8855-35916883577f,3857260,1,40,39,794,Mexico,26280,Orbelín Pineda Alvarado,Center Attacking Midfield,102.0,45.2,105.7,44.0,0.062194254,Blocked,Left Foot,Open Play,Normal,0
5d1252dc-6973-4d50-92d7-96e24270ba67,3857260,1,44,7,794,Mexico,26301,Ernesto Alexis Vega Rojas,Left Wing,106.1,29.3,107.9,30.9,0.04950449,Blocked,Right Foot,Open Play,Normal,0
b9e33c42-7a2d-4523-a949-4458dca9e994,3857260,1,44,16,794,Mexico,28825,Luis Gerardo Chávez Magallón,Left Defensive Midfield,92.9,30.0,106.0,36.7,0.015146091,Blocked,Left Foot,Open Play,Half Volley,0
c51da087-962c-49bd-ba82-dae979275207,3857260,1,50,12,799,Saudi Arabia,51096,Ali Al Hassan,Right Defensive Midfield,110.1,45.6,120.0,31.7,0.10154356,Off T,Head,Open Play,Diving Header,0
20a35c76-24ef-4b8c-ac38-e769dff6c717,3857260,2,46,12,794,Mexico,28825,Luis Gerardo Chávez Magallón,Left Defensive Midfield,85.5,41.2,117.9,37.5,0.018109906,Saved,Left Foot,Open Play,Normal,0
9795941f-ce89-44a3-a415-72d00a9f647f,3857260,2,46,17,794,Mexico,5571,Hirving Rodrigo Lozano Bahena,Left Wing,102.7,19.2,104.0,20.7,0.0068189544,Blocked,Right Foot,Open Play,Normal,0
22c0ff6e-ca12-495e-a6d9-cf1bb00e53a9,3857260,2,46,52,794,Mexico,26400,Henry Josué Martín Mex,Center Forward,116.7,40.2,120.0,41.0,0.28809994,Goal,Left Foot,Open Play,Volley,0
9be85ecf-e236-4acb-b8a7-2ab06dfce27c,3857260,2,49,14,799,Saudi Arabia,57620,Sultan Abdullah Salim Al Ghannam,Right Wing Back,115.8,46.7,120.0,45.8,0.21450256,Off T,Right Foot,Open Play,Volley,0
2243dac2-e1c3-47a3-87b7-5b398c68cf07,3857260,2,51,56,794,Mexico,28825,Luis Gerardo Chávez Magallón,Left Defensive Midfield,86.7,41.3,120.0,43.2,0.024289701,Goal,Left Foot,Free Kick,Normal,0
96b42342-137b-42fb-9b1b-c65116b5f82b,3857260,2,54,5,799,Saudi Arabia,57620,Sultan Abdullah Salim Al Ghannam,Right Wing Back,114.8,52.4,120.0,45.6,0.030311959,Off T,Head,Open Play,Normal,0
8ecf26a1-e5ac-4d39-83cd-fac7b2180cc7,3857260,2,58,56,794,Mexico,26400,Henry Josué Martín Mex,Center Forward,112.0,40.0,116.9,55.8,0.09122391,Wayward,Head,Open Play,Normal,1
3032ab92-3280-4112-a204-1c261c9fcb94,3857260,2,61,53,799,Saudi Arabia,51094,Abdulelah Al Amri,Right Center Back,109.1,45.1,120.0,40.1,0.037819926,Off T,Head,Open Play,Normal,0
869d6aa5-aea8-41cd-9ea1-df338f224d12,3857260,2,66,1,794,Mexico,5571,Hirving Rodrigo Lozano Bahena,Left Wing,97.5,31.3,118.3,36.4,0.05300886,Saved,Right Foot,Open Play,Normal,0
bf5afa36-dd18-41bf-8a1d-55c33ba25080,3857260,2,66,25,799,Saudi Arabia,51099,Firas Tariq Nasser Al Albirakan,Center Forward,101.4,25.4,102.3,26.1,0.013105479,Blocked,Left Foot,Open Play,Half Volley,0
d4989c31-a99c-4b7a-923f-e4d99d9cd5f5,3857260,2,69,31,794,Mexico,26400,Henry Josué Martín Mex,Center Forward,108.8,34.9,120.0,37.9,0.22500646,Off T,Left Foot,Open Play,Volley,0
0cfe0a06-b98d-41fb-bef1-59897be64d13,3857260,2,72,3,794,Mexico,28825,Luis Gerardo Chávez Magallón,Left Defensive Midfield,87.3,40.5,118.2,37.5,0.027150616,Saved,Left Foot,Free Kick,Normal,0
f15011a0-0b1c-4fb9-b9ee-34fb7c2dae92,3857260,2,75,39,794,Mexico,26280,Orbelín Pineda Alvarado,Center Attacking Midfield,100.5,32.9,120.0,45.9,0.08600338,Off T,Right Foot,Open Play,Normal,0
e71b9a71-7816-4177-8508-43ae8e9d3c3e,3857260,2,77,12,794,Mexico,15452,Carlos Uriel Antuna Romero,Right Wing,109.4,35.9,111.0,36.5,0.26870292,Blocked,Right Foot,Open Play,Normal,0
1a46cbf8-c9bc-4843-b51c-0ee17fd7550d,3857260,2,77,46,794,Mexico,5567,Edson Omar Álvarez Velázquez,Right Defensive Midfield,85.8,42.8,118.7,42.4,0.013687578,Saved,Right Foot,Open Play,Half Volley,0
dc08ca78-5b25-46f2-aa36-6ff048f91962,3857260,2,80,0,799,Saudi Arabia,5187,Salem Mohammed Al Dawsari,Left Wing,89.2,40.3,120.0,43.6,0.019886926,Off T,Right Foot,Open Play,Normal,0
985881d4-d210-4854-81c2-591279f9cb21,3857260,2,82,14,794,Mexico,28825,Luis Gerardo Chávez Magallón,Left Defensive Midfield,101.0,46.0,107.6,43.3,0.057560198,Blocked,Left Foot,Open Play,Normal,0
689017e8-2675-49f0-88fe-5ee9a6a7f5a6,3857260,2,88,12,794,Mexico,26318,Rogelio Gabriel Funes Mori,Left Center Forward,98.8,37.4,103.1,38.0,0.06664524,Blocked,Right Foot,Open Play,Normal,0
ad9940c8-30cc-47f4-b706-e2d09b1d78eb,3857260,2,91,25,794,Mexico,5571,Hirving Rodrigo Lozano Bahena,Left Midfield,92.9,31.8,118.9,41.7,0.05359905,Saved,Right Foot,Free Kick,Normal,0
658c3cfe-5c38-47b7-8ec5-b5d9ea44f27d,3857260,2,93,10,794,Mexico,5571,Hirving Rodrigo Lozano Bahena,Left Midfield,101.9,28.3,120.0,48.3,0.06253588,Off T,Right Foot,Open Play,Normal,0
1d0a8857-a8ba-461f-9e98-de32270f52c7,3857260,2,94,40,799,Saudi Arabia,5187,Salem Mohammed Al Dawsari,Left Wing,110.9,45.2,120.0,42.6,0.51574713,Goal,Right Foot,Open Play,Normal,0
cc1e60c8-7b5a-4615-8e9f-b4e9a2df5c5c,3857264,1,4,2,789,Poland,11737,Krystian Bielik,Right Defensive Midfield,100.7,41.3,107.7,39.4,0.061495427,Blocked,Left Foot,Open Play,Normal,0
e84b2adc-a5c5-467d-9e62-bfb5ab86943d,3857264,1,6,30,779,Argentina,5503,Lionel Andrés Messi Cuccittini,Center Forward,99.0,37.7,116.7,37.9,0.050872557,Saved,Right Foot,Open Play,Normal,0
00eb4001-cfd4-4f22-afb6-97c51d5de77a,3857264,1,8,53,779,Argentina,2995,Ángel Fabián Di María Hernández,Right Wing,94.3,40.5,103.7,41.2,0.034158513,Blocked,Left Foot,Open Play,Normal,0
732e9df5-bb7b-4708-bf2e-0d1e2cbd521f,3857264,1,9,53,779,Argentina,5503,Lionel Andrés Messi Cuccittini,Center Forward,111.7,25.8,118.9,35.9,0.053250678,Saved,Left Foot,Open Play,Normal,0
6403c129-bef8-44e0-aff0-bca5706954d7,3857264,1,16,9,779,Argentina,19597,Marcos Javier Acuña,Left Back,107.0,27.9,120.0,43.3,0.05141401,Off T,Right Foot,Open Play,Half Volley,0
f9738d78-8285-4130-97be-720dbb5e0cc1,3857264,1,21,36,789,Poland,3034,Kamil Glik,Right Center Back,105.9,43.5,115.9,46.6,0.06557972,Wayward,Right Foot,Open Play,Backheel,0
20451d34-d1ee-433b-b247-a21b1f214d9c,3857264,1,27,54,779,Argentina,29560,Julián Álvarez,Left Wing,110.8,47.7,114.7,41.0,0.1493578,Blocked,Right Foot,Open Play,Normal,0
2683f1ce-b2e0-4790-a27b-a63ad2743594,3857264,1,27,59,779,Argentina,19597,Marcos Javier Acuña,Left Back,102.9,22.5,120.0,46.0,0.024708062,Off T,Left Foot,Open Play,Normal,0
530b01f6-fd0d-4c7d-96c6-2d4443005a6d,3857264,1,32,17,779,Argentina,2995,Ángel Fabián Di María Hernández,Right Wing,119.6,79.2,119.5,40.7,0.00018,Saved,Left Foot,Corner,Normal,0
995af604-9298-401b-9c5e-5507dac7b0e0,3857264,1,34,23,779,Argentina,38718,Enzo Fernandez,Center Defensive Midfield,91.6,39.7,120.0,44.7,0.024548035,Off T,Right Foot,Open Play,Normal,0
ce3c5309-f67c-45f6-9ff3-354a958dc5f7,3857264,1,35,10,779,Argentina,29560,Julián Álvarez,Left Wing,110.4,27.6,114.2,32.0,0.19083758,Saved,Left Foot,Open Play,Normal,0
bbf37035-eac8-4277-8e3a-39c6acf669e1,3857264,1,38,24,779,Argentina,5503,Lionel Andrés Messi Cuccittini,Center Forward,108.1,40.1,119.7,42.8,0.7835,Saved,Left Foot,Penalty,Normal,0
8b91032f-be4a-447e-82c2-11e12d18aeaa,3857264,1,42,9,779,Argentina,29560,Julián Álvarez,Left Wing,102.4,27.0,118.4,38.6,0.03720347,Saved,Right Foot,Open Play,Normal,0
79ac9bb8-7580-4f2f-86e4-03ddd04bc6a1,3857264,1,42,10,779,Argentina,7797,Rodrigo Javier De Paul,Right Center Midfield,112.2,40.3,117.8,39.5,0.3152717,Saved,Other,Open Play,Normal,0
35801dfe-a2f0-4877-aaba-a022e4a8d356,3857264,1,43,16,779,Argentina,2995,Ángel Fabián Di María Hernández,Right Wing,106.7,58.4,118.8,43.6,0.010134568,Saved,Left Foot,Open Play,Normal,0
7a106f3b-d45b-4e5a-b272-eab6712a7aa9,3857264,2,45,53,779,Argentina,27886,Alexis Mac Allister,Left Center Midfield,106.0,46.7,119.9,35.8,0.107545994,Goal,Right Foot,Open Play,Normal,0
12475fe7-5f96-4551-8b24-4099dcb63911,3857264,2,49,0,789,Poland,3034,Kamil Glik,Right Center Back,108.8,43.5,120.0,34.0,0.04381306,Off T,Head,Open Play,Normal,1
04959693-8bcc-4b30-84df-f926adc8e114,3857264,2,52,13,789,Poland,28453,Michał Skóraś,Right Midfield,101.1,56.9,102.3,56.0,0.026707038,Blocked,Left Foot,Open Play,Normal,0
4e1e525e-379b-4e7e-ade8-5e5e7d25775b,3857264,2,52,42,779,Argentina,5503,Lionel Andrés Messi Cuccittini,Center Forward,105.8,28.4,120.0,26.1,0.06119443,Wayward,Left Foot,Open Play,Normal,0
30d12bdd-f6fe-4a11-aa23-0d06df56b410,3857264,2,55,41,779,Argentina,5503,Lionel Andrés Messi Cuccittini,Center Forward,109.4,50.7,109.4,44.3,0.058334265,Wayward,Left Foot,Open Play,Normal,1
0d3c66d5-64b8-4fd7-8955-ad27a86d6ec1,3857264,2,55,42,779,Argentina,29560,Julián Álvarez,Left Wing,107.7,41.5,110.4,41.4,0.15200824,Blocked,Left Foot,Open Play,Normal,0
7c0f9533-8699-4dff-b7e1-afcdc7dbe87e,3857264,2,60,38,779,Argentina,27886,Alexis Mac Allister,Left Wing,106.0,46.0,118.0,42.0,0.13009955,Saved,Left Foot,Open Play,Normal,0
13ac6bf1-8ac2-4f2c-a084-f02bfe5e953f,3857264,2,63,23,779,Argentina,5503,Lionel Andrés Messi Cuccittini,Right Wing,107.2,25.9,108.1,26.7,0.023947677,Blocked,Left Foot,Open Play,Normal,0
9cd13a7d-13be-4553-a2e1-b4bab349e413,3857264,2,66,57,779,Argentina,29560,Julián Álvarez,Center Forward,106.0,33.5,120.0,43.3,0.10054177,Goal,Right Foot,Open Play,Normal,0
f75ddc65-a309-4ace-8d33-b1d6e87f86a0,3857264,2,70,36,779,Argentina,5503,Lionel Andrés Messi Cuccittini,Right Wing,106.5,35.1,117.4,38.7,0.13232325,Saved,Left Foot,Open Play,Normal,0
b4da499b-ab6d-417f-8525-ff3d2be5a8d0,3857264,2,72,44,779,Argentina,29560,Julián Álvarez,Center Forward,106.1,52.6,120.0,44.7,0.18145993,Off T,Right Foot,Open Play,Normal,0
325be693-18e2-4620-81c8-81ea1752639e,3857264,2,85,2,779,Argentina,11456,Lautaro Javier Martínez,Center Forward,109.4,52.2,120.0,32.9,0.17955275,Off T,Right Foot,Open Play,Normal,0
4a3d578a-c71a-4102-8e73-00bbcfce4ca0,3857264,2,91,58,779,Argentina,5507,Nicolás Alejandro Tagliafico,Left Wing Back,108.2,30.2,111.3,33.0,0.22421487,Saved,Left Foot,Open Play,Lob,0
7ae9c5f3-5dab-42f3-96d4-08afbfc9ec73,3857289,1,9,14,794,Mexico,26368,César Jasib Montes Castro,Center Back,107.6,38.6,120.0,49.2,0.0988946,Off T,Left Foot,Open Play,Volley,1
38bd31c7-218f-4373-a732-7b05947ebadb,3857289,1,39,59,779,Argentina,11456,Lautaro Javier Martínez,Left Center Forward,112.7,39.5,120.0,47.9,0.13799548,Off T,Head,Open Play,Normal,1
386194e2-f332-4e3d-8962-7fddd86558c6,3857289,1,44,17,794,Mexico,26301,Ernesto Alexis Vega Rojas,Left Center Forward,92.4,35.8,118.3,37.2,0.05948228,Saved,Right Foot,Free Kick,Normal,0
b92a7d35-3e47-48f3-925c-abb6989e7cc6,3857289,1,49,14,794,Mexico,26301,Ernesto Alexis Vega Rojas,Left Center Forward,92.8,23.0,120.0,44.9,0.0077116457,Off T,Right Foot,Open Play,Half Volley,0
ec065036-3267-4763-ba54-8754d13eed39,3857289,2,47,14,794,Mexico,5571,Hirving Rodrigo Lozano Bahena,Left Center Forward,93.5,36.8,95.0,36.9,0.040303126,Blocked,Right Foot,Open Play,Normal,0
ea768ca3-bacd-4f68-98d2-15b40db162f8,3857289,2,50,59,779,Argentina,5503,Lionel Andrés Messi Cuccittini,Right Center Forward,94.8,41.9,120.0,41.6,0.067327775,Off T,Left Foot,Free Kick,Normal,0
70e7f361-0036-4d20-a401-2e4afbd31e5a,3857289,2,63,32,779,Argentina,5503,Lionel Andrés Messi Cuccittini,Right Center Forward,94.9,37.4,120.0,43.7,0.033919714,Goal,Left Foot,Open Play,Normal,0
2e74ba6a-04dc-42e1-89f4-2370b22fb66c,3857289,2,69,39,779,Argentina,29201,Nahuel Molina Lucero,Right Wing Back,101.5,49.2,120.0,43.7,0.050896797,Off T,Right Foot,Open Play,Half Volley,0
459d3411-945a-436f-b6eb-f7701b89cff7,3857289,2,86,39,779,Argentina,38718,Enzo Fernandez,Center Defensive Midfield,106.5,22.8,120.0,43.1,0.035064373,Goal,Right Foot,Open Play,Normal,0
da4dd724-c729-4200-935c-84741b3d8d1b,3869254,1,4,56,773,Switzerland,5545,Breel-Donald Embolo,Right Center Forward,104.1,27.2,107.7,30.2,0.06137733,Blocked,Left Foot,Open Play,Normal,0
4702956b-c7d2-4b36-848c-4057f688bba0,3869254,1,16,43,780,Portugal,38803,Gonçalo Matias Ramos,Center Forward,111.3,27.5,120.0,36.4,0.10102074,Goal,Left Foot,Open Play,Normal,0
3e9b1782-21f4-4684-a2b4-7fcb434e81d2,3869254,1,21,3,780,Portugal,11184,Otávio Edmilson da Silva Monteiro,Left Center Midfield,101.4,36.8,118.0,38.6,0.032515083,Saved,Right Foot,Open Play,Half Volley,0
d3210de8-2efb-482c-b44b-f983e5cdf53b,3869254,1,21,54,780,Portugal,38803,Gonçalo Matias Ramos,Center Forward,100.7,32.2,116.8,38.0,0.072023906,Saved,Right Foot,Open Play,Normal,0
171eaf4b-d43f-41e0-bdcd-599702a496ec,3869254,1,29,38,773,Switzerland,3533,Xherdan Shaqiri,Left Center Forward,87.2,46.1,118.9,43.9,0.023890225,Saved,Left Foot,Free Kick,Normal,0
92f8ddc9-eb11-486b-b917-e6adc5ddcb84,3869254,1,32,35,780,Portugal,20016,Kléper Laveran Lima Ferreira,Right Center Back,114.3,40.0,120.0,38.9,0.12779379,Goal,Head,Open Play,Normal,1
5ffa5b27-1e0e-410e-8950-32d831432910,3869254,1,37,32,773,Switzerland,6983,Remo Freuler,Left Center Midfield,115.9,44.0,116.9,43.1,0.2948616,Saved,Head,Open Play,Normal,0
c46ab3f1-2c95-44e7-80d3-a63693f56e70,3869254,1,37,36,773,Switzerland,5537,Fabian Lukas Schär,Center Back,99.9,53.7,120.0,46.3,0.024413843,Off T,Right Foot,Open Play,Volley,0
6e8ce1fe-2cc7-499d-a137-df556d0ce758,3869254,1,42,11,780,Portugal,38803,Gonçalo Matias Ramos,Center Forward,107.5,33.4,115.1,39.1,0.31703457,Saved,Left Foot,Open Play,Normal,0
73b29321-0a25-4f7f-b226-23cc581db422,3869254,1,47,18,780,Portugal,5209,Raphaël Adelino José Guerreiro,Left Back,96.0,25.0,120.0,37.2,0.021823613,Off T,Left Foot,Open Play,Normal,0
4232fdf4-5a2b-47bf-ae3b-0f5fdeea3684,3869254,2,48,11,780,Portugal,38803,Gonçalo Matias Ramos,Center Forward,114.4,35.1,115.4,44.8,0.09938955,Wayward,Head,Open Play,Normal,1
37c91977-3d8e-42a7-8368-806c40c8e9fc,3869254,2,50,5,780,Portugal,38803,Gonçalo Matias Ramos,Center Forward,115.8,44.4,120.0,42.9,0.5086819,Goal,Left Foot,Open Play,Normal,0
86b9f4b6-512c-426b-aa0a-9d2295994d50,3869254,2,52,32,780,Portugal,12041,João Félix Sequeira,Left Wing,103.5,26.4,107.4,29.9,0.043932665,Blocked,Left Foot,Open Play,Normal,1
0fccbaee-00d4-4124-af20-9740849940b4,3869254,2,53,20,780,Portugal,20016,Kléper Laveran Lima Ferreira,Right Center Back,110.8,35.6,114.3,33.6,0.05800441,Wayward,Head,Open Play,Normal,1
4ed9fca8-dccc-4c44-ba66-76783239ad29,3869254,2,54,55,780,Portugal,5209,Raphaël Adelino José Guerreiro,Left Back,110.9,32.4,120.0,41.6,0.35848966,Goal,Left Foot,Open Play,Normal,1
2b86a444-5696-4c2d-ba7f-837ec9756684,3869254,2,57,5,773,Switzerland,5549,Manuel Obafemi Akanji,Right Center Back,118.7,35.4,120.0,38.6,0.6688656,Goal,Right Foot,Open Play,Volley,0
9cc86132-6a78-440a-b926-2926ddd6946f,3869254,2,65,21,773,Switzerland,3533,Xherdan Shaqiri,Right Midfield,101.7,63.9,120.0,9.6,0.007870479,Wayward,Left Foot,Open Play,Normal,0
ec8bd928-b9e8-44ae-b2a1-3e12b7d38a87,3869254,2,66,12,780,Portugal,38803,Gonçalo Matias Ramos,Center Forward,112.6,45.8,120.0,37.0,0.46699882,Goal,Right Foot,Open Play,Lob,1
624cffee-e13c-4020-8af2-efcf3760783c,3869254,2,70,10,773,Switzerland,5538,Denis Lemi Zakaria Lako Lado,Right Defensive Midfield,97.5,36.4,100.4,37.0,0.04188712,Blocked,Right Foot,Open Play,Normal,0
a05207c2-0497-47a5-8b62-242766a4266d,3869254,2,75,51,780,Portugal,5207,Cristiano Ronaldo dos Santos Aveiro,Center Forward,88.9,44.9,99.9,44.2,0.028790973,Blocked,Right Foot,Free Kick,Normal,0
8a9e1974-0ef0-4911-b167-4dd9d77bdc8d,3869254,2,79,35,773,Switzerland,5545,Breel-Donald Embolo,Left Center Forward,102.1,39.2,102.9,39.1,0.032889098,Blocked,Right Foot,Open Play,Overhead Kick,1
47d48ad1-0bec-4db0-89fa-69f2064e2eee,3869254,2,80,12,773,Switzerland,3500,Granit Xhaka,Left Defensive Midfield,113.2,34.5,120.0,37.6,0.0836758,Off T,Head,Open Play,Normal,1
5df2ae77-2cbb-4d69-8bb4-36c4f4d8aea5,3869254,2,84,57,773,Switzerland,29006,Noah Okafor,Left Midfield,108.4,23.1,108.9,23.7,0.032096077,Blocked,Right Foot,Open Play,Normal,0
b454f46a-01f5-4f67-9b6b-994573c64ca9,3869254,2,91,12,780,Portugal,18360,Rafael Alexandre Conceição Leão,Right Wing,105.0,21.7,120.0,42.5,0.010257767,Goal,Right Foot,Open Play,Normal,1
3d1a05c1-c580-458e-bbce-636412e359fb,3869254,2,93,45,780,Portugal,5206,Rúben Santos Gato Alves Dias,Left Center Back,108.0,41.9,109.1,41.4,0.03750256,Blocked,Head,Open Play,Normal,0
eca22731-e62f-4c63-98c5-55f4f5357216,3869118,1,20,25,768,England,3244,John Stones,Right Center Back,113.5,45.4,120.0,46.5,0.08366814,Off T,Other,Open Play,Normal,0
b1746c86-d6a4-4310-bdf8-bb5e795948c2,3869118,1,21,59,787,Senegal,20611,Boulaye Dia,Center Forward,108.6,42.7,109.4,42.5,0.05336251,Blocked,Right Foot,Open Play,Volley,0
aa2725c3-bc6b-4f5b-9865-2cd84124cb40,3869118,1,22,0,787,Senegal,2941,Ismaïla Sarr,Left Wing,115.7,40.5,120.0,42.3,0.629174,Off T,Right Foot,Open Play,Half Volley,0
21b0a72e-9edd-405b-a6aa-edf3c20ff8e3,3869118,1,31,1,787,Senegal,20611,Boulaye Dia,Center Forward,112.8,28.9,118.1,37.3,0.0358749,Saved,Left Foot,Open Play,Normal,0
8dd1ce3c-8097-412a-9951-4939e15903f3,3869118,1,38,0,768,England,3532,Jordan Brian Henderson,Right Center Midfield,107.6,38.0,120.0,42.3,0.13174866,Goal,Left Foot,Open Play,Normal,0
95d72a08-3916-4d54-85b4-e3777d7f9163,3869118,1,40,39,768,England,10955,Harry Kane,Center Forward,110.0,39.3,120.0,37.9,0.18422936,Off T,Right Foot,Open Play,Normal,0
4d429090-9143-4daa-ac16-ed3c8963ad7b,3869118,1,47,17,768,England,10955,Harry Kane,Center Forward,104.3,50.7,120.0,39.2,0.20664306,Goal,Right Foot,Open Play,Normal,1
2c5975d3-1c82-4dd5-9645-651ae8eb5b8f,3869118,2,49,10,787,Senegal,50498,Pape Matar Sarr,Center Attacking Midfield,92.8,35.2,120.0,48.8,0.018660808,Off T,Left Foot,Open Play,Half Volley,0
3ad6ec4f-2f39-41df-ade5-a91827872206,3869118,2,53,40,768,England,22084,Bukayo Saka,Right Wing,107.7,53.4,120.0,46.9,0.03518777,Off T,Right Foot,Open Play,Normal,0
60b34d82-7a7b-4b3a-ba28-7ec704a0941a,3869118,2,55,45,768,England,10955,Harry Kane,Center Forward,90.5,27.1,117.0,37.7,0.015214441,Saved,Right Foot,Open Play,Normal,0
541395bf-9398-4670-887e-e79c1a8ba223,3869118,2,56,43,768,England,22084,Bukayo Saka,Right Wing,111.0,35.9,120.0,41.0,0.21738943,Goal,Left Foot,Open Play,Normal,1
acf5fa91-3fee-4042-85a7-97dfc596d6d9,3869118,2,68,25,787,Senegal,50498,Pape Matar Sarr,Center Attacking Midfield,89.0,36.2,90.7,36.4,0.013223637,Blocked,Right Foot,Open Play,Normal,0
64294436-c0e0-4e75-a6de-abd93a212c4e,3869118,2,73,18,787,Senegal,50498,Pape Matar Sarr,Right Defensive Midfield,87.8,49.9,120.0,44.5,0.021199826,Off T,Right Foot,Free Kick,Normal,0
f04052f9-712a-4992-a561-b3a46bb0d53b,3869118,2,83,38,787,Senegal,2941,Ismaïla Sarr,Left Wing,111.6,39.3,120.0,37.9,0.107544675,Off T,Head,Open Play,Normal,0
1cf6fa6b-f9f5-46ae-af7f-af287afdfdcd,3869118,2,86,12,787,Senegal,21026,Pape Gueye,Center Attacking Midfield,96.7,52.4,103.6,48.3,0.027956013,Blocked,Left Foot,Open Play,Normal,0
eea1e7de-b4fb-4e1a-81bf-43a79ad5d467,3869118,2,88,51,787,Senegal,50498,Pape Matar Sarr,Right Defensive Midfield,93.1,38.3,120.0,41.8,0.032847784,Off T,Right Foot,Open Play,Normal,0
9c16738b-cf6c-4669-a694-276a322ff6d8,3869118,2,90,23,768,England,3318,Marcus Rashford,Right Wing,117.8,45.9,120.0,44.5,0.1459426,Off T,Right Foot,Open Play,Half Volley,1
8ea7d7fe-7f86-4c68-be76-1dbe52730c60,3869118,2,92,22,787,Senegal,88123,Cheikh Ahmadou Bamba Mbacke Dieng,Right Wing,94.0,54.7,102.5,51.1,0.03296228,Blocked,Right Foot,Free Kick,Normal,0
50d88cc2-208f-4272-9156-ea9f0049c8bc,3869519,1,15,52,785,Croatia,3471,Dejan Lovren,Right Center Back,115.0,27.7,120.0,33.5,0.014029023,Off T,Head,Open Play,Normal,1
e0e3e4da-8a23-4e2c-b4d2-b7bef8feb9fe,3869519,1,24,35,779,Argentina,38718,Enzo Fernandez,Left Defensive Midfield,93.1,36.9,118.5,42.9,0.027808638,Saved,Right Foot,Open Play,Normal,0
7c8c6f80-da85-4be8-a5cf-34f58c51a82e,3869519,1,30,33,785,Croatia,5474,Ivan Perišić,Left Wing,106.9,23.2,120.0,38.9,0.034139045,Off T,Right Foot,Open Play,Lob,0
09340406-31db-4236-8bf0-11900a1f269b,3869519,1,33,27,779,Argentina,5503,Lionel Andrés Messi Cuccittini,Right Center Forward,108.0,40.0,120.0,42.3,0.7835,Goal,Left Foot,Penalty,Normal,0
dcc38d2c-1610-4362-bb0c-2fd6aa28c5bf,3869519,1,38,26,779,Argentina,29560,Julián Álvarez,Left Center Forward,112.7,37.4,120.0,36.8,0.36172354,Goal,Right Foot,Open Play,Volley,0
0c16abd3-e136-40dd-8dd5-37d9587c4f41,3869519,1,40,49,779,Argentina,7797,Rodrigo Javier De Paul,Right Midfield,95.6,51.4,104.4,47.3,0.027667157,Blocked,Right Foot,Open Play,Normal,0
bd13c135-d873-447b-9433-76e78e8f0bf4,3869519,1,41,53,779,Argentina,27886,Alexis Mac Allister,Left Midfield,113.5,32.8,118.3,38.2,0.0684051,Saved,Head,Open Play,Normal,0
3ad82358-d787-4d98-b0e2-0e349b05e17b,3869519,1,44,48,785,Croatia,5463,Luka Modrić,Right Center Midfield,92.9,46.3,101.4,43.9,0.026162526,Blocked,Right Foot,Open Play,Normal,0
ac624dbe-5398-41b5-98c7-1fafe57fde8c,3869519,1,44,53,785,Croatia,11603,Mario Pašalić,Right Wing,119.4,45.8,120.0,45.0,0.07864248,Off T,Right Foot,Open Play,Half Volley,0
c9b5444c-548d-4936-af96-3f376dc1cdc6,3869519,2,48,26,779,Argentina,16308,Leandro Daniel Paredes,Right Defensive Midfield,85.0,44.8,117.6,40.9,0.014370957,Saved,Right Foot,Open Play,Normal,0
a78187f3-3fb7-4c35-9d65-aef9e119c5b2,3869519,2,57,5,779,Argentina,5503,Lionel Andrés Messi Cuccittini,Right Center Forward,112.7,30.1,117.5,34.5,0.10581502,Saved,Left Foot,Open Play,Normal,1
9129598e-2e12-425b-b2df-d1a8842360a9,3869519,2,57,35,785,Croatia,16527,Mislav Oršić,Left Wing,98.4,22.8,101.0,24.6,0.021008598,Blocked,Right Foot,Open Play,Normal,0
a45cedf5-7079-4551-b949-3c2fb3e87ced,3869519,2,61,47,785,Croatia,3471,Dejan Lovren,Right Center Back,112.7,40.1,113.3,40.4,0.09374543,Blocked,Head,Open Play,Normal,1
60dc7f46-0b61-4198-ae9d-c11c096367dc,3869519,2,68,46,779,Argentina,29560,Julián Álvarez,Left Center Forward,113.3,45.4,120.0,40.3,0.33366448,Goal,Right Foot,Open Play,Normal,0
a6005746-15eb-4174-8219-636c9527c20a,3869519,2,72,14,785,Croatia,5474,Ivan Perišić,Left Back,82.3,43.9,118.2,43.0,0.00752127,Saved,Left Foot,Free Kick,Normal,0
0b6069ca-0918-46e8-a488-4352f631492c,3869519,2,74,54,785,Croatia,5474,Ivan Perišić,Left Back,85.8,21.3,120.0,39.2,0.0058680973,Off T,Left Foot,Open Play,Normal,0
01404c8b-76a5-4187-907c-eef491c0f621,3869519,2,77,39,785,Croatia,16527,Mislav Oršić,Left Wing,108.0,21.9,120.0,46.7,0.011610668,Off T,Right Foot,Open Play,Normal,0
7eb91d56-2d0f-48ba-8df3-e418d4b13f34,3869519,2,82,12,779,Argentina,27886,Alexis Mac Allister,Left Center Midfield,107.1,46.7,120.0,44.6,0.14140838,Off T,Right Foot,Open Play,Volley,0
94203fde-cbb9-49b4-962f-3181068dd3c5,3869519,2,88,23,785,Croatia,28914,Lovro Majer,Right Defensive Midfield,96.0,35.4,117.7,41.9,0.044770177,Saved,Left Foot,Open Play,Half Volley,0
eaa7a5c6-53c3-4da4-bc61-fea93e29c0d9,3869519,2,92,51,785,Croatia,3441,Nikola Vlašić,Right Wing,103.6,52.3,120.0,30.8,0.049129687,Off T,Left Foot,Open Play,Normal,0
3dabf30e-401c-49ad-8976-4b124b1b7a6c,3869519,2,94,53,785,Croatia,3471,Dejan Lovren,Right Center Back,89.3,36.5,120.0,40.2,0.02342664,Off T,Left Foot,Open Play,Normal,0
18d5acc3-d2c4-4a3f-b3de-3d8714000f03,3869354,1,3,17,768,England,4354,Philip Foden,Left Wing,100.2,40.0,101.6,40.1,0.022691524,Blocked,Left Foot,Open Play,Half Volley,0
76a926ab-d769-4f19-97da-d7d329d90325,3869354,1,10,35,771,France,3604,Olivier Giroud,Center Forward,110.3,38.2,118.2,40.1,0.21537142,Saved,Head,Open Play,Diving Header,0
392c7c17-aff2-48c8-becc-d23b5bf60640,3869354,1,16,22,771,France,10481,Aurélien Djani Tchouaméni,Right Defensive Midfield,92.5,43.5,120.0,36.5,0.027870113,Goal,Right Foot,Open Play,Normal,0
7bc4f065-24a9-4401-ac37-90aedc8f7b86,3869354,1,20,8,768,England,3382,Luke Shaw,Left Back,98.0,53.2,118.5,41.3,0.05589417,Saved,Left Foot,Free Kick,Normal,0
c60b4259-2ba3-4496-927f-331d9c2ec9d1,3869354,1,21,29,768,England,10955,Harry Kane,Center Forward,113.6,52.2,114.4,50.3,0.07522586,Saved,Right Foot,Open Play,Normal,0
7698af86-50b1-41d3-a751-88cbb32b875d,3869354,1,21,33,768,England,30714,Jude Bellingham,Left Center Midfield,117.3,35.7,118.1,36.1,0.21807538,Blocked,Head,Open Play,Normal,1
f7fdf23a-a5e9-4e7f-ba8d-40bc6379b9b0,3869354,1,28,30,768,England,10955,Harry Kane,Center Forward,96.7,57.1,119.6,43.2,0.018916143,Saved,Right Foot,Open Play,Normal,0
b9ca208b-744a-482c-acbb-a25025ebb258,3869354,1,38,45,771,France,3009,Kylian Mbappé Lottin,Left Wing,107.9,32.9,120.0,40.1,0.06798863,Off T,Left Foot,Open Play,Half Volley,0
1005a0cd-efda-4b12-92a0-edec3f740581,3869354,2,46,36,768,England,30714,Jude Bellingham,Left Center Midfield,101.1,48.0,118.5,42.0,0.046397094,Saved,Right Foot,Open Play,Half Volley,0
faf2becb-95e5-4cc5-b77e-208679268e05,3869354,2,47,13,768,England,3336,Harry Maguire,Left Center Back,116.2,30.9,117.4,34.9,0.048588943,Blocked,Head,Open Play,Normal,1
974d20e3-92b3-4061-9d97-e56ced377069,3869354,2,51,1,768,England,3532,Jordan Brian Henderson,Right Center Midfield,101.1,56.4,113.2,45.5,0.017202334,Blocked,Right Foot,Open Play,Half Volley,0
b740db70-9fad-40ed-8069-5e3d26521a44,3869354,2,53,27,768,England,10955,Harry Kane,Center Forward,108.1,40.1,120.0,36.4,0.7835,Goal,Right Foot,Penalty,Normal,0
ec185754-71a2-488f-8471-b5f591b88c6e,3869354,2,54,44,771,France,3026,Adrien Rabiot,Left Defensive Midfield,95.6,43.2,114.4,42.5,0.06667264,Saved,Left Foot,Open Play,Half Volley,0
0f19d3a0-282b-4673-9ecc-d23599dd565e,3869354,2,59,35,768,England,22084,Bukayo Saka,Right Wing,103.2,47.6,116.6,40.1,0.07073746,Saved,Right Foot,Open Play,Normal,1
9747c65f-740c-42bb-87a9-a309a35acf08,3869354,2,60,8,771,France,5477,Ousmane Dembélé,Right Wing,99.5,53.8,107.9,46.7,0.030820057,Blocked,Left Foot,Open Play,Normal,0
c53fbe0a-5479-4e5a-8637-6c83b7e68786,3869354,2,61,6,768,England,10955,Harry Kane,Center Forward,99.1,53.8,117.9,43.9,0.029508974,Saved,Left Foot,Open Play,Normal,0
4bba88e2-fa9e-4890-ae65-0fbbd71e2932,3869354,2,69,23,768,England,3336,Harry Maguire,Left Center Back,109.1,35.0,120.0,36.1,0.07199757,Post,Head,Open Play,Normal,0
e61a35ea-0d71-406b-8c76-afbc917d2053,3869354,2,70,31,768,England,3382,Luke Shaw,Left Back,108.4,21.7,108.8,22.3,0.006951497,Blocked,Left Foot,Open Play,Normal,0
5d1c07dc-1575-42b8-9181-03137e531a0c,3869354,2,74,53,771,France,3604,Olivier Giroud,Center Forward,112.9,47.0,120.0,48.3,0.075690374,Off T,Head,Open Play,Normal,1
9f12f011-03e2-4c02-b566-28808c4dbaba,3869354,2,76,23,771,France,3604,Olivier Giroud,Center Forward,111.3,40.5,119.0,39.3,0.20829616,Saved,Left Foot,Open Play,Volley,0
2effbf64-b445-4aa5-a87e-7ff2f38c90ee,3869354,2,77,10,771,France,3604,Olivier Giroud,Center Forward,114.7,36.4,120.0,37.4,0.14665264,Goal,Head,Open Play,Normal,1
7559464d-104b-4f53-b4f6-1f71e069fb0d,3869354,2,83,35,768,England,10955,Harry Kane,Center Forward,108.1,40.1,120.0,38.7,0.7835,Off T,Right Foot,Penalty,Normal,0
800fd9ae-eb95-4060-8058-645983307dfa,3869354,2,88,0,768,England,7843,Mason Mount,Right Center Midfield,89.5,44.7,120.0,45.0,0.024138648,Off T,Right Foot,Open Play,Normal,0
6887a63b-4883-47d6-b1b5-d978edfda31e,3869354,2,100,5,768,England,3318,Marcus Rashford,Left Wing,97.5,34.1,120.0,43.4,0.07922588,Off T,Right Foot,Free Kick,Normal,0
763a44ab-1e89-44d5-bf6f-ce1831d8823d,3869552,1,4,37,771,France,3009,Kylian Mbappé Lottin,Left Wing,108.5,47.3,112.6,43.9,0.09459595,Blocked,Left Foot,Open Play,Normal,1
f4d06d6c-d7fb-41e4-b25e-1cb9a106f88b,3869552,1,4,40,771,France,6704,Theo Bernard François Hernández,Left Back,115.7,31.5,120.0,38.9,0.0979349,Goal,Left Foot,Open Play,Half Volley,0
b4b2bbe9-bd6b-4445-b010-245913557fde,3869552,1,9,38,788,Morocco,46258,Azzedine Ounahi,Left Defensive Midfield,95.5,26.2,117.2,41.5,0.01924696,Saved,Right Foot,Open Play,Normal,0
b235bbd6-6653-40c2-83d3-296d8d5326ce,3869552,1,16,1,788,Morocco,5237,Hakim Ziyech,Right Wing,106.4,54.6,120.0,50.1,0.06111174,Off T,Right Foot,Open Play,Normal,0
5e15d155-92bc-4aa6-8a04-66314d372114,3869552,1,16,32,771,France,3604,Olivier Giroud,Center Forward,105.4,26.8,120.0,36.2,0.09802507,Post,Left Foot,Open Play,Normal,0
1c9d37cc-5b3a-4acc-9ef9-2ed4adad4eb7,3869552,1,25,27,788,Morocco,5245,Achraf Hakimi Mouh,Right Back,95.3,53.3,99.4,51.7,0.020597277,Blocked,Right Foot,Open Play,Normal,0
feec1a47-a09f-40a8-b376-83235a04f754,3869552,1,32,23,771,France,10481,Aurélien Djani Tchouaméni,Right Defensive Midfield,96.0,32.9,110.2,38.0,0.040336993,Blocked,Right Foot,Open Play,Normal,0
a07f2606-64d3-4c92-b6f4-adf7f1673d18,3869552,1,34,5,771,France,3604,Olivier Giroud,Center Forward,111.9,44.5,112.6,44.2,0.060999498,Blocked,Head,Open Play,Normal,1
7bae38bb-77db-4a42-af8f-687966177c19,3869552,1,34,7,771,France,11990,Youssouf Fofana,Left Defensive Midfield,104.3,46.5,120.0,33.5,0.061363008,Off T,Left Foot,Open Play,Half Volley,0
dbfeff49-55fe-4d47-aa30-1cb0084570bd,3869552,1,35,10,771,France,3009,Kylian Mbappé Lottin,Left Wing,111.7,30.9,115.9,38.1,0.15100354,Blocked,Right Foot,Open Play,Normal,0
65cfdd1e-7a29-4830-8194-a0869a13510b,3869552,1,35,14,771,France,3604,Olivier Giroud,Center Forward,105.8,42.5,120.0,35.0,0.2635025,Off T,Left Foot,Open Play,Normal,0
f2b4da14-ccc5-47a3-b75f-2a3de3acc811,3869552,1,39,33,771,France,5485,Raphaël Varane,Right Center Back,113.7,47.9,120.0,44.9,0.07554505,Off T,Right Foot,Open Play,Volley,0
90d7ee1b-aa71-4292-ba17-0bcd15e6e03a,3869552,1,43,53,788,Morocco,7459,Jawad El Yamiq,Left Center Back,107.2,33.9,119.3,36.2,0.06408756,Saved to Post,Right Foot,Open Play,Overhead Kick,0
d6e456e8-96e3-48a2-9ff7-b6ad878a74de,3869552,1,43,59,788,Morocco,3625,Sofiane Boufal,Left Wing,96.7,37.2,120.0,31.4,0.035300843,Off T,Right Foot,Open Play,Half Volley,0
da101356-1fad-432f-8d79-c86a952bf48f,3869552,2,46,56,771,France,4445,Jules Koundé,Right Back,94.0,50.6,109.3,43.2,0.01766911,Blocked,Right Foot,Open Play,Half Volley,1
7aaedea3-0cdf-4082-8ea9-efbb40703b91,3869552,2,52,40,788,Morocco,31295,Yahia Attiyat allah,Left Back,109.8,35.1,110.4,53.5,0.24936919,Wayward,Right Foot,Open Play,Half Volley,0
cb9682c8-3388-4616-b615-7568171b4fd3,3869552,2,53,8,788,Morocco,5234,Sofyan Amrabat,Center Defensive Midfield,92.5,36.0,120.0,33.5,0.020691318,Off T,Right Foot,Open Play,Normal,0
fab43625-d55e-46b5-b7d6-5fcf6079868f,3869552,2,70,57,771,France,2972,Marcus Thuram,Left Wing,114.5,45.5,120.0,46.9,0.115658596,Off T,Head,Open Play,Normal,1
49890194-c2bc-4ebc-8448-540dcc8c7427,3869552,2,73,31,771,France,11990,Youssouf Fofana,Left Center Midfield,111.6,27.3,120.0,35.0,0.040043775,Off T,Left Foot,Open Play,Normal,0
7abc91eb-f3a4-42e0-b49f-70afcab2871c,3869552,2,78,48,771,France,3009,Kylian Mbappé Lottin,Center Forward,107.2,29.8,107.9,30.3,0.033641826,Blocked,Right Foot,Open Play,Normal,1
0502086f-c98a-47b2-83c0-dfb26991cbb4,3869552,2,78,49,771,France,22097,Randal Kolo Muani,Right Wing,115.6,43.8,120.0,42.5,0.8521293,Goal,Right Foot,Open Play,Normal,0
9f07925f-2297-4a73-87b4-4f90f4c588fa,3869552,2,85,38,788,Morocco,21736,Zakaria Aboukhlal,Left Center Forward,107.1,41.0,111.2,47.5,0.024939176,Wayward,Head,Open Play,Normal,1
13ef0ed6-37e7-4075-8e53-7d3d9df97a65,3869552,2,92,42,788,Morocco,149714,Abdessamad Ezzalzouli,Left Midfield,106.9,32.9,107.8,33.5,0.05950738,Blocked,Right Foot,Open Play,Normal,0
a2444b31-3332-4440-9302-e5a00e0dc734,3869552,2,92,46,788,Morocco,46258,Azzedine Ounahi,Left Defensive Midfield,103.0,48.2,104.0,47.9,0.06379096,Blocked,Right Foot,Open Play,Normal,0
90a79133-0c36-4de1-9633-4720d9c723f3,3869552,2,93,7,788,Morocco,46258,Azzedine Ounahi,Left Defensive Midfield,98.1,48.0,103.8,45.4,0.03807111,Blocked,Left Foot,Open Play,Normal,0
8a956831-bebc-48e3-b7fc-31f0b0fe2f95,3869552,2,93,35,788,Morocco,46258,Azzedine Ounahi,Left Defensive Midfield,108.6,44.6,110.7,44.0,0.067406826,Blocked,Right Foot,Open Play,Half Volley,0
a7a84a01-7131-47ca-89fa-aa853dc9ce89,3869552,2,93,35,788,Morocco,59493,Abderrazak Hamdallah,Right Center Forward,115.9,37.4,118.7,38.6,0.50624365,Blocked,Other,Open Play,Normal,0
91d32b30-deb2-4808-b61a-9e5b3cf011e0,3869420,1,4,6,781,Brazil,18395,Vinícius José Paixão de Oliveira Júnior,Left Midfield,98.8,20.8,117.3,39.4,0.008460451,Saved,Right Foot,Open Play,Normal,0
ed5123ad-72ae-4ad6-856b-8dcb64c0d111,3869420,1,12,4,785,Croatia,5474,Ivan Perišić,Left Wing,112.2,43.2,120.0,26.5,0.19016835,Off T,Right Foot,Open Play,Half Volley,0
55011084-7b91-4c32-82e1-5fc3c5b3bbf0,3869420,1,18,26,785,Croatia,5460,Andrej Kramarić,Center Forward,99.5,27.0,101.8,28.7,0.026674595,Blocked,Right Foot,Open Play,Normal,0
cf483844-b37b-4523-a73a-2524f994aabd,3869420,1,19,51,781,Brazil,18395,Vinícius José Paixão de Oliveira Júnior,Left Midfield,103.0,34.8,108.2,36.9,0.06970771,Blocked,Right Foot,Open Play,Normal,0
c8c7ae41-22c0-4874-8528-8881dd62272d,3869420,1,20,4,781,Brazil,4320,Neymar da Silva Santos Junior,Center Attacking Midfield,107.2,24.9,116.6,35.9,0.025347186,Saved,Right Foot,Open Play,Normal,0
cc0a9f11-c3bd-4c0a-9228-6f2969228b9b,3869420,1,22,37,781,Brazil,5539,Carlos Henrique Casimiro,Left Defensive Midfield,96.4,49.8,99.7,48.6,0.030699778,Blocked,Right Foot,Open Play,Normal,0
a2ed5d94-16b5-4f43-b74f-00e91c2c87b6,3869420,1,29,27,785,Croatia,5474,Ivan Perišić,Left Wing,100.8,20.7,120.0,49.8,0.012010745,Off T,Right Foot,Open Play,Normal,0
8a499618-5f13-46f2-b31a-2844c2731c1b,3869420,1,41,33,781,Brazil,4320,Neymar da Silva Santos Junior,Center Attacking Midfield,100.9,17.2,118.7,36.9,0.008240742,Saved,Right Foot,Free Kick,Normal,0
aaad1164-4276-46de-9312-bb3a537ba954,3869420,2,50,3,785,Croatia,5474,Ivan Perišić,Left Wing,111.9,41.4,118.5,29.4,0.11005159,Wayward,Head,Open Play,Normal,1
b65e77c7-0984-4355-8249-7b3f4fd4ef90,3869420,2,54,19,781,Brazil,4320,Neymar da Silva Santos Junior,Center Attacking Midfield,112.6,29.0,116.7,34.5,0.16692519,Saved,Left Foot,Open Play,Normal,0
d87edf8c-6487-45f5-b61b-01a8501ffbe3,3869420,2,65,8,781,Brazil,5539,Carlos Henrique Casimiro,Left Defensive Midfield,89.1,28.8,97.2,31.0,0.026057322,Blocked,Right Foot,Free Kick,Normal,0
c3bbb04a-8355-4957-b170-cb044732cba6,3869420,2,65,31,781,Brazil,22600,Lucas Tolentino Coelho de Lima,Right Defensive Midfield,111.6,34.5,115.3,36.2,0.26807922,Saved,Left Foot,Open Play,Half Volley,0
c88153f6-df99-4728-9cd7-143f8f1767fe,3869420,2,66,7,781,Brazil,13620,Éder Gabriel Militão,Right Back,101.4,53.7,102.5,52.8,0.04353941,Blocked,Right Foot,Open Play,Normal,0
7714adc2-7d48-488c-a24e-3c3d42000383,3869420,2,70,58,785,Croatia,5460,Andrej Kramarić,Center Forward,101.2,57.3,102.4,56.2,0.030721588,Blocked,Left Foot,Open Play,Normal,0
954528be-3534-4e74-a39a-2bb679489f01,3869420,2,75,47,781,Brazil,4320,Neymar da Silva Santos Junior,Center Attacking Midfield,114.1,28.2,115.6,31.2,0.12963046,Saved,Left Foot,Open Play,Normal,0
b53fd07e-2317-4726-809e-3624bfdb518c,3869420,2,79,47,781,Brazil,22600,Lucas Tolentino Coelho de Lima,Right Defensive Midfield,104.6,32.8,117.3,37.2,0.092192985,Saved,Left Foot,Open Play,Normal,0
0bb6e24e-6f18-49af-ac19-ff2d55ac0fc7,3869420,2,81,53,781,Brazil,3280,Richarlison de Andrade,Center Forward,109.4,41.0,120.0,40.1,0.067200735,Off T,Head,Open Play,Normal,1
c1af8308-ebe0-4d70-8f7a-16874cf0268f,3869420,2,84,20,785,Croatia,3441,Nikola Vlašić,Right Wing,107.0,54.2,108.5,52.6,0.026884926,Blocked,Right Foot,Open Play,Normal,0
e0c9f75d-bd01-45b2-bbe4-00c26aeafa20,3869420,2,85,22,781,Brazil,13620,Éder Gabriel Militão,Right Back,102.5,50.1,103.6,49.7,0.04975106,Blocked,Right Foot,Open Play,Normal,0
b43d9cd5-f92f-448e-9fc1-967b658adfda,3869420,2,85,24,781,Brazil,13620,Éder Gabriel Militão,Right Back,104.7,46.8,105.5,46.2,0.06132018,Blocked,Left Foot,Open Play,Half Volley,0
112b45ad-b869-4eb6-a4b8-a6c45cd44514,3869420,2,93,36,781,Brazil,25363,Antony Matheus dos Santos,Right Midfield,94.6,56.8,118.1,43.6,0.013999131,Saved,Left Foot,Open Play,Normal,0
b85a7aad-d825-414a-bc3b-836ff6fbff82,3869420,3,91,16,781,Brazil,25305,Pedro Guilherme Abreu dos Santos,Center Forward,112.9,49.4,113.0,12.6,0.057022728,Wayward,Head,Open Play,Normal,0
a94997f3-a132-441d-89ec-527bca207787,3869420,3,100,41,781,Brazil,25305,Pedro Guilherme Abreu dos Santos,Center Forward,107.2,38.8,117.5,39.1,0.113875866,Saved,Right Foot,Open Play,Volley,0
2000e5bd-3c2d-43cf-a845-1761b52b4e82,3869420,3,102,19,785,Croatia,5469,Marcelo Brozović,Center Defensive Midfield,103.7,46.4,120.0,42.5,0.12467693,Off T,Right Foot,Open Play,Normal,0
2c539757-15dd-44cc-a405-90f69b10bb5a,3869420,3,104,8,781,Brazil,3063,Danilo Luiz da Silva,Left Back,96.9,22.6,120.0,47.6,0.0154907415,Off T,Right Foot,Open Play,Normal,0
657ac0ef-2a18-4f8b-8515-604fc2b75326,3869420,3,105,35,781,Brazil,4320,Neymar da Silva Santos Junior,Center Attacking Midfield,116.5,47.2,120.0,41.4,0.4674385,Goal,Right Foot,Open Play,Normal,0
52e701c5-1af2-4efb-a1ef-9c46652472d7,3869420,4,116,2,785,Croatia,7693,Bruno Petković,Right Center Forward,103.2,38.6,120.0,37.2,0.09977819,Goal,Left Foot,Open Play,Normal,0
35169461-baba-4e96-9af0-7be390f73bc0,3869420,4,119,45,785,Croatia,28914,Lovro Majer,Right Defensive Midfield,91.5,55.0,120.0,31.5,0.01192189,Off T,Left Foot,Open Play,Normal,0
3dd7d256-6e97-47b6-a7bf-ce13448396cf,3869420,4,121,19,781,Brazil,5539,Carlos Henrique Casimiro,Left Defensive Midfield,114.0,31.0,118.0,37.5,0.10135116,Saved,Left Foot,Open Play,Half Volley,0
fa03f25f-dc8f-4856-a012-e9cf31849764,3869420,5,120,3,785,Croatia,3441,Nikola Vlašić,Right Midfield,108.0,40.0,120.0,39.4,0.7835,Goal,Right Foot,Penalty,Normal,0
1a8b0d93-8f46-429b-8ea1-7b3f13022d9d,3869420,5,120,47,781,Brazil,25104,Rodrygo Silva de Goes,Left Midfield,107.9,40.0,118.8,41.9,0.7835,Saved,Right Foot,Penalty,Normal,0
4a430e36-8be9-4094-9013-735af6467c0e,3869420,5,121,38,785,Croatia,28914,Lovro Majer,Right Defensive Midfield,108.0,40.0,120.0,40.1,0.7835,Goal,Left Foot,Penalty,Normal,0
500ba99c-981c-4a0e-bec4-344b2155097c,3869420,5,122,17,781,Brazil,5539,Carlos Henrique Casimiro,Left Defensive Midfield,108.0,40.0,120.0,36.5,0.7835,Goal,Right Foot,Penalty,Normal,0
cddfb07e-935a-4003-8ff0-418c07b68f41,3869420,5,123,6,785,Croatia,5463,Luka Modrić,Left Defensive Midfield,108.0,40.0,120.0,36.9,0.7835,Goal,Right Foot,Penalty,Normal,0
3c1331c5-42da-4d2b-b84a-b2491a65cced,3869420,5,123,49,781,Brazil,25305,Pedro Guilherme Abreu dos Santos,Center Forward,108.0,40.0,120.0,38.5,0.7835,Goal,Right Foot,Penalty,Normal,0
ae27b88d-c7af-4e24-aca8-86dc9d87604a,3869420,5,124,34,785,Croatia,16527,Mislav Oršić,Left Midfield,108.0,40.0,120.0,36.5,0.7835,Goal,Right Foot,Penalty,Normal,0
6aedc217-7451-4396-8020-13fd92494c3b,3869420,5,125,22,781,Brazil,4372,Marcos Aoás Corrêa,Left Center Back,108.0,40.0,120.0,35.9,0.7835,Post,Right Foot,Penalty,Normal,0
c18b1cdc-ca6e-484b-9ad3-ae2bc7cc6dff,3869220,1,11,4,788,Morocco,5245,Achraf Hakimi Mouh,Right Back,93.4,27.5,120.0,36.8,0.041958537,Off T,Right Foot,Free Kick,Normal,0
b7fc04f3-2906-42ab-926a-b63ea28d71cf,3869220,1,25,57,772,Spain,5719,Marco Asensio Willemsen,Center Forward,115.0,25.0,120.0,35.8,0.025564773,Off T,Left Foot,Open Play,Half Volley,0
9c4da7a8-5924-4b37-8764-59b14fbbf2db,3869220,1,32,18,788,Morocco,15890,Noussair Mazraoui,Left Back,89.4,37.7,117.2,38.3,0.023416335,Saved,Left Foot,Open Play,Normal,0
0c769fb4-29c5-40a3-9727-14c52f352640,3869220,1,41,52,788,Morocco,12149,Nayef Aguerd,Right Center Back,113.2,43.7,120.0,43.7,0.25141555,Off T,Head,Open Play,Normal,0
a588c52c-2204-412b-8ca7-5f9a5d06b218,3869220,2,54,0,772,Spain,16532,Daniel Olmo Carvajal,Left Wing,110.2,12.6,119.1,38.5,0.0073576192,Saved,Right Foot,Open Play,Normal,0
f33a5a8d-7585-4055-8d75-a6c8a4b5dfec,3869220,2,77,37,772,Spain,16532,Daniel Olmo Carvajal,Left Wing,97.2,31.3,120.0,50.0,0.031760626,Off T,Right Foot,Open Play,Half Volley,0
58d48914-c17f-454c-a663-8fb983b47949,3869220,2,81,0,772,Spain,3477,Álvaro Borja Morata Martín,Center Forward,118.8,50.9,118.4,0.1,0.017266534,Wayward,Right Foot,Open Play,Normal,0
ed193a27-8e08-4224-8608-0818f2c4c558,3869220,2,85,5,788,Morocco,296254,Walid Cheddira,Center Forward,110.6,40.8,119.0,45.8,0.119254045,Saved Off Target,Right Foot,Open Play,Half Volley,0
6907dd5a-f968-44ed-be9e-fa0dce83d74d,3869220,2,90,20,772,Spain,3477,Álvaro Borja Morata Martín,Center Forward,115.3,51.1,120.0,37.7,0.049165204,Off T,Head,Open Play,Normal,0
d07f9ed6-ff50-4f64-8a79-4702889c0d40,3869220,2,95,0,772,Spain,4353,Aymeric Laporte,Left Center Back,107.7,38.8,108.5,38.7,0.04145577,Blocked,Head,Open Play,Normal,0
966b275d-bde3-4aea-8b11-412b60a91021,3869220,3,99,56,772,Spain,39161,Alejandro Balde Martínez,Left Back,112.5,28.9,113.4,29.9,0.077706024,Blocked,Left Foot,Open Play,Normal,0
405b81d7-6eec-43ca-91b2-a06f2e2dd008,3869220,3,102,51,772,Spain,6765,Rodrigo Hernández Cascante,Right Center Back,79.9,46.8,120.0,37.2,0.0056476467,Off T,Right Foot,Open Play,Normal,0
6ece6c28-0fbd-48c5-9e57-5136be5695ec,3869220,3,103,35,788,Morocco,296254,Walid Cheddira,Center Forward,109.7,47.1,116.3,42.3,0.1301347,Saved,Left Foot,Open Play,Normal,1
487e6618-8287-4346-9221-ec6bd1666314,3869220,3,106,9,772,Spain,6840,Marcos Llorente Moreno,Right Back,100.3,53.3,109.5,46.2,0.024551911,Blocked,Right Foot,Open Play,Half Volley,0
e7a34ed0-521e-4440-9ee5-a8134e0f7dd0,3869220,4,105,1,788,Morocco,3634,Abdelhamid Sabiri,Left Center Midfield,59.6,39.7,120.0,51.1,0.004195439,Off T,Right Foot,Open Play,Lob,0
990bd967-1e5e-4380-baf7-13af7ddde792,3869220,4,120,46,772,Spain,5203,Sergio Busquets i Burgos,Center Defensive Midfield,102.6,47.1,103.9,46.8,0.0709334,Blocked,Left Foot,Open Play,Normal,0
b3de284b-d1cf-4fed-970c-400550d89daa,3869220,4,121,22,772,Spain,6583,Carlos Soler Barragán,Right Center Midfield,104.3,44.4,111.6,40.4,0.039505202,Blocked,Head,Open Play,Normal,0
79542497-53b6-4d25-8a88-d0c18a6d453a,3869220,4,122,22,772,Spain,6720,Pablo Sarabia García,Right Wing,117.8,48.1,120.0,36.1,0.10407615,Post,Right Foot,Open Play,Volley,0
07875275-5ae1-4193-a471-8f88db7f9887,3869220,5,120,7,788,Morocco,3634,Abdelhamid Sabiri,Left Defensive Midfield,108.0,40.0,120.0,43.0,0.7835,Goal,Right Foot,Penalty,Normal,0
f8d211fa-5374-4310-a982-8699c7335255,3869220,5,121,0,772,Spain,6720,Pablo Sarabia García,Right Wing,108.0,40.0,120.0,44.0,0.7835,Post,Left Foot,Penalty,Normal,0
f6e7d4d9-0029-4c12-adb3-0a4805479609,3869220,5,121,51,788,Morocco,5237,Hakim Ziyech,Right Wing,108.0,40.0,120.0,40.0,0.7835,Goal,Left Foot,Penalty,Normal,0
243c4452-6d54-401b-a681-4449fd9da7c6,3869220,5,122,44,772,Spain,6583,Carlos Soler Barragán,Right Center Midfield,108.0,40.0,119.4,42.7,0.7835,Saved,Right Foot,Penalty,Normal,0
1ca8275a-6f22-45e8-802a-445717e96337,3869220,5,123,36,788,Morocco,67700,Badr Banoun,Left Center Back,108.0,40.0,119.3,37.2,0.7835,Saved,Right Foot,Penalty,Normal,0
2dbf7685-1e38-42ea-9033-edf9f79d57f1,3869220,5,124,31,772,Spain,5203,Sergio Busquets i Burgos,Center Defensive Midfield,108.0,40.0,119.6,37.3,0.7835,Saved,Right Foot,Penalty,Normal,0
08590ee6-ef11-4025-8648-2a8496c30c1f,3869220,5,125,36,788,Morocco,5245,Achraf Hakimi Mouh,Right Wing Back,108.0,40.0,120.0,40.1,0.7835,Goal,Right Foot,Penalty,Normal,0
3e282518-80cc-4cba-a8bf-f978a3bdc68b,3869219,1,2,9,778,Japan,37215,Shogo Taniguchi,Left Center Back,112.6,38.8,120.0,34.3,0.11361285,Off T,Head,Open Play,Normal,1
d2902ca7-330f-40ca-bdcc-80ebce314510,3869219,1,7,31,785,Croatia,5474,Ivan Perišić,Left Wing,116.7,29.0,118.8,35.6,0.05943511,Saved,Right Foot,Open Play,Normal,0
05b85723-782e-406a-8111-015340f46439,3869219,1,7,34,785,Croatia,5460,Andrej Kramarić,Right Wing,114.5,38.3,115.2,38.4,0.17775308,Blocked,Left Foot,Open Play,Half Volley,1
84a3ecd6-bec2-4e73-96a2-682de9882869,3869219,1,23,47,785,Croatia,33018,Joško Gvardiol,Left Center Back,101.1,43.6,120.0,34.3,0.061746918,Off T,Left Foot,Open Play,Normal,0
edc46c5b-cc9d-4a0d-b880-d880335d6f27,3869219,1,40,7,778,Japan,9411,Daichi Kamada,Left Wing,114.1,28.8,117.3,80.0,0.08994952,Wayward,Right Foot,Open Play,Normal,0
a17c568a-4df5-4c2f-81e2-4cc89d924ae8,3869219,1,42,54,778,Japan,30628,Daizen Maeda,Center Forward,113.5,44.3,120.0,41.3,0.45874894,Goal,Left Foot,Open Play,Half Volley,1
97734f34-6e02-4e86-b03d-c9d858dd8c92,3869219,2,45,27,778,Japan,9411,Daichi Kamada,Left Wing,94.7,38.3,120.0,42.6,0.03904812,Off T,Right Foot,Open Play,Normal,0
f37a0c66-833e-4fe3-ac62-b3841656a294,3869219,2,48,13,785,Croatia,5456,Mateo Kovačić,Left Center Midfield,100.1,47.1,120.0,34.3,0.02993381,Off T,Right Foot,Open Play,Volley,0
5552d4ee-1ebc-4ec4-9f36-6a0524b2cb44,3869219,2,49,22,778,Japan,37221,Hidemasa Morita,Left Defensive Midfield,98.2,36.8,109.0,35.4,0.041140273,Wayward,Right Foot,Open Play,Half Volley,0
5ce4d362-ebd6-4ea8-8544-e47d5f5f2454,3869219,2,54,54,785,Croatia,5474,Ivan Perišić,Left Wing,106.0,34.1,120.0,43.7,0.02684295,Goal,Head,Open Play,Normal,0
74935b33-b8d3-4ab4-919d-9a9ed80a3bcd,3869219,2,56,56,778,Japan,23721,Wataru Endo,Right Defensive Midfield,94.4,52.9,119.2,41.7,0.019910807,Saved,Right Foot,Open Play,Normal,0
ddddef93-1105-425d-99f4-011605e72ad4,3869219,2,59,48,778,Japan,23721,Wataru Endo,Right Defensive Midfield,90.0,41.9,91.1,41.8,0.020528734,Blocked,Right Foot,Open Play,Normal,1
cda7fa73-f09c-46df-8e56-f4b6baa17185,3869219,2,59,49,778,Japan,37221,Hidemasa Morita,Left Defensive Midfield,97.8,36.3,99.7,36.6,0.052081473,Blocked,Right Foot,Open Play,Normal,0
bb569056-5824-4a84-9bf7-098df409c1fb,3869219,2,59,52,778,Japan,8361,Ritsu Doan,Right Wing,100.4,43.7,118.5,42.0,0.056113943,Saved,Left Foot,Open Play,Normal,0
45501bff-d6b1-4cb6-a6b3-458e422a236a,3869219,2,62,13,785,Croatia,5463,Luka Modrić,Right Center Midfield,96.3,48.9,118.0,38.1,0.031055314,Saved,Right Foot,Open Play,Half Volley,0
31749268-4467-46db-b470-7e9125d6d734,3869219,2,65,32,785,Croatia,5474,Ivan Perišić,Right Wing,95.5,48.2,97.0,47.9,0.018378427,Blocked,Left Foot,Open Play,Normal,0
c0055f4a-4e53-4244-a1b0-af09963873fd,3869219,2,65,52,785,Croatia,5460,Andrej Kramarić,Left Wing,98.9,23.8,101.5,26.1,0.018472007,Blocked,Right Foot,Open Play,Normal,0
605589a6-a83f-4533-b88f-a8e775efa581,3869219,2,65,53,785,Croatia,8654,Ante Budimir,Center Forward,109.5,45.1,120.0,45.1,0.10111922,Off T,Head,Open Play,Normal,0
3e14ff6c-b675-4433-b70b-f1362675d101,3869219,2,73,43,785,Croatia,11603,Mario Pašalić,Right Wing,107.5,44.5,120.0,31.7,0.035465226,Off T,Head,Open Play,Normal,0
a99de16f-d5a2-4386-82e7-51dca208bd8c,3869219,2,76,37,785,Croatia,5474,Ivan Perišić,Left Wing,98.1,30.4,99.9,30.9,0.030077945,Blocked,Left Foot,Open Play,Normal,0
78a794a1-c48c-4699-904a-5ca28cb9cc15,3869219,2,85,42,785,Croatia,11603,Mario Pašalić,Right Wing,110.5,42.8,120.0,49.5,0.052599985,Off T,Head,Open Play,Normal,1
0ac4b920-e24a-478f-902c-d3793cf26db0,3869219,3,91,35,778,Japan,37215,Shogo Taniguchi,Left Center Back,114.6,49.3,120.0,46.7,0.0608747,Off T,Head,Open Play,Normal,0
23c0f102-912d-4b11-93b7-08f61a961924,3869219,3,100,24,785,Croatia,5474,Ivan Perišić,Left Wing,107.2,34.1,108.3,34.3,0.07439702,Blocked,Right Foot,Open Play,Half Volley,0
9373957f-01f1-44d3-a2af-6a412ae43caf,3869219,3,100,26,785,Croatia,11127,Borna Barišić,Left Back,95.1,31.3,97.3,31.9,0.015196718,Blocked,Left Foot,Open Play,Volley,0
e1912d47-5dce-4b37-8d31-b6e9482be999,3869219,3,104,5,778,Japan,37211,Kaoru Mitoma,Left Wing Back,99.8,34.6,117.9,38.9,0.054134306,Saved,Right Foot,Open Play,Normal,0
142a9ff0-352e-46d8-9bef-e8c1372b8f37,3869219,3,104,9,778,Japan,23721,Wataru Endo,Right Defensive Midfield,95.7,37.1,101.9,36.9,0.02615668,Blocked,Right Foot,Open Play,Volley,0
f68691b4-7768-4512-9505-335fcb58785c,3869219,3,104,20,778,Japan,8776,Takumi Minamino,Left Wing,102.6,40.3,104.2,40.4,0.03667642,Blocked,Right Foot,Open Play,Volley,0
8aafb6ab-26fa-4ccb-87b7-a9c4e9aae35b,3869219,4,113,42,785,Croatia,22041,Marko Livaja,Center Forward,112.8,47.7,118.9,40.3,0.047236525,Saved,Head,Open Play,Normal,1
69de8840-7050-44c6-a13a-aac71b5f6cef,3869219,4,120,10,785,Croatia,16527,Mislav Oršić,Left Wing,106.8,19.7,110.9,27.0,0.009676031,Blocked,Right Foot,Open Play,Normal,0
5e58555c-4442-4907-8029-0dbd3d58d2a3,3869219,4,120,18,785,Croatia,28914,Lovro Majer,Right Center Midfield,99.8,33.0,120.0,34.3,0.06501122,Off T,Right Foot,Open Play,Normal,0
7e8a4838-4396-44cb-af8e-51df3abdd7b8,3869219,5,120,4,778,Japan,8776,Takumi Minamino,Left Wing,108.1,40.1,119.1,41.9,0.7835,Saved,Right Foot,Penalty,Normal,0
a082197d-6235-4da0-92fc-a1aa9379bc0d,3869219,5,120,43,785,Croatia,3441,Nikola Vlašić,Left Center Midfield,108.1,40.1,120.0,36.8,0.7835,Goal,Right Foot,Penalty,Normal,0
bccd6f5b-3d78-448c-bde8-793467426a12,3869219,5,121,13,778,Japan,37211,Kaoru Mitoma,Left Wing Back,108.1,40.1,118.9,37.5,0.7835,Saved,Right Foot,Penalty,Normal,0
54be1e85-59c1-43cd-8da4-26db10dcd2b7,3869219,5,121,52,785,Croatia,5469,Marcelo Brozović,Center Defensive Midfield,108.1,40.1,120.0,39.9,0.7835,Goal,Right Foot,Penalty,Normal,0
2e48e56e-491c-4194-865d-be0b40fafb69,3869219,5,122,33,778,Japan,8949,Takuma Asano,Center Forward,108.1,40.1,120.0,41.9,0.7835,Goal,Right Foot,Penalty,Normal,0
f33dea9d-c828-4298-9983-d63a2db7557b,3869219,5,123,13,785,Croatia,22041,Marko Livaja,Center Forward,108.1,40.1,120.0,36.1,0.7835,Post,Right Foot,Penalty,Normal,0
2cdf3402-4fcf-45ef-9d91-8474453e45ad,3869219,5,123,50,778,Japan,3300,Maya Yoshida,Center Back,108.1,40.1,118.9,37.5,0.7835,Saved,Right Foot,Penalty,Normal,0
d38acc97-e85e-43e6-9798-dac321842497,3869219,5,124,28,785,Croatia,11603,Mario Pašalić,Right Wing,108.1,40.1,120.0,36.5,0.7835,Goal,Right Foot,Penalty,Normal,0
d1ec79ed-46cc-4c51-8fac-aeb33943dc28,3869253,1,6,39,781,Brazil,4320,Neymar da Silva Santos Junior,Center Attacking Midfield,111.3,44.4,111.4,32.9,0.083826184,Wayward,Right Foot,Open Play,Normal,0
44854e05-f6c8-4c2a-a7ef-9dc2ae4c7f09,3869253,1,6,41,781,Brazil,18395,Vinícius José Paixão de Oliveira Júnior,Left Wing,110.0,29.9,120.0,41.7,0.13057186,Goal,Right Foot,Open Play,Normal,0
ba9547df-81eb-4cc8-acc3-63ebec6f2c39,3869253,1,12,18,781,Brazil,4320,Neymar da Silva Santos Junior,Center Attacking Midfield,108.0,40.0,120.0,42.3,0.7835,Goal,Right Foot,Penalty,Normal,0
a19eb2c7-c412-4481-bf03-a3080127d8d1,3869253,1,16,15,791,South Korea,5620,Hee-Chan Hwang,Left Midfield,90.4,28.0,117.9,42.1,0.016991004,Saved,Right Foot,Open Play,Normal,0
ad60d052-a0ce-4bfe-8290-d557e0cb3a11,3869253,1,16,40,791,South Korea,23763,In-Beom Hwang,Left Defensive Midfield,91.7,46.4,120.0,42.9,0.026666574,Off T,Left Foot,Open Play,Normal,0
7f42485f-775b-45fb-932e-39c8eb885b90,3869253,1,24,57,791,South Korea,5620,Hee-Chan Hwang,Left Midfield,82.7,33.0,117.3,42.0,0.0058221314,Saved,Right Foot,Open Play,Normal,0
35028f1d-c785-47f4-88d5-a82cc91ceb62,3869253,1,28,13,781,Brazil,3280,Richarlison de Andrade,Center Forward,110.7,43.3,120.0,37.4,0.5379008,Goal,Left Foot,Open Play,Normal,0
bc4fd99a-0a91-4d45-b46d-10786f668f0a,3869253,1,30,19,781,Brazil,10595,Raphael Dias Belloli,Right Wing,94.7,30.7,120.0,42.0,0.02589997,Off T,Left Foot,Open Play,Normal,0
95582d85-7eed-4aeb-bbe6-2b1a429b6295,3869253,1,31,37,791,South Korea,5620,Hee-Chan Hwang,Left Midfield,119.3,30.8,119.5,34.1,0.017834108,Saved,Right Foot,Open Play,Normal,0
d2740e3a-0982-4c1f-81ec-54f12ed1bcd4,3869253,1,33,37,781,Brazil,5539,Carlos Henrique Casimiro,Left Defensive Midfield,93.6,43.2,120.0,31.5,0.029429397,Off T,Right Foot,Open Play,Normal,0
75e1dbd2-f601-4261-992d-106488c7219b,3869253,1,35,45,781,Brazil,22600,Lucas Tolentino Coelho de Lima,Right Defensive Midfield,110.0,44.8,120.0,37.3,0.08633457,Goal,Right Foot,Open Play,Volley,1
afbe9884-329f-4721-a822-ccba6d081310,3869253,1,45,14,781,Brazil,22600,Lucas Tolentino Coelho de Lima,Right Defensive Midfield,112.0,49.2,117.1,44.2,0.2577265,Saved,Left Foot,Open Play,Normal,0
08678f16-67ff-4ff5-905e-d9cc75db1d2d,3869253,1,48,8,781,Brazil,3280,Richarlison de Andrade,Center Forward,110.3,51.6,114.2,46.3,0.2681848,Saved,Right Foot,Open Play,Normal,0
b2459e0f-b8bd-4069-a41c-daf9dc5b3f8f,3869253,1,48,9,781,Brazil,4320,Neymar da Silva Santos Junior,Center Attacking Midfield,111.4,42.3,120.0,45.0,0.26870713,Off T,Other,Open Play,Normal,1
40ede36e-9124-4cb3-9065-f0a66eb450dd,3869253,2,45,23,781,Brazil,10595,Raphael Dias Belloli,Right Wing,104.3,51.7,116.5,41.4,0.04634087,Saved,Left Foot,Open Play,Normal,0
34f546bf-8be7-4a35-9e42-bfd908c2f766,3869253,2,46,16,791,South Korea,3083,Heung-Min Son,Left Midfield,105.3,27.9,112.9,34.9,0.1490943,Saved,Right Foot,Open Play,Normal,0
087430be-d99a-4344-b82c-58aeae623cf1,3869253,2,53,52,781,Brazil,10595,Raphael Dias Belloli,Right Wing,110.4,50.6,118.0,41.4,0.080992505,Saved,Left Foot,Open Play,Normal,0
c1a1f95e-48fa-4cf7-af57-c2bbb640af4c,3869253,2,53,59,781,Brazil,18395,Vinícius José Paixão de Oliveira Júnior,Left Wing,110.4,26.8,120.0,32.5,0.05640157,Off T,Right Foot,Open Play,Normal,1
2679ed63-ee3c-478e-b615-367b96b18164,3869253,2,57,0,781,Brazil,10595,Raphael Dias Belloli,Right Wing,91.0,34.0,100.8,34.8,0.04321825,Blocked,Left Foot,Free Kick,Normal,0
51025cec-c9df-439b-9017-d52381d11adc,3869253,2,61,39,781,Brazil,10595,Raphael Dias Belloli,Right Wing,114.6,51.1,117.9,44.1,0.16284284,Saved,Right Foot,Open Play,Normal,0
1e78d87e-7adf-4d14-8311-7ce4b0f783ed,3869253,2,67,34,791,South Korea,5620,Hee-Chan Hwang,Right Midfield,106.8,51.7,116.4,42.1,0.04724954,Saved,Right Foot,Open Play,Half Volley,0
92e9b5f4-c7e1-4758-91bb-ee3ed2fd7c3c,3869253,2,75,47,791,South Korea,23264,Seung-Ho Paik,Right Center Midfield,93.7,39.8,120.0,43.4,0.023081098,Goal,Left Foot,Open Play,Half Volley,0
1ea14c9e-dd01-4af6-868c-584633f0088c,3869253,2,88,28,781,Brazil,4324,Daniel Alves da Silva,Right Back,111.1,53.1,116.2,45.0,0.027839905,Blocked,Right Foot,Open Play,Overhead Kick,0
3b3d795f-7050-4264-8752-0722213c0713,3869253,2,89,3,781,Brazil,11493,Gleison Bremer Silva Nascimento,Left Back,116.1,41.0,116.7,40.3,0.34439024,Saved,Head,Open Play,Normal,0
6e8aca58-362d-4573-b02c-809f8438cacb,3869253,2,89,49,791,South Korea,5620,Hee-Chan Hwang,Right Midfield,112.9,53.6,120.0,45.9,0.058088522,Off T,Right Foot,Open Play,Half Volley,0
f592c88a-4f84-4c9e-9bfb-da5bef69f00c,3869253,2,92,41,781,Brazil,4324,Daniel Alves da Silva,Right Back,88.4,46.1,120.0,32.4,0.027316706,Off T,Right Foot,Open Play,Normal,0
31fad68d-426e-4288-89c0-71ba4c143506,3869152,1,3,12,771,France,5485,Raphaël Varane,Right Center Back,114.3,40.0,120.0,47.8,0.1462742,Off T,Head,Open Play,Normal,1
7cd0dae7-40fb-46a6-95f2-a3969d1cc578,3869152,1,10,1,771,France,5477,Ousmane Dembélé,Right Wing,116.0,51.8,116.3,50.9,0.040392082,Blocked,Right Foot,Open Play,Normal,0
69bb74b1-68af-4b20-a197-0c46604b417b,3869152,1,12,5,771,France,10481,Aurélien Djani Tchouaméni,Right Defensive Midfield,87.8,30.9,117.7,37.0,0.017185243,Saved,Right Foot,Open Play,Normal,0
bffd8808-bde3-4471-b4ec-a2f2d980107b,3869152,1,16,5,771,France,5477,Ousmane Dembélé,Right Wing,99.2,46.7,114.6,41.5,0.07651916,Saved,Left Foot,Open Play,Normal,0
189cd753-a975-4179-b545-89a4e9fc2e38,3869152,1,20,9,789,Poland,5668,Robert Lewandowski,Center Forward,92.5,43.3,120.0,45.8,0.03323787,Off T,Left Foot,Open Play,Normal,0
aaa15453-3b82-4a91-9257-54793d844cb1,3869152,1,21,22,771,France,4445,Jules Koundé,Right Back,94.5,56.1,117.2,41.1,0.01624438,Saved,Right Foot,Open Play,Normal,0
87b6c4e5-8879-49ac-bb0d-d732354d78e0,3869152,1,24,4,789,Poland,7979,Przemysław Frankowski,Left Midfield,109.5,24.7,111.8,28.0,0.043646414,Blocked,Right Foot,Open Play,Normal,0
03ad5797-0787-4b37-9f9e-9c91d1d19bf0,3869152,1,32,21,789,Poland,5668,Robert Lewandowski,Center Forward,94.8,26.6,103.6,31.1,0.042642463,Blocked,Right Foot,Free Kick,Normal,0
44377d04-8e4c-4a86-8fa7-02f89b98ad81,3869152,1,33,57,789,Poland,4734,Matty Cash,Right Back,99.1,56.2,120.0,6.9,0.023505978,Wayward,Right Foot,Open Play,Normal,0
982df7d3-5406-4586-bedd-ce5132be5608,3869152,1,34,52,771,France,3009,Kylian Mbappé Lottin,Left Wing,111.5,24.9,118.8,35.5,0.047962468,Saved,Left Foot,Open Play,Normal,0
e042d4ce-1bdb-44d2-a0db-36924a2cec20,3869152,1,35,31,771,France,3604,Olivier Giroud,Center Forward,105.2,44.5,117.8,45.2,0.046657436,Wayward,Left Foot,Open Play,Half Volley,0
cd7ccad2-865a-456d-b56b-e0150001b529,3869152,1,37,8,789,Poland,5660,Piotr Zieliński,Right Center Midfield,106.6,41.6,117.2,41.4,0.13905574,Saved,Right Foot,Open Play,Normal,0
61add723-da40-461f-b9a1-d8d4878c2f61,3869152,1,37,9,789,Poland,5660,Piotr Zieliński,Right Center Midfield,111.4,43.9,115.5,42.7,0.2098723,Blocked,Left Foot,Open Play,Half Volley,0
8d35767c-57ec-4a24-81c1-3f2a3f3dcc78,3869152,1,37,10,789,Poland,31955,Jakub Kamiński,Right Midfield,114.1,50.5,119.0,40.8,0.07224382,Blocked,Right Foot,Open Play,Half Volley,0
3dfb5a79-95c5-4e66-88fb-ddf16a823d7b,3869152,1,43,28,771,France,3604,Olivier Giroud,Center Forward,105.6,32.3,120.0,43.2,0.28635955,Goal,Left Foot,Open Play,Normal,0
a3db0203-805f-47e3-a481-cc660770e431,3869152,1,45,24,789,Poland,31955,Jakub Kamiński,Right Midfield,108.8,51.7,110.0,50.6,0.03898995,Blocked,Right Foot,Open Play,Half Volley,0
527eca36-6d4e-43e0-ba5a-ab3313ad6128,3869152,2,47,38,771,France,5487,Antoine Griezmann,Center Attacking Midfield,106.9,63.2,118.9,42.5,0.008752431,Saved,Left Foot,Free Kick,Normal,0
9caab947-e53e-460b-84d5-a5b7f974f3e7,3869152,2,47,41,771,France,6704,Theo Bernard François Hernández,Left Back,98.0,38.5,120.0,60.5,0.032634486,Off T,Right Foot,Open Play,Volley,0
f814b114-cf7e-454e-8c60-8d301b5a49c9,3869152,2,55,53,771,France,3009,Kylian Mbappé Lottin,Left Wing,102.0,26.7,105.0,28.3,0.02943752,Blocked,Right Foot,Open Play,Normal,0
6501acc8-ffc7-4246-82e8-43e7a8cf7c47,3869152,2,62,41,771,France,3009,Kylian Mbappé Lottin,Left Wing,110.2,26.3,110.6,53.7,0.054253228,Wayward,Right Foot,Open Play,Normal,0
7591bf5f-3557-4f9a-b967-485aebef76d4,3869152,2,65,8,771,France,3604,Olivier Giroud,Center Forward,115.8,46.8,120.0,44.8,0.12365263,Off T,Left Foot,Open Play,Volley,1
510bb5aa-f782-4a22-be23-8274be45b104,3869152,2,70,58,789,Poland,3034,Kamil Glik,Right Center Back,114.0,32.0,120.0,41.8,0.041239407,Off T,Head,Open Play,Normal,1
c5b96634-9e00-4135-a499-bdfc1c58b06a,3869152,2,73,56,771,France,3009,Kylian Mbappé Lottin,Left Wing,104.8,28.6,120.0,37.3,0.08738103,Goal,Right Foot,Open Play,Normal,0
3b650254-e765-40a1-819e-9b67473829f3,3869152,2,80,58,771,France,6704,Theo Bernard François Hernández,Left Back,105.0,33.4,120.0,44.9,0.069959894,Off T,Right Foot,Open Play,Normal,0
2d38130f-3d62-4369-8a2b-ec7866353b92,3869152,2,90,5,771,France,3009,Kylian Mbappé Lottin,Center Forward,106.2,25.2,120.0,42.6,0.042708755,Goal,Right Foot,Open Play,Normal,0
5dc61ca6-7468-40cf-b756-0517d2693285,3869152,2,91,50,789,Poland,5668,Robert Lewandowski,Center Forward,105.6,48.7,120.0,28.0,0.061160102,Wayward,Right Foot,Open Play,Half Volley,1
bbc46428-10c1-4bec-8eef-51410db15dba,3869152,2,93,41,789,Poland,5668,Robert Lewandowski,Center Forward,113.0,40.0,113.9,39.6,0.10443308,Blocked,Head,Open Play,Normal,1
36c25c99-7fd8-41f4-9467-18c23d474d37,3869152,2,98,36,789,Poland,5668,Robert Lewandowski,Center Forward,108.0,40.0,120.0,37.4,0.7835,Goal,Right Foot,Penalty,Normal,0
7320c2cf-86b3-40f2-a3a7-ff0a4b95a712,3869117,1,2,10,1839,United States,8246,Christian Pulisic,Left Wing,107.1,34.9,114.1,38.0,0.3196895,Saved,Left Foot,Open Play,Half Volley,0
05907c05-0a6c-4aa7-a62a-1f1a70bebba7,3869117,1,9,31,941,Netherlands,2988,Memphis Depay,Left Center Forward,104.9,43.7,120.0,36.4,0.16183718,Goal,Right Foot,Open Play,Normal,0
1661bfea-a0ca-487c-90c5-a6cccc12dfde,3869117,1,17,4,941,Netherlands,3311,Daley Blind,Left Wing Back,103.6,30.6,120.0,34.8,0.07337185,Off T,Left Foot,Open Play,Normal,0
a2da4447-6ffd-458f-8921-05c19d401904,3869117,1,20,20,941,Netherlands,2988,Memphis Depay,Left Center Forward,106.1,62.1,120.0,30.5,0.008920797,Off T,Right Foot,Open Play,Half Volley,0
f23c54d4-ea5f-427b-8c32-704a95e25dac,3869117,1,42,7,1839,United States,3377,Timothy Weah,Right Wing,97.5,53.3,118.3,43.5,0.028368456,Saved,Right Foot,Open Play,Half Volley,0
317f2710-2fd6-4c1f-8a57-cdef4724252c,3869117,1,43,58,1839,United States,21881,Sergino Dest,Right Back,105.2,46.2,107.3,44.9,0.07418261,Blocked,Right Foot,Open Play,Normal,0
5566d71a-983c-4f30-9ddb-85d7b8815ba1,3869117,1,45,36,941,Netherlands,3311,Daley Blind,Left Wing Back,107.6,38.5,120.0,37.7,0.2502288,Goal,Right Foot,Open Play,Normal,0
eb91d23f-4d01-43a8-96d3-52827bf9909d,3869117,2,48,45,1839,United States,8526,Weston McKennie,Right Center Midfield,109.1,36.5,113.5,36.2,0.03899759,Wayward,Head,Open Play,Normal,1
f66c01cb-afab-4614-9ab0-849827654257,3869117,2,48,46,1839,United States,18242,Tim Ream,Left Center Back,116.5,37.1,118.0,37.9,0.2582279,Saved,Left Foot,Open Play,Half Volley,0
bde8a681-2dfa-431a-9637-223cc85dfd10,3869117,2,48,55,1839,United States,8526,Weston McKennie,Right Center Midfield,108.4,37.0,115.2,39.9,0.06857926,Wayward,Head,Open Play,Normal,1
ca601f63-190e-473c-9a0e-e40451f4ad17,3869117,2,50,49,1839,United States,21881,Sergino Dest,Right Back,100.9,57.3,117.0,0.1,0.01609117,Wayward,Left Foot,Open Play,Normal,0
d9a576ef-06ad-4b8e-b19b-579c5da93422,3869117,2,52,0,1839,United States,8246,Christian Pulisic,Left Wing,98.4,27.3,116.4,38.1,0.040512722,Saved,Right Foot,Open Play,Normal,0
7c9f51b5-7c05-4ba0-ae27-d0c4639b0709,3869117,2,53,0,1839,United States,8526,Weston McKennie,Right Center Midfield,102.1,35.0,120.0,41.3,0.053084504,Off T,Left Foot,Open Play,Half Volley,0
51847ed7-8369-40a5-a442-862b9063b95f,3869117,2,60,39,941,Netherlands,20750,Cody Mathès Gakpo,Center Attacking Midfield,100.0,50.7,105.1,47.7,0.053106464,Blocked,Left Foot,Open Play,Normal,0
a1545633-330a-4c29-bdc4-e7a8d2720acc,3869117,2,60,42,941,Netherlands,2988,Memphis Depay,Left Center Forward,98.6,47.0,117.2,40.1,0.046333984,Saved,Right Foot,Open Play,Normal,0
d415f694-86d8-436d-a82c-7c16076856ff,3869117,2,62,41,1839,United States,3377,Timothy Weah,Right Wing,99.1,51.0,108.2,44.7,0.04334448,Blocked,Left Foot,Open Play,Normal,0
ef5c7933-4077-49df-9152-d32b29d5bb12,3869117,2,70,10,941,Netherlands,3669,Virgil van Dijk,Center Back,111.8,41.3,120.0,43.4,0.08036702,Off T,Head,Open Play,Normal,1
44a6397c-cfd0-4cf2-9c47-95f359b3f407,3869117,2,70,52,941,Netherlands,7891,Teun Koopmeiners,Right Defensive Midfield,94.5,37.8,117.8,37.7,0.04472613,Saved,Left Foot,Open Play,Normal,0
c6711069-7423-4428-a2b8-beff1ad14b24,3869117,2,70,54,941,Netherlands,2988,Memphis Depay,Left Center Forward,113.1,34.4,117.2,37.3,0.27671057,Saved,Head,Open Play,Diving Header,0
f8946626-b0a1-496c-aabd-a8671df0b23b,3869117,2,73,13,1839,United States,34339,Giovanni Reyna,Right Wing,98.9,49.9,120.0,18.8,0.042619057,Off T,Left Foot,Open Play,Normal,0
b3f6d8e7-d124-4d9b-8b69-096b7958f406,3869117,2,74,14,1839,United States,22008,Haji Wright,Center Forward,115.2,55.6,118.9,44.3,0.046546377,Blocked,Right Foot,Open Play,Normal,0
ca879c6e-6742-4d2b-8b98-5e9b726ee77e,3869117,2,75,20,1839,United States,22008,Haji Wright,Center Forward,115.1,45.2,120.0,37.0,0.3636808,Goal,Right Foot,Open Play,Normal,0
bdba3968-9315-4a2c-b26a-fa83134c1f6b,3869117,2,77,21,941,Netherlands,8259,Steven Bergwijn,Right Center Forward,109.5,32.8,120.0,34.6,0.25042096,Off T,Right Foot,Open Play,Normal,0
e534d589-ffb5-42c2-a449-541547acec89,3869117,2,78,7,1839,United States,8246,Christian Pulisic,Left Wing,99.5,25.3,117.3,37.6,0.031073315,Saved,Left Foot,Open Play,Normal,0
4a9d3012-73c3-4a0f-a16c-831cb874e455,3869117,2,80,28,941,Netherlands,8125,Denzel Dumfries,Right Wing Back,113.5,44.3,120.0,36.7,0.23592436,Goal,Left Foot,Open Play,Volley,0
228c6b1b-5058-4b75-b47e-e5d961102ba9,3869117,2,85,25,1839,United States,12524,Walker Zimmerman,Right Center Back,107.2,43.0,120.0,34.5,0.05674074,Off T,Right Foot,Open Play,Volley,0
67f52955-48b3-418c-976f-a34575324c1d,3869117,2,88,48,1839,United States,34339,Giovanni Reyna,Right Wing,103.1,51.4,104.0,50.9,0.043403003,Blocked,Left Foot,Open Play,Normal,0
ca8ff3c0-c049-435d-830a-3979bf1181e5,3869117,2,93,29,1839,United States,38792,Yunus Dimoara Musah,Right Center Midfield,103.9,44.2,106.6,44.4,0.054460905,Blocked,Right Foot,Open Play,Half Volley,0
1bb42f2e-3d37-4dfc-834a-ad4bce817151,3869117,2,94,7,1839,United States,22008,Haji Wright,Center Forward,111.3,40.2,107.6,26.3,0.072495155,Wayward,Head,Open Play,Normal,1
83c26e08-1d4a-43a2-97d5-bf73b5097609,3857270,1,2,2,783,Uruguay,7104,Mathías Olivera Miramontes,Left Wing Back,98.2,27.8,120.0,35.2,0.039672486,Off T,Left Foot,Open Play,Normal,0
fe514d01-352d-487e-98b3-4954d3f99b92,3857270,1,2,59,780,Portugal,5214,William Silva de Carvalho,Left Center Midfield,104.9,30.5,120.0,43.1,0.048683427,Off T,Right Foot,Open Play,Volley,0
930439d2-1691-46c7-943f-c82865db84e1,3857270,1,7,17,780,Portugal,5204,Bruno Miguel Borges Fernandes,Center Attacking Midfield,90.8,53.9,120.0,33.7,0.014580331,Off T,Right Foot,Open Play,Normal,0
6755e0bf-513c-4970-9cc9-35a2b733a9a9,3857270,1,11,6,783,Uruguay,5259,José María Giménez de Vargas,Right Center Back,109.4,37.1,120.0,39.0,0.050594334,Off T,Head,Open Play,Normal,0
4bdae77f-3456-4555-b1b2-a461597030ea,3857270,1,15,31,780,Portugal,12041,João Félix Sequeira,Left Center Forward,101.0,30.9,102.1,31.4,0.033737455,Blocked,Right Foot,Open Play,Normal,0
39f5eb65-6b14-49cd-b17d-beb9ec7ece4a,3857270,1,17,45,780,Portugal,5207,Cristiano Ronaldo dos Santos Aveiro,Right Center Forward,96.0,23.4,102.8,27.3,0.026755862,Blocked,Right Foot,Free Kick,Normal,0
78c4ff87-5e72-4821-999a-3f3f16b77541,3857270,1,19,49,780,Portugal,9927,Rúben Diogo Da Silva Neves,Center Defensive Midfield,92.4,50.0,108.8,41.8,0.015326656,Blocked,Right Foot,Open Play,Half Volley,0
8fcf0dcd-e70c-4c64-9252-3a1e37ef27a9,3857270,1,31,57,783,Uruguay,5260,Rodrigo Bentancur Colmán,Center Defensive Midfield,106.8,41.3,110.3,41.7,0.49410823,Saved,Right Foot,Open Play,Normal,0
8f37923f-c3a2-4edd-8ba8-a0debba61c74,3857270,1,34,9,780,Portugal,5207,Cristiano Ronaldo dos Santos Aveiro,Right Center Forward,99.4,24.7,102.1,26.3,0.029249214,Blocked,Left Foot,Open Play,Normal,0
93d932bd-5fba-4294-a009-c455ba251e7b,3857270,1,34,15,780,Portugal,12041,João Félix Sequeira,Left Center Forward,91.6,31.8,93.1,32.5,0.022321237,Blocked,Right Foot,Open Play,Normal,0
31dd30cb-85ad-43a1-9029-8fc7de744a5c,3857270,1,35,8,783,Uruguay,5260,Rodrigo Bentancur Colmán,Center Defensive Midfield,108.4,29.5,113.2,31.8,0.07433986,Wayward,Right Foot,Open Play,Normal,0
10193db8-4be2-4ca5-b747-14e2b2f3613b,3857270,1,36,45,780,Portugal,5204,Bruno Miguel Borges Fernandes,Center Attacking Midfield,93.1,33.0,98.2,34.5,0.028039778,Blocked,Right Foot,Open Play,Normal,0
689210c6-bc57-4202-827a-971cfe04dc53,3857270,2,51,38,780,Portugal,12041,João Félix Sequeira,Left Center Forward,107.9,27.1,120.0,35.0,0.036293734,Off T,Left Foot,Open Play,Normal,0
c581c62f-6666-485f-af07-90b4f81274ac,3857270,2,53,40,780,Portugal,5204,Bruno Miguel Borges Fernandes,Center Attacking Midfield,99.4,14.6,120.0,42.3,0.0077694156,Goal,Right Foot,Open Play,Normal,0
ab8120da-7880-44e5-9988-5d6b5c63aaf7,3857270,2,56,10,780,Portugal,5207,Cristiano Ronaldo dos Santos Aveiro,Center Forward,84.9,19.1,91.8,23.2,0.007159395,Wayward,Right Foot,Open Play,Normal,1
4cf5dfeb-c75e-419a-9934-d574545fa59b,3857270,2,57,25,783,Uruguay,4319,Edinson Roberto Cavani Gómez,Left Center Forward,102.9,39.7,120.0,25.2,0.07401822,Off T,Right Foot,Open Play,Volley,0
fc35d3ba-9f4e-473f-91e8-7c2fc357149c,3857270,2,59,10,783,Uruguay,32478,Darwin Gabriel Núñez Ribeiro,Right Center Forward,92.8,43.6,115.6,40.2,0.03092143,Saved,Right Foot,Open Play,Normal,0
34eba09f-f80e-4bf8-b56d-3bceab8a5eed,3857270,2,64,40,783,Uruguay,7104,Mathías Olivera Miramontes,Left Back,108.1,33.8,115.2,39.0,0.041303303,Blocked,Head,Open Play,Normal,1
a19d546a-977c-4d03-acf0-1160c58a6a2e,3857270,2,74,16,783,Uruguay,6297,Maximiliano Gómez González,Left Center Forward,99.2,43.2,120.0,44.0,0.047642853,Post,Right Foot,Open Play,Normal,0
5edd2407-3d38-414d-9f92-61718d6c29d7,3857270,2,77,14,783,Uruguay,5246,Luis Alberto Suárez Díaz,Right Center Forward,115.6,34.0,120.0,35.5,0.088375136,Off T,Left Foot,Open Play,Half Volley,0
02866454-5edb-4c28-88c2-61ccdc0d2343,3857270,2,78,9,783,Uruguay,5258,Giorgian Daniel De Arrascaeta Benedetti,Left Midfield,109.3,50.0,113.8,45.8,0.2560759,Saved,Right Foot,Open Play,Normal,0
764b23bf-288e-458f-8cd8-6d77176339ee,3857270,2,82,41,780,Portugal,18360,Rafael Alexandre Conceição Leão,Left Wing,95.3,49.1,120.0,34.0,0.026902085,Off T,Right Foot,Open Play,Normal,0
3df430b3-eaa6-4b63-9246-1f86d8249d55,3857270,2,85,49,783,Uruguay,6773,Federico Santiago Valverde Dipetta,Right Defensive Midfield,88.2,44.5,120.0,40.3,0.019629322,Off T,Right Foot,Open Play,Normal,0
09a6971a-da8c-48d3-a477-04deeca2fa0b,3857270,2,92,19,780,Portugal,5204,Bruno Miguel Borges Fernandes,Right Wing,108.0,40.0,120.0,38.2,0.7835,Goal,Right Foot,Penalty,Normal,0
8b462570-c65a-43b6-bcc0-6a66482197aa,3857270,2,97,19,780,Portugal,5204,Bruno Miguel Borges Fernandes,Right Wing,117.7,50.0,119.3,44.4,0.032710962,Saved,Right Foot,Open Play,Volley,0
9d75837e-1eac-4fe2-b041-be893874af5d,3857270,2,98,15,780,Portugal,5204,Bruno Miguel Borges Fernandes,Right Wing,100.6,35.0,120.0,36.1,0.100704454,Post,Right Foot,Open Play,Half Volley,0
2284e99e-d852-4ffb-b591-5394dc256fbf,3857263,1,6,25,772,Spain,16532,Daniel Olmo Carvajal,Left Wing,100.5,26.1,117.7,38.9,0.032144632,Saved to Post,Right Foot,Open Play,Normal,0
4251ef51-9c14-48bb-8c40-87573ee1b95a,3857263,1,21,14,772,Spain,5211,Jordi Alba Ramos,Left Back,96.6,23.3,120.0,35.0,0.021667236,Off T,Right Foot,Open Play,Normal,0
336e0700-24b0-4b74-8951-a7cd6e753a32,3857263,1,24,11,770,Germany,8400,Serge Gnabry,Right Wing,102.8,56.6,120.0,33.3,0.028963488,Off T,Left Foot,Open Play,Normal,0
d4387d56-b0d2-4802-ab81-1cec0d06c404,3857263,1,25,58,772,Spain,6748,Ferrán Torres García,Right Wing,102.8,46.4,104.0,45.8,0.068952255,Blocked,Left Foot,Open Play,Normal,0
cb0085ed-03ed-4c6f-8d8d-0b449f6f1723,3857263,1,29,40,770,Germany,3167,Antonio Rüdiger,Left Center Back,89.6,25.9,120.0,46.9,0.0065071667,Off T,Right Foot,Open Play,Normal,0
a21bf591-0552-4c0e-8cb5-f284ab8ff959,3857263,1,35,4,772,Spain,6748,Ferrán Torres García,Right Wing,109.8,54.6,110.3,53.9,0.04777013,Blocked,Right Foot,Open Play,Normal,0
26d7107b-7657-4f16-bb7c-530047ec4536,3857263,1,44,35,770,Germany,3167,Antonio Rüdiger,Left Center Back,113.7,60.2,118.5,44.3,0.008851705,Saved,Right Foot,Open Play,Half Volley,0
39497546-4a78-43e1-98dc-71bf9514b702,3857263,2,55,53,770,Germany,5579,Joshua Kimmich,Right Defensive Midfield,105.8,40.6,116.3,37.8,0.09558376,Saved,Right Foot,Open Play,Normal,0
2036573c-cac2-4454-b43b-c33364286c4a,3857263,2,58,0,772,Spain,16532,Daniel Olmo Carvajal,Left Wing,85.8,31.1,118.1,38.3,0.0118638035,Saved,Right Foot,Open Play,Normal,0
72e972ee-22e9-4eef-aaa9-04ebd7e55f92,3857263,2,61,33,772,Spain,3477,Álvaro Borja Morata Martín,Center Forward,113.2,34.3,120.0,37.3,0.31874228,Goal,Right Foot,Open Play,Normal,0
8c96fe53-dd90-4244-972c-7ef0006f8eef,3857263,2,63,24,770,Germany,6324,Leon Goretzka,Left Defensive Midfield,96.2,39.7,107.4,38.8,0.036448006,Blocked,Right Foot,Open Play,Normal,0
3c8af726-ad43-4564-b646-fcd43e243ac2,3857263,2,64,26,772,Spain,5719,Marco Asensio Willemsen,Right Wing,101.7,45.4,120.0,39.4,0.13836038,Off T,Left Foot,Open Play,Normal,0
356a0535-9459-4bce-9296-544c9ca1cedd,3857263,2,72,0,770,Germany,8546,Niclas Füllkrug,Center Forward,111.2,41.5,111.5,40.7,0.3730103,Wayward,Right Foot,Open Play,Normal,0
db268ae9-4dfd-43fc-901e-71cd25f5cff6,3857263,2,72,43,770,Germany,39565,Jamal Musiala,Center Attacking Midfield,110.1,50.1,115.7,43.9,0.28996226,Saved,Right Foot,Open Play,Normal,0
f13161cf-dd08-44ae-acf0-da55ad0eca29,3857263,2,72,50,770,Germany,8400,Serge Gnabry,Left Wing,104.9,23.6,107.4,26.0,0.024480116,Blocked,Right Foot,Open Play,Volley,0
49ae6e10-133f-409a-9382-00895530b314,3857263,2,73,17,770,Germany,8546,Niclas Füllkrug,Center Forward,111.3,42.8,120.0,46.2,0.065169856,Off T,Head,Open Play,Normal,0
a02febea-2c60-41f1-914d-dc065dd50ac7,3857263,2,80,18,770,Germany,5579,Joshua Kimmich,Right Defensive Midfield,98.9,25.7,107.3,30.6,0.053563386,Blocked,Right Foot,Free Kick,Normal,0
38d1ccce-102b-41a6-9661-a4f872c615e3,3857263,2,82,25,770,Germany,8546,Niclas Füllkrug,Center Forward,110.8,51.9,120.0,36.8,0.16441207,Goal,Right Foot,Open Play,Normal,0
bf78a9e4-d988-4952-bf81-8e3041a32d08,3857259,1,5,38,786,Serbia,4269,Aleksandar Mitrović,Center Forward,110.4,33.0,120.0,37.0,0.06545554,Off T,Head,Open Play,Normal,0
01bf09c6-4c72-4f5b-8a73-dbbb8d04a621,3857259,1,10,2,786,Serbia,4269,Aleksandar Mitrović,Center Forward,114.4,54.2,120.0,36.1,0.016927462,Post,Left Foot,Open Play,Normal,0
aa3c0719-bc7d-4fd2-99c8-f4459948daa2,3857259,1,10,14,786,Serbia,5591,Filip Kostić,Left Wing Back,108.2,21.4,120.0,34.6,0.012009094,Off T,Left Foot,Open Play,Normal,0
44397978-2451-4fdf-8afa-3a3bec0e5a6e,3857259,1,15,11,2722,Cameroon,7472,Nicolas Alexis Julio N'Koulou Ndoubena,Left Center Back,95.9,33.9,120.0,47.8,0.046143826,Off T,Left Foot,Open Play,Normal,0
882044f7-fc57-4263-b17f-86b5f41d22b4,3857259,1,16,22,786,Serbia,4269,Aleksandar Mitrović,Center Forward,108.9,38.6,120.0,35.2,0.063389905,Off T,Right Foot,Open Play,Half Volley,1
637fd724-c030-440d-9392-7c718149938b,3857259,1,18,37,2722,Cameroon,12623,Pierre Kunde Malong,Left Center Midfield,108.1,60.1,118.2,44.6,0.009715966,Saved,Right Foot,Open Play,Half Volley,0
bc25fef0-6070-4580-8cf5-1f564f632335,3857259,1,19,31,2722,Cameroon,12623,Pierre Kunde Malong,Left Center Midfield,96.8,50.1,107.8,44.2,0.029523049,Blocked,Right Foot,Open Play,Normal,0
3d7ed7d4-5c3a-4cb7-9c81-dc3695e4959a,3857259,1,28,6,2722,Cameroon,7472,Nicolas Alexis Julio N'Koulou Ndoubena,Left Center Back,115.2,33.5,116.1,34.8,0.09064111,Blocked,Head,Open Play,Normal,0
1b7461e8-f3c3-4c70-94f5-aae1384db51b,3857259,1,28,7,2722,Cameroon,7426,Jean-Charles Castelletto,Right Center Back,118.5,43.2,120.0,42.9,0.8945071,Goal,Right Foot,Open Play,Volley,0
1dab17e3-7088-4ae6-a1a4-dc0ff0dc2e15,3857259,1,42,44,2722,Cameroon,12623,Pierre Kunde Malong,Left Center Midfield,103.5,53.8,114.7,44.7,0.0845098,Saved,Right Foot,Open Play,Normal,0
9379dbc4-e5b2-488a-b738-b71548d48ffe,3857259,1,42,45,2722,Cameroon,12623,Pierre Kunde Malong,Left Center Midfield,110.5,55.1,120.0,46.7,0.056867022,Off T,Right Foot,Open Play,Normal,0
3ba0655f-e4cf-4088-a3e8-0cdbfa517be9,3857259,1,45,22,786,Serbia,27719,Strahinja Pavlović,Left Center Back,110.7,42.8,120.0,36.3,0.07892812,Goal,Head,Open Play,Normal,0
52b8141b-59ae-4ae1-8509-7ac620e4c9e1,3857259,1,47,52,786,Serbia,5589,Sergej Milinković-Savić,Left Attacking Midfield,99.6,46.7,120.0,43.1,0.058657028,Goal,Left Foot,Open Play,Normal,0
539076ab-e77c-43d8-a806-44bd955a01c7,3857259,1,50,0,786,Serbia,4269,Aleksandar Mitrović,Center Forward,98.4,45.9,101.9,45.3,0.08318807,Blocked,Right Foot,Open Play,Normal,0
c26f8413-c3d6-4706-8573-c93cebb5b8c4,3857259,1,51,13,786,Serbia,6687,Saša Lukić,Left Defensive Midfield,103.0,49.6,114.2,42.5,0.039666813,Blocked,Right Foot,Open Play,Half Volley,0
be17203f-f93a-4a28-9704-0d0783b29be2,3857259,2,52,26,786,Serbia,4269,Aleksandar Mitrović,Center Forward,113.6,40.2,120.0,39.6,0.8974681,Goal,Right Foot,Open Play,Normal,0
07611981-ab41-4294-b278-a4a321c9253c,3857259,2,59,40,2722,Cameroon,11174,Vincent Paté Aboubakar,Center Attacking Midfield,106.5,47.6,107.5,46.8,0.05176351,Blocked,Left Foot,Open Play,Normal,0
da5af003-a708-4d60-9153-f78c6651c5bc,3857259,2,61,53,2722,Cameroon,3551,Karl Brillant Toko Ekambi,Left Wing,106.4,24.5,117.2,36.6,0.02132554,Saved,Right Foot,Open Play,Normal,0
f7980baf-b4e9-4166-8adb-aa7102534006,3857259,2,62,22,786,Serbia,5589,Sergej Milinković-Savić,Left Attacking Midfield,96.4,47.8,120.0,40.5,0.10917903,Off T,Right Foot,Open Play,Lob,1
4768edb7-18f4-45fc-8281-4bb29e43dcfd,3857259,2,62,52,2722,Cameroon,11174,Vincent Paté Aboubakar,Center Attacking Midfield,104.4,49.0,120.0,38.8,0.28323865,Goal,Right Foot,Open Play,Lob,0
72d6e126-e852-4621-b7b3-9861affc8b94,3857259,2,65,25,2722,Cameroon,3499,Jean-Eric Maxim Choupo-Moting,Center Forward,111.0,37.0,120.0,37.4,0.46942416,Goal,Left Foot,Open Play,Normal,0
208f73de-8ddb-4e59-9365-e6c3545f8036,3857259,2,69,58,786,Serbia,5603,Nikola Milenković,Right Center Back,110.5,45.7,114.9,29.0,0.0304652,Wayward,Head,Open Play,Normal,1
a63f273c-9a0d-4cfe-89ae-7cbd3d8d0bc1,3857259,2,75,52,786,Serbia,4269,Aleksandar Mitrović,Center Forward,110.1,55.7,113.5,49.9,0.10947208,Saved,Right Foot,Open Play,Normal,0
f7f9e257-3c74-48e2-8e83-6406d92b8ce0,3857259,2,77,24,786,Serbia,5589,Sergej Milinković-Savić,Left Attacking Midfield,95.2,48.2,120.0,40.5,0.032438725,Off T,Right Foot,Open Play,Normal,0
c2960b9b-c6ba-4bb9-b6ae-11b4c1c01ce1,3857259,2,86,7,2722,Cameroon,11174,Vincent Paté Aboubakar,Center Attacking Midfield,94.0,24.8,114.5,36.7,0.025639288,Saved,Right Foot,Open Play,Normal,0
504c7171-e418-4884-96bd-892a1e927e5c,3857259,2,88,4,786,Serbia,4269,Aleksandar Mitrović,Left Center Forward,105.1,38.3,120.0,45.7,0.1134657,Off T,Right Foot,Open Play,Normal,0
1a3dd69a-682b-43be-aa29-ed4cc4f717e5,3857259,2,94,8,2722,Cameroon,3639,Georges-Kévin Nkoudou Mbida,Left Wing,103.3,13.7,118.6,37.1,0.0070103277,Saved,Right Foot,Free Kick,Normal,0
ff453b86-63e4-4e15-a1f3-2513f1f9f4f3,3857259,2,94,42,786,Serbia,3512,Marko Grujić,Right Center Midfield,92.3,33.6,116.1,39.5,0.027356416,Saved,Right Foot,Open Play,Half Volley,0
16191680-1251-4322-8d08-a3c82c9c1d9d,3857283,1,4,48,782,Belgium,3457,Michy Batshuayi Tunga,Center Forward,110.0,29.6,112.1,31.5,0.13561569,Saved,Left Foot,Open Play,Normal,0
c6fd5faa-3b76-48f2-b3ef-d26a2b4c8888,3857283,1,15,51,782,Belgium,3089,Kevin De Bruyne,Right Wing,95.2,30.1,105.8,37.8,0.023734333,Blocked,Right Foot,Open Play,Half Volley,0
9704295d-8af7-4cf8-bded-dfe08956172e,3857283,1,16,21,782,Belgium,48347,Amadou Onana,Right Defensive Midfield,114.6,38.6,120.0,42.6,0.22733837,Off T,Head,Open Play,Normal,0
82501a0a-1d39-42bd-8b8a-847d7e85dcb4,3857283,1,18,26,782,Belgium,3176,Thomas Meunier,Right Back,101.1,27.4,114.9,36.1,0.050302412,Saved,Right Foot,Open Play,Normal,0
c37984d3-4c45-48d8-a0da-e2cdb7cc48b2,3857283,1,20,26,788,Morocco,5237,Hakim Ziyech,Right Wing,88.5,52.0,120.0,43.4,0.010982664,Off T,Left Foot,Open Play,Normal,1
421e0893-978d-4c20-bc0f-300baddee972,3857283,1,27,27,788,Morocco,23774,Selim Amallah,Right Center Midfield,106.0,49.7,120.0,43.9,0.054105066,Off T,Right Foot,Open Play,Volley,0
41ae724a-0c53-4d8c-a1cd-b6fcbe1b918c,3857283,1,34,13,788,Morocco,5245,Achraf Hakimi Mouh,Right Back,109.4,56.3,120.0,45.4,0.054164495,Off T,Right Foot,Open Play,Normal,1
71c9aaf5-f70c-4073-b471-3f66683ea104,3857283,1,34,54,782,Belgium,3089,Kevin De Bruyne,Right Wing,94.1,42.1,95.0,42.0,0.021631707,Blocked,Left Foot,Open Play,Normal,1
deb48e4a-e378-47ab-a5d4-c336582719e0,3857283,1,38,51,782,Belgium,3089,Kevin De Bruyne,Right Wing,112.6,6.7,120.0,39.3,0.007375095,Off T,Right Foot,Free Kick,Normal,0
597841d0-0851-44f4-bfb0-a2b48076b026,3857283,2,49,45,788,Morocco,5237,Hakim Ziyech,Right Wing,95.2,48.1,118.3,40.4,0.02991042,Saved,Left Foot,Open Play,Normal,0
899e757d-7040-4cbc-9999-0f94ee7d48e3,3857283,2,51,8,782,Belgium,3621,Eden Hazard,Center Attacking Midfield,104.9,58.7,118.2,44.9,0.009158539,Saved,Right Foot,Open Play,Normal,0
a29a62aa-1b60-45e7-af3f-c5c42dfcadf1,3857283,2,51,52,782,Belgium,48347,Amadou Onana,Right Defensive Midfield,111.4,40.8,120.0,31.5,0.06452631,Off T,Head,Open Play,Normal,1
eb8511c6-2168-44eb-8e9f-0a3eb6277431,3857283,2,56,11,788,Morocco,3625,Sofiane Boufal,Left Wing,106.6,22.0,120.0,45.4,0.01369968,Off T,Right Foot,Open Play,Normal,0
436fcb00-86e6-45c5-92d1-d396c2cdf615,3857283,2,60,50,788,Morocco,15890,Noussair Mazraoui,Left Back,87.4,35.3,120.0,31.3,0.022188112,Off T,Right Foot,Open Play,Normal,0
dfce2641-34c0-414d-867e-cb1f003962a1,3857283,2,64,40,782,Belgium,5630,Dries Mertens,Right Wing,97.9,37.7,115.5,39.5,0.065653466,Saved,Right Foot,Open Play,Normal,0
e8e8db1d-29c3-40cc-a11a-c33e0401ba0c,3857283,2,68,26,788,Morocco,46258,Azzedine Ounahi,Left Center Midfield,87.6,38.2,120.0,38.8,0.023304239,Off T,Right Foot,Open Play,Normal,0
b6a989d8-2507-4df8-aaf0-1ff4c094590a,3857283,2,72,37,788,Morocco,5219,Romain Saïss,Left Center Back,118.0,36.4,120.0,38.3,0.56495196,Goal,Other,Open Play,Normal,0
866011a0-4740-42a2-89c4-32a137220fa5,3857283,2,81,40,782,Belgium,3077,Jan Vertonghen,Left Back,109.1,37.6,120.0,45.4,0.03727616,Off T,Head,Open Play,Normal,1
7dc143c8-2c30-4d5e-b227-682e509874b1,3857283,2,90,0,788,Morocco,59493,Abderrazak Hamdallah,Center Forward,116.6,28.9,118.0,32.0,0.036752854,Saved,Left Foot,Open Play,Normal,0
517c2f9b-2447-4745-8735-2e502ced8c9a,3857283,2,91,51,788,Morocco,21736,Zakaria Aboukhlal,Left Wing,110.3,46.8,120.0,42.8,0.18104906,Goal,Right Foot,Open Play,Normal,0
01154885-90ea-4577-9c0d-9bf97721a323,3857286,1,15,49,3565,Ecuador,28559,Enner Remberto Valencia Lastra,Right Center Forward,108.1,40.1,120.0,43.4,0.7835,Goal,Right Foot,Penalty,Normal,0
53852ddf-9980-469d-adbe-f637e3bc965a,3857286,1,28,7,3565,Ecuador,12803,Romario Andrés Ibarra Mina,Left Midfield,96.5,46.4,120.0,48.0,0.057691004,Off T,Right Foot,Open Play,Normal,1
c3624e59-7177-4509-a421-e1eb8ce13f88,3857286,1,30,44,3565,Ecuador,28559,Enner Remberto Valencia Lastra,Right Center Forward,109.6,38.0,120.0,36.5,0.08878088,Goal,Head,Open Play,Normal,0
a86be18c-5fb6-4b0f-b0a3-0665578fc2db,3857286,1,32,40,3566,Qatar,124494,Abdelkarim Hassan Al Haj Fadlalla,Left Center Back,88.4,22.4,120.0,37.1,0.0062173195,Off T,Left Foot,Open Play,Normal,0
661531f6-17c2-4898-a780-a61b4cbf95a9,3857286,1,49,51,3566,Qatar,124495,Almoez Ali Zainalabiddin Abdulla,Right Center Forward,113.0,43.7,120.0,32.3,0.21267414,Off T,Head,Open Play,Normal,0
b34357d4-f695-4549-94fe-aafd43d5804a,3857286,2,51,26,3565,Ecuador,37737,Angelo Smit Preciado Quiñónez,Right Back,91.7,61.5,120.0,38.8,0.0066099144,Off T,Right Foot,Open Play,Normal,0
72561b5a-31fa-4104-b454-0e964f411b64,3857286,2,54,46,3565,Ecuador,12803,Romario Andrés Ibarra Mina,Left Midfield,101.9,32.3,113.8,39.2,0.07894745,Saved,Right Foot,Open Play,Normal,0
4046102c-c33a-482e-b738-27f4172bc34e,3857286,2,61,23,3566,Qatar,124506,Pedro Miguel Correia,Right Wing Back,106.5,47.5,120.0,34.2,0.030855335,Off T,Head,Open Play,Normal,1
a6a2188e-f3b8-4889-9bd1-3e19c174d5dd,3857286,2,74,36,3566,Qatar,40784,Akram Hassan Afif,Left Center Forward,92.1,23.1,120.0,39.5,0.009109482,Off T,Right Foot,Open Play,Normal,0
763dbf96-1701-4db9-9b05-2243c7734160,3857286,2,85,28,3566,Qatar,124901,Mohammed Muntari,Right Center Forward,100.2,55.2,120.0,42.0,0.045332674,Off T,Right Foot,Open Play,Half Volley,0
8d9322d1-dee7-4ea0-9402-6122d500dcfe,3857286,2,94,26,3565,Ecuador,348757,Kevin José Rodríguez Cortez,Center Forward,112.3,37.4,120.0,30.2,0.13848205,Off T,Head,Open Play,Normal,0
529aa3ea-3b3d-460c-8e1e-11620dd054e2,3857300,1,1,34,779,Argentina,5503,Lionel Andrés Messi Cuccittini,Right Center Forward,104.5,44.5,117.6,40.3,0.15308252,Saved,Left Foot,Open Play,Normal,0
87e2e8be-e11d-43d6-b9fd-fab92bf1bfb1,3857300,1,9,15,779,Argentina,5503,Lionel Andrés Messi Cuccittini,Right Center Forward,108.0,40.0,120.0,38.7,0.7835,Goal,Left Foot,Penalty,Normal,0
1f7cd98b-3a5d-4ead-a143-345ba7b407ba,3857300,1,20,0,779,Argentina,7006,Alejandro Darío Gómez,Left Midfield,98.4,20.2,120.0,41.1,0.011924569,Off T,Right Foot,Open Play,Normal,0
ba082185-bd90-4c92-9df1-3e7d47fb7c64,3857300,1,41,54,779,Argentina,11456,Lautaro Javier Martínez,Left Center Forward,113.2,33.8,114.4,35.5,0.0877444,Blocked,Head,Open Play,Normal,0
994da29b-03e4-4354-94fa-09955eeb2744,3857300,1,41,56,779,Argentina,7797,Rodrigo Javier De Paul,Right Defensive Midfield,101.1,41.8,120.0,34.9,0.050540753,Off T,Right Foot,Open Play,Half Volley,0
0751ad88-9cbe-4424-8322-cbad542842b4,3857300,2,47,40,799,Saudi Arabia,51469,Saleh Khalid Al Shehri,Center Forward,108.0,29.6,120.0,43.2,0.080592275,Goal,Left Foot,Open Play,Normal,0
51e67deb-4f0b-4ed7-8761-62c274c944e5,3857300,2,52,36,799,Saudi Arabia,54144,Nawaf Shaker Al Abid,Center Attacking Midfield,104.9,54.1,113.3,44.9,0.040064447,Blocked,Left Foot,Open Play,Normal,0
07c658a2-5845-4b8b-b6e7-60206fdcac0d,3857300,2,52,44,799,Saudi Arabia,5187,Salem Mohammed Al Dawsari,Left Midfield,102.4,25.3,120.0,43.4,0.03280492,Goal,Right Foot,Open Play,Normal,0
3a9a382c-c6fc-4f96-9b1e-9eae06af8ebb,3857300,2,62,47,779,Argentina,27768,Lisandro Martínez,Left Center Back,111.1,39.9,115.1,38.3,0.33156127,Blocked,Right Foot,Open Play,Normal,0
eb0b5b02-374c-4bae-8a81-c2bcdc7841e0,3857300,2,62,47,779,Argentina,5507,Nicolás Alejandro Tagliafico,Left Back,116.1,37.2,119.5,37.5,0.63619345,Saved,Other,Open Play,Normal,0
bfb9d0d0-5828-4209-9824-c1e973b8995f,3857300,2,68,35,779,Argentina,11456,Lautaro Javier Martínez,Left Center Forward,116.5,31.1,120.0,32.5,0.077176735,Off T,Head,Open Play,Normal,1
c9eff299-b8d3-4929-b625-8d918de42284,3857300,2,71,54,779,Argentina,2995,Ángel Fabián Di María Hernández,Right Midfield,111.4,54.4,118.1,43.3,0.0639515,Saved,Right Foot,Open Play,Normal,0
770efb1f-3bc8-4381-bac6-a920a9878aa7,3857300,2,73,37,779,Argentina,2995,Ángel Fabián Di María Hernández,Right Midfield,86.7,57.3,101.0,49.6,0.015201165,Blocked,Left Foot,Open Play,Half Volley,0
64cb4ef6-2e17-4a8f-98e2-6166aba06b6c,3857300,2,75,19,779,Argentina,38718,Enzo Fernandez,Left Defensive Midfield,108.2,39.6,120.0,43.4,0.036932193,Off T,Head,Open Play,Normal,0
64e98afa-c394-42f2-b191-1dc255c886f5,3857300,2,79,58,779,Argentina,5503,Lionel Andrés Messi Cuccittini,Right Center Forward,92.8,47.1,120.0,43.7,0.056788407,Off T,Left Foot,Free Kick,Normal,0
6cc65765-9ac9-4604-8875-6547b2ad14d4,3857300,2,83,31,779,Argentina,5503,Lionel Andrés Messi Cuccittini,Right Center Forward,113.6,32.2,119.0,39.2,0.077553175,Saved,Head,Open Play,Normal,0
c9b280a8-1525-4aee-8494-096e30768667,3857300,2,90,34,779,Argentina,3090,Nicolás Hernán Otamendi,Right Center Back,109.5,37.8,110.9,45.0,0.048093256,Wayward,Head,Open Play,Normal,1
7c0424dd-72c7-4393-af7d-6ff52e56c608,3857300,2,100,3,779,Argentina,29560,Julián Álvarez,Left Midfield,112.5,33.2,118.3,39.8,0.061390053,Saved,Head,Open Play,Normal,1
0a7ad118-6c7e-48d9-9567-e3ccf2572d8f,3857299,1,3,49,791,South Korea,40542,Gue-Sung Cho,Center Forward,111.9,44.7,112.7,44.4,0.09163986,Blocked,Left Foot,Open Play,Normal,1
63df3171-a209-4ce8-8a45-069cc7ce977b,3857299,1,7,14,791,South Korea,22067,Woo-Yeong Jeong,Center Attacking Midfield,96.7,49.1,99.5,48.4,0.03008143,Blocked,Right Foot,Open Play,Normal,0
ef6accb7-1ca3-46b0-9ba9-9c1f3fee82aa,3857299,1,7,49,791,South Korea,43565,Min Jae Kim,Right Center Back,114.5,47.9,115.3,38.7,0.059008703,Wayward,Head,Open Play,Normal,0
48e811c5-297c-4215-ba03-6eeaf12092c4,3857299,1,7,54,791,South Korea,23763,In-Beom Hwang,Left Defensive Midfield,95.7,54.9,107.1,47.0,0.019586006,Blocked,Right Foot,Open Play,Normal,0
68826d2d-5f3a-475f-9c22-dcac57cc973a,3857299,1,17,10,791,South Korea,40542,Gue-Sung Cho,Center Forward,115.4,30.4,115.8,31.4,0.055939306,Blocked,Head,Open Play,Normal,0
5c00500d-0493-404e-93dc-b05b6beb88d6,3857299,1,23,43,4885,Ghana,30519,Mohamed Salisu,Left Center Back,115.5,37.9,120.0,41.6,0.4040968,Goal,Left Foot,Open Play,Half Volley,0
0fcd16e1-49bb-45f6-9cd6-90db37fc3cdc,3857299,1,33,49,4885,Ghana,17033,Mohammed Kudus,Right Wing,113.1,41.8,120.0,43.0,0.20083603,Goal,Head,Open Play,Normal,0
a413b677-d8dd-433b-b63c-b9f430ac398f,3857299,1,44,49,791,South Korea,5618,Woo-Young Jung,Right Defensive Midfield,100.6,20.0,120.0,45.4,0.010946972,Off T,Right Foot,Open Play,Normal,0
5af663a8-2568-4c76-9d07-73947450bb72,3857299,1,49,30,4885,Ghana,6383,Thomas Teye Partey,Right Defensive Midfield,118.3,36.2,120.0,34.0,0.21468838,Off T,Head,Open Play,Normal,1
a70147ae-4681-4c1a-b321-1bb3351dac7d,3857299,2,49,38,4885,Ghana,33602,Tariq Lamptey,Right Back,104.8,52.1,120.0,34.7,0.07450179,Off T,Left Foot,Open Play,Normal,0
2ae2708d-eacc-4b5c-88b6-6af78a8fb7c5,3857299,2,52,3,791,South Korea,40542,Gue-Sung Cho,Center Forward,111.6,36.7,119.0,36.8,0.07677545,Saved,Head,Open Play,Normal,0
96265fa7-2689-4ba5-bfe3-781c93b4ee60,3857299,2,57,19,791,South Korea,40542,Gue-Sung Cho,Center Forward,112.6,38.4,120.0,40.2,0.23484395,Goal,Head,Open Play,Normal,0
2345dd7d-8990-4f6a-abaf-f93463247f7e,3857299,2,60,7,791,South Korea,40542,Gue-Sung Cho,Center Forward,115.5,43.7,120.0,41.6,0.16237147,Goal,Head,Open Play,Normal,1
9d2721df-3127-484a-baa3-99140a5f540b,3857299,2,67,50,4885,Ghana,6393,Iñaki Williams Arthuer,Center Forward,109.2,32.5,109.4,47.6,0.10557394,Wayward,Right Foot,Open Play,Normal,0
483f71ea-2bd4-4de1-8e0e-026bff459fb8,3857299,2,67,52,4885,Ghana,17033,Mohammed Kudus,Right Wing,108.4,48.6,120.0,39.8,0.15416233,Goal,Left Foot,Open Play,Normal,0
c9c496ca-6f87-41f1-8bfa-bffaf64a3b8e,3857299,2,74,34,791,South Korea,22740,Kang-In Lee,Center Attacking Midfield,90.9,45.4,119.0,43.4,0.034794893,Saved,Left Foot,Free Kick,Normal,0
0337c5e5-aaeb-4704-a6c6-35590a5cb9a0,3857299,2,75,15,791,South Korea,3083,Heung-Min Son,Left Wing,110.9,29.2,112.3,31.0,0.065267496,Blocked,Right Foot,Open Play,Normal,0
ac9db281-af11-4d8c-b1a4-262997862862,3857299,2,75,38,791,South Korea,22740,Kang-In Lee,Center Attacking Midfield,114.2,56.1,114.7,54.8,0.011154885,Blocked,Left Foot,Open Play,Normal,0
5ca72f53-464c-486a-960f-49ed897eab56,3857299,2,75,40,791,South Korea,40538,Jin-Su Kim,Left Back,112.0,30.1,119.2,42.6,0.19109753,Blocked,Left Foot,Open Play,Volley,0
711ca1dd-14b6-46cc-a662-9b466102981f,3857299,2,82,30,4885,Ghana,31029,Salis Abdul Samed,Left Defensive Midfield,96.1,40.1,120.0,34.3,0.026676558,Off T,Right Foot,Open Play,Volley,0
5fbdbb84-3a38-48dc-b558-0e3fd73dd31e,3857299,2,83,16,791,South Korea,40538,Jin-Su Kim,Left Back,107.7,23.5,120.0,38.4,0.03964235,Off T,Left Foot,Open Play,Normal,0
cdc5580c-1a34-4ef3-b8e5-3378d4515a80,3857299,2,85,36,791,South Korea,40538,Jin-Su Kim,Left Back,112.0,33.2,120.0,21.8,0.054534186,Wayward,Head,Open Play,Normal,1
f8a8b00d-6a42-40fc-9548-95c6f9fae34d,3857299,2,90,10,791,South Korea,3083,Heung-Min Son,Left Wing,109.6,28.5,112.2,31.5,0.060233038,Blocked,Right Foot,Open Play,Normal,0
df62858c-cec5-41e8-a76c-30125e24472c,3857299,2,90,13,791,South Korea,5604,Young-Gwon Kim,Left Center Back,103.6,37.6,105.8,38.3,0.064945966,Blocked,Left Foot,Open Play,Normal,0
471a0a82-25bc-4c8a-92f3-ac88f73ce9cf,3857299,2,90,53,791,South Korea,41711,Sang-Ho Na,Right Wing,113.0,49.3,117.9,44.4,0.05996953,Saved,Head,Open Play,Normal,1
046008c5-c6f8-47b9-960d-3f434171d7c4,3857299,2,93,56,791,South Korea,40542,Gue-Sung Cho,Center Forward,111.6,23.1,118.9,35.7,0.014336902,Saved,Left Foot,Open Play,Normal,0
feaa29d5-d856-4615-95a3-b1ec96ca52a7,3857299,2,99,45,791,South Korea,22740,Kang-In Lee,Right Defensive Midfield,98.5,56.8,120.0,36.9,0.025138553,Off T,Left Foot,Open Play,Normal,0
91980412-72e0-4c2f-a6a4-a71f3df0160c,3857299,2,100,49,791,South Korea,40564,Kyung-Won Kwon,Right Center Back,83.8,54.1,95.5,51.6,0.005484339,Blocked,Left Foot,Open Play,Normal,0
fd9914e2-818e-4ec3-a50f-eed48b555d6c,3857293,1,15,0,4885,Ghana,3450,Jordan Ayew,Left Wing,101.8,36.6,117.7,41.0,0.07146578,Saved,Right Foot,Open Play,Normal,1
df394e83-9c10-4bf0-a601-ae219d001867,3857293,1,20,12,4885,Ghana,3347,André Ayew Pelé,Center Attacking Midfield,108.0,40.0,119.5,42.3,0.7835,Saved,Left Foot,Penalty,Normal,0
7e4974ae-87a0-4e07-9b66-8bc81c183b3b,3857293,1,22,15,783,Uruguay,32478,Darwin Gabriel Núñez Ribeiro,Left Center Forward,106.8,29.0,117.3,40.3,0.15781382,Blocked,Right Foot,Open Play,Lob,0
33bcc988-17fa-40f3-beee-de011786a584,3857293,1,25,28,783,Uruguay,5246,Luis Alberto Suárez Díaz,Right Center Forward,108.6,33.4,116.0,37.5,0.2733873,Saved,Right Foot,Open Play,Normal,0
19a225eb-4436-4a53-a354-3b40dfa6ca31,3857293,1,25,30,783,Uruguay,5258,Giorgian Daniel De Arrascaeta Benedetti,Left Midfield,118.0,42.7,120.0,42.4,0.71106935,Goal,Head,Open Play,Normal,0
183d8cd9-160e-4670-b300-0bddca8c9624,3857293,1,31,2,783,Uruguay,5258,Giorgian Daniel De Arrascaeta Benedetti,Left Midfield,110.8,31.2,120.0,39.5,0.16736692,Goal,Right Foot,Open Play,Volley,1
a2932eb1-2fa5-459e-a326-6d9a827b96bf,3857293,1,36,13,4885,Ghana,17033,Mohammed Kudus,Right Wing,94.7,45.8,100.1,44.2,0.041819587,Blocked,Left Foot,Open Play,Normal,0
f7048b74-324a-4eec-91fa-b890013750a5,3857293,1,49,25,783,Uruguay,5259,José María Giménez de Vargas,Right Center Back,106.5,42.5,120.0,43.1,0.03238874,Off T,Head,Open Play,Normal,1
a043e035-3ed8-4588-b90d-d61f16930743,3857293,2,45,56,4885,Ghana,44225,Osman Bukari,Right Wing,104.7,50.8,120.0,33.2,0.08441304,Off T,Right Foot,Open Play,Half Volley,0
38c37b2e-8f35-440c-a6b9-367e310ac01f,3857293,2,64,30,783,Uruguay,36288,Facundo Pellistri Rebollo,Right Midfield,107.5,33.2,120.0,35.3,0.099497445,Off T,Right Foot,Open Play,Normal,0
fc2eb5bf-dd9e-4bef-bf41-8da98599fcfb,3857293,2,69,30,783,Uruguay,6773,Federico Santiago Valverde Dipetta,Right Defensive Midfield,92.5,22.5,118.8,37.0,0.0066686436,Saved,Right Foot,Open Play,Volley,0
3346f978-27fc-4507-a755-40bf2c782df2,3857293,2,69,56,783,Uruguay,6773,Federico Santiago Valverde Dipetta,Right Defensive Midfield,93.0,21.1,120.0,35.0,0.008103582,Off T,Right Foot,Open Play,Normal,0
858b5cc2-2cad-477d-a5a6-00723f56bed7,3857293,2,70,46,4885,Ghana,17033,Mohammed Kudus,Center Attacking Midfield,95.7,47.2,120.0,44.8,0.04665373,Off T,Right Foot,Open Play,Normal,0
2ebaf0c3-079d-4c48-ac75-a2537a5dbd9e,3857293,2,76,52,783,Uruguay,6773,Federico Santiago Valverde Dipetta,Right Defensive Midfield,59.0,4.0,120.0,38.8,0.003913026,Off T,Right Foot,Open Play,Normal,0
fcc52260-cff2-442c-ab1f-c2d74b115c2b,3857293,2,78,51,4885,Ghana,9286,Antoine Semenyo,Center Forward,109.6,28.0,120.0,45.7,0.12024433,Off T,Left Foot,Open Play,Normal,0
d7ad833f-d36c-496c-a01a-9ca4deca763f,3857293,2,80,50,4885,Ghana,17033,Mohammed Kudus,Center Attacking Midfield,96.8,42.8,115.7,38.7,0.05586675,Saved,Left Foot,Open Play,Normal,0
b11f4037-6e3a-4bb2-a162-3a3c697fe4cc,3857293,2,94,0,4885,Ghana,17033,Mohammed Kudus,Center Attacking Midfield,108.0,43.6,112.6,42.9,0.10750313,Blocked,Left Foot,Open Play,Half Volley,0
3c8dc524-b91f-4e16-984d-e2e52ab801aa,3857293,2,94,18,783,Uruguay,6297,Maximiliano Gómez González,Left Center Forward,93.0,49.4,116.5,39.3,0.030132728,Saved,Right Foot,Open Play,Normal,0
e55dceaf-a963-4dfa-b39b-9f0b5cf29a0c,3857293,2,95,18,4885,Ghana,35658,Kamaldeen Sulemana,Left Wing,99.5,50.6,114.6,42.3,0.081227794,Saved,Right Foot,Open Play,Normal,0
358fa0a3-64ba-4ea0-ade1-d0cd7383438f,3857293,2,96,3,783,Uruguay,6300,Sebastián Coates Nión,Left Center Back,108.8,43.0,120.0,45.8,0.103292696,Off T,Right Foot,Open Play,Normal,0
7c01881a-3661-43f9-8958-467bc8901bef,3857293,2,99,30,783,Uruguay,28729,Diego Nicolás De La Cruz Arcosa,Right Defensive Midfield,91.4,33.9,119.1,38.2,0.0429242,Saved,Right Foot,Free Kick,Normal,0
53245b09-b770-4751-8f46-6ebf5a3363e4,3857291,1,4,25,772,Spain,16532,Daniel Olmo Carvajal,Left Wing,112.4,45.9,120.0,31.4,0.20824905,Off T,Right Foot,Open Play,Volley,0
62ec4d64-0584-490c-a180-76389b8f22c6,3857291,1,8,9,772,Spain,5719,Marco Asensio Willemsen,Center Forward,102.5,40.7,120.0,44.9,0.1501565,Off T,Left Foot,Open Play,Normal,0
893c1dbd-46e9-4020-ab1a-a7d8deb3052d,3857291,1,10,52,772,Spain,16532,Daniel Olmo Carvajal,Left Wing,112.3,39.3,120.0,37.7,0.48925844,Goal,Right Foot,Open Play,Lob,0
4b230dcf-b3cd-42eb-aa82-b73c0f958617,3857291,1,20,32,772,Spain,5719,Marco Asensio Willemsen,Center Forward,105.8,33.4,120.0,41.4,0.09218961,Goal,Left Foot,Open Play,Half Volley,0
9d452713-0955-4550-8b33-24a3f61a156a,3857291,1,30,9,772,Spain,6748,Ferrán Torres García,Right Wing,108.1,40.1,120.0,37.3,0.7835,Goal,Right Foot,Penalty,Normal,0
5ecc1455-02b5-44a8-87f9-ca943e075e39,3857291,1,42,20,772,Spain,5719,Marco Asensio Willemsen,Center Forward,91.7,29.8,94.3,30.5,0.015886325,Blocked,Left Foot,Open Play,Normal,0
a4c6a385-3657-4425-a447-557456a02d42,3857291,1,49,16,772,Spain,5719,Marco Asensio Willemsen,Center Forward,110.5,30.5,120.0,31.6,0.04809784,Off T,Left Foot,Open Play,Normal,0
544da69f-4257-44bc-921c-a649e8652df2,3857291,2,47,37,772,Spain,5719,Marco Asensio Willemsen,Center Forward,100.5,45.7,120.0,41.2,0.08547543,Off T,Left Foot,Open Play,Normal,0
50be89b1-5ffc-4c3e-bd91-aad991a0e275,3857291,2,53,41,772,Spain,6748,Ferrán Torres García,Right Wing,114.7,49.4,120.0,38.8,0.10498973,Goal,Left Foot,Open Play,Normal,0
fe096a2b-219d-46e6-9c88-6b658d27b326,3857291,2,61,13,772,Spain,16532,Daniel Olmo Carvajal,Left Wing,92.0,25.7,120.0,42.4,0.017297672,Off T,Right Foot,Open Play,Normal,0
c4737974-89fa-40ea-8801-aa89e5dd23f6,3857291,2,62,42,772,Spain,3477,Álvaro Borja Morata Martín,Center Forward,112.0,54.0,120.0,45.8,0.06487478,Off T,Right Foot,Open Play,Normal,0
a46a4299-7032-438f-8a9b-1c741d1f1dce,3857291,2,69,3,772,Spain,16532,Daniel Olmo Carvajal,Left Wing,110.3,29.3,117.4,39.1,0.033574425,Saved,Head,Open Play,Normal,0
82066543-74f5-45b6-a293-877eaa14038d,3857291,2,73,59,772,Spain,133353,Pablo Martín Páez Gavira,Right Center Midfield,103.0,45.8,120.0,43.2,0.056229107,Goal,Right Foot,Open Play,Volley,0
ca82e8dd-4c1e-48c7-af8a-69d3a005a3f4,3857291,2,89,11,772,Spain,6583,Carlos Soler Barragán,Left Center Midfield,109.7,40.1,120.0,42.8,0.33333436,Goal,Right Foot,Open Play,Normal,0
4257ad0a-57eb-4e8e-9069-23e8bae6a1e9,3857291,2,91,57,772,Spain,3477,Álvaro Borja Morata Martín,Center Forward,104.0,36.4,120.0,36.6,0.16366571,Goal,Left Foot,Open Play,Normal,0
12f7b3ec-aa99-4e9c-a399-9527ce1ae34b,3857291,2,95,14,772,Spain,6583,Carlos Soler Barragán,Left Center Midfield,102.5,42.5,120.0,46.5,0.10654532,Off T,Right Foot,Open Play,Normal,0
a7d3eb81-1ace-4398-91fb-48fea103b614,3857291,2,97,27,772,Spain,6583,Carlos Soler Barragán,Left Center Midfield,103.5,16.7,112.4,32.4,0.008599174,Blocked,Right Foot,Free Kick,Normal,0
0cca8b6c-e7eb-4dd9-99a7-8a557686cb90,3857281,1,1,8,1833,Canada,12365,Alphonso Davies,Left Midfield,109.6,36.4,120.0,40.4,0.08130363,Goal,Head,Open Play,Normal,1
e823ad07-c3bc-4381-ba75-91912727a627,3857281,1,21,32,785,Croatia,22041,Marko Livaja,Center Forward,109.5,36.8,115.2,38.4,0.4341785,Saved,Right Foot,Open Play,Normal,0
4c5921b6-75fd-440a-b14f-13345739ef56,3857281,1,34,52,785,Croatia,22041,Marko Livaja,Center Forward,109.9,50.0,117.2,43.7,0.24546398,Saved,Right Foot,Open Play,Normal,0
a542a434-0c60-49bd-b185-58fe80506670,3857281,1,35,53,785,Croatia,5460,Andrej Kramarić,Right Wing,114.1,29.4,120.0,43.4,0.14639324,Goal,Left Foot,Open Play,Normal,0
edaf6854-5d65-4194-89b9-a5bb23273915,3857281,1,43,32,785,Croatia,22041,Marko Livaja,Center Forward,101.0,39.1,120.0,36.9,0.13916126,Goal,Right Foot,Open Play,Normal,0
5c4e5a19-7cbe-44f4-a27b-8b590e267e1e,3857281,1,46,25,785,Croatia,5460,Andrej Kramarić,Right Wing,98.7,33.1,120.0,36.9,0.059277993,Off T,Left Foot,Open Play,Normal,0
641dd945-e22d-4614-b142-de0ae99d2ae5,3857281,2,48,25,1833,Canada,12770,Jonathan Osorio,Right Center Midfield,98.3,50.1,120.0,35.1,0.03829635,Off T,Right Foot,Open Play,Normal,0
39f5f94d-887f-4684-b128-00ad3bc29d58,3857281,2,53,44,785,Croatia,5460,Andrej Kramarić,Right Wing,108.2,42.1,118.7,39.5,0.24875651,Saved,Right Foot,Open Play,Normal,0
abb0663d-e9fc-4795-99c3-a2d32663e9e4,3857281,2,55,17,1833,Canada,23640,Jonathan David,Right Center Forward,96.4,39.9,118.9,39.2,0.052886155,Saved,Right Foot,Open Play,Normal,0
e5689f62-2308-4eef-bd8a-bce2a2c82998,3857281,2,57,26,1833,Canada,24024,Tajon Buchanan,Right Wing Back,99.8,52.9,102.1,51.6,0.023891453,Blocked,Right Foot,Open Play,Normal,0
ede02998-ca90-4878-bfcd-7cd738fb99dd,3857281,2,62,33,1833,Canada,12365,Alphonso Davies,Right Center Forward,101.1,59.8,108.0,53.6,0.011981465,Blocked,Left Foot,Free Kick,Normal,0
34382857-95ed-4b41-8b3b-0b372664bf39,3857281,2,69,36,785,Croatia,5460,Andrej Kramarić,Right Wing,106.8,47.1,120.0,36.6,0.10933437,Goal,Left Foot,Open Play,Normal,1
e8b357ba-2bab-44d6-83a9-0ff71f4cdb97,3857281,2,71,5,785,Croatia,5460,Andrej Kramarić,Right Wing,115.1,46.8,117.6,22.5,0.1355834,Wayward,Left Foot,Open Play,Half Volley,0
a600f930-ae69-443e-a2bf-06b65723dadf,3857281,2,76,16,1833,Canada,9922,David Junior Hoilett,Center Attacking Midfield,92.2,33.0,120.0,29.9,0.019849088,Off T,Right Foot,Open Play,Normal,0
4d807f3d-c4b5-46f5-b084-dfe743faa70a,3857281,2,77,50,785,Croatia,5474,Ivan Perišić,Left Wing,115.3,26.9,119.2,35.8,0.031612467,Saved,Left Foot,Open Play,Normal,0
2c4ef280-deb7-4c7b-8e0d-35898a49cd3e,3857281,2,77,53,785,Croatia,5469,Marcelo Brozović,Center Defensive Midfield,110.3,42.6,116.9,39.4,0.30414897,Saved,Left Foot,Open Play,Normal,0
a59ccb02-568d-4752-81b1-59dd9c8cc309,3857281,2,81,53,785,Croatia,5474,Ivan Perišić,Left Wing,96.0,26.3,120.0,49.6,0.02367336,Off T,Left Foot,Open Play,Normal,0
9e3c349a-de05-4c11-bf45-5242316b2454,3857281,2,89,22,785,Croatia,16527,Mislav Oršić,Left Wing,98.2,35.1,118.1,39.7,0.045590583,Saved,Right Foot,Open Play,Normal,0
014a8d56-b0f2-4275-8101-200519696fee,3857281,2,92,4,1833,Canada,9922,David Junior Hoilett,Center Attacking Midfield,98.1,33.5,113.7,35.5,0.03737635,Blocked,Right Foot,Open Play,Half Volley,0
40615000-0837-4f62-bc9c-0fdc321eda87,3857281,2,92,14,1833,Canada,9922,David Junior Hoilett,Center Attacking Midfield,99.5,26.7,120.0,34.8,0.02121069,Off T,Right Foot,Open Play,Volley,0
9ce41f6d-4a9a-45d2-891d-d3f49b2da451,3857281,2,93,26,785,Croatia,28914,Lovro Majer,Right Center Midfield,109.2,45.4,120.0,41.6,0.68703645,Goal,Left Foot,Open Play,Normal,0
f1ea3de4-8ca4-4ce0-8aeb-e18c3681742d,3857280,1,1,35,781,Brazil,9904,Frederico Rodrigues Santos,Right Defensive Midfield,108.7,38.6,112.1,32.0,0.29454654,Wayward,Left Foot,Open Play,Normal,0
9996c5af-1237-4f3c-9178-bedb7fed6d23,3857280,1,1,45,781,Brazil,25363,Antony Matheus dos Santos,Right Wing,103.3,25.5,111.8,37.6,0.038875267,Wayward,Left Foot,Open Play,Normal,0
287dd539-6bb4-4efe-91ff-7c332bed0e1f,3857280,1,13,34,781,Brazil,29976,Gabriel Teodoro Martinelli Silva,Left Wing,111.8,34.5,118.0,37.9,0.12449543,Saved,Head,Open Play,Normal,0
97e2dd79-ed15-412c-b0c5-f73564e5d13d,3857280,1,14,11,781,Brazil,3202,Gabriel Fernando de Jesus,Center Forward,113.4,48.9,120.0,52.1,0.044797283,Off T,Head,Open Play,Normal,0
c773c8ee-4e2a-453c-8930-a4fe66538e0d,3857280,1,21,9,781,Brazil,9904,Frederico Rodrigues Santos,Right Defensive Midfield,107.6,39.2,108.6,39.4,0.083684884,Blocked,Right Foot,Open Play,Half Volley,0
8b8dffd8-a309-49a5-afc2-f0fc51aebfdc,3857280,1,29,41,781,Brazil,25104,Rodrygo Silva de Goes,Center Attacking Midfield,94.0,42.7,105.2,43.2,0.0651609,Blocked,Right Foot,Free Kick,Normal,0
1c60c5cf-4990-4fb1-b943-93fb8a2bbbe3,3857280,1,33,28,781,Brazil,4324,Daniel Alves da Silva,Right Back,96.7,29.3,120.0,37.3,0.06485747,Off T,Right Foot,Free Kick,Normal,0
50563a15-c15e-4803-a330-dc9fcb5bc2a5,3857280,1,37,6,781,Brazil,25363,Antony Matheus dos Santos,Right Wing,105.6,52.3,116.5,42.8,0.033440635,Saved,Left Foot,Open Play,Normal,0
12b92f66-7bc0-4d4b-930a-a87d5948536f,3857280,1,45,55,781,Brazil,29976,Gabriel Teodoro Martinelli Silva,Left Wing,101.3,45.2,118.1,41.7,0.047920834,Saved,Right Foot,Open Play,Normal,0
683a768d-dc6f-47fa-96e9-19ed402a34c8,3857280,1,46,37,781,Brazil,25104,Rodrygo Silva de Goes,Center Attacking Midfield,107.8,50.0,120.0,44.9,0.06651591,Off T,Right Foot,Open Play,Normal,1
2c4a4dd9-2cbb-409b-a28f-ca391e32ba45,3857280,1,47,27,2722,Cameroon,4935,Bryan Mbeumo,Right Midfield,113.5,47.4,118.7,39.1,0.11827337,Saved,Head,Open Play,Normal,0
ed0f8d00-934b-48c3-aa72-0db55c00964b,3857280,2,50,11,2722,Cameroon,11174,Vincent Paté Aboubakar,Right Center Forward,109.5,54.0,120.0,31.2,0.07058843,Off T,Right Foot,Open Play,Normal,0
21326275-2339-4daa-a88a-88218f3e9e05,3857280,2,52,25,781,Brazil,3202,Gabriel Fernando de Jesus,Center Forward,111.9,36.3,113.3,37.3,0.27918908,Saved,Right Foot,Open Play,Normal,0
79b4ee7e-a9d3-4830-8aaa-98c6de71e178,3857280,2,53,39,2722,Cameroon,12623,Pierre Kunde Malong,Right Defensive Midfield,91.8,17.8,120.0,49.9,0.006493906,Off T,Right Foot,Open Play,Normal,0
0453837c-6713-4b31-9aa3-2737ce9492bd,3857280,2,55,29,781,Brazil,29976,Gabriel Teodoro Martinelli Silva,Left Wing,108.9,25.7,118.0,38.3,0.038835723,Saved,Right Foot,Open Play,Normal,0
a638d5f3-6820-4295-80f9-51ce1021ac4e,3857280,2,56,15,781,Brazil,13620,Éder Gabriel Militão,Right Center Back,105.3,39.2,115.2,39.7,0.075584605,Saved,Left Foot,Open Play,Half Volley,0
620c38af-7953-47a7-8b22-948783027911,3857280,2,57,15,781,Brazil,25363,Antony Matheus dos Santos,Right Wing,101.0,51.2,116.7,38.7,0.037848417,Saved,Left Foot,Open Play,Normal,0
8fc63578-225d-4bde-8962-2fe6d3d358d1,3857280,2,72,12,781,Brazil,25142,Bruno Guimarães Rodriguez Moura,Right Defensive Midfield,99.9,37.6,120.0,44.4,0.086029716,Off T,Right Foot,Open Play,Normal,1
a6fdb4af-303e-4e8f-9a34-0bd2a5d80d5f,3857280,2,77,41,2722,Cameroon,10530,Jules Olivier Ntcham,Right Defensive Midfield,92.8,35.5,117.6,37.8,0.03332142,Saved,Right Foot,Open Play,Normal,0
b63f35bc-2a9d-4ea4-a6a8-22f57b71103d,3857280,2,79,50,2722,Cameroon,11174,Vincent Paté Aboubakar,Right Center Forward,104.1,25.5,104.8,26.1,0.042308386,Blocked,Right Foot,Open Play,Normal,0
5dd3dbb5-4b85-4137-a861-0a734ceffc55,3857280,2,80,16,2722,Cameroon,74588,Christopher Wooh,Right Center Back,106.3,39.9,109.1,42.1,0.05692788,Wayward,Right Foot,Open Play,Half Volley,0
4de99a82-c7f1-40b0-970f-e0ba4f7e5d23,3857280,2,83,30,781,Brazil,25142,Bruno Guimarães Rodriguez Moura,Right Defensive Midfield,114.9,44.0,115.5,43.7,0.14917652,Blocked,Right Foot,Open Play,Normal,1
bcdd0ce2-1488-4be6-a888-ff5adf538d17,3857280,2,88,4,781,Brazil,25305,Pedro Guilherme Abreu dos Santos,Center Forward,104.2,47.1,120.0,35.2,0.18481041,Off T,Left Foot,Open Play,Normal,1
2633fa3b-4b17-4b48-a9b4-498388b73b59,3857280,2,91,48,2722,Cameroon,11174,Vincent Paté Aboubakar,Right Center Forward,106.7,40.7,120.0,43.6,0.05544736,Goal,Head,Open Play,Normal,0
0e25dcd5-8d39-44d3-a70b-720d9f257fe3,3857280,2,95,20,781,Brazil,25305,Pedro Guilherme Abreu dos Santos,Center Forward,108.8,37.5,120.0,48.7,0.07645427,Off T,Head,Open Play,Normal,0
03407139-17ee-4388-8f34-b96cb31838a8,3857280,2,96,16,781,Brazil,25142,Bruno Guimarães Rodriguez Moura,Right Defensive Midfield,112.9,39.8,119.3,36.7,0.17098139,Saved,Head,Open Play,Normal,0
19f55e27-8f8a-428f-adb5-202c0c30f531,3857280,2,97,10,781,Brazil,29976,Gabriel Teodoro Martinelli Silva,Left Wing,115.1,36.0,120.0,39.4,0.1945778,Off T,Head,Open Play,Normal,0
ff1bb3cd-53a0-492e-ae33-0d995c90dc74,3857280,2,98,29,781,Brazil,25142,Bruno Guimarães Rodriguez Moura,Right Defensive Midfield,114.1,35.3,120.0,38.4,0.22043578,Off T,Right Foot,Open Play,Half Volley,0
19e5de1d-f23b-48a2-b3d3-b2e5145d86ac,3857279,1,1,32,771,France,5477,Ousmane Dembélé,Right Wing,95.0,47.8,108.1,42.8,0.018982504,Blocked,Left Foot,Open Play,Volley,0
65a31c80-f38e-4342-82ef-48d175d6b057,3857279,1,2,25,792,Australia,33477,Riley McGree,Left Center Midfield,89.5,39.1,120.0,24.4,0.030384658,Off T,Right Foot,Open Play,Normal,0
b97a3211-2394-47a1-a8e7-6c27e85778b4,3857279,1,8,24,792,Australia,8346,Craig Goodwin,Left Midfield,114.2,31.3,120.0,41.3,0.19147108,Goal,Left Foot,Open Play,Half Volley,0
b6f462e0-9d81-44ff-aed5-ae9d4fa93799,3857279,1,12,26,771,France,6704,Theo Bernard François Hernández,Left Back,92.7,34.0,105.3,40.4,0.017692888,Wayward,Left Foot,Open Play,Volley,0
5e9727d4-d5a4-4352-bab9-39a7e81e6d28,3857279,1,21,5,792,Australia,33492,Mitchell Thomas Duke,Center Forward,91.1,46.9,120.0,44.6,0.017896876,Off T,Right Foot,Open Play,Normal,0
2761f5d8-8b96-4f81-a56b-19c32dfd38aa,3857279,1,25,33,771,France,5487,Antoine Griezmann,Center Attacking Midfield,112.1,52.7,112.7,51.9,0.034694295,Blocked,Right Foot,Open Play,Half Volley,0
bbb77650-9a8f-4ee9-9916-5552003bac24,3857279,1,26,2,771,France,3026,Adrien Rabiot,Left Defensive Midfield,111.6,42.0,120.0,39.9,0.16905431,Goal,Head,Open Play,Normal,0
671ff241-1a2e-4224-9633-b5fe7309052c,3857279,1,28,59,771,France,3604,Olivier Giroud,Center Forward,112.3,39.8,120.0,43.7,0.17925091,Off T,Head,Open Play,Normal,1
4b8db9ec-fbb1-485b-b348-d8bb3aecbf07,3857279,1,31,18,771,France,3604,Olivier Giroud,Center Forward,110.5,39.2,120.0,39.4,0.77927965,Goal,Right Foot,Open Play,Normal,0
c87948a3-d9cd-4b23-b89d-8c0acf5ca713,3857279,1,36,3,771,France,3009,Kylian Mbappé Lottin,Left Wing,105.0,47.2,106.8,47.0,0.08709453,Blocked,Right Foot,Open Play,Half Volley,0
6de83c25-ee0f-4ad3-951d-48b876a1584c,3857279,1,36,5,771,France,3604,Olivier Giroud,Center Forward,104.5,38.9,120.0,41.6,0.14067347,Off T,Right Foot,Open Play,Half Volley,0
76fd24e6-a4f1-4a23-8fe8-6c154da2aafd,3857279,1,39,28,771,France,5477,Ousmane Dembélé,Right Wing,106.5,38.2,120.0,49.2,0.08098688,Off T,Right Foot,Open Play,Half Volley,0
a164892f-785b-4f0e-a921-80242cc612fd,3857279,1,41,54,771,France,5487,Antoine Griezmann,Center Attacking Midfield,99.5,47.5,120.0,45.3,0.04884043,Off T,Left Foot,Open Play,Normal,0
afced147-4cd3-47fc-aef0-dea4baae4623,3857279,1,44,38,771,France,3009,Kylian Mbappé Lottin,Left Wing,112.9,40.2,120.0,42.0,0.5517509,Off T,Right Foot,Open Play,Volley,0
22e929cb-4cf5-4f43-9765-65e5cfc95e04,3857279,1,46,1,792,Australia,5490,Jackson Irvine,Right Center Midfield,110.1,43.4,120.0,36.1,0.083539926,Post,Head,Open Play,Normal,0
d2dc3f87-917b-423e-93ae-202c56c7ed96,3857279,2,49,11,771,France,10481,Aurélien Djani Tchouaméni,Right Defensive Midfield,96.3,40.8,109.8,40.4,0.035826564,Blocked,Right Foot,Open Play,Normal,0
9db7fdb8-4376-4e40-8b9f-44d13dd02103,3857279,2,49,28,771,France,3604,Olivier Giroud,Center Forward,111.6,44.2,120.0,32.6,0.07860331,Off T,Left Foot,Open Play,Overhead Kick,0
f951c284-4260-4f72-a737-c5cd541fcefa,3857279,2,60,12,771,France,3009,Kylian Mbappé Lottin,Left Wing,107.5,31.1,108.2,31.7,0.12751806,Blocked,Right Foot,Open Play,Normal,0
711ae41d-8fee-4b6d-9362-4006c7d12b5a,3857279,2,62,0,771,France,3009,Kylian Mbappé Lottin,Left Wing,109.2,30.1,110.1,30.8,0.07606661,Blocked,Left Foot,Open Play,Normal,0
d5ee1b44-3262-48cb-9bf8-7937d005a3a9,3857279,2,62,31,771,France,11135,Ibrahima Konaté,Right Center Back,113.0,40.0,120.0,50.3,0.096129,Off T,Head,Open Play,Normal,1
2f831180-2b97-4643-b625-0f0d13fa60f6,3857279,2,63,51,771,France,3009,Kylian Mbappé Lottin,Left Wing,108.0,25.2,109.0,26.6,0.027555656,Blocked,Right Foot,Open Play,Normal,0
48579de1-7abd-4835-9042-744ab48ca01e,3857279,2,66,30,771,France,5487,Antoine Griezmann,Center Attacking Midfield,105.3,36.2,119.8,42.8,0.17584424,Blocked,Left Foot,Open Play,Normal,0
6c8348cd-2bb3-4d31-8607-972d6148d0e5,3857279,2,66,54,771,France,3009,Kylian Mbappé Lottin,Left Wing,115.7,24.7,117.7,49.6,0.013371275,Wayward,Left Foot,Open Play,Normal,0
ce3204fc-51c4-437e-81e3-ae644e0302b1,3857279,2,67,3,771,France,3009,Kylian Mbappé Lottin,Left Wing,113.5,42.2,120.0,37.8,0.14142905,Goal,Head,Open Play,Normal,1
c9d3d537-8f05-4767-bf73-9a1f1a8a37cf,3857279,2,70,50,771,France,3604,Olivier Giroud,Center Forward,113.5,42.6,120.0,42.6,0.16888039,Goal,Head,Open Play,Normal,0
c47df350-ed33-48d3-8c0f-8ec0d6a2945c,3857279,2,89,2,771,France,11135,Ibrahima Konaté,Right Center Back,112.1,41.4,119.6,41.4,0.07988335,Saved,Head,Open Play,Normal,0
8203b821-9b31-43b1-9de7-0795dfa6c46a,3857279,2,90,25,771,France,6704,Theo Bernard François Hernández,Left Back,112.8,32.1,118.5,37.6,0.041087516,Saved,Head,Open Play,Normal,1
18f01ec7-ab9e-40d4-9629-a6507d1843e5,3857262,1,4,53,780,Portugal,10868,Ricardo Jorge Luz Horta,Right Wing,113.6,47.0,120.0,40.6,0.29158956,Goal,Right Foot,Open Play,Normal,0
c6dfbf3c-fee3-4529-bf1c-88c912c73ca2,3857262,1,14,4,780,Portugal,7005,João Pedro Cavaco Cancelo,Left Back,117.5,20.6,119.4,36.0,0.010523141,Saved,Right Foot,Open Play,Normal,0
66fae858-87ec-47a1-b945-f4b5f914a55f,3857262,1,15,21,791,South Korea,3083,Heung-Min Son,Left Wing,108.5,21.6,109.4,23.2,0.011031977,Blocked,Right Foot,Open Play,Normal,0
959fabc4-2b98-4a57-a9c1-1999400662dd,3857262,1,16,9,791,South Korea,40542,Gue-Sung Cho,Center Forward,111.1,32.0,118.7,38.6,0.040536147,Saved,Head,Open Play,Normal,0
e696a77e-52b1-4f33-a5f3-476bbfcf4b57,3857262,1,26,43,791,South Korea,5604,Young-Gwon Kim,Left Center Back,116.7,38.0,120.0,42.0,0.6242964,Goal,Left Foot,Open Play,Half Volley,0
a7111ecc-4b6f-4e37-a38a-9974da4ce82c,3857262,1,30,18,791,South Korea,23763,In-Beom Hwang,Right Center Midfield,98.2,31.4,99.7,31.9,0.020656463,Blocked,Left Foot,Open Play,Normal,0
803986f1-d638-4db9-9f0b-53d248a35855,3857262,1,33,57,780,Portugal,16028,José Diogo Dalot Teixeira,Right Back,92.8,40.0,115.7,38.0,0.036435805,Saved,Left Foot,Open Play,Normal,0
9751faee-145f-490c-8ab7-beb789c269b9,3857262,1,34,33,780,Portugal,34639,Vitor Machado Ferreira,Left Center Midfield,91.6,45.7,118.7,41.6,0.017112639,Saved,Right Foot,Open Play,Half Volley,0
1ef77461-adfd-4234-9c01-ca847ee4c0ec,3857262,1,36,40,780,Portugal,5207,Cristiano Ronaldo dos Santos Aveiro,Center Forward,110.6,56.3,112.4,52.9,0.022429451,Blocked,Right Foot,Open Play,Normal,0
a121c896-21e3-4dff-97f9-95d7eaa71e53,3857262,1,39,55,791,South Korea,3083,Heung-Min Son,Left Wing,94.6,44.2,118.7,39.4,0.024709688,Saved,Left Foot,Open Play,Half Volley,0
e64e7b91-e80f-4a74-a5a8-f43d4623bf01,3857262,1,40,32,780,Portugal,40874,Matheus Luiz Nunes,Right Center Midfield,92.6,58.9,120.0,39.8,0.007849269,Off T,Right Foot,Open Play,Normal,0
99afe7c0-0758-48dd-abec-27ff13f6fa09,3857262,1,41,37,780,Portugal,34639,Vitor Machado Ferreira,Left Center Midfield,97.8,46.9,118.7,40.1,0.03675865,Saved,Right Foot,Open Play,Normal,0
7b4ba0ff-cda2-4f7f-aa46-f96df462c5a7,3857262,1,41,39,780,Portugal,5207,Cristiano Ronaldo dos Santos Aveiro,Center Forward,112.7,35.0,120.0,30.2,0.28873095,Off T,Head,Open Play,Diving Header,0
9b6dd32d-4993-4f70-8aa8-8c57f1c0742b,3857262,1,43,40,780,Portugal,10868,Ricardo Jorge Luz Horta,Right Wing,104.3,43.4,119.0,42.3,0.11468789,Saved,Left Foot,Open Play,Normal,0
835c9bb6-2765-4917-9c82-42ba306613b1,3857262,1,46,15,780,Portugal,10868,Ricardo Jorge Luz Horta,Right Wing,101.8,45.2,104.3,44.5,0.052517958,Blocked,Right Foot,Open Play,Normal,0
13d00263-c09d-4690-a00f-3abc46a2caff,3857262,2,55,33,791,South Korea,3083,Heung-Min Son,Right Wing,104.5,54.7,105.5,53.6,0.023785131,Blocked,Right Foot,Open Play,Normal,0
8522f823-2221-49d3-943e-76c43bd466d5,3857262,2,56,13,791,South Korea,5623,Jae-Sung Lee,Left Wing,97.9,50.9,120.0,51.4,0.021393217,Off T,Left Foot,Open Play,Volley,0
ae0ccb3a-9cd2-4a1f-a8df-04956bbeefc2,3857262,2,65,35,791,South Korea,3083,Heung-Min Son,Right Wing,98.1,47.1,118.8,42.4,0.039930075,Saved,Left Foot,Open Play,Normal,0
4c77dbd8-b88d-4091-b74e-a2ee33802cf9,3857262,2,66,30,791,South Korea,23763,In-Beom Hwang,Right Center Midfield,98.4,35.1,116.6,39.6,0.100738145,Saved,Left Foot,Open Play,Normal,0
cb2ec7b6-f389-4d4e-afd4-cb5ecd549b25,3857262,2,69,50,791,South Korea,3083,Heung-Min Son,Right Wing,111.1,52.8,113.5,49.9,0.04621987,Blocked,Right Foot,Open Play,Volley,0
19f23228-398a-4bcf-969f-7b919096e37b,3857262,2,71,22,780,Portugal,18360,Rafael Alexandre Conceição Leão,Left Wing,94.1,55.0,120.0,30.5,0.029762346,Off T,Right Foot,Open Play,Normal,0
95738212-ae01-4d5e-a8b8-9cf4a643e477,3857262,2,73,25,791,South Korea,22740,Kang-In Lee,Left Center Midfield,88.0,49.4,120.0,44.7,0.023724081,Off T,Left Foot,Free Kick,Normal,0
c5b9e95f-da7a-4d83-a43a-82e211f8cb5a,3857262,2,80,14,780,Portugal,12169,João Maria Lobo Alves Palhinha Gonçalves,Center Defensive Midfield,88.8,40.2,104.4,38.8,0.021024177,Blocked,Right Foot,Open Play,Normal,0
5d1201c7-4609-40e0-a484-1c939e9b7a9c,3857262,2,89,41,780,Portugal,7005,João Pedro Cavaco Cancelo,Left Back,112.1,25.0,112.8,26.4,0.04430043,Blocked,Left Foot,Open Play,Normal,0
9ec02244-15d4-4d47-9f4a-efabc72118a2,3857262,2,90,28,791,South Korea,5620,Hee-Chan Hwang,Left Midfield,108.3,44.6,120.0,38.6,0.42196128,Goal,Right Foot,Open Play,Normal,0
